Datensatz 1:Zeit(s),Datensatz 1:Force 1(N),Datensatz 1:Respiration Rate 1(bpm),Datensatz 1:Force 2(N),Datensatz 1:Respiration Rate 2(bpm)
0,17.00537109375,10.663507461547852,23.713092803955078,7.4196209907531738
0.10000000000000001,12.485572814941406,,19.137088775634766,
0.20000000000000001,8.762939453125,,15.118072509765625,
0.29999999999999999,9.3301467895507812,,15.14617919921875,
0.40000000000000002,8.96478271484375,,14.15228271484375,
0.5,9.6035385131835938,,14.448661804199219,
0.59999999999999998,10.490119934082031,,16.163070678710938,
0.69999999999999996,11.110984802246094,,17.113529205322266,
0.80000000000000004,11.243843078613281,,16.137519836425781,
0.90000000000000002,10.691963195800781,,14.957107543945312,
1,10.942352294921875,,14.974990844726562,
1.1000000000000001,11.849380493164062,,14.906005859375,
1.2,11.920921325683594,,13.983657836914062,
1.3,12.084442138671875,,13.457321166992188,
1.3999999999999999,13.742637634277344,,14.328582763671875,
1.5,15.899055480957031,,15.971443176269531,
1.6000000000000001,17.411613464355469,,17.185070037841797,
1.7,17.324745178222656,,17.003665924072266,
1.8,15.684432983398438,,15.69805908203125,
1.8999999999999999,13.8397216796875,,14.343910217285156,
2,12.914817810058594,,13.572296142578125,
2.1000000000000001,12.431922912597656,,13.235038757324219,
2.2000000000000002,12.097213745117188,,13.081741333007812,
2.2999999999999998,12.097213745117188,,13.171165466308594,
2.3999999999999999,11.949028015136719,,13.237594604492188,
2.5,11.675643920898438,,13.217155456542969,
2.6000000000000001,11.476348876953125,,13.224822998046875,
2.7000000000000002,11.141647338867188,,13.074073791503906,
2.7999999999999998,10.704742431640625,,12.831352233886719,
2.8999999999999999,10.533554077148438,,12.836456298828125,
3,10.421134948730469,,12.9207763671875,
3.1000000000000001,9.99700927734375,,12.907997131347656,
3.2000000000000002,9.59075927734375,,12.874786376953125,
3.2999999999999998,9.654632568359375,,13.01275634765625,
3.3999999999999999,10.119644165039062,,13.27081298828125,
3.5,10.955131530761719,,13.56463623046875,
3.6000000000000001,11.936248779296875,,13.7664794921875,
3.7000000000000002,12.217300415039062,,13.539085388183594,
3.7999999999999998,11.959243774414062,,13.084297180175781,
3.8999999999999999,12.053779602050781,,12.872230529785156,
4,13.01190185546875,,13.441993713378906,
4.0999999999999996,13.982803344726562,,14.647956848144531,
4.2000000000000002,14.417152404785156,,15.815589904785156,
4.2999999999999998,15.395721435546875,,16.783935546875,
4.4000000000000004,16.394721984863281,,17.100753784179688,
4.5,15.91949462890625,,16.362358093261719,
4.5999999999999996,14.279182434082031,,15.153846740722656,
4.7000000000000002,12.666976928710938,,14.251930236816406,
4.7999999999999998,11.795722961425781,,13.758811950683594,
4.9000000000000004,11.509567260742188,,13.608070373535156,
5,11.307723999023438,,13.733261108398438,
5.0999999999999996,11.32049560546875,,14.060302734375,
5.2000000000000002,11.739517211914062,,14.198272705078125,
5.2999999999999998,12.493240356445312,,13.950439453125,
5.4000000000000004,13.642990112304688,,13.937667846679688,
5.5,14.675209045410156,,14.801254272460938,
5.5999999999999996,15.012474060058594,,15.769599914550781,
5.7000000000000002,13.502464294433594,,15.051643371582031,
5.7999999999999998,10.901473999023438,,13.605514526367188,
5.9000000000000004,8.9877777099609375,,13.393447875976562,
6,7.7332763671875,,13.820137023925781,
6.0999999999999996,6.9999923706054688,,13.71026611328125,
6.2000000000000002,6.6985015869140625,,13.324462890625,
6.2999999999999998,7.0102081298828125,,13.301467895507812,
6.4000000000000004,8.0219879150390625,,13.830352783203125,
6.5,10.157974243164062,,15.429786682128906,
6.5999999999999996,13.078338623046875,,17.473785400390625,
6.7000000000000002,14.928153991699219,,18.71551513671875,
6.7999999999999998,14.636886596679688,,18.585208892822266,
6.9000000000000004,15.038017272949219,,18.426799774169922,
7,16.093238830566406,,18.812602996826172,
7.0999999999999996,15.628227233886719,,18.081874847412109,
7.2000000000000002,17.971160888671875,,18.564769744873047,
7.2999999999999998,20.449508666992188,,19.834602355957031,
7.4000000000000004,20.748443603515625,,20.463134765625,
7.5,22.424526214599609,,22.387050628662109,
7.5999999999999996,23.566608428955078,,25.391727447509766,
7.7000000000000002,25.058731079101562,,30.721458435058594,
7.7999999999999998,26.877891540527344,,37.167724609375,
7.9000000000000004,28.451770782470703,,39.7431640625,
8,31.239273071289062,,39.035427093505859,
8.0999999999999996,31.195838928222656,,38.808032989501953,
8.1999999999999993,26.349006652832031,,36.636283874511719,
8.3000000000000007,22.388755798339844,,32.042392730712891,
8.4000000000000004,21.274776458740234,,28.368305206298828,
8.5,20.587478637695312,,25.358512878417969,
8.5999999999999996,17.978824615478516,,22.754970550537109,
8.6999999999999993,14.215309143066406,,20.580665588378906,
8.8000000000000007,12.942916870117188,,18.585208892822266,
8.9000000000000004,13.964920043945312,,17.627082824707031,
9,15.743202209472656,,18.186630249023438,
9.0999999999999996,17.345184326171875,,19.5433349609375,
9.1999999999999993,15.336952209472656,,19.796279907226562,
9.3000000000000007,12.725746154785156,,19.198410034179688,
9.4000000000000004,13.849945068359375,,20.220409393310547,
9.5,14.573013305664062,,20.994575500488281,
9.5999999999999996,13.257186889648438,,20.294502258300781,
9.6999999999999993,11.588768005371094,,19.336380004882812,
9.8000000000000007,10.886146545410156,,18.08953857421875,
9.9000000000000004,11.910697937011719,,17.197845458984375,
10,15.232200622558594,6.4239826202392578,18.000114440917969,5.3667263984680176
10.1,21.157245635986328,,21.329277038574219,
10.199999999999999,24.764904022216797,,23.978813171386719,
10.300000000000001,23.960079193115234,,24.098899841308594,
10.4,25.048511505126953,,26.799533843994141,
10.5,27.294353485107422,,30.767448425292969,
10.6,26.047515869140625,,30.483844757080078,
10.699999999999999,23.505290985107422,,28.110248565673828,
10.800000000000001,21.612033843994141,,25.800529479980469,
10.9,19.366191864013672,,25.458160400390625,
11,16.123893737792969,,26.102020263671875,
11.1,12.48046875,,24.149997711181641,
11.199999999999999,9.802825927734375,,21.643543243408203,
11.300000000000001,8.96478271484375,,20.031337738037109,
11.4,11.57855224609375,,20.527008056640625,
11.5,14.664993286132812,,25.197547912597656,
11.6,13.183090209960938,,25.230762481689453,
11.699999999999999,12.661872863769531,,20.588329315185547,
11.800000000000001,14.733978271484375,,18.378253936767578,
11.9,16.754981994628906,,16.955120086669922,
12,19.675346374511719,,16.98577880859375,
12.1,20.937515258789062,,18.368034362792969,
12.199999999999999,20.480171203613281,,19.436023712158203,
12.300000000000001,20.613029479980469,,20.243404388427734,
12.4,21.921188354492188,,21.451919555664062,
12.5,23.79400634765625,,22.846950531005859,
12.6,25.820121765136719,,24.170436859130859,
12.699999999999999,27.485980987548828,,24.903724670410156,
12.800000000000001,27.166603088378906,,24.816852569580078,
12.9,24.831333160400391,,24.127002716064453,
13,22.457740783691406,,22.852058410644531,
13.1,20.421405792236328,,21.58477783203125,
13.199999999999999,18.418285369873047,,20.527008056640625,
13.300000000000001,16.670661926269531,,19.517784118652344,
13.4,15.474922180175781,,18.820270538330078,
13.5,15.137664794921875,,18.470233917236328,
13.6,15.152992248535156,,18.781944274902344,
13.699999999999999,14.992027282714844,,19.200962066650391,
13.800000000000001,14.825958251953125,,19.114093780517578,
13.9,14.460586547851562,,18.493228912353516,
14,13.929153442382812,,17.522327423095703,
14.1,13.277626037597656,,16.421123504638672,
14.199999999999999,13.080886840820312,,15.580528259277344,
14.300000000000001,14.350723266601562,,15.480880737304688,
14.4,16.203102111816406,,15.825809478759766,
14.5,17.677333831787109,,15.935672760009766,
14.6,19.085140228271484,,16.226943969726562,
14.699999999999999,20.968173980712891,,16.766048431396484,
14.800000000000001,22.945743560791016,,17.082870483398438,
14.9,24.384208679199219,,17.284713745117188,
15,25.531406402587891,,17.248943328857422,
15.1,26.430763244628906,,17.466117858886719,
15.199999999999999,26.241695404052734,,17.857032775878906,
15.300000000000001,24.580944061279297,,17.598979949951172,
15.4,22.273780822753906,,17.001110076904297,
15.5,20.153129577636719,,16.495220184326172,
15.6,18.395290374755859,,16.048095703125,
15.699999999999999,16.744758605957031,,15.68017578125,
15.800000000000001,15.2398681640625,,15.450225830078125,
15.9,14.082450866699219,,15.153846740722656,
16,13.198417663574219,,14.476768493652344,
16.100000000000001,12.57244873046875,,13.661727905273438,
16.199999999999999,12.20452880859375,,12.8824462890625,
16.300000000000001,11.910697937011719,,12.103172302246094,
16.399999999999999,12.005233764648438,,11.72503662109375,
16.5,13.040008544921875,,12.2947998046875,
16.600000000000001,14.429931640625,,13.820137023925781,
16.699999999999999,15.791748046875,,15.465553283691406,
16.800000000000001,17.332408905029297,,16.553985595703125,
16.899999999999999,18.939506530761719,,17.126304626464844,
17,20.748443603515625,,17.542770385742188,
17.100000000000001,22.720905303955078,,17.854480743408203,
17.199999999999999,24.555393218994141,,17.982227325439453,
17.300000000000001,26.121608734130859,,18.201957702636719,
17.399999999999999,26.934101104736328,,18.5494384765625,
17.5,26.394996643066406,,18.789608001708984,
17.600000000000001,25.145599365234375,,18.932689666748047,
17.699999999999999,23.829776763916016,,19.050220489501953,
17.800000000000001,22.519058227539062,,18.820270538330078,
17.899999999999999,21.407634735107422,,18.391029357910156,
18,20.462284088134766,,18.107425689697266,
18.100000000000001,19.424953460693359,,17.793159484863281,
18.199999999999999,18.203666687011719,,17.277050018310547,
18.300000000000001,16.798416137695312,,16.671512603759766,
18.399999999999999,15.44171142578125,,16.027652740478516,
18.5,14.327728271484375,,15.419563293457031,
18.600000000000001,13.382377624511719,,15.069526672363281,
18.699999999999999,12.728302001953125,,14.77825927734375,
18.800000000000001,12.574996948242188,,14.359237670898438,
18.899999999999999,13.259742736816406,,14.356681823730469,
19,14.506576538085938,,15.087417602539062,
19.100000000000001,15.75341796875,,16.048095703125,
19.199999999999999,17.056472778320312,,16.934680938720703,
19.300000000000001,18.556255340576172,,18.002670288085938,
19.399999999999999,20.137798309326172,,19.022113800048828,
19.5,21.798549652099609,,19.893367767333984,
19.600000000000001,23.367321014404297,,20.728855133056641,
19.699999999999999,24.126155853271484,,20.823387145996094,
19.800000000000001,23.472076416015625,,19.936805725097656,
19.899999999999999,21.778110504150391,,18.654193878173828,
20,19.933399200439453,15.73426628112793,17.476337432861328,12.129380226135254
20.100000000000001,18.190891265869141,,16.556537628173828,
20.199999999999999,16.548027038574219,,15.751712799072266,
20.300000000000001,15.10955810546875,,15.033760070800781,
20.399999999999999,13.867828369140625,,14.550865173339844,
20.5,13.042564392089844,,14.254486083984375,
20.600000000000001,12.738517761230469,,14.034751892089844,
20.699999999999999,12.654205322265625,,13.889122009277344,
20.800000000000001,12.766624450683594,,13.776702880859375,
20.899999999999999,13.576560974121094,,13.7664794921875,
21,15.142776489257812,,13.886566162109375,
21.100000000000001,16.956825256347656,,14.0986328125,
21.199999999999999,18.742771148681641,,14.798698425292969,
21.300000000000001,19.956394195556641,,15.396568298339844,
21.399999999999999,20.546600341796875,,15.54986572265625,
21.5,21.044826507568359,,15.966335296630859,
21.600000000000001,21.249225616455078,,16.602527618408203,
21.699999999999999,21.364200592041016,,17.522327423095703,
21.800000000000001,21.325874328613281,,18.048660278320312,
21.899999999999999,20.633468627929688,,17.545322418212891,
22,20.510829925537109,,16.842700958251953,
22.100000000000001,21.440849304199219,,16.773712158203125,
22.199999999999999,22.105148315429688,,17.167182922363281,
22.300000000000001,21.903305053710938,,17.407352447509766,
22.399999999999999,21.548160552978516,,17.412464141845703,
22.5,21.609481811523438,,16.812038421630859,
22.600000000000001,21.566043853759766,,16.242275238037109,
22.699999999999999,21.039714813232422,,16.303592681884766,
22.800000000000001,20.636024475097656,,16.009769439697266,
22.899999999999999,20.950290679931641,,15.654624938964844,
23,21.484283447265625,,15.68017578125,
23.100000000000001,21.660579681396484,,15.565200805664062,
23.199999999999999,21.21856689453125,,14.867683410644531,
23.300000000000001,20.288543701171875,,13.909561157226562,
23.399999999999999,19.246105194091797,,13.109848022460938,
23.5,18.147453308105469,,12.79046630859375,
23.600000000000001,17.549583435058594,,13.436882019042969,
23.699999999999999,17.283866882324219,,14.420562744140625,
23.800000000000001,16.54547119140625,,14.77825927734375,
23.899999999999999,15.393165588378906,,14.469100952148438,
24,14.11566162109375,,13.886566162109375,
24.100000000000001,12.953140258789062,,12.86456298828125,
24.199999999999999,12.651649475097656,,11.755691528320312,
24.300000000000001,12.697639465332031,,11.012191772460938,
24.399999999999999,12.684867858886719,,10.496078491210938,
24.5,13.075782775878906,,10.401542663574219,
24.600000000000001,13.650657653808594,,10.611053466796875,
24.699999999999999,14.332839965820312,,10.80523681640625,
24.800000000000001,15.124893188476562,,11.111831665039062,
24.899999999999999,16.185218811035156,,11.617721557617188,
25,17.309413909912109,,12.075065612792969,
25.100000000000001,18.597133636474609,,12.591178894042969,
25.199999999999999,19.529708862304688,,13.334686279296875,
25.300000000000001,19.192451477050781,,14.106292724609375,
25.399999999999999,17.899620056152344,,14.939224243164062,
25.5,16.739646911621094,,15.613742828369141,
25.600000000000001,16.014030456542969,,15.925453186035156,
25.699999999999999,15.250083923339844,,15.575416564941406,
25.800000000000001,14.429931640625,,14.420562744140625,
25.899999999999999,13.798843383789062,,13.117507934570312,
26,13.139656066894531,,12.149162292480469,
26.100000000000001,12.552001953125,,11.599838256835938,
26.199999999999999,12.467689514160156,,11.397994995117188,
26.300000000000001,12.835609436035156,,11.510414123535156,
26.399999999999999,13.533126831054688,,11.937095642089844,
26.5,14.450370788574219,,12.499198913574219,
26.600000000000001,15.405937194824219,,12.976982116699219,
26.699999999999999,16.364067077636719,,13.38067626953125,
26.800000000000001,17.562358856201172,,13.769035339355469,
26.899999999999999,18.827083587646484,,14.060302734375,
27,19.468391418457031,,14.313247680664062,
27.100000000000001,19.123466491699219,,14.466552734375,
27.199999999999999,18.267539978027344,,14.384788513183594,
27.300000000000001,17.227653503417969,,14.139511108398438,
27.399999999999999,16.236312866210938,,13.651504516601562,
27.5,15.482589721679688,,12.93865966796875,
27.600000000000001,14.866836547851562,,12.215591430664062,
27.699999999999999,14.3558349609375,,11.661155700683594,
27.800000000000001,13.97003173828125,,11.20892333984375,
27.899999999999999,13.507575988769531,,10.795013427734375,
28,13.05023193359375,,10.498634338378906,
28.100000000000001,12.925033569335938,,10.375991821289062,
28.199999999999999,13.211196899414062,,10.496078491210938,
28.300000000000001,13.885711669921875,,10.871665954589844,
28.399999999999999,14.81573486328125,,11.380111694335938,
28.5,15.732978820800781,,11.901329040527344,
28.600000000000001,16.504592895507812,,12.468536376953125,
28.699999999999999,17.383510589599609,,13.143058776855469,
28.800000000000001,18.395290374755859,,13.820137023925781,
28.899999999999999,19.486274719238281,,14.343910217285156,
29,20.584926605224609,,14.653060913085938,
29.100000000000001,21.453624725341797,,14.762931823730469,
29.199999999999999,21.216011047363281,,14.757820129394531,
29.300000000000001,20.05859375,,14.696502685546875,
29.399999999999999,18.982940673828125,,14.543197631835938,
29.5,17.966049194335938,,14.037307739257812,
29.600000000000001,16.961936950683594,,13.189048767089844,
29.699999999999999,16.146888732910156,,12.348457336425781,
29.800000000000001,15.411048889160156,,11.663711547851562,
29.899999999999999,14.70587158203125,,11.155265808105469,
30,14.309844970703125,25.592416763305664,10.802680969238281,32.786884307861328
30.100000000000001,14.067123413085938,,10.54718017578125,
30.199999999999999,13.8780517578125,,10.416877746582031,
30.300000000000001,13.740081787109375,,10.335113525390625,
30.399999999999999,13.586776733398438,,10.135826110839844,
30.5,13.558677673339844,,9.99530029296875,
30.600000000000001,14.003242492675781,,10.151153564453125,
30.699999999999999,15.009918212890625,,10.559951782226562,
30.800000000000001,16.264419555664062,,11.086280822753906,
30.899999999999999,17.554695129394531,,11.612617492675781,
31,18.834751129150391,,12.131278991699219,
31.100000000000001,19.660015106201172,,12.611618041992188,
31.199999999999999,19.723888397216797,,12.982093811035156,
31.300000000000001,19.458171844482422,,13.252922058105469,
31.399999999999999,19.5067138671875,,13.835464477539062,
31.5,19.608913421630859,,14.584075927734375,
31.600000000000001,19.220554351806641,,14.883010864257812,
31.699999999999999,18.599689483642578,,14.768035888671875,
31.800000000000001,17.886844635009766,,14.331130981445312,
31.899999999999999,17.488265991210938,,13.863571166992188,
32,17.526588439941406,,13.723045349121094,
32.100000000000001,17.534255981445312,,13.694938659667969,
32.200000000000003,17.549583435058594,,13.682167053222656,
32.299999999999997,17.636455535888672,,13.6923828125,
32.399999999999999,17.493373870849609,,13.689826965332031,
32.5,17.429500579833984,,14.083297729492188,
32.600000000000001,17.843410491943359,,14.957107543945312,
32.700000000000003,18.339080810546875,,15.54986572265625,
32.799999999999997,18.466831207275391,,16.037872314453125,
32.899999999999999,18.01715087890625,,16.209060668945312,
33,17.521480560302734,,15.749160766601562,
33.100000000000001,17.061576843261719,,15.179397583007812,
33.200000000000003,16.933830261230469,,14.826805114746094,
33.299999999999997,17.322189331054688,,15.452781677246094,
33.399999999999999,16.484153747558594,,16.758384704589844,
33.5,14.70587158203125,,17.233615875244141,
33.600000000000001,14.164207458496094,,16.612747192382812,
33.700000000000003,14.680320739746094,,15.754268646240234,
33.799999999999997,15.027801513671875,,15.215164184570312,
33.899999999999999,15.229644775390625,,15.169174194335938,
34,15.822402954101562,,15.54986572265625,
34.100000000000001,16.777976989746094,,16.533542633056641,
34.200000000000003,18.004375457763672,,17.675628662109375,
34.299999999999997,19.941066741943359,,18.437019348144531,
34.399999999999999,21.663135528564453,,18.411468505859375,
34.5,22.955963134765625,,18.199405670166016,
34.600000000000001,23.520618438720703,,18.483009338378906,
34.700000000000003,22.756675720214844,,18.375698089599609,
34.799999999999997,21.675910949707031,,17.839149475097656,
34.899999999999999,20.572151184082031,,17.013885498046875,
35,19.182231903076172,,15.565200805664062,
35.100000000000001,18.004375457763672,,14.096076965332031,
35.200000000000003,17.263423919677734,,13.130287170410156,
35.299999999999997,16.683441162109375,,12.519638061523438,
35.399999999999999,16.182662963867188,,12.103172302246094,
35.5,15.646110534667969,,11.709701538085938,
35.600000000000001,15.342063903808594,,11.438873291015625,
35.700000000000003,15.0916748046875,,11.4107666015625,
35.799999999999997,15.078903198242188,,11.589622497558594,
35.899999999999999,15.727867126464844,,12.008636474609375,
36,16.693656921386719,,12.5528564453125,
36.100000000000001,17.562358856201172,,13.002532958984375,
36.200000000000003,18.466831207275391,,13.286140441894531,
36.299999999999997,19.281875610351562,,13.498207092285156,
36.399999999999999,20.068813323974609,,13.786918640136719,
36.5,20.88641357421875,,14.22637939453125,
36.600000000000001,20.950290679931641,,14.586631774902344,
36.700000000000003,20.137798309326172,,14.642845153808594,
36.799999999999997,19.220554351806641,,14.430778503417969,
36.899999999999999,18.356964111328125,,13.8763427734375,
37,17.378398895263672,,13.061302185058594,
37.100000000000001,16.640007019042969,,12.335678100585938,
37.200000000000003,16.425384521484375,,11.952430725097656,
37.299999999999997,17.232765197753906,,12.259025573730469,
37.399999999999999,17.677333831787109,,12.524749755859375,
37.5,17.007926940917969,,12.522193908691406,
37.600000000000001,16.318077087402344,,12.793022155761719,
37.700000000000003,15.886283874511719,,13.071517944335938,
37.799999999999997,15.784080505371094,,13.214599609375,
37.899999999999999,15.768753051757812,,13.186492919921875,
38,15.837738037109375,,13.051078796386719,
38.100000000000001,16.090682983398438,,12.971870422363281,
38.200000000000003,16.254203796386719,,12.851791381835938,
38.299999999999997,15.955268859863281,,12.49664306640625,
38.399999999999999,15.408493041992188,,12.016304016113281,
38.5,14.96392822265625,,11.561515808105469,
38.600000000000001,14.774856567382812,,11.214035034179688,
38.700000000000003,14.88983154296875,,11.132270812988281,
38.799999999999997,15.324180603027344,,11.538520812988281,
38.899999999999999,15.952713012695312,,12.269248962402344,
39,16.512252807617188,,13.0306396484375,
39.100000000000001,17.128013610839844,,13.843132019042969,
39.200000000000003,17.899620056152344,,14.785926818847656,
39.299999999999997,18.627796173095703,,15.871799468994141,
39.399999999999999,19.378963470458984,,17.05987548828125,
39.5,20.188899993896484,,18.048660278320312,
39.600000000000001,21.14447021484375,,18.585208892822266,
39.700000000000003,22.158805847167969,,18.827934265136719,
39.799999999999997,23.290668487548828,,19.131977081298828,
39.899999999999999,24.606494903564453,,19.602100372314453,
40,25.942760467529297,24.423337936401367,20.084995269775391,13.157895088195801
40.100000000000001,27.312240600585938,,20.506568908691406,
40.200000000000003,28.073631286621094,,20.894927978515625,
40.299999999999997,27.064403533935547,,20.843830108642578,
40.399999999999999,24.488964080810547,,20.074775695800781,
40.5,22.554828643798828,,18.937797546386719,
40.600000000000001,21.673355102539062,,17.752277374267578,
40.700000000000003,20.510829925537109,,16.380245208740234,
40.799999999999997,19.118354797363281,,14.74249267578125,
40.899999999999999,17.927726745605469,,13.311691284179688,
41,16.954269409179688,,12.366340637207031,
41.100000000000001,16.039581298828125,,11.804237365722656,
41.200000000000003,15.326736450195312,,11.469535827636719,
41.299999999999997,14.892387390136719,,11.28302001953125,
41.399999999999999,14.560234069824219,,11.196151733398438,
41.5,14.332839965820312,,11.073509216308594,
41.600000000000001,14.143768310546875,,10.871665954589844,
41.700000000000003,13.977691650390625,,10.641716003417969,
41.799999999999997,13.796287536621094,,10.447532653808594,
41.899999999999999,13.893379211425781,,10.427093505859375,
42,14.424819946289062,,10.784797668457031,
42.100000000000001,15.101898193359375,,11.441429138183594,
42.200000000000003,15.807075500488281,,12.159385681152344,
42.299999999999997,16.617012023925781,,12.833900451660156,
42.399999999999999,17.447383880615234,,13.314247131347656,
42.5,17.971160888671875,,13.60040283203125,
42.600000000000001,18.487270355224609,,14.021980285644531,
42.700000000000003,19.246105194091797,,14.604522705078125,
42.799999999999997,19.979389190673828,,15.038871765136719,
42.899999999999999,20.643688201904297,,15.276481628417969,
43,20.980949401855469,,15.419563293457031,
43.100000000000001,20.477615356445312,,15.396568298339844,
43.200000000000003,19.447948455810547,,15.217720031738281,
43.299999999999997,18.75299072265625,,14.99798583984375,
43.399999999999999,18.216438293457031,,14.571304321289062,
43.5,17.483154296875,,13.863571166992188,
43.600000000000001,16.708992004394531,,13.025527954101562,
43.700000000000003,16.062576293945312,,12.220703125,
43.799999999999997,15.390609741210938,,11.54107666015625,
43.899999999999999,14.710983276367188,,11.035186767578125,
44,14.330284118652344,,10.761802673339844,
44.100000000000001,14.085006713867188,,10.626380920410156,
44.200000000000003,13.893379211425781,,10.511405944824219,
44.299999999999997,13.752853393554688,,10.375991821289062,
44.399999999999999,13.63787841796875,,10.202255249023438,
44.5,13.4718017578125,,10.025962829589844,
44.600000000000001,13.430923461914062,,10.143486022949219,
44.700000000000003,13.829505920410156,,10.743911743164062,
44.799999999999997,14.52191162109375,,11.564071655273438,
44.899999999999999,15.385498046875,,12.289688110351562,
45,16.392173767089844,,12.890113830566406,
45.100000000000001,17.447383880615234,,13.388336181640625,
45.200000000000003,18.364631652832031,,13.786918640136719,
45.299999999999997,19.149013519287109,,14.231491088867188,
45.399999999999999,19.859306335449219,,14.724601745605469,
45.5,20.357528686523438,,15.095077514648438,
45.600000000000001,20.582370758056641,,15.381240844726562,
45.700000000000003,21.108699798583984,,16.336807250976562,
45.799999999999997,21.790885925292969,,17.836593627929688,
45.899999999999999,21.318210601806641,,18.523887634277344,
46,20.319206237792969,,18.301605224609375,
46.100000000000001,19.969169616699219,,17.754833221435547,
46.200000000000003,19.716224670410156,,16.842700958251953,
46.299999999999997,19.631908416748047,,15.933120727539062,
46.399999999999999,20.15057373046875,,15.491104125976562,
46.5,20.344753265380859,,15.056755065917969,
46.600000000000001,20.022823333740234,,14.653060913085938,
46.700000000000003,19.660015106201172,,14.70416259765625,
46.799999999999997,19.184783935546875,,14.854911804199219,
46.899999999999999,19.016155242919922,,14.819137573242188,
47,19.261436462402344,,14.691390991210938,
47.100000000000001,19.409626007080078,,14.346466064453125,
47.200000000000003,18.988048553466797,,13.797142028808594,
47.299999999999997,18.247100830078125,,13.291252136230469,
47.399999999999999,17.605796813964844,,12.890113830566406,
47.5,17.148452758789062,,12.657608032226562,
47.600000000000001,17.048805236816406,,12.417442321777344,
47.700000000000003,17.117790222167969,,12.218147277832031,
47.799999999999997,17.179107666015625,,12.287132263183594,
47.899999999999999,17.087127685546875,,12.598846435546875,
48,17.13311767578125,,12.964210510253906,
48.100000000000001,17.411613464355469,,13.199272155761719,
48.200000000000003,17.426944732666016,,13.125175476074219,
48.299999999999997,17.161224365234375,,12.744476318359375,
48.399999999999999,16.823966979980469,,12.305015563964844,
48.5,16.461158752441406,,11.822120666503906,
48.600000000000001,15.860733032226562,,11.349449157714844,
48.700000000000003,15.229644775390625,,10.98919677734375,
48.799999999999997,14.841285705566406,,10.718360900878906,
48.899999999999999,14.539794921875,,10.465415954589844,
49,14.498916625976562,,10.3070068359375,
49.100000000000001,14.910270690917969,,10.519073486328125,
49.200000000000003,15.556686401367188,,11.083732604980469,
49.299999999999997,16.346183776855469,,11.712257385253906,
49.399999999999999,17.501041412353516,,12.287132263183594,
49.5,18.765766143798828,,12.8466796875,
49.600000000000001,19.460723876953125,,13.439437866210938,
49.700000000000003,19.688121795654297,,14.361793518066406,
49.799999999999997,19.629356384277344,,14.992881774902344,
49.899999999999999,19.146461486816406,,14.954551696777344,
50,18.56903076171875,15.254237174987793,14.601966857910156,11.591962814331055
50.100000000000001,18.305866241455078,,14.139511108398438,
50.200000000000003,18.206218719482422,,13.78436279296875,
50.299999999999997,18.195999145507812,,13.549301147460938,
50.399999999999999,18.221549987792969,,13.390892028808594,
50.5,17.937946319580078,,13.079185485839844,
50.600000000000001,17.488265991210938,,12.764915466308594,
50.700000000000003,17.214881896972656,,12.639724731445312,
50.799999999999997,16.790748596191406,,12.343345642089844,
50.899999999999999,16.182662963867188,,11.796577453613281,
51,15.858177185058594,,11.382667541503906,
51.100000000000001,15.694656372070312,,11.119499206542969,
51.200000000000003,15.365058898925781,,10.830787658691406,
51.299999999999997,14.930709838867188,,10.536956787109375,
51.399999999999999,14.882164001464844,,10.470527648925781,
51.5,15.283302307128906,,10.703033447265625,
51.600000000000001,15.791748046875,,10.764350891113281,
51.700000000000003,16.185218811035156,,10.703033447265625,
51.799999999999997,16.519920349121094,,10.902320861816406,
51.899999999999999,16.841850280761719,,11.211479187011719,
52,17.332408905029297,,11.704597473144531,
52.100000000000001,18.132125854492188,,12.550300598144531,
52.200000000000003,18.970165252685547,,13.697494506835938,
52.299999999999997,19.149013519287109,,14.660728454589844,
52.399999999999999,19.036594390869141,,15.204940795898438,
52.5,19.353416442871094,,15.187057495117188,
52.600000000000001,19.918071746826172,,15.038871765136719,
52.700000000000003,20.431625366210938,,15.271377563476562,
52.799999999999997,20.641136169433594,,15.654624938964844,
52.899999999999999,20.429069519042969,,15.7900390625,
53,19.774990081787109,,15.547317504882812,
53.100000000000001,19.317646026611328,,15.27392578125,
53.200000000000003,19.034038543701172,,15.092521667480469,
53.299999999999997,18.397846221923828,,14.865127563476562,
53.399999999999999,17.46527099609375,,14.297920227050781,
53.5,16.650222778320312,,13.495651245117188,
53.600000000000001,15.960372924804688,,12.741920471191406,
53.700000000000003,15.434043884277344,,12.264137268066406,
53.799999999999997,15.270523071289062,,12.026527404785156,
53.899999999999999,15.032913208007812,,11.796577453613281,
54,14.677764892578125,,11.592170715332031,
54.100000000000001,14.509132385253906,,11.474647521972656,
54.200000000000003,14.432487487792969,,11.35711669921875,
54.299999999999997,14.3558349609375,,11.201255798339844,
54.399999999999999,14.376274108886719,,11.293235778808594,
54.5,14.664993286132812,,11.972869873046875,
54.600000000000001,15.035469055175781,,13.135391235351562,
54.700000000000003,15.589897155761719,,14.6505126953125,
54.799999999999997,16.65533447265625,,16.288265228271484,
54.899999999999999,17.930278778076172,,17.742057800292969,
55,19.1387939453125,,19.088542938232422,
55.100000000000001,20.347309112548828,,20.491237640380859,
55.200000000000003,21.514945983886719,,21.965473175048828,
55.299999999999997,22.503730773925781,,23.621112823486328,
55.399999999999999,23.420974731445312,,25.504150390625,
55.5,24.445529937744141,,27.121463775634766,
55.600000000000001,25.572284698486328,,28.048927307128906,
55.700000000000003,26.098613739013672,,28.138355255126953,
55.799999999999997,24.754684448242188,,26.837860107421875,
55.899999999999999,22.276336669921875,,24.004364013671875,
56,20.70245361328125,,20.636875152587891,
56.100000000000001,19.877189636230469,,17.757389068603516,
56.200000000000003,18.865409851074219,,15.537094116210938,
56.299999999999997,17.792308807373047,,13.82269287109375,
56.399999999999999,16.716651916503906,,12.747032165527344,
56.5,15.768753051757812,,12.085289001464844,
56.600000000000001,14.9818115234375,,11.523185729980469,
56.700000000000003,14.304733276367188,,11.070953369140625,
56.799999999999997,13.89593505859375,,10.792457580566406,
56.899999999999999,13.581672668457031,,10.626380920410156,
57,13.303176879882812,,10.488410949707031,
57.100000000000001,13.236747741699219,,10.554847717285156,
57.200000000000003,13.617439270019531,,10.963645935058594,
57.299999999999997,14.258743286132812,,11.5947265625,
57.399999999999999,15.048240661621094,,12.190040588378906,
57.5,16.208213806152344,,12.675491333007812,
57.600000000000001,17.501041412353516,,13.117507934570312,
57.700000000000003,18.714664459228516,,13.661727905273438,
57.799999999999997,19.828643798828125,,14.37457275390625,
57.899999999999999,20.814876556396484,,15.077194213867188,
58,21.118919372558594,,15.480880737304688,
58.100000000000001,20.773994445800781,,15.805370330810547,
58.200000000000003,20.756111145019531,,16.152847290039062,
58.299999999999997,20.766330718994141,,16.267822265625,
58.399999999999999,20.444400787353516,,16.027652740478516,
58.5,19.677898406982422,,15.222831726074219,
58.600000000000001,18.512821197509766,,14.019424438476562,
58.700000000000003,17.327301025390625,,12.936103820800781,
58.799999999999997,16.315521240234375,,12.210487365722656,
58.899999999999999,15.743202209472656,,11.788909912109375,
59,16.10345458984375,,12.256477355957031,
59.100000000000001,18.185779571533203,,13.263145446777344,
59.200000000000003,19.409626007080078,,13.5084228515625,
59.299999999999997,18.717220306396484,,13.556968688964844,
59.399999999999999,17.830635070800781,,13.820137023925781,
59.5,17.053916931152344,,13.804801940917969,
59.600000000000001,16.568466186523438,,13.751152038574219,
59.700000000000003,16.289970397949219,,14.522758483886719,
59.799999999999997,16.243980407714844,,15.876907348632812,
59.899999999999999,16.021697998046875,,15.940784454345703,
60,15.612892150878906,17.979452133178711,14.699050903320312,3.8910505771636963
60.100000000000001,15.671661376953125,,13.697494506835938,
60.200000000000003,16.21331787109375,,13.34234619140625,
60.299999999999997,16.762641906738281,,13.393447875976562,
60.399999999999999,17.128013610839844,,13.80224609375,
60.5,17.071800231933594,,14.249374389648438,
60.600000000000001,16.726875305175781,,14.499763488769531,
60.700000000000003,16.295082092285156,,14.492095947265625,
60.799999999999997,15.395721435546875,,14.492095947265625,
60.899999999999999,14.654769897460938,,15.243270874023438,
61,14.948593139648438,,16.518215179443359,
61.100000000000001,15.168327331542969,,17.601535797119141,
61.200000000000003,14.261299133300781,,18.046104431152344,
61.299999999999997,13.080886840820312,,17.90557861328125,
61.399999999999999,12.707862854003906,,18.416580200195312,
61.5,12.81005859375,,19.2852783203125,
61.600000000000001,12.919921875,,19.553554534912109,
61.700000000000003,13.939369201660156,,20.514232635498047,
61.799999999999997,16.629783630371094,,22.716644287109375,
61.899999999999999,19.460723876953125,,24.029914855957031,
62,21.244113922119141,,24.0682373046875,
62.100000000000001,21.750003814697266,,25.067245483398438,
62.200000000000003,20.061149597167969,,26.784202575683594,
62.299999999999997,17.853630065917969,,27.389739990234375,
62.399999999999999,16.456047058105469,,26.781650543212891,
62.5,14.935821533203125,,26.18377685546875,
62.600000000000001,13.533126831054688,,25.698329925537109,
62.700000000000003,12.674644470214844,,25.299747467041016,
62.799999999999997,11.749732971191406,,24.839847564697266,
62.899999999999999,11.598991394042969,,24.556243896484375,
63,12.595443725585938,,24.942047119140625,
63.100000000000001,13.591888427734375,,24.540912628173828,
63.200000000000003,14.690536499023438,,22.721752166748047,
63.299999999999997,15.906723022460938,,20.670089721679688,
63.399999999999999,16.611900329589844,,19.154972076416016,
63.5,16.716651916503906,,17.7037353515625,
63.600000000000001,16.882728576660156,,16.505439758300781,
63.700000000000003,17.043693542480469,,15.856468200683594,
63.799999999999997,16.836738586425781,,15.841140747070312,
63.899999999999999,16.94915771484375,,16.998554229736328,
64,17.219989776611328,,18.370590209960938,
64.099999999999994,17.151008605957031,,19.144752502441406,
64.200000000000003,17.518924713134766,,19.809055328369141,
64.299999999999997,18.395290374755859,,20.386482238769531,
64.400000000000006,19.315090179443359,,20.759513854980469,
64.5,20.372859954833984,,21.058448791503906,
64.599999999999994,21.399971008300781,,21.232189178466797,
64.700000000000003,22.278888702392578,,21.375267028808594,
64.799999999999997,23.254898071289062,,21.643543243408203,
64.900000000000006,24.320335388183594,,21.771293640136719,
65,24.974414825439453,,21.592445373535156,
65.099999999999994,24.151706695556641,,21.063560485839844,
65.200000000000003,22.516506195068359,,19.934249877929688,
65.299999999999997,21.461288452148438,,18.286273956298828,
65.400000000000006,20.533824920654297,,16.651073455810547,
65.5,19.483718872070312,,15.437446594238281,
65.599999999999994,18.655899047851562,,14.463996887207031,
65.700000000000003,17.953273773193359,,13.516090393066406,
65.799999999999997,17.386066436767578,,12.701042175292969,
65.900000000000006,16.772865295410156,,12.046966552734375,
66,16.10345458984375,,11.556404113769531,
66.099999999999994,15.704872131347656,,11.26513671875,
66.200000000000003,15.47747802734375,,11.137382507324219,
66.299999999999997,15.301185607910156,,11.060737609863281,
66.400000000000006,15.140220642089844,,10.940650939941406,
66.5,14.994583129882812,,10.708145141601562,
66.599999999999994,14.777412414550781,,10.526741027832031,
66.700000000000003,14.634330749511719,,10.774574279785156,
66.799999999999997,14.976699829101562,,11.512969970703125,
66.900000000000006,15.766197204589844,,12.225814819335938,
67,16.744758605957031,,12.557960510253906,
67.099999999999994,17.794864654541016,,12.782806396484375,
67.200000000000003,18.911399841308594,,13.173721313476562,
67.299999999999997,19.884853363037109,,13.687271118164062,
67.400000000000006,20.807209014892578,,14.287696838378906,
67.5,21.903305053710938,,14.877906799316406,
67.599999999999994,23.004508972167969,,15.261154174804688,
67.700000000000003,23.965190887451172,,15.562644958496094,
67.799999999999997,24.678035736083984,,16.030208587646484,
67.900000000000006,25.436870574951172,,16.592308044433594,
68,26.172710418701172,,17.072650909423828,
68.099999999999994,26.640274047851562,,17.504444122314453,
68.200000000000003,26.563625335693359,,17.803379058837891,
68.299999999999997,25.296344757080078,,17.688404083251953,
68.400000000000006,23.328994750976562,,17.131412506103516,
68.5,21.647804260253906,,16.272933959960938,
68.599999999999994,20.40863037109375,,15.276481628417969,
68.700000000000003,19.596141815185547,,14.180389404296875,
68.799999999999997,18.903736114501953,,13.089401245117188,
68.900000000000006,18.124458312988281,,12.241142272949219,
69,17.564914703369141,,11.673934936523438,
69.099999999999994,17.156112670898438,,11.275352478027344,
69.200000000000003,16.757537841796875,,10.958534240722656,
69.299999999999997,16.422828674316406,,10.718360900878906,
69.400000000000006,16.131561279296875,,10.519073486328125,
69.5,15.9757080078125,,10.340225219726562,
69.599999999999994,15.784080505371094,,10.166481018066406,
69.700000000000003,15.480033874511719,,9.9799728393554688,
69.799999999999997,15.439155578613281,,9.9339828491210938,
69.900000000000006,15.620559692382812,,10.304450988769531,
70,15.893943786621094,17.191976547241211,11.001968383789062,7.3051948547363281
70.099999999999994,16.348731994628906,,11.520637512207031,
70.200000000000003,16.992591857910156,,11.7786865234375,
70.299999999999997,17.884288787841797,,12.05462646484375,
70.400000000000006,18.632904052734375,,12.437881469726562,
70.5,19.179676055908203,,13.017860412597656,
70.599999999999994,19.94873046875,,13.78436279296875,
70.700000000000003,20.842979431152344,,14.469100952148438,
70.799999999999997,21.783218383789062,,14.941780090332031,
70.900000000000006,22.746456146240234,,15.309700012207031,
71,23.709690093994141,,15.667400360107422,
71.099999999999994,24.588611602783203,,16.035320281982422,
71.200000000000003,24.992298126220703,,16.311260223388672,
71.299999999999997,24.703586578369141,,16.370025634765625,
71.400000000000006,23.954971313476562,,16.265270233154297,
71.5,22.662139892578125,,15.733829498291016,
71.599999999999994,21.121475219726562,,14.259597778320312,
71.700000000000003,19.964061737060547,,12.358673095703125,
71.799999999999997,19.240993499755859,,10.955978393554688,
71.900000000000006,18.701889038085938,,10.169036865234375,
72,18.211330413818359,,9.7193603515625,
72.099999999999994,17.787200927734375,,9.4408645629882812,
72.200000000000003,17.419281005859375,,9.2058029174804688,
72.299999999999997,17.112678527832031,,8.9911880493164062,
72.400000000000006,16.726875305175781,,8.81744384765625,
72.5,16.522476196289062,,8.6820297241210938,
72.599999999999994,16.504592895507812,,8.4801864624023438,
72.700000000000003,16.28741455078125,,8.1122665405273438,
72.799999999999997,15.873504638671875,,7.7571182250976562,
72.900000000000006,15.490257263183594,,7.4351882934570312,
73,15.186210632324219,,7.059600830078125,
73.099999999999994,15.009918212890625,,6.6635818481445312,
73.200000000000003,15.137664794921875,,6.2956619262695312,
73.299999999999997,15.492813110351562,,6.0324935913085938,
73.400000000000006,15.814743041992188,,5.902191162109375,
73.5,16.131561279296875,,6.0427169799804688,
73.599999999999994,16.571022033691406,,6.6354751586914062,
73.700000000000003,17.048805236816406,,7.5833816528320312,
73.799999999999997,17.748874664306641,,8.5287322998046875,
73.900000000000006,18.497489929199219,,9.139373779296875,
74,19.274211883544922,,9.6043853759765625,
74.099999999999994,19.854194641113281,,10.033622741699219,
74.200000000000003,20.285991668701172,,10.508857727050781,
74.299999999999997,20.927295684814453,,11.030075073242188,
74.400000000000006,21.287551879882812,,11.31878662109375,
74.5,20.804653167724609,,11.316230773925781,
74.599999999999994,19.721336364746094,,11.068397521972656,
74.700000000000003,18.755546569824219,,10.595726013183594,
74.799999999999997,17.897064208984375,,10.018295288085938,
74.900000000000006,17.237876892089844,,9.5200729370117188,
75,16.80352783203125,,9.2287979125976562,
75.099999999999994,16.358955383300781,,9.29522705078125,
75.200000000000003,16.037025451660156,,9.7193603515625,
75.299999999999997,16.075347900390625,,10.222694396972656,
75.400000000000006,16.37939453125,,10.529296875,
75.5,16.647666931152344,,11.007080078125,
75.599999999999994,16.606788635253906,,11.538520812988281,
75.700000000000003,16.499481201171875,,11.855339050292969,
75.799999999999997,16.371726989746094,,11.980537414550781,
75.900000000000006,16.088127136230469,,12.167045593261719,
76,15.922050476074219,,12.5145263671875,
76.099999999999994,15.893943786621094,,12.757255554199219,
76.200000000000003,16.026802062988281,,12.961654663085938,
76.299999999999997,16.514808654785156,,13.183937072753906,
76.400000000000006,17.340076446533203,,13.518646240234375,
76.5,18.129570007324219,,13.794586181640625,
76.599999999999994,18.796424865722656,,13.993873596191406,
76.700000000000003,19.614025115966797,,14.2825927734375,
76.799999999999997,20.352420806884766,,14.637733459472656,
76.900000000000006,20.830204010009766,,14.972442626953125,
77,21.451068878173828,,15.284149169921875,
77.099999999999994,22.130699157714844,,15.585639953613281,
77.200000000000003,22.061714172363281,,15.728717803955078,
77.299999999999997,20.9783935546875,,15.552421569824219,
77.400000000000006,19.997276306152344,,15.061866760253906,
77.5,19.481166839599609,,14.305587768554688,
77.599999999999994,18.855190277099609,,13.418998718261719,
77.700000000000003,18.267539978027344,,12.757255554199219,
77.799999999999997,17.83319091796875,,12.345901489257812,
77.900000000000006,17.437164306640625,,11.965202331542969,
78,17.0411376953125,,11.645828247070312,
78.099999999999994,16.721763610839844,,11.377555847167969,
78.200000000000003,16.325736999511719,,11.116943359375,
78.299999999999997,15.891387939453125,,10.899772644042969,
78.400000000000006,15.674217224121094,,10.787345886230469,
78.5,15.549018859863281,,10.741355895996094,
78.599999999999994,15.449378967285156,,10.669822692871094,
78.700000000000003,15.390609741210938,,10.590614318847656,
78.799999999999997,15.482589721679688,,10.5650634765625,
78.900000000000006,15.620559692382812,,10.634048461914062,
79,15.727867126464844,,10.812896728515625,
79.099999999999994,16.126449584960938,,11.193595886230469,
79.200000000000003,16.716651916503906,,11.65093994140625,
79.299999999999997,17.368179321289062,,12.075065612792969,
79.400000000000006,18.147453308105469,,12.501754760742188,
79.5,19.021266937255859,,12.885002136230469,
79.599999999999994,19.774990081787109,,13.293807983398438,
79.700000000000003,20.472503662109375,,13.771591186523438,
79.799999999999997,21.394859313964844,,14.320915222167969,
79.900000000000006,22.327434539794922,,14.819137573242188,
80,22.80010986328125,22.075054168701172,15.107856750488281,9.5541400909423828
80.099999999999994,22.289108276367188,,15.074638366699219,
80.200000000000003,21.098480224609375,,14.750152587890625,
80.299999999999997,19.866970062255859,,14.305587768554688,
80.400000000000006,18.783649444580078,,13.702606201171875,
80.5,18.065696716308594,,13.074073791503906,
80.599999999999994,17.608348846435547,,12.560516357421875,
80.700000000000003,17.184219360351562,,12.100616455078125,
80.799999999999997,16.813743591308594,,11.730140686035156,
80.900000000000006,16.553138732910156,,11.46697998046875,
81,16.333404541015625,,11.26513671875,
81.099999999999994,16.02935791015625,,11.122055053710938,
81.200000000000003,15.868392944335938,,11.096504211425781,
81.299999999999997,16.019142150878906,,11.178260803222656,
81.400000000000006,16.484153747558594,,11.375,
81.5,17.337520599365234,,11.663711547851562,
81.599999999999994,18.341636657714844,,12.052070617675781,
81.700000000000003,19.189895629882812,,12.5528564453125,
81.799999999999997,19.624244689941406,,12.95654296875,
81.900000000000006,19.634464263916016,,13.19671630859375,
82,19.660015106201172,,13.498207092285156,
82.099999999999994,19.706005096435547,,13.996429443359375,
82.200000000000003,19.698341369628906,,14.548309326171875,
82.299999999999997,19.649795532226562,,14.913673400878906,
82.400000000000006,19.557815551757812,,14.913673400878906,
82.5,19.039150238037109,,14.755264282226562,
82.599999999999994,18.247100830078125,,14.463996887207031,
82.700000000000003,17.521480560302734,,14.057746887207031,
82.799999999999997,16.685997009277344,,13.937667846679688,
82.900000000000006,16.129005432128906,,14.170166015625,
83,15.996147155761719,,14.492095947265625,
83.099999999999994,15.847953796386719,,14.420562744140625,
83.200000000000003,15.490257263183594,,14.067970275878906,
83.299999999999997,15.196434020996094,,13.753707885742188,
83.400000000000006,15.232200622558594,,13.723045349121094,
83.5,15.630783081054688,,14.093521118164062,
83.599999999999994,16.054908752441406,,14.563636779785156,
83.700000000000003,16.254203796386719,,14.66839599609375,
83.799999999999997,16.200546264648438,,14.274925231933594,
83.900000000000006,15.88372802734375,,13.85845947265625,
84,15.88372802734375,,13.845687866210938,
84.099999999999994,16.591461181640625,,14.157394409179688,
84.200000000000003,17.531700134277344,,14.494651794433594,
84.299999999999997,18.344188690185547,,14.875350952148438,
84.400000000000006,18.793869018554688,,15.184501647949219,
84.5,18.7708740234375,,15.18194580078125,
84.599999999999994,18.336524963378906,,14.839576721191406,
84.700000000000003,17.730991363525391,,14.231491088867188,
84.799999999999997,17.209770202636719,,13.590187072753906,
84.900000000000006,16.831626892089844,,13.071517944335938,
85,16.752426147460938,,12.73681640625,
85.099999999999994,17.00537109375,,12.976982116699219,
85.200000000000003,17.644119262695312,,13.753707885742188,
85.299999999999997,17.779533386230469,,14.11651611328125,
85.400000000000006,17.17144775390625,,14.00665283203125,
85.5,16.634895324707031,,14.0245361328125,
85.599999999999994,16.065132141113281,,14.011756896972656,
85.700000000000003,15.5694580078125,,13.947883605957031,
85.799999999999997,15.329292297363281,,14.269813537597656,
85.900000000000006,14.81573486328125,,15.100189208984375,
86,14.141212463378906,,15.917789459228516,
86.099999999999994,14.11566162109375,,16.042984008789062,
86.200000000000003,14.979255676269531,,15.738937377929688,
86.299999999999997,16.696212768554688,,15.810478210449219,
86.400000000000006,19.455615997314453,,16.714950561523438,
86.5,21.259445190429688,,17.468673706054688,
86.599999999999994,20.515941619873047,,17.463565826416016,
86.700000000000003,18.911399841308594,,17.637302398681641,
86.799999999999997,16.706436157226562,,17.522327423095703,
86.900000000000006,13.392601013183594,,16.188617706298828,
87,9.8079376220703125,,14.885566711425781,
87.099999999999994,7.0868606567382812,,14.494651794433594,
87.200000000000003,6.3407974243164062,,14.308135986328125,
87.299999999999997,7.0868606567382812,,13.7664794921875,
87.400000000000006,7.6591796875,,12.747032165527344,
87.5,7.9402313232421875,,11.727592468261719,
87.599999999999994,8.6019744873046875,,11.418434143066406,
87.700000000000003,9.6444168090820312,,11.704597473144531,
87.799999999999997,10.14263916015625,,11.441429138183594,
87.900000000000006,9.5958709716796875,,11.050514221191406,
88,9.342926025390625,,11.924324035644531,
88.099999999999994,9.2356185913085938,,12.077621459960938,
88.200000000000003,8.918792724609375,,11.198707580566406,
88.299999999999997,8.9775619506835938,,11.400550842285156,
88.400000000000006,9.5805435180664062,,12.008636474609375,
88.5,10.385368347167969,,12.343345642089844,
88.599999999999994,10.329154968261719,,12.4046630859375,
88.700000000000003,9.8283767700195312,,12.187492370605469,
88.799999999999997,9.1615219116210938,,11.671379089355469,
88.900000000000006,8.4333419799804688,,11.170600891113281,
89,7.8916854858398438,,10.971305847167969,
89.099999999999994,7.0204315185546875,,10.396430969238281,
89.200000000000003,6.0904083251953125,,9.6657028198242188,
89.299999999999997,5.645843505859375,,9.5686111450195312,
89.400000000000006,5.515533447265625,,9.7040328979492188,
89.5,5.5027618408203125,,9.691253662109375,
89.599999999999994,5.6790542602539062,,9.5941619873046875,
89.700000000000003,6.1389541625976562,,9.5865020751953125,
89.799999999999997,7.2810440063476562,,9.8905410766601562,
89.900000000000006,8.9239044189453125,,10.554847717285156,
90,9.9203567504882812,15.584416389465332,11.093948364257812,4.9059691429138184
90.099999999999994,9.9254684448242188,,10.999412536621094,
90.200000000000003,9.4681167602539062,,10.365776062011719,
90.299999999999997,9.1436386108398438,,9.8317794799804688,
90.400000000000006,9.0184402465820312,,9.5098495483398438,
90.5,8.9468994140625,,9.27734375,
90.599999999999994,8.7603836059570312,,9.1725921630859375,
90.700000000000003,8.3796920776367188,,9.0525054931640625,
90.799999999999997,7.981109619140625,,9.1010513305664062,
90.900000000000006,7.631072998046875,,9.213470458984375,
91,7.5007705688476562,,9.2160263061523438,
91.099999999999994,7.6668472290039062,,9.3591079711914062,
91.200000000000003,7.853363037109375,,9.4510879516601562,
91.299999999999997,8.0960845947265625,,9.5609512329101562,
91.400000000000006,8.136962890625,,9.6375961303710938,
91.5,7.8635787963867188,,9.4970779418945312,
91.599999999999994,7.7843780517578125,,9.4510879516601562,
91.700000000000003,7.7715988159179688,,9.4280929565429688,
91.799999999999997,7.7128372192382812,,9.4510879516601562,
91.900000000000006,8.1088638305664062,,9.6018295288085938,
92,8.773162841796875,,9.755126953125,
92.099999999999994,9.3071517944335938,,9.9544219970703125,
92.200000000000003,9.9382400512695312,,10.281455993652344,
92.299999999999997,10.699630737304688,,10.856330871582031,
92.400000000000006,11.407363891601562,,11.599838256835938,
92.5,12.140647888183594,,12.340789794921875,
92.599999999999994,12.991462707519531,,13.01275634765625,
92.700000000000003,13.688980102539062,,13.439437866210938,
92.799999999999997,14.261299133300781,,13.6182861328125,
92.900000000000006,14.376274108886719,,13.689826965332031,
93,14.225532531738281,,13.556968688964844,
93.099999999999994,13.867828369140625,,13.104736328125,
93.200000000000003,13.137100219726562,,12.565628051757812,
93.299999999999997,12.610771179199219,,12.069961547851562,
93.400000000000006,12.291397094726562,,11.569175720214844,
93.5,12.076774597167969,,11.175712585449219,
93.599999999999994,11.9285888671875,,10.879325866699219,
93.700000000000003,11.910697937011719,,10.705589294433594,
93.799999999999997,11.859603881835938,,10.687705993652344,
93.900000000000006,11.752288818359375,,10.654487609863281,
94,11.79827880859375,,10.5650634765625,
94.099999999999994,11.826385498046875,,10.355552673339844,
94.200000000000003,11.719078063964844,,10.059173583984375,
94.299999999999997,11.565773010253906,,9.8522186279296875,
94.400000000000006,11.389480590820312,,9.70147705078125,
94.5,11.06243896484375,,9.7116928100585938,
94.599999999999994,10.625534057617188,,9.7755661010742188,
94.700000000000003,10.347038269042969,,9.7755661010742188,
94.799999999999997,10.265281677246094,,9.8803253173828125,
94.900000000000006,10.21673583984375,,9.9569778442382812,
95,10.137527465820312,,9.9160919189453125,
95.099999999999994,10.101760864257812,,9.8547744750976562,
95.200000000000003,10.009780883789062,,9.7295761108398438,
95.299999999999997,9.7210617065429688,,9.5328445434570312,
95.400000000000006,9.48089599609375,,9.4638595581054688,
95.5,9.2100677490234375,,9.3667678833007812,
95.599999999999994,8.8038177490234375,,9.1317062377929688,
95.700000000000003,8.5764236450195312,,8.9630813598632812,
95.799999999999997,8.3848037719726562,,8.7663421630859375,
95.900000000000006,8.04498291015625,,8.2732315063476562,
96,7.6029739379882812,,7.8286590576171875,
96.099999999999994,7.2938156127929688,,7.8031082153320312,
96.200000000000003,7.3219223022460938,,7.9053115844726562,
96.299999999999997,7.761383056640625,,8.0867156982421875,
96.400000000000006,8.716949462890625,,8.6360397338867188,
96.5,10.280609130859375,,9.489410400390625,
96.599999999999994,12.521347045898438,,10.705589294433594,
96.700000000000003,14.335395812988281,,12.302467346191406,
96.799999999999997,14.368606567382812,,13.579963684082031,
96.900000000000006,13.045120239257812,,14.658172607421875,
97,11.455909729003906,,16.668960571289062,
97.099999999999994,10.099205017089844,,18.334819793701172,
97.200000000000003,8.349029541015625,,17.499332427978516,
97.299999999999997,7.135406494140625,,16.025100708007812,
97.400000000000006,7.5263214111328125,,15.544761657714844,
97.5,7.669403076171875,,15.020980834960938,
97.599999999999994,7.4241180419921875,,14.9801025390625,
97.700000000000003,7.8559188842773438,,15.677619934082031,
97.799999999999997,7.8738021850585938,,15.889682769775391,
97.900000000000006,6.9182281494140625,,15.401679992675781,
98,6.6703948974609375,,15.350578308105469,
98.099999999999994,6.42767333984375,,14.837020874023438,
98.200000000000003,6.3561325073242188,,14.228935241699219,
98.299999999999997,8.1114120483398438,,15.383796691894531,
98.400000000000006,9.544769287109375,,16.796707153320312,
98.5,9.1461868286132812,,16.845252990722656,
98.599999999999994,8.2544937133789062,,15.652069091796875,
98.700000000000003,8.331146240234375,,14.624961853027344,
98.799999999999997,8.8779144287109375,,14.07818603515625,
98.900000000000006,9.1615219116210938,,13.470100402832031,
99,10.045547485351562,,13.641281127929688,
99.099999999999994,12.010345458984375,,15.455337524414062,
99.200000000000003,14.795295715332031,,18.544330596923828,
99.299999999999997,16.72943115234375,,20.343048095703125,
99.400000000000006,15.081459045410156,,19.390033721923828,
99.5,12.927589416503906,,18.707847595214844,
99.599999999999994,11.586212158203125,,17.765052795410156,
99.700000000000003,10.970458984375,,16.068534851074219,
99.799999999999997,12.301612854003906,,15.80792236328125,
99.900000000000006,15.084007263183594,,17.246387481689453,
100,18.676342010498047,4.1666669845581055,19.070659637451172,10.706638336181641
100.09999999999999,21.320766448974609,,20.414588928222656,
100.2,22.360649108886719,,23.309402465820312,
100.3,20.505718231201172,,26.487823486328125,
100.40000000000001,17.718215942382812,,27.290092468261719,
100.5,16.381950378417969,,26.730548858642578,
100.59999999999999,16.016586303710938,,26.383068084716797,
100.7,16.43560791015625,,25.859294891357422,
100.8,16.928718566894531,,24.553688049316406,
100.90000000000001,17.196994781494141,,23.311958312988281,
101,17.455051422119141,,23.196983337402344,
101.09999999999999,16.374282836914062,,23.503582000732422,
101.2,14.619003295898438,,22.880165100097656,
101.3,14.923042297363281,,21.881160736083984,
101.40000000000001,16.808631896972656,,22.080448150634766,
101.5,17.030921936035156,,22.729419708251953,
101.59999999999999,14.353279113769531,,22.639995574951172,
101.7,11.496788024902344,,22.297622680664062,
101.8,12.531562805175781,,22.683429718017578,
101.90000000000001,16.972152709960938,,24.722320556640625,
102,18.957389831542969,,26.446945190429688,
102.09999999999999,18.047809600830078,,26.117347717285156,
102.2,16.517364501953125,,24.561355590820312,
102.3,15.745758056640625,,24.719764709472656,
102.40000000000001,15.983367919921875,,25.969158172607422,
102.5,16.090682983398438,,25.312522888183594,
102.59999999999999,16.72943115234375,,23.179100036621094,
102.7,19.358524322509766,,22.4866943359375,
102.8,22.424526214599609,,24.965042114257812,
102.90000000000001,20.600254058837891,,27.272209167480469,
103,16.519920349121094,,26.002372741699219,
103.09999999999999,16.384506225585938,,24.249645233154297,
103.2,18.180671691894531,,23.582790374755859,
103.3,18.517929077148438,,23.439708709716797,
103.40000000000001,15.546463012695312,,24.058017730712891,
103.5,11.591323852539062,,23.909828186035156,
103.59999999999999,10.847824096679688,,23.13055419921875,
103.7,11.747177124023438,,21.847942352294922,
103.8,11.972023010253906,,20.861713409423828,
103.90000000000001,11.123764038085938,,20.335384368896484,
104,9.9331283569335938,,19.750289916992188,
104.09999999999999,9.130859375,,19.338935852050781,
104.2,9.1078643798828125,,19.379814147949219,
104.3,9.6163101196289062,,19.331268310546875,
104.40000000000001,10.372589111328125,,19.811607360839844,
104.5,10.858039855957031,,20.843830108642578,
104.59999999999999,11.282173156738281,,22.016574859619141,
104.7,12.495796203613281,,23.347728729248047,
104.8,14.146324157714844,,24.078456878662109,
104.90000000000001,15.922050476074219,,24.551132202148438,
105,17.501041412353516,,24.870510101318359,
105.09999999999999,18.676342010498047,,24.89605712890625,
105.2,18.949726104736328,,24.201099395751953,
105.3,18.226661682128906,,22.898048400878906,
105.40000000000001,17.365623474121094,,21.720191955566406,
105.5,16.4534912109375,,20.363487243652344,
105.59999999999999,15.868392944335938,,20.212745666503906,
105.7,16.157112121582031,,22.387050628662109,
105.8,16.494369506835938,,23.853618621826172,
105.90000000000001,16.310409545898438,,23.937934875488281,
106,15.868392944335938,,24.689102172851562,
106.09999999999999,14.312400817871094,,23.455039978027344,
106.2,12.490684509277344,,20.710968017578125,
106.3,12.411483764648438,,20.059444427490234,
106.40000000000001,12.843276977539062,,20.299613952636719,
106.5,12.6644287109375,,20.054332733154297,
106.59999999999999,12.506011962890625,,19.415584564208984,
106.7,13.696647644042969,,19.241844177246094,
106.8,17.306861877441406,,19.328712463378906,
106.90000000000001,22.036163330078125,,20.345603942871094,
107,24.463413238525391,,23.702873229980469,
107.09999999999999,22.692798614501953,,25.767314910888672,
107.2,20.682014465332031,,25.450492858886719,
107.3,20.452064514160156,,25.085128784179688,
107.40000000000001,20.666683197021484,,25.046802520751953,
107.5,20.633468627929688,,24.229202270507812,
107.59999999999999,20.758663177490234,,22.926155090332031,
107.7,20.710121154785156,,21.909263610839844,
107.8,19.652351379394531,,20.690528869628906,
107.90000000000001,18.300754547119141,,19.809055328369141,
108,17.094795227050781,,19.632759094238281,
108.09999999999999,16.928718566894531,,20.429920196533203,
108.2,17.457603454589844,,21.446807861328125,
108.3,17.822971343994141,,22.208198547363281,
108.40000000000001,17.932834625244141,,22.910823822021484,
108.5,18.433616638183594,,23.585342407226562,
108.59999999999999,19.353416442871094,,24.167884826660156,
108.7,20.176124572753906,,24.451488494873047,
108.8,21.157245635986328,,24.484703063964844,
108.90000000000001,22.840988159179688,,24.640560150146484,
109,24.8057861328125,,25.156669616699219,
109.09999999999999,26.494640350341797,,26.002372741699219,
109.2,27.976539611816406,,27.029483795166016,
109.3,29.836578369140625,,28.427066802978516,
109.40000000000001,32.110530853271484,,30.322879791259766,
109.5,34.100875854492188,,32.576389312744141,
109.59999999999999,35.452468872070312,,35.110946655273438,
109.7,35.960914611816406,,37.027198791503906,
109.8,35.495903015136719,,37.346572875976562,
109.90000000000001,34.034442901611328,,35.785469055175781,
110,30.511100769042969,10.107816696166992,33.439979553222656,19.230768203735352
110.09999999999999,25.804790496826172,,31.196689605712891,
110.2,22.692798614501953,,28.059146881103516,
110.3,21.711681365966797,,24.387615203857422,
110.40000000000001,21.330986022949219,,22.049789428710938,
110.5,20.178680419921875,,20.48101806640625,
110.59999999999999,18.988048553466797,,18.488117218017578,
110.7,18.507709503173828,,16.924457550048828,
110.8,18.234325408935547,,16.344474792480469,
110.90000000000001,17.912395477294922,,16.234607696533203,
111,17.736099243164062,,15.851360321044922,
111.09999999999999,17.621124267578125,,14.985214233398438,
111.2,17.416725158691406,,13.945327758789062,
111.3,17.158668518066406,,12.928436279296875,
111.40000000000001,16.808631896972656,,12.197708129882812,
111.5,16.420272827148438,,11.799125671386719,
111.59999999999999,16.072792053222656,,11.551292419433594,
111.7,15.738090515136719,,11.375,
111.8,15.44171142578125,,11.272796630859375,
111.90000000000001,15.247528076171875,,11.244697570800781,
112,15.260307312011719,,11.500190734863281,
112.09999999999999,15.745758056640625,,12.023971557617188,
112.2,16.775421142578125,,12.639724731445312,
112.3,17.863849639892578,,13.229927062988281,
112.40000000000001,18.791316986083984,,13.687271118164062,
112.5,19.769878387451172,,14.070526123046875,
112.59999999999999,20.965621948242188,,14.295364379882812,
112.7,22.235454559326172,,14.451217651367188,
112.8,23.285560607910156,,14.688835144042969,
112.90000000000001,23.569164276123047,,14.757820129394531,
113,22.7081298828125,,14.509986877441406,
113.09999999999999,21.241561889648438,,14.07818603515625,
113.2,20.076480865478516,,13.487983703613281,
113.3,19.195003509521484,,12.741920471191406,
113.40000000000001,18.369739532470703,,12.108283996582031,
113.5,17.669670104980469,,11.768470764160156,
113.59999999999999,17.202106475830078,,11.640716552734375,
113.7,17.633899688720703,,11.967758178710938,
113.8,18.816864013671875,,12.718925476074219,
113.90000000000001,20.217006683349609,,13.539085388183594,
114,21.422966003417969,,14.285140991210938,
114.09999999999999,22.388755798339844,,14.875350952148438,
114.2,23.574275970458984,,15.286705017089844,
114.3,24.532398223876953,,15.524322509765625,
114.40000000000001,24.473636627197266,,15.498771667480469,
114.5,23.571720123291016,,15.11041259765625,
114.59999999999999,22.940635681152344,,14.642845153808594,
114.7,23.382648468017578,,15.1282958984375,
114.8,24.399539947509766,,16.0838623046875,
114.90000000000001,24.690811157226562,,16.344474792480469,
115,24.276901245117188,,16.025100708007812,
115.09999999999999,23.280448913574219,,15.585639953613281,
115.2,21.849651336669922,,15.112960815429688,
115.3,21.180240631103516,,14.906005859375,
115.40000000000001,21.049934387207031,,15.406791687011719,
115.5,21.213455200195312,,16.216724395751953,
115.59999999999999,21.476619720458984,,16.717502593994141,
115.7,21.313098907470703,,16.6357421875,
115.8,20.9783935546875,,16.17584228515625,
115.90000000000001,20.738224029541016,,15.641849517822266,
116,20.988616943359375,,15.350578308105469,
116.09999999999999,21.14447021484375,,15.169174194335938,
116.2,20.674350738525391,,14.854911804199219,
116.3,20.183788299560547,,14.532981872558594,
116.40000000000001,19.882301330566406,,14.216156005859375,
116.5,19.565479278564453,,13.963211059570312,
116.59999999999999,19.217998504638672,,13.996429443359375,
116.7,18.911399841308594,,13.820137023925781,
116.8,18.331413269042969,,13.186492919921875,
116.90000000000001,17.393730163574219,,12.609062194824219,
117,16.818855285644531,,12.440437316894531,
117.09999999999999,16.760093688964844,,12.340789794921875,
117.2,16.356399536132812,,11.921768188476562,
117.3,15.952713012695312,,11.574287414550781,
117.40000000000001,16.823966979980469,,11.584510803222656,
117.5,18.594581604003906,,11.666267395019531,
117.59999999999999,20.135246276855469,,11.7786865234375,
117.7,21.175128936767578,,12.072517395019531,
117.8,21.8624267578125,,12.453208923339844,
117.90000000000001,21.652915954589844,,12.902885437011719,
118,20.871086120605469,,13.516090393066406,
118.09999999999999,20.495498657226562,,14.213607788085938,
118.2,20.679458618164062,,14.701606750488281,
118.3,21.162353515625,,15.151290893554688,
118.40000000000001,20.860866546630859,,15.363357543945312,
118.5,19.616580963134766,,14.819137573242188,
118.59999999999999,18.523040771484375,,13.812469482421875,
118.7,17.771869659423828,,12.8466796875,
118.8,17.276199340820312,,12.225814819335938,
118.90000000000001,17.240428924560547,,12.115951538085938,
119,17.306861877441406,,12.488975524902344,
119.09999999999999,17.582801818847656,,13.186492919921875,
119.2,18.262428283691406,,13.873786926269531,
119.3,19.103023529052734,,14.420562744140625,
119.40000000000001,20.04071044921875,,14.918785095214844,
119.5,21.024383544921875,,15.33013916015625,
119.59999999999999,22.250785827636719,,15.718498229980469,
119.7,23.461856842041016,,16.101749420166016,
119.8,24.238574981689453,,16.405792236328125,
119.90000000000001,23.832328796386719,,16.3419189453125,
120,22.278888702392578,21.384929656982422,15.89990234375,19.230768203735352
120.09999999999999,20.671794891357422,,15.322471618652344,
120.2,19.401958465576172,,14.607070922851562,
120.3,18.456611633300781,,13.899337768554688,
120.40000000000001,17.723323822021484,,13.339797973632812,
120.5,17.283866882324219,,12.8824462890625,
120.59999999999999,16.974708557128906,,12.391891479492188,
120.7,16.632339477539062,,11.840011596679688,
120.8,16.292526245117188,,11.377555847167969,
120.90000000000001,16.026802062988281,,11.009635925292969,
121,15.684432983398438,,10.726028442382812,
121.09999999999999,15.357398986816406,,10.595726013183594,
121.2,15.556686401367188,,10.733695983886719,
121.3,16.1954345703125,,11.155265808105469,
121.40000000000001,16.992591857910156,,11.707145690917969,
121.5,17.830635070800781,,12.20281982421875,
121.59999999999999,18.684005737304688,,12.634613037109375,
121.7,19.419845581054688,,13.035751342773438,
121.8,20.127578735351562,,13.41644287109375,
121.90000000000001,20.952846527099609,,13.74859619140625,
122,21.532829284667969,,13.973434448242188,
122.09999999999999,21.456180572509766,,14.062858581542969,
122.2,21.479175567626953,,14.182945251464844,
122.3,21.573711395263672,,13.820137023925781,
122.40000000000001,20.168460845947266,,12.890113830566406,
122.5,18.561367034912109,,12.100616455078125,
122.59999999999999,17.989044189453125,,11.489974975585938,
122.7,17.644119262695312,,11.160377502441406,
122.8,17.457603454589844,,10.810340881347656,
122.90000000000001,17.564914703369141,,10.381103515625,
123,17.350296020507812,,10.174148559570312,
123.09999999999999,16.675773620605469,,10.100051879882812,
123.2,16.512252807617188,,10.261016845703125,
123.3,17.084571838378906,,10.685150146484375,
123.40000000000001,18.075916290283203,,11.13482666015625,
123.5,19.115798950195312,,11.451652526855469,
123.59999999999999,20.035598754882812,,11.676490783691406,
123.7,20.6845703125,,11.888557434082031,
123.8,21.118919372558594,,12.118507385253906,
123.90000000000001,21.356536865234375,,12.299911499023438,
124,20.963066101074219,,12.243698120117188,
124.09999999999999,20.130134582519531,,11.980537414550781,
124.2,19.348304748535156,,11.653495788574219,
124.3,18.653347015380859,,11.298347473144531,
124.40000000000001,17.912395477294922,,10.953422546386719,
124.5,17.439720153808594,,10.797569274902344,
124.59999999999999,17.373291015625,,10.784797668457031,
124.7,17.324745178222656,,10.697921752929688,
124.8,17.107566833496094,,10.562507629394531,
124.90000000000001,16.898063659667969,,10.429649353027344,
125,16.650222778320312,,10.258460998535156,
125.09999999999999,16.338516235351562,,10.089836120605469,
125.2,16.527587890625,,10.10516357421875,
125.3,17.380954742431641,,10.373435974121094,
125.40000000000001,18.538372039794922,,10.792457580566406,
125.5,19.803096771240234,,11.306015014648438,
125.59999999999999,21.072929382324219,,11.847671508789062,
125.7,21.675910949707031,,12.27691650390625,
125.8,21.394859313964844,,12.724037170410156,
125.90000000000001,21.042270660400391,,13.171165466308594,
126,20.807209014892578,,13.324462890625,
126.09999999999999,20.597698211669922,,13.227371215820312,
126.2,20.462284088134766,,13.12261962890625,
126.3,20.331981658935547,,12.989761352539062,
126.40000000000001,20.004940032958984,,12.813461303710938,
126.5,19.606361389160156,,12.665275573730469,
126.59999999999999,19.483718872070312,,12.64483642578125,
126.7,19.483718872070312,,12.678047180175781,
126.8,19.442840576171875,,12.642280578613281,
126.90000000000001,19.307426452636719,,12.60650634765625,
127,19.172008514404297,,12.519638061523438,
127.09999999999999,18.867965698242188,,12.358673095703125,
127.2,18.359519958496094,,12.059738159179688,
127.3,17.733543395996094,,11.648384094238281,
127.40000000000001,17.074356079101562,,11.239585876464844,
127.5,16.624671936035156,,10.874221801757812,
127.59999999999999,16.292526245117188,,10.590614318847656,
127.7,16.037025451660156,,10.347892761230469,
127.8,15.804519653320312,,10.166481018066406,
127.90000000000001,15.796852111816406,,10.146041870117188,
128,16.323188781738281,,10.358108520507812,
128.09999999999999,17.174003601074219,,10.710700988769531,
128.19999999999999,18.137233734130859,,11.122055053710938,
128.30000000000001,19.159236907958984,,11.54107666015625,
128.40000000000001,20.181236267089844,,11.903884887695312,
128.5,20.896636962890625,,12.164497375488281,
128.59999999999999,21.136806488037109,,12.384223937988281,
128.69999999999999,20.779106140136719,,12.465980529785156,
128.80000000000001,19.895076751708984,,12.230926513671875,
128.90000000000001,18.939506530761719,,11.8170166015625,
129,18.492382049560547,,11.26513671875,
129.09999999999999,18.512821197509766,,10.575286865234375,
129.19999999999999,17.948165893554688,,9.9288711547851562,
129.30000000000001,16.908279418945312,,9.5021820068359375,
129.40000000000001,16.200546264648438,,9.1470413208007812,
129.5,16.215873718261719,,8.8506622314453125,
129.59999999999999,16.9312744140625,,8.9451980590820312,
129.69999999999999,17.843410491943359,,9.2696762084960938,
129.80000000000001,18.471939086914062,,9.5609512329101562,
129.90000000000001,18.837306976318359,,9.84710693359375,
130,19.233329772949219,18.720748901367188,10.117942810058594,25.641025543212891
130.09999999999999,19.455615997314453,,10.36322021484375,
130.19999999999999,19.154125213623047,,10.39898681640625,
130.30000000000001,18.454055786132812,,10.005516052246094,
130.40000000000001,17.725879669189453,,9.3514404296875,
130.5,17.122901916503906,,8.8199996948242188,
130.59999999999999,16.65533447265625,,8.4623031616210938,
130.69999999999999,16.366622924804688,,8.2425689697265625,
130.80000000000001,16.272087097167969,,8.4239730834960938,
130.90000000000001,16.320632934570312,,9.065277099609375,
131,16.627227783203125,,9.9058761596679688,
131.09999999999999,17.442276000976562,,10.825675964355469,
131.19999999999999,18.689113616943359,,12.080177307128906,
131.30000000000001,19.570590972900391,,13.470100402832031,
131.40000000000001,19.872081756591797,,14.41033935546875,
131.5,20.457176208496094,,14.711830139160156,
131.59999999999999,21.522609710693359,,14.913673400878906,
131.69999999999999,22.225234985351562,,15.388900756835938,
131.80000000000001,21.821544647216797,,15.598415374755859,
131.90000000000001,20.970729827880859,,15.340362548828125,
132,20.682014465332031,,15.100189208984375,
132.09999999999999,20.814876556396484,,15.105300903320312,
132.19999999999999,21.129138946533203,,15.033760070800781,
132.30000000000001,21.698905944824219,,14.688835144042969,
132.40000000000001,21.859870910644531,,14.474212646484375,
132.5,21.246669769287109,,14.522758483886719,
132.59999999999999,20.993724822998047,,14.788482666015625,
132.69999999999999,21.525165557861328,,15.291816711425781,
132.80000000000001,21.939075469970703,,15.468109130859375,
132.90000000000001,21.744895935058594,,14.911117553710938,
133,21.205791473388672,,14.009201049804688,
133.09999999999999,20.439289093017578,,13.237594604492188,
133.19999999999999,19.67279052734375,,12.693382263183594,
133.30000000000001,19.128574371337891,,12.274360656738281,
133.40000000000001,18.576694488525391,,11.911552429199219,
133.5,18.101463317871094,,11.6688232421875,
133.59999999999999,17.782089233398438,,11.436317443847656,
133.69999999999999,17.296638488769531,,11.165489196777344,
133.80000000000001,16.869956970214844,,10.955978393554688,
133.90000000000001,17.549583435058594,,11.0811767578125,
134,19.85675048828125,,11.607505798339844,
134.09999999999999,22.309551239013672,,12.322906494140625,
134.19999999999999,22.713241577148438,,12.741920471191406,
134.30000000000001,21.803661346435547,,13.084297180175781,
134.40000000000001,21.042270660400391,,13.436882019042969,
134.5,20.679458618164062,,13.779251098632812,
134.59999999999999,20.551708221435547,,14.259597778320312,
134.69999999999999,20.561931610107422,,14.52020263671875,
134.80000000000001,20.927295684814453,,14.74249267578125,
134.90000000000001,20.924739837646484,,14.750152587890625,
135,20.262996673583984,,14.221267700195312,
135.09999999999999,19.820980072021484,,13.682167053222656,
135.19999999999999,19.698341369628906,,13.495651245117188,
135.30000000000001,19.759658813476562,,13.49053955078125,
135.40000000000001,19.843975067138672,,13.436882019042969,
135.5,19.634464263916016,,13.089401245117188,
135.59999999999999,19.271656036376953,,12.73681640625,
135.69999999999999,19.108135223388672,,12.667831420898438,
135.80000000000001,19.325309753417969,,12.616729736328125,
135.90000000000001,19.156681060791016,,12.340789794921875,
136,18.313529968261719,,11.939651489257812,
136.09999999999999,17.524036407470703,,11.530853271484375,
136.19999999999999,16.941497802734375,,11.104171752929688,
136.30000000000001,16.36151123046875,,10.703033447265625,
136.40000000000001,16.047248840332031,,10.4552001953125,
136.5,16.037025451660156,,10.347892761230469,
136.59999999999999,16.246536254882812,,10.301902770996094,
136.69999999999999,16.703880310058594,,10.3453369140625,
136.80000000000001,17.378398895263672,,10.488410949707031,
136.90000000000001,17.981380462646484,,10.672370910644531,
137,18.433616638183594,,10.889549255371094,
137.09999999999999,19.115798950195312,,11.116943359375,
137.19999999999999,19.780101776123047,,11.193595886230469,
137.30000000000001,20.063705444335938,,11.395439147949219,
137.40000000000001,19.555259704589844,,11.804237365722656,
137.5,18.676342010498047,,12.213035583496094,
137.59999999999999,18.356964111328125,,12.417442321777344,
137.69999999999999,17.983936309814453,,12.414886474609375,
137.80000000000001,16.862289428710938,,12.391891479492188,
137.90000000000001,15.799407958984375,,12.351005554199219,
138,15.275634765625,,12.361228942871094,
138.09999999999999,14.897499084472656,,12.376556396484375,
138.19999999999999,14.611335754394531,,12.632057189941406,
138.30000000000001,14.314956665039062,,13.452217102050781,
138.40000000000001,14.376274108886719,,14.624961853027344,
138.5,14.8336181640625,,15.47833251953125,
138.59999999999999,15.385498046875,,15.687839508056641,
138.69999999999999,16.044692993164062,,15.611190795898438,
138.80000000000001,16.875068664550781,,15.547317504882812,
138.90000000000001,17.879180908203125,,15.636737823486328,
139,18.814311981201172,,15.856468200683594,
139.09999999999999,19.688121795654297,,16.101749420166016,
139.19999999999999,20.567039489746094,,16.290817260742188,
139.30000000000001,21.269664764404297,,16.393020629882812,
139.40000000000001,21.121475219726562,,16.290817260742188,
139.5,20.303874969482422,,15.88201904296875,
139.59999999999999,19.591030120849609,,15.342910766601562,
139.69999999999999,18.985496520996094,,14.803810119628906,
139.80000000000001,18.500045776367188,,14.295364379882812,
139.90000000000001,18.116794586181641,,13.809913635253906,
140,17.713104248046875,12.427506446838379,13.3985595703125,0
140.09999999999999,17.294086456298828,,13.056190490722656,
140.19999999999999,16.829078674316406,,12.647392272949219,
140.30000000000001,16.266975402832031,,12.274360656738281,
140.40000000000001,15.929718017578125,,12.151718139648438,
140.5,15.9373779296875,,12.305015563964844,
140.59999999999999,15.812187194824219,,12.430213928222656,
140.69999999999999,15.763641357421875,,12.478759765625,
140.80000000000001,16.979820251464844,,13.85845947265625,
140.90000000000001,19.437728881835938,,16.748165130615234,
141,22.324878692626953,,19.050220489501953,
141.09999999999999,25.388324737548828,,21.298618316650391,
141.19999999999999,28.175830841064453,,25.126007080078125,
141.30000000000001,29.959220886230469,,31.012729644775391,
141.40000000000001,27.442543029785156,,36.672054290771484,
141.5,23.492515563964844,,40.780494689941406,
141.59999999999999,21.412746429443359,,43.542446136474609,
141.69999999999999,19.915515899658203,,43.077438354492188,
141.80000000000001,20.22467041015625,,39.423789978027344,
141.90000000000001,19.930843353271484,,33.626491546630859,
142,18.058029174804688,,27.854747772216797,
142.09999999999999,17.235321044921875,,25.016143798828125,
142.19999999999999,17.506149291992188,,24.313518524169922,
142.30000000000001,17.623680114746094,,22.992584228515625,
142.40000000000001,17.587909698486328,,20.733963012695312,
142.5,17.102462768554688,,19.213737487792969,
142.59999999999999,15.3497314453125,,18.960792541503906,
142.69999999999999,13.857612609863281,,20.887264251708984,
142.80000000000001,13.757965087890625,,23.79229736328125,
142.90000000000001,14.059455871582031,,24.765754699707031,
143,14.828514099121094,,24.954822540283203,
143.09999999999999,15.697212219238281,,25.212879180908203,
143.19999999999999,15.738090515136719,,24.954822540283203,
143.30000000000001,15.206649780273438,,24.589458465576172,
143.40000000000001,15.145332336425781,,24.127002716064453,
143.5,16.323188781738281,,23.820404052734375,
143.59999999999999,17.894508361816406,,24.829627990722656,
143.69999999999999,18.382514953613281,,25.580799102783203,
143.80000000000001,18.643123626708984,,25.069797515869141,
143.90000000000001,19.780101776123047,,25.22821044921875,
144,21.1265869140625,,26.145454406738281,
144.09999999999999,22.268669128417969,,26.206771850585938,
144.19999999999999,23.405643463134766,,25.59613037109375,
144.30000000000001,23.893650054931641,,25.202659606933594,
144.40000000000001,23.548725128173828,,24.024803161621094,
144.5,23.584495544433594,,22.328285217285156,
144.59999999999999,24.008625030517578,,21.232189178466797,
144.69999999999999,24.082721710205078,,19.959800720214844,
144.80000000000001,23.510398864746094,,18.431907653808594,
144.90000000000001,22.958518981933594,,17.228504180908203,
145,23.326438903808594,,16.561649322509766,
145.09999999999999,24.236019134521484,,16.198837280273438,
145.19999999999999,24.89776611328125,,16.410903930664062,
145.30000000000001,25.160930633544922,,17.621974945068359,
145.40000000000001,25.393436431884766,,18.894363403320312,
145.5,25.850780487060547,,19.315940856933594,
145.59999999999999,26.936653137207031,,19.093654632568359,
145.69999999999999,28.076183319091797,,19.218849182128906,
145.80000000000001,28.868236541748047,,20.074775695800781,
145.90000000000001,29.841690063476562,,20.759513854980469,
146,29.445663452148438,,20.598548889160156,
146.09999999999999,27.404220581054688,,19.957244873046875,
146.19999999999999,25.807346343994141,,19.106430053710938,
146.30000000000001,24.877323150634766,,18.155967712402344,
146.40000000000001,23.860435485839844,,17.156963348388672,
146.5,22.876758575439453,,16.206504821777344,
146.59999999999999,22.079601287841797,,15.381240844726562,
146.69999999999999,21.25433349609375,,14.676055908203125,
146.80000000000001,20.485279083251953,,14.113960266113281,
146.90000000000001,20.112251281738281,,13.577407836914062,
147,19.920623779296875,,13.181381225585938,
147.09999999999999,19.532264709472656,,13.367897033691406,
147.19999999999999,19.892520904541016,,14.647956848144531,
147.30000000000001,20.584926605224609,,16.4517822265625,
147.40000000000001,20.301319122314453,,17.844257354736328,
147.5,20.171016693115234,,19.464130401611328,
147.59999999999999,20.362640380859375,,21.285842895507812,
147.69999999999999,20.860866546630859,,22.289958953857422,
147.80000000000001,22.733680725097656,,22.366607666015625,
147.90000000000001,24.146595001220703,,21.648654937744141,
148,24.629489898681641,,21.122322082519531,
148.09999999999999,24.793010711669922,,20.552558898925781,
148.19999999999999,23.801670074462891,,19.149864196777344,
148.30000000000001,22.531833648681641,,17.767608642578125,
148.40000000000001,21.765335083007812,,16.957675933837891,
148.5,21.594150543212891,,16.482444763183594,
148.59999999999999,21.471511840820312,,15.718498229980469,
148.69999999999999,21.098480224609375,,14.785926818847656,
148.80000000000001,21.016719818115234,,14.223823547363281,
148.90000000000001,21.295215606689453,,14.009201049804688,
149,21.545604705810547,,13.779251098632812,
149.09999999999999,21.292659759521484,,13.375564575195312,
149.19999999999999,20.799545288085938,,13.429222106933594,
149.30000000000001,20.444400787353516,,14.435890197753906,
149.40000000000001,20.316650390625,,15.585639953613281,
149.5,20.909408569335938,,16.582088470458984,
149.59999999999999,22.130699157714844,,17.857032775878906,
149.69999999999999,23.495071411132812,,19.108982086181641,
149.80000000000001,24.741909027099609,,19.770729064941406,
149.90000000000001,26.004081726074219,,19.967464447021484,
150,27.179378509521484,10.006670951843262,20.133537292480469,24.793388366699219
150.09999999999999,28.436439514160156,,20.424808502197266,
150.19999999999999,30.194278717041016,,20.902595520019531,
150.30000000000001,32.041545867919922,,21.306282043457031,
150.40000000000001,33.571990966796875,,21.546455383300781,
150.5,34.744735717773438,,21.799400329589844,
150.59999999999999,35.633872985839844,,21.945034027099609,
150.69999999999999,34.944023132324219,,21.807064056396484,
150.80000000000001,31.944454193115234,,21.211750030517578,
150.90000000000001,28.873344421386719,,20.376262664794922,
151,27.204929351806641,,19.505008697509766,
151.09999999999999,25.756244659423828,,18.155967712402344,
151.19999999999999,24.458305358886719,,16.546318054199219,
151.30000000000001,23.931976318359375,,15.250930786132812,
151.40000000000001,23.620265960693359,,13.96832275390625,
151.5,22.881870269775391,,12.693382263183594,
151.59999999999999,21.752559661865234,,12.01885986328125,
151.69999999999999,20.835315704345703,,11.94476318359375,
151.80000000000001,20.22467041015625,,11.970314025878906,
151.90000000000001,19.810760498046875,,11.822120666503906,
152,19.501605987548828,,11.574287414550781,
152.09999999999999,19.30487060546875,,11.3009033203125,
152.19999999999999,19.011043548583984,,11.096504211425781,
152.30000000000001,18.658454895019531,,10.984085083007812,
152.40000000000001,18.801536560058594,,10.986640930175781,
152.5,19.373855590820312,,11.078620910644531,
152.59999999999999,20.091808319091797,,11.293235778808594,
152.69999999999999,21.019275665283203,,11.615165710449219,
152.80000000000001,22.186908721923828,,11.868110656738281,
152.90000000000001,23.51806640625,,12.264137268066406,
153,24.649929046630859,,12.930992126464844,
153.09999999999999,25.738361358642578,,13.694938659667969,
153.19999999999999,26.967315673828125,,14.469100952148438,
153.30000000000001,27.8590087890625,,15.253486633300781,
153.40000000000001,28.817134857177734,,16.002105712890625,
153.5,30.015430450439453,,16.663848876953125,
153.59999999999999,30.978664398193359,,17.305152893066406,
153.69999999999999,31.70428466796875,,17.882583618164062,
153.80000000000001,32.447788238525391,,18.406360626220703,
153.90000000000001,32.935794830322266,,18.822822570800781,
154,32.23828125,,18.871368408203125,
154.09999999999999,30.444667816162109,,18.562213897705078,
154.19999999999999,28.068519592285156,,18.132972717285156,
154.30000000000001,25.894214630126953,,17.519775390625,
154.40000000000001,24.25390625,,16.722614288330078,
154.5,22.917640686035156,,15.89990234375,
154.59999999999999,22.194576263427734,,15.171730041503906,
154.69999999999999,21.836875915527344,,14.70416259765625,
154.80000000000001,21.520053863525391,,14.308135986328125,
154.90000000000001,21.241561889648438,,13.853347778320312,
155,21.167465209960938,,13.324462890625,
155.09999999999999,21.067821502685547,,12.75469970703125,
155.19999999999999,20.705009460449219,,12.223258972167969,
155.30000000000001,20.441844940185547,,11.842567443847656,
155.40000000000001,20.280879974365234,,11.633056640625,
155.5,20.081588745117188,,11.474647521972656,
155.59999999999999,20.319206237792969,,11.127166748046875,
155.69999999999999,20.963066101074219,,10.869110107421875,
155.80000000000001,20.528713226318359,,10.598281860351562,
155.90000000000001,19.292095184326172,,10.020851135253906,
156,19.103023529052734,,9.7423553466796875,
156.09999999999999,20.148021697998047,,10.025962829589844,
156.19999999999999,21.461288452148438,,10.616165161132812,
156.30000000000001,22.4500732421875,,11.116943359375,
156.40000000000001,23.275341033935547,,11.397994995117188,
156.5,23.995849609375,,11.612617492675781,
156.59999999999999,24.8057861328125,,11.995864868164062,
156.69999999999999,26.042404174804688,,12.522193908691406,
156.80000000000001,27.335235595703125,,12.989761352539062,
156.90000000000001,28.295913696289062,,13.510978698730469,
157,28.883563995361328,,14.292808532714844,
157.09999999999999,29.034309387207031,,15.107856750488281,
157.19999999999999,28.735374450683594,,15.613742828369141,
157.30000000000001,27.383781433105469,,15.871799468994141,
157.40000000000001,25.153263092041016,,15.797702789306641,
157.5,23.3341064453125,,15.158950805664062,
157.59999999999999,22.289108276367188,,14.400115966796875,
157.69999999999999,21.69635009765625,,14.055191040039062,
157.80000000000001,21.323318481445312,,13.730712890625,
157.90000000000001,20.848091125488281,,13.148170471191406,
158,20.204231262207031,,12.517082214355469,
158.09999999999999,19.739219665527344,,12.057182312011719,
158.19999999999999,19.478610992431641,,11.791465759277344,
158.30000000000001,19.187339782714844,,11.551292419433594,
158.40000000000001,18.865409851074219,,11.31878662109375,
158.5,18.673786163330078,,11.104171752929688,
158.59999999999999,18.699337005615234,,11.030075073242188,
158.69999999999999,18.954833984375,,11.234474182128906,
158.80000000000001,19.718780517578125,,11.727592468261719,
158.90000000000001,20.937515258789062,,12.302467346191406,
159,22.243118286132812,,12.780250549316406,
159.09999999999999,23.510398864746094,,13.212043762207031,
159.19999999999999,24.770015716552734,,13.613182067871094,
159.30000000000001,25.861000061035156,,13.963211059570312,
159.40000000000001,26.706703186035156,,14.292808532714844,
159.5,27.687824249267578,,14.716941833496094,
159.59999999999999,28.812023162841797,,15.133407592773438,
159.69999999999999,29.795700073242188,,15.465553283691406,
159.80000000000001,30.485549926757812,,15.805370330810547,
159.90000000000001,30.618408203125,,16.053203582763672,
160,29.637290954589844,19.396553039550781,16.037872314453125,24.793388366699219
160.09999999999999,27.634170532226562,,15.823253631591797,
160.19999999999999,25.500743865966797,,15.738937377929688,
160.30000000000001,23.801670074462891,,15.800258636474609,
160.40000000000001,22.664695739746094,,15.69805908203125,
160.5,21.964626312255859,,15.261154174804688,
160.59999999999999,21.461288452148438,,14.642845153808594,
160.69999999999999,20.988616943359375,,13.988761901855469,
160.80000000000001,20.395854949951172,,13.365341186523438,
160.90000000000001,19.869525909423828,,12.890113830566406,
161,19.596141815185547,,12.537521362304688,
161.09999999999999,19.315090179443359,,12.223258972167969,
161.19999999999999,18.993160247802734,,11.9268798828125,
161.30000000000001,18.735103607177734,,11.666267395019531,
161.40000000000001,18.602245330810547,,11.443984985351562,
161.5,18.448944091796875,,11.349449157714844,
161.59999999999999,18.505153656005859,,11.518081665039062,
161.69999999999999,19.299758911132812,,11.970314025878906,
161.80000000000001,20.418849945068359,,12.550300598144531,
161.90000000000001,21.481731414794922,,13.112396240234375,
162,22.572715759277344,,13.605514526367188,
162.09999999999999,23.730129241943359,,13.973434448242188,
162.19999999999999,24.724025726318359,,14.259597778320312,
162.30000000000001,25.452198028564453,,14.586631774902344,
162.40000000000001,26.280021667480469,,15.038871765136719,
162.5,27.261138916015625,,15.468109130859375,
162.59999999999999,28.178382873535156,,15.805370330810547,
162.69999999999999,28.822246551513672,,16.106857299804688,
162.80000000000001,28.697048187255859,,16.229499816894531,
162.90000000000001,27.672492980957031,,16.040428161621094,
163,25.906990051269531,,15.695503234863281,
163.09999999999999,24.008625030517578,,15.427230834960938,
163.19999999999999,22.672359466552734,,15.169174194335938,
163.30000000000001,21.739784240722656,,14.793586730957031,
163.40000000000001,21.072929382324219,,14.277481079101562,
163.5,20.582370758056641,,13.705162048339844,
163.59999999999999,20.188899993896484,,13.145614624023438,
163.69999999999999,19.657459259033203,,12.621841430664062,
163.80000000000001,18.990604400634766,,12.1849365234375,
163.90000000000001,18.589469909667969,,11.878334045410156,
164,18.382514953613281,,11.691818237304688,
164.09999999999999,18.167896270751953,,11.523185729980469,
164.19999999999999,17.986488342285156,,11.385215759277344,
164.30000000000001,17.922615051269531,,11.321342468261719,
164.40000000000001,18.144901275634766,,11.377555847167969,
164.5,18.56903076171875,,11.592170715332031,
164.59999999999999,19.261436462402344,,12.031631469726562,
164.69999999999999,20.390743255615234,,12.64483642578125,
164.80000000000001,21.509834289550781,,13.222267150878906,
164.90000000000001,22.536945343017578,,13.664276123046875,
165,23.571720123291016,,14.047531127929688,
165.09999999999999,24.611606597900391,,14.463996887207031,
165.19999999999999,25.454753875732422,,14.936668395996094,
165.30000000000001,26.070510864257812,,15.562644958496094,
165.40000000000001,26.857448577880859,,16.157958984375,
165.5,27.4910888671875,,16.408348083496094,
165.59999999999999,27.340343475341797,,16.318923950195312,
165.69999999999999,26.285129547119141,,16.022544860839844,
165.80000000000001,24.856884002685547,,15.634185791015625,
165.90000000000001,23.408199310302734,,15.215164184570312,
166,22.048938751220703,,14.701606750488281,
166.09999999999999,21.121475219726562,,14.157394409179688,
166.19999999999999,20.59259033203125,,13.682167053222656,
166.30000000000001,20.145465850830078,,13.199272155761719,
166.40000000000001,19.713668823242188,,12.713821411132812,
166.5,19.335529327392578,,12.2947998046875,
166.59999999999999,18.972721099853516,,11.893661499023438,
166.69999999999999,18.47705078125,,11.556404113769531,
166.80000000000001,18.047809600830078,,11.359672546386719,
166.90000000000001,17.983936309814453,,11.331565856933594,
167,18.241989135742188,,11.479751586914062,
167.09999999999999,18.850078582763672,,11.753135681152344,
167.19999999999999,19.739219665527344,,12.164497375488281,
167.30000000000001,20.750999450683594,,12.6627197265625,
167.40000000000001,21.578819274902344,,13.132843017578125,
167.5,22.289108276367188,,13.597846984863281,
167.59999999999999,23.298336029052734,,14.073081970214844,
167.69999999999999,24.327999114990234,,14.474212646484375,
167.80000000000001,25.214584350585938,,14.793586730957031,
167.90000000000001,25.935096740722656,,15.133407592773438,
168,26.349006652832031,,15.473220825195312,
168.09999999999999,26.029628753662109,,15.649513244628906,
168.19999999999999,24.938644409179688,,15.585639953613281,
168.30000000000001,23.773563385009766,,15.447669982910156,
168.40000000000001,22.715793609619141,,15.279037475585938,
168.5,21.844539642333984,,14.934112548828125,
168.59999999999999,21.213455200195312,,14.387344360351562,
168.69999999999999,20.705009460449219,,13.74859619140625,
168.80000000000001,20.155685424804688,,13.097068786621094,
168.90000000000001,19.478610992431641,,12.532417297363281,
169,18.93695068359375,,12.167045593261719,
169.09999999999999,18.630352020263672,,11.919212341308594,
169.19999999999999,18.38507080078125,,11.689262390136719,
169.30000000000001,18.190891265869141,,11.492530822753906,
169.40000000000001,18.070804595947266,,11.341781616210938,
169.5,18.047809600830078,,11.231918334960938,
169.59999999999999,18.063140869140625,,11.247245788574219,
169.69999999999999,18.431060791015625,,11.474647521972656,
169.80000000000001,19.476055145263672,,11.891105651855469,
169.90000000000001,20.725448608398438,,12.366340637207031,
170,21.918636322021484,20.20958137512207,12.79046630859375,0
170.09999999999999,23.030059814453125,,13.19671630859375,
170.19999999999999,24.098049163818359,,13.567192077636719,
170.30000000000001,24.984634399414062,,13.8763427734375,
170.40000000000001,25.687259674072266,,14.157394409179688,
170.5,26.463981628417969,,14.494651794433594,
170.59999999999999,26.860004425048828,,14.773147583007812,
170.69999999999999,26.338783264160156,,14.796142578125,
170.80000000000001,25.030624389648438,,14.599411010742188,
170.90000000000001,23.615154266357422,,14.254486083984375,
171,22.398975372314453,,13.786918640136719,
171.09999999999999,21.231338500976562,,13.260589599609375,
171.19999999999999,20.303874969482422,,12.775138854980469,
171.30000000000001,19.790321350097656,,12.366340637207031,
171.40000000000001,19.417289733886719,,12.003532409667969,
171.5,19.072364807128906,,11.676490783691406,
171.59999999999999,18.793869018554688,,11.4107666015625,
171.69999999999999,18.625240325927734,,11.178260803222656,
171.80000000000001,18.397846221923828,,10.996856689453125,
171.90000000000001,18.277759552001953,,10.963645935058594,
172,18.811756134033203,,11.185928344726562,
172.09999999999999,19.7647705078125,,11.615165710449219,
172.19999999999999,20.786769866943359,,12.080177307128906,
172.30000000000001,21.857315063476562,,12.517082214355469,
172.40000000000001,22.938079833984375,,12.913108825683594,
172.5,23.837440490722656,,13.245262145996094,
172.59999999999999,24.471080780029297,,13.551856994628906,
172.69999999999999,24.98974609375,,13.830352783203125,
172.80000000000001,24.971858978271484,,13.924888610839844,
172.90000000000001,24.343330383300781,,13.868682861328125,
173,23.661144256591797,,13.89422607421875,
173.09999999999999,23.589603424072266,,14.515090942382812,
173.19999999999999,24.348438262939453,,15.611190795898438,
173.30000000000001,24.537509918212891,,16.030208587646484,
173.40000000000001,23.990741729736328,,15.884574890136719,
173.5,23.90386962890625,,16.063423156738281,
173.59999999999999,23.699470520019531,,16.048095703125,
173.69999999999999,23.040279388427734,,15.508987426757812,
173.80000000000001,22.843544006347656,,15.284149169921875,
173.90000000000001,23.198688507080078,,15.595859527587891,
174,23.116928100585938,,15.884574890136719,
174.09999999999999,22.846099853515625,,16.055759429931641,
174.19999999999999,22.907421112060547,,16.234607696533203,
174.30000000000001,22.922748565673828,,16.257602691650391,
174.40000000000001,23.001953125,,16.272933959960938,
174.5,22.603374481201172,,16.326587677001953,
174.59999999999999,21.343761444091797,,15.843692779541016,
174.69999999999999,20.027935028076172,,15.245826721191406,
174.80000000000001,19.146461486816406,,15.043975830078125,
174.90000000000001,18.773429870605469,,15.005653381347656,
175,18.443836212158203,,14.693946838378906,
175.09999999999999,18.244544982910156,,14.080741882324219,
175.19999999999999,18.952281951904297,,13.792030334472656,
175.30000000000001,20.324314117431641,,13.993873596191406,
175.40000000000001,21.555824279785156,,14.599411010742188,
175.5,22.06427001953125,,15.928009033203125,
175.59999999999999,21.348869323730469,,17.522327423095703,
175.69999999999999,19.299758911132812,,18.143192291259766,
175.80000000000001,17.521480560302734,,18.414024353027344,
175.90000000000001,16.783088684082031,,19.004230499267578,
176,16.640007019042969,,19.464130401611328,
176.09999999999999,16.892951965332031,,19.737514495849609,
176.19999999999999,17.107566833496094,,19.92913818359375,
176.30000000000001,16.923606872558594,,19.545890808105469,
176.40000000000001,16.951713562011719,,18.503448486328125,
176.5,18.234325408935547,,18.345039367675781,
176.59999999999999,19.271656036376953,,19.229068756103516,
176.69999999999999,18.931838989257812,,19.737514495849609,
176.80000000000001,18.055473327636719,,20.026229858398438,
176.90000000000001,17.13311767578125,,20.958805084228516,
177,16.404945373535156,,21.817283630371094,
177.09999999999999,16.25164794921875,,21.344608306884766,
177.19999999999999,17.368179321289062,,19.510120391845703,
177.30000000000001,20.973285675048828,,17.762500762939453,
177.40000000000001,24.34588623046875,,17.946460723876953,
177.5,24.210468292236328,,20.833610534667969,
177.59999999999999,22.102596282958984,,24.735092163085938,
177.69999999999999,20.388191223144531,,27.681007385253906,
177.80000000000001,19.486274719238281,,28.35552978515625,
177.90000000000001,19.003379821777344,,27.583919525146484,
178,18.740215301513672,,27.698894500732422,
178.09999999999999,18.533260345458984,,28.378524780273438,
178.19999999999999,19.080028533935547,,28.508827209472656,
178.30000000000001,20.002384185791016,,27.798538208007812,
178.40000000000001,20.030490875244141,,25.721324920654297,
178.5,19.729000091552734,,23.087120056152344,
178.59999999999999,19.292095184326172,,20.659870147705078,
178.69999999999999,18.474494934082031,,18.350147247314453,
178.80000000000001,18.336524963378906,,16.988334655761719,
178.90000000000001,18.448944091796875,,16.147739410400391,
179,18.188335418701172,,15.422119140625,
179.09999999999999,18.075916290283203,,15.087417602539062,
179.19999999999999,18.259876251220703,,15.033760070800781,
179.30000000000001,18.382514953613281,,15.345466613769531,
179.40000000000001,18.4029541015625,,15.979110717773438,
179.5,18.645679473876953,,16.638298034667969,
179.59999999999999,18.855190277099609,,17.923465728759766,
179.69999999999999,17.641563415527344,,20.041557312011719,
179.80000000000001,16.026802062988281,,22.080448150634766,
179.90000000000001,16.200546264648438,,23.925159454345703,
180,17.0411376953125,21.021020889282227,25.685554504394531,4.0844111442565918
180.09999999999999,17.444831848144531,,27.376964569091797,
180.19999999999999,17.217433929443359,,28.611026763916016,
180.30000000000001,16.502037048339844,,29.231895446777344,
180.40000000000001,15.73553466796875,,29.262554168701172,
180.5,15.221977233886719,,28.797542572021484,
180.59999999999999,15.078903198242188,,28.669792175292969,
180.69999999999999,14.854057312011719,,28.575260162353516,
180.80000000000001,14.458038330078125,,27.167453765869141,
180.90000000000001,13.857612609863281,,24.724872589111328,
181,13.372161865234375,,23.092227935791016,
181.09999999999999,13.844833374023438,,22.476474761962891,
181.19999999999999,15.288414001464844,,22.034458160400391,
181.30000000000001,16.509696960449219,,21.426368713378906,
181.40000000000001,17.018142700195312,,20.547447204589844,
181.5,17.498485565185547,,19.436023712158203,
181.59999999999999,18.027370452880859,,18.345039367675781,
181.69999999999999,18.655899047851562,,17.79571533203125,
181.80000000000001,19.562923431396484,,17.777828216552734,
181.90000000000001,20.814876556396484,,17.972007751464844,
182,21.967178344726562,,17.943904876708984,
182.09999999999999,22.345321655273438,,17.085422515869141,
182.19999999999999,22.243118286132812,,15.905014038085938,
182.30000000000001,22.059158325195312,,14.987770080566406,
182.40000000000001,21.208343505859375,,13.866127014160156,
182.5,20.316650390625,,13.020416259765625,
182.59999999999999,19.8746337890625,,13.020416259765625,
182.69999999999999,19.596141815185547,,12.964210510253906,
182.80000000000001,20.025379180908203,,12.665275573730469,
182.90000000000001,19.703449249267578,,12.310127258300781,
183,18.405509948730469,,11.806793212890625,
183.09999999999999,17.424388885498047,,11.369888305664062,
183.19999999999999,16.961936950683594,,11.145050048828125,
183.30000000000001,16.951713562011719,,11.047958374023438,
183.40000000000001,16.678329467773438,,10.802680969238281,
183.5,16.077903747558594,,10.4552001953125,
183.59999999999999,15.686988830566406,,10.238021850585938,
183.69999999999999,15.84539794921875,,10.286567687988281,
183.80000000000001,16.415168762207031,,10.651931762695312,
183.90000000000001,16.923606872558594,,11.295791625976562,
184,17.357959747314453,,12.080177307128906,
184.09999999999999,17.973716735839844,,12.953987121582031,
184.19999999999999,19.049369812011719,,13.942771911621094,
184.30000000000001,20.219558715820312,,15.010765075683594,
184.40000000000001,20.881305694580078,,16.012325286865234,
184.5,21.003944396972656,,16.400684356689453,
184.59999999999999,22.291664123535156,,16.697063446044922,
184.69999999999999,25.464973449707031,,17.593868255615234,
184.80000000000001,28.722599029541016,,18.9173583984375,
184.90000000000001,31.027210235595703,,20.363487243652344,
185,32.603645324707031,,21.434032440185547,
185.09999999999999,34.611873626708984,,22.356388092041016,
185.19999999999999,37.606334686279297,,23.605785369873047,
185.30000000000001,40.368289947509766,,25.200103759765625,
185.40000000000001,41.916618347167969,,27.272209167480469,
185.5,42.169563293457031,,29.704566955566406,
185.59999999999999,41.541034698486328,,31.774120330810547,
185.69999999999999,41.040252685546875,,32.775676727294922,
185.80000000000001,40.738765716552734,,31.993846893310547,
185.90000000000001,38.868503570556641,,28.720893859863281,
186,36.086109161376953,,24.410610198974609,
186.09999999999999,33.354816436767578,,20.710968017578125,
186.19999999999999,30.028205871582031,,17.874919891357422,
186.30000000000001,27.353118896484375,,16.055759429931641,
186.40000000000001,25.917209625244141,,14.691390991210938,
186.5,24.483856201171875,,13.393447875976562,
186.59999999999999,22.876758575439453,,12.409774780273438,
186.69999999999999,21.729564666748047,,11.750587463378906,
186.80000000000001,20.842979431152344,,11.272796630859375,
186.90000000000001,20.227226257324219,,10.879325866699219,
187,19.869525909423828,,10.419425964355469,
187.09999999999999,19.718780517578125,,9.8905410766601562,
187.19999999999999,19.570590972900391,,9.6248245239257812,
187.30000000000001,19.105579376220703,,9.8190078735351562,
187.40000000000001,18.650791168212891,,10.008071899414062,
187.5,18.489826202392578,,10.3070068359375,
187.59999999999999,18.137233734130859,,10.554847717285156,
187.69999999999999,17.753986358642578,,10.330001831054688,
187.80000000000001,17.687553405761719,,10.133270263671875,
187.90000000000001,17.707996368408203,,10.133270263671875,
188,17.723323822021484,,10.166481018066406,
188.09999999999999,17.447383880615234,,10.112831115722656,
188.19999999999999,16.6732177734375,,9.7883453369140625,
188.30000000000001,16.011474609375,,9.4919662475585938,
188.40000000000001,15.832626342773438,,9.5200729370117188,
188.5,15.796852111816406,,9.6580429077148438,
188.59999999999999,16.226097106933594,,9.9033203125,
188.69999999999999,17.467826843261719,,10.261016845703125,
188.80000000000001,19.039150238037109,,10.726028442382812,
188.90000000000001,20.554264068603516,,11.183372497558594,
189,22.0821533203125,,11.477195739746094,
189.09999999999999,23.433750152587891,,11.689262390136719,
189.19999999999999,24.660148620605469,,11.980537414550781,
189.30000000000001,25.671928405761719,,12.335678100585938,
189.40000000000001,25.5416259765625,,12.481315612792969,
189.5,24.1798095703125,,12.289688110351562,
189.59999999999999,22.733680725097656,,11.847671508789062,
189.69999999999999,21.760223388671875,,11.313682556152344,
189.80000000000001,21.011611938476562,,10.863998413085938,
189.90000000000001,20.316650390625,,10.508857727050781,
190,19.688121795654297,4.7169814109802246,10.212471008300781,20.689655303955078
190.09999999999999,19.197559356689453,,9.92120361328125,
190.19999999999999,18.903736114501953,,9.6886978149414062,
190.30000000000001,18.804088592529297,,9.5660629272460938,
190.40000000000001,18.530704498291016,,9.3923187255859375,
190.5,18.132125854492188,,9.3539962768554688,
190.59999999999999,18.367183685302734,,9.839447021484375,
190.69999999999999,19.343196868896484,,10.649375915527344,
190.80000000000001,20.574703216552734,,11.323898315429688,
190.90000000000001,21.854759216308594,,11.714813232421875,
191,23.155254364013672,,11.906440734863281,
191.09999999999999,24.330554962158203,,12.103172302246094,
191.19999999999999,25.467529296875,,12.519638061523438,
191.30000000000001,26.512523651123047,,12.984649658203125,
191.40000000000001,27.220260620117188,,13.347457885742188,
191.5,27.202373504638672,,13.52630615234375,
191.59999999999999,26.218700408935547,,13.293807983398438,
191.69999999999999,24.614158630371094,,12.816017150878906,
191.80000000000001,22.879314422607422,,12.325462341308594,
191.90000000000001,21.609481811523438,,11.824676513671875,
192,20.761219024658203,,11.242141723632812,
192.09999999999999,20.255329132080078,,10.863998413085938,
192.19999999999999,19.509269714355469,,10.8231201171875,
192.30000000000001,18.208774566650391,,10.554847717285156,
192.40000000000001,16.634895324707031,,10.089836120605469,
192.5,14.96392822265625,,9.8215560913085938,
192.59999999999999,13.484580993652344,,9.1751480102539062,
192.69999999999999,12.697639465332031,,8.3038864135742188,
192.80000000000001,12.86627197265625,,7.9487457275390625,
192.90000000000001,13.4718017578125,,7.8439865112304688,
193,14.28173828125,,7.7469024658203125,
193.09999999999999,15.107002258300781,,7.6242599487304688,
193.19999999999999,15.868392944335938,,7.4173049926757812,
193.30000000000001,16.663002014160156,,7.0621566772460938,
193.40000000000001,17.631343841552734,,6.6405868530273438,
193.5,18.717220306396484,,6.3595352172851562,
193.59999999999999,19.493938446044922,,6.252227783203125,
193.69999999999999,19.861858367919922,,6.4872817993164062,
193.80000000000001,19.256324768066406,,7.0774917602539062,
193.90000000000001,17.894508361816406,,7.7213516235351562,
194,16.918502807617188,,8.2604522705078125,
194.09999999999999,16.274642944335938,,8.5619430541992188,
194.19999999999999,15.666549682617188,,8.5926055908203125,
194.30000000000001,15.107002258300781,,8.5338363647460938,
194.40000000000001,14.869392395019531,,8.5159530639648438,
194.5,14.787628173828125,,8.6028213500976562,
194.59999999999999,14.626663208007812,,8.9579696655273438,
194.69999999999999,14.854057312011719,,9.433197021484375,
194.80000000000001,15.29351806640625,,9.5047378540039062,
194.90000000000001,15.732978820800781,,9.1189346313476562,
195,16.933830261230469,,8.9911880493164062,
195.09999999999999,18.635459899902344,,9.3642120361328125,
195.19999999999999,20.237445831298828,,9.985076904296875,
195.30000000000001,21.8624267578125,,10.682594299316406,
195.40000000000001,23.191024780273438,,11.387771606445312,
195.5,23.663700103759766,,11.714813232421875,
195.59999999999999,23.707134246826172,,11.597282409667969,
195.69999999999999,23.505290985107422,,11.656051635742188,
195.80000000000001,22.940635681152344,,11.709701538085938,
195.90000000000001,22.411750793457031,,11.643272399902344,
196,21.765335083007812,,11.633056640625,
196.09999999999999,21.116363525390625,,11.5947265625,
196.19999999999999,20.633468627929688,,11.505302429199219,
196.30000000000001,20.155685424804688,,11.323898315429688,
196.40000000000001,19.746883392333984,,11.147605895996094,
196.5,19.440284729003906,,10.991752624511719,
196.59999999999999,18.908843994140625,,10.777130126953125,
196.69999999999999,18.379959106445312,,10.516517639160156,
196.80000000000001,18.277759552001953,,10.396430969238281,
196.90000000000001,18.226661682128906,,10.299346923828125,
197,18.032478332519531,,10.133270263671875,
197.09999999999999,17.897064208984375,,10.008071899414062,
197.19999999999999,17.874069213867188,,9.8905410766601562,
197.30000000000001,18.055473327636719,,9.8522186279296875,
197.40000000000001,18.648235321044922,,10.066841125488281,
197.5,19.335529327392578,,10.503746032714844,
197.59999999999999,19.534820556640625,,10.73114013671875,
197.69999999999999,19.389186859130859,,10.677482604980469,
197.80000000000001,19.302314758300781,,10.618721008300781,
197.90000000000001,19.021266937255859,,10.521629333496094,
198,18.548591613769531,,10.358108520507812,
198.09999999999999,18.459163665771484,,10.212471008300781,
198.19999999999999,18.724884033203125,,10.250801086425781,
198.30000000000001,19.054481506347656,,10.580390930175781,
198.40000000000001,19.358524322509766,,11.068397521972656,
198.5,19.823535919189453,,11.512969970703125,
198.59999999999999,20.33453369140625,,11.765914916992188,
198.69999999999999,20.615585327148438,,11.916656494140625,
198.80000000000001,20.699901580810547,,12.087844848632812,
198.90000000000001,20.625804901123047,,12.200263977050781,
199,20.270660400390625,,12.003532409667969,
199.09999999999999,19.813316345214844,,11.571731567382812,
199.19999999999999,19.486274719238281,,11.157821655273438,
199.30000000000001,19.166900634765625,,10.644271850585938,
199.40000000000001,19.419845581054688,,10.140937805175781,
199.5,20.119915008544922,,10.375991821289062,
199.59999999999999,19.555259704589844,,10.47308349609375,
199.69999999999999,17.227653503417969,,10.074501037597656,
199.80000000000001,15.799407958984375,,10.720916748046875,
199.90000000000001,16.491813659667969,,13.373008728027344,
200,18.413173675537109,0,16.995998382568359,15.915120124816895
200.09999999999999,18.944614410400391,,17.696067810058594,
200.19999999999999,18.382514953613281,,16.766048431396484,
200.30000000000001,17.799976348876953,,17.034324645996094,
200.40000000000001,16.47137451171875,,16.760940551757812,
200.5,16.918502807617188,,16.551429748535156,
200.59999999999999,19.12091064453125,,17.667964935302734,
200.69999999999999,21.688686370849609,,19.392589569091797,
200.80000000000001,22.038719177246094,,19.328712463378906,
200.90000000000001,20.347309112548828,,18.495784759521484,
201,17.230209350585938,,18.227508544921875,
201.09999999999999,13.816726684570312,,18.674633026123047,
201.19999999999999,12.710418701171875,,18.332263946533203,
201.30000000000001,13.681312561035156,,16.24993896484375,
201.40000000000001,14.698204040527344,,15.079750061035156,
201.5,14.532127380371094,,14.517646789550781,
201.59999999999999,15.891387939453125,,14.729713439941406,
201.69999999999999,17.700328826904297,,15.629074096679688,
201.80000000000001,17.766761779785156,,16.382797241210938,
201.90000000000001,16.742202758789062,,16.541210174560547,
202,15.365058898925781,,15.894794464111328,
202.09999999999999,14.130996704101562,,15.153846740722656,
202.19999999999999,13.183090209960938,,14.857467651367188,
202.30000000000001,13.091110229492188,,15.003097534179688,
202.40000000000001,13.443702697753906,,15.015876770019531,
202.5,13.640434265136719,,14.144622802734375,
202.59999999999999,14.1361083984375,,13.201828002929688,
202.69999999999999,14.054344177246094,,12.611618041992188,
202.80000000000001,13.990470886230469,,12.545188903808594,
202.90000000000001,14.261299133300781,,13.367897033691406,
203,13.080886840820312,,14.016868591308594,
203.09999999999999,11.215744018554688,,14.106292724609375,
203.19999999999999,10.18096923828125,,14.039863586425781,
203.30000000000001,10.063438415527344,,13.981101989746094,
203.40000000000001,10.431358337402344,,14.177833557128906,
203.5,10.937248229980469,,14.793586730957031,
203.59999999999999,12.071662902832031,,16.582088470458984,
203.69999999999999,12.953140258789062,,19.223957061767578,
203.80000000000001,10.973014831542969,,21.211750030517578,
203.90000000000001,6.2079391479492188,,22.938930511474609,
204,3.106170654296875,,26.480159759521484,
204.09999999999999,4.450103759765625,,27.749992370605469,
204.19999999999999,8.9060211181640625,,27.205780029296875,
204.30000000000001,10.444129943847656,,25.486263275146484,
204.40000000000001,9.0925369262695312,,21.623104095458984,
204.5,9.2764968872070312,,19.987903594970703,
204.59999999999999,9.6393051147460938,,18.738510131835938,
204.69999999999999,9.9944534301757812,,18.541774749755859,
204.80000000000001,11.0445556640625,,21.640987396240234,
204.90000000000001,12.562225341796875,,24.706989288330078,
205,14.243415832519531,,26.038143157958984,
205.09999999999999,13.52801513671875,,25.637008666992188,
205.19999999999999,9.4119110107421875,,23.112667083740234,
205.30000000000001,6.619293212890625,,20.961357116699219,
205.40000000000001,7.6183013916015625,,21.086555480957031,
205.5,10.814605712890625,,22.466255187988281,
205.59999999999999,11.823829650878906,,20.871932983398438,
205.69999999999999,10.893814086914062,,18.339927673339844,
205.80000000000001,10.62042236328125,,18.863704681396484,
205.90000000000001,9.7159576416015625,,19.190742492675781,
206,9.1615219116210938,,18.194293975830078,
206.09999999999999,9.710845947265625,,17.126304626464844,
206.19999999999999,10.727737426757812,,16.548873901367188,
206.30000000000001,11.94647216796875,,16.14007568359375,
206.40000000000001,13.778404235839844,,15.378684997558594,
206.5,16.095787048339844,,14.954551696777344,
206.59999999999999,17.340076446533203,,14.709274291992188,
206.69999999999999,17.838298797607422,,14.545753479003906,
206.80000000000001,18.615020751953125,,14.571304321289062,
206.90000000000001,19.302314758300781,,14.696502685546875,
207,19.726444244384766,,14.750152587890625,
207.09999999999999,19.552703857421875,,13.993873596191406,
207.19999999999999,18.977828979492188,,13.242706298828125,
207.30000000000001,18.643123626708984,,13.022972106933594,
207.40000000000001,18.321193695068359,,12.586067199707031,
207.5,18.096355438232422,,12.379112243652344,
207.59999999999999,17.999263763427734,,12.251365661621094,
207.69999999999999,17.994155883789062,,11.745475769042969,
207.80000000000001,18.144901275634766,,11.31878662109375,
207.90000000000001,18.045253753662109,,11.142494201660156,
208,17.858741760253906,,10.95086669921875,
208.09999999999999,17.564914703369141,,10.662155151367188,
208.19999999999999,17.202106475830078,,10.833335876464844,
208.30000000000001,17.462715148925781,,11.681602478027344,
208.40000000000001,18.272651672363281,,12.787910461425781,
208.5,19.212890625,,13.827796936035156,
208.59999999999999,20.291099548339844,,14.499763488769531,
208.69999999999999,21.417854309082031,,14.913673400878906,
208.80000000000001,22.483291625976562,,15.447669982910156,
208.90000000000001,23.834884643554688,,16.191173553466797,
209,25.403656005859375,,16.845252990722656,
209.09999999999999,26.632610321044922,,17.179958343505859,
209.19999999999999,26.923881530761719,,17.110973358154297,
209.30000000000001,25.689815521240234,,16.548873901367188,
209.40000000000001,23.530841827392578,,15.560089111328125,
209.5,21.785774230957031,,14.338798522949219,
209.59999999999999,20.876194000244141,,13.191604614257812,
209.69999999999999,20.291099548339844,,12.371452331542969,
209.80000000000001,19.795429229736328,,11.868110656738281,
209.90000000000001,19.437728881835938,,11.48486328125,
210,19.016155242919922,10.118043899536133,11.109275817871094,7.5885329246520996
210.09999999999999,18.38507080078125,,10.743911743164062,
210.19999999999999,17.815303802490234,,10.442420959472656,
210.30000000000001,17.521480560302734,,10.227806091308594,
210.40000000000001,17.304306030273438,,10.048957824707031,
210.5,17.112678527832031,,9.857330322265625,
210.59999999999999,17.179107666015625,,9.6989212036132812,
210.69999999999999,17.478046417236328,,9.765350341796875,
210.80000000000001,18.029926300048828,,10.291679382324219,
210.90000000000001,18.727439880371094,,11.489974975585938,
211,18.783649444580078,,13.536529541015625,
211.09999999999999,17.677333831787109,,14.382232666015625,
211.19999999999999,16.284858703613281,,13.937667846679688,
211.30000000000001,15.863288879394531,,14.080741882324219,
211.40000000000001,15.771308898925781,,13.981101989746094,
211.5,15.068679809570312,,13.2503662109375,
211.59999999999999,14.010910034179688,,12.261581420898438,
211.69999999999999,13.336387634277344,,11.423545837402344,
211.80000000000001,13.512687683105469,,11.157821655273438,
211.90000000000001,14.18975830078125,,11.206367492675781,
212,14.772300720214844,,11.267692565917969,
212.09999999999999,15.089118957519531,,11.267692565917969,
212.19999999999999,15.554130554199219,,11.270240783691406,
212.30000000000001,16.249092102050781,,11.622833251953125,
212.40000000000001,16.100898742675781,,11.942207336425781,
212.5,15.124893188476562,,11.868110656738281,
212.59999999999999,14.37371826171875,,11.827232360839844,
212.69999999999999,13.985359191894531,,11.962646484375,
212.80000000000001,13.704307556152344,,11.878334045410156,
212.90000000000001,13.556121826171875,,11.428657531738281,
213,13.673652648925781,,11.185928344726562,
213.09999999999999,13.732414245605469,,11.142494201660156,
213.19999999999999,13.622550964355469,,11.060737609863281,
213.30000000000001,13.369606018066406,,10.876777648925781,
213.40000000000001,13.203529357910156,,10.662155151367188,
213.5,13.584228515625,,10.726028442382812,
213.59999999999999,14.386497497558594,,11.142494201660156,
213.69999999999999,15.321624755859375,,11.786354064941406,
213.80000000000001,16.315521240234375,,12.425102233886719,
213.90000000000001,17.158668518066406,,12.951431274414062,
214,17.9251708984375,,13.350013732910156,
214.09999999999999,18.888404846191406,,13.441993713378906,
214.19999999999999,20.326869964599609,,13.2503662109375,
214.30000000000001,22.220123291015625,,13.189048767089844,
214.40000000000001,24.511959075927734,,13.436882019042969,
214.5,26.630054473876953,,14.106292724609375,
214.59999999999999,26.995418548583984,,14.81402587890625,
214.69999999999999,25.168594360351562,,14.918785095214844,
214.80000000000001,22.705574035644531,,14.397567749023438,
214.90000000000001,21.124031066894531,,13.648948669433594,
215,20.477615356445312,,12.976982116699219,
215.09999999999999,20.142910003662109,,12.269248962402344,
215.19999999999999,19.330421447753906,,11.515525817871094,
215.30000000000001,18.47705078125,,11.035186767578125,
215.40000000000001,18.052921295166016,,10.802680969238281,
215.5,17.644119262695312,,10.616165161132812,
215.59999999999999,17.317081451416016,,10.506301879882812,
215.69999999999999,17.258316040039062,,10.4552001953125,
215.80000000000001,17.608348846435547,,10.751579284667969,
215.90000000000001,18.487270355224609,,11.500190734863281,
216,19.309978485107422,,12.969322204589844,
216.09999999999999,19.859306335449219,,14.512542724609375,
216.19999999999999,20.171016693115234,,14.96221923828125,
216.30000000000001,19.838863372802734,,14.757820129394531,
216.40000000000001,19.284431457519531,,14.295364379882812,
216.5,18.507709503173828,,13.360237121582031,
216.59999999999999,17.513816833496094,,12.317794799804688,
216.69999999999999,16.691108703613281,,11.551292419433594,
216.80000000000001,16.075347900390625,,10.971305847167969,
216.90000000000001,15.725318908691406,,10.557395935058594,
217,15.62567138671875,,10.314674377441406,
217.09999999999999,15.786636352539062,,10.386215209960938,
217.19999999999999,16.440711975097656,,10.80523681640625,
217.30000000000001,17.567470550537109,,11.395439147949219,
217.40000000000001,18.714664459228516,,11.985641479492188,
217.5,19.808204650878906,,12.565628051757812,
217.59999999999999,21.075485229492188,,13.12261962890625,
217.69999999999999,22.312103271484375,,13.539085388183594,
217.80000000000001,23.415866851806641,,13.935111999511719,
217.90000000000001,24.678035736083984,,14.438446044921875,
218,25.327003479003906,,14.83447265625,
218.09999999999999,24.463413238525391,,14.83447265625,
218.19999999999999,23.53594970703125,,14.676055908203125,
218.30000000000001,23.221683502197266,,14.545753479003906,
218.40000000000001,22.825660705566406,,14.48443603515625,
218.5,23.727573394775391,,15.18194580078125,
218.59999999999999,26.236583709716797,,16.280597686767578,
218.69999999999999,26.819126129150391,,16.668960571289062,
218.80000000000001,25.217140197753906,,16.638298034667969,
218.90000000000001,24.961639404296875,,16.681732177734375,
219,25.051063537597656,,16.303592681884766,
219.09999999999999,24.616714477539062,,15.263710021972656,
219.19999999999999,25.648933410644531,,14.676055908203125,
219.30000000000001,27.869228363037109,,15.197280883789062,
219.40000000000001,29.156948089599609,,16.658737182617188,
219.5,30.061420440673828,,19.134532928466797,
219.59999999999999,32.123306274414062,,20.207633972167969,
219.69999999999999,33.423801422119141,,19.535667419433594,
219.80000000000001,32.894912719726562,,19.367038726806641,
219.90000000000001,31.658294677734375,,19.190742492675781,
220,29.777812957763672,8.4925689697265625,19.017002105712891,9.5440092086791992
220.09999999999999,26.801239013671875,,18.953128814697266,
220.19999999999999,23.538505554199219,,17.550434112548828,
220.30000000000001,21.062709808349609,,15.105300903320312,
220.40000000000001,19.368743896484375,,13.390892028808594,
220.5,18.221549987792969,,12.642280578613281,
220.59999999999999,17.782089233398438,,12.38677978515625,
220.69999999999999,17.868961334228516,,12.371452331542969,
220.80000000000001,18.109130859375,,12.264137268066406,
220.90000000000001,18.410621643066406,,11.952430725097656,
221,18.622684478759766,,11.960090637207031,
221.09999999999999,18.602245330810547,,12.440437316894531,
221.19999999999999,18.615020751953125,,13.020416259765625,
221.30000000000001,18.842414855957031,,13.551856994628906,
221.40000000000001,19.256324768066406,,13.861015319824219,
221.5,19.394294738769531,,13.518646240234375,
221.59999999999999,18.931838989257812,,12.616729736328125,
221.69999999999999,18.308418273925781,,11.809349060058594,
221.80000000000001,17.723323822021484,,11.288131713867188,
221.90000000000001,17.09735107421875,,10.922767639160156,
222,16.351287841796875,,10.575286865234375,
222.09999999999999,15.697212219238281,,10.232917785644531,
222.19999999999999,15.319068908691406,,9.9365310668945312,
222.30000000000001,15.035469055175781,,9.6324920654296875,
222.40000000000001,14.749305725097656,,9.3488845825195312,
222.5,14.511688232421875,,9.1266021728515625,
222.59999999999999,14.286849975585938,,8.9068679809570312,
222.69999999999999,13.980247497558594,,8.735687255859375,
222.80000000000001,13.737525939941406,,8.70758056640625,
222.90000000000001,13.936813354492188,,8.8864288330078125,
223,14.493804931640625,,9.2517929077148438,
223.09999999999999,15.260307312011719,,9.6657028198242188,
223.19999999999999,16.274642944335938,,10.140937805175781,
223.30000000000001,17.403949737548828,,10.690261840820312,
223.40000000000001,18.448944091796875,,11.198707580566406,
223.5,19.537376403808594,,11.694374084472656,
223.59999999999999,20.791881561279297,,12.1849365234375,
223.69999999999999,21.99017333984375,,12.537521362304688,
223.80000000000001,22.623813629150391,,12.762367248535156,
223.90000000000001,22.240566253662109,,12.854347229003906,
224,21.042270660400391,,12.7725830078125,
224.09999999999999,19.713668823242188,,12.517082214355469,
224.19999999999999,18.778541564941406,,12.159385681152344,
224.30000000000001,18.121906280517578,,11.796577453613281,
224.40000000000001,17.590465545654297,,11.469535827636719,
224.5,17.196994781494141,,11.198707580566406,
224.59999999999999,16.875068664550781,,10.884437561035156,
224.69999999999999,16.410057067871094,,10.462867736816406,
224.80000000000001,15.776412963867188,,10.033622741699219,
224.90000000000001,15.354843139648438,,9.7346878051757812,
225,15.076347351074219,,9.5456161499023438,
225.09999999999999,14.818290710449219,,9.3437728881835938,
225.19999999999999,14.639442443847656,,9.1547012329101562,
225.30000000000001,14.493804931640625,,9.011627197265625,
225.40000000000001,14.371162414550781,,8.9503021240234375,
225.5,14.542350769042969,,9.07550048828125,
225.59999999999999,15.255195617675781,,9.415313720703125,
225.69999999999999,16.152000427246094,,9.7909011840820312,
225.80000000000001,17.020698547363281,,10.128158569335938,
225.90000000000001,17.971160888671875,,10.501190185546875,
226,18.824531555175781,,10.889549255371094,
226.09999999999999,19.547595977783203,,11.252357482910156,
226.19999999999999,20.439289093017578,,11.656051635742188,
226.30000000000001,21.259445190429688,,12.075065612792969,
226.40000000000001,21.435741424560547,,12.371452331542969,
226.5,20.860866546630859,,12.494087219238281,
226.59999999999999,20.173568725585938,,12.504310607910156,
226.69999999999999,19.361080169677734,,12.27691650390625,
226.80000000000001,18.461719512939453,,11.916656494140625,
226.90000000000001,18.190891265869141,,11.863006591796875,
227,18.203666687011719,,12.003532409667969,
227.09999999999999,17.863849639892578,,11.921768188476562,
227.19999999999999,17.273643493652344,,11.592170715332031,
227.30000000000001,16.691108703613281,,11.224250793457031,
227.40000000000001,16.164772033691406,,10.899772644042969,
227.5,15.776412963867188,,10.646827697753906,
227.59999999999999,15.472373962402344,,10.434761047363281,
227.69999999999999,15.206649780273438,,10.1971435546875,
227.80000000000001,15.124893188476562,,10.023406982421875,
227.90000000000001,15.541358947753906,,10.033622741699219,
228,16.238868713378906,,10.1971435546875,
228.09999999999999,16.885284423828125,,10.475639343261719,
228.19999999999999,17.674781799316406,,10.892105102539062,
228.30000000000001,18.671230316162109,,11.344337463378906,
228.40000000000001,19.820980072021484,,11.753135681152344,
228.5,20.574703216552734,,12.353561401367188,
228.59999999999999,20.730560302734375,,13.592742919921875,
228.69999999999999,21.162353515625,,15.038871765136719,
228.80000000000001,21.849651336669922,,15.465553283691406,
228.90000000000001,22.013168334960938,,14.750152587890625,
229,21.387195587158203,,13.924888610839844,
229.09999999999999,20.199119567871094,,13.337242126464844,
229.19999999999999,18.671230316162109,,12.501754760742188,
229.30000000000001,17.117790222167969,,11.814460754394531,
229.40000000000001,16.364067077636719,,11.7786865234375,
229.5,17.311969757080078,,12.123611450195312,
229.59999999999999,18.239433288574219,,12.228370666503906,
229.69999999999999,17.733543395996094,,12.297355651855469,
229.80000000000001,17.002815246582031,,12.419990539550781,
229.90000000000001,16.116233825683594,,12.021415710449219,
230,14.900047302246094,10.668562889099121,11.523185729980469,6.3626728057861328
230.09999999999999,14.320068359375,,11.288131713867188,
230.19999999999999,14.481033325195312,,11.165489196777344,
230.30000000000001,14.498916625976562,,11.007080078125,
230.40000000000001,14.258743286132812,,10.756690979003906,
230.5,13.985359191894531,,10.39898681640625,
230.59999999999999,13.694091796875,,10.186927795410156,
230.69999999999999,13.908706665039062,,10.360664367675781,
230.80000000000001,14.861724853515625,,10.963645935058594,
230.90000000000001,16.123893737792969,,11.510414123535156,
231,17.738655090332031,,11.804237365722656,
231.09999999999999,19.281875610351562,,12.11083984375,
231.19999999999999,20.071369171142578,,12.133834838867188,
231.30000000000001,20.071369171142578,,11.837455749511719,
231.40000000000001,20.245109558105469,,11.898773193359375,
231.5,21.149581909179688,,12.560516357421875,
231.59999999999999,22.32232666015625,,13.444549560546875,
231.69999999999999,22.751564025878906,,13.988761901855469,
231.80000000000001,22.059158325195312,,14.011756896972656,
231.90000000000001,20.812320709228516,,13.707717895507812,
232,19.634464263916016,,13.160942077636719,
232.09999999999999,18.786205291748047,,12.542633056640625,
232.19999999999999,18.029926300048828,,11.988197326660156,
232.30000000000001,17.322189331054688,,11.479751586914062,
232.40000000000001,16.742202758789062,,10.994300842285156,
232.5,16.315521240234375,,10.598281860351562,
232.59999999999999,15.929718017578125,,10.294235229492188,
232.69999999999999,15.635887145996094,,10.061729431152344,
232.80000000000001,15.666549682617188,,10.1971435546875,
232.90000000000001,16.220985412597656,,10.91510009765625,
233,16.972152709960938,,11.696929931640625,
233.09999999999999,17.828079223632812,,12.389335632324219,
233.19999999999999,18.627796173095703,,13.166053771972656,
233.30000000000001,19.345748901367188,,13.922332763671875,
233.40000000000001,20.472503662109375,,14.596855163574219,
233.5,21.987621307373047,,15.064422607421875,
233.59999999999999,23.35198974609375,,15.3480224609375,
233.69999999999999,23.901313781738281,,15.388900756835938,
233.80000000000001,23.091381072998047,,15.102745056152344,
233.90000000000001,21.522609710693359,,14.584075927734375,
234,20.406074523925781,,14.001541137695312,
234.09999999999999,19.711116790771484,,13.383232116699219,
234.19999999999999,19.223110198974609,,12.708709716796875,
234.30000000000001,18.954833984375,,12.161941528320312,
234.40000000000001,18.625240325927734,,11.673934936523438,
234.5,18.178115844726562,,11.270240783691406,
234.59999999999999,17.748874664306641,,11.096504211425781,
234.69999999999999,17.345184326171875,,10.909988403320312,
234.80000000000001,17.020698547363281,,10.641716003417969,
234.90000000000001,16.783088684082031,,10.406654357910156,
235,16.790748596191406,,10.396430969238281,
235.09999999999999,17.128013610839844,,10.741355895996094,
235.19999999999999,17.572578430175781,,11.267692565917969,
235.30000000000001,18.244544982910156,,11.7786865234375,
235.40000000000001,19.146461486816406,,12.174713134765625,
235.5,20.050930023193359,,12.473648071289062,
235.59999999999999,20.970729827880859,,12.729148864746094,
235.69999999999999,21.908416748046875,,12.946327209472656,
235.80000000000001,22.575271606445312,,13.204376220703125,
235.90000000000001,22.618705749511719,,13.49053955078125,
236,21.849651336669922,,13.574851989746094,
236.09999999999999,20.6845703125,,13.41644287109375,
236.19999999999999,19.662570953369141,,13.102180480957031,
236.30000000000001,18.885848999023438,,12.660163879394531,
236.40000000000001,18.252208709716797,,12.223258972167969,
236.5,17.764205932617188,,11.832344055175781,
236.59999999999999,17.498485565185547,,11.441429138183594,
236.69999999999999,17.276199340820312,,11.058181762695312,
236.80000000000001,17.038581848144531,,10.697921752929688,
236.90000000000001,16.8214111328125,,10.355552673339844,
237,16.576133728027344,,10.056617736816406,
237.09999999999999,16.26953125,,9.8777694702148438,
237.19999999999999,16.264419555664062,,9.9084320068359375,
237.30000000000001,16.8214111328125,,10.232917785644531,
237.40000000000001,17.682445526123047,,10.764350891113281,
237.5,18.571586608886719,,11.311126708984375,
237.59999999999999,19.499050140380859,,11.76080322265625,
237.69999999999999,20.308986663818359,,12.149162292480469,
237.80000000000001,21.052490234375,,12.565628051757812,
237.90000000000001,22.018280029296875,,13.051078796386719,
238,22.250785827636719,,13.365341186523438,
238.09999999999999,21.374420166015625,,13.324462890625,
238.19999999999999,20.457176208496094,,12.982093811035156,
238.30000000000001,19.575698852539062,,12.4046630859375,
238.40000000000001,18.487270355224609,,11.822120666503906,
238.5,17.618568420410156,,11.382667541503906,
238.59999999999999,17.064132690429688,,10.991752624511719,
238.69999999999999,16.703880310058594,,10.646827697753906,
238.80000000000001,16.813743591308594,,10.524185180664062,
238.90000000000001,17.641563415527344,,10.73114013671875,
239,18.451499938964844,,11.196151733398438,
239.09999999999999,18.827083587646484,,11.727592468261719,
239.19999999999999,19.912960052490234,,12.430213928222656,
239.30000000000001,21.249225616455078,,12.93865966796875,
239.40000000000001,22.054050445556641,,13.23248291015625,
239.5,23.001953125,,13.758811950683594,
239.59999999999999,23.173141479492188,,14.0986328125,
239.69999999999999,22.273780822753906,,14.26214599609375,
239.80000000000001,21.824100494384766,,14.734825134277344,
239.90000000000001,22.843544006347656,,15.353134155273438,
240,23.668811798095703,7.0754718780517578,15.542205810546875,11.848341941833496
240.09999999999999,23.214019775390625,,15.378684997558594,
240.19999999999999,22.774559020996094,,15.03631591796875,
240.30000000000001,21.550716400146484,,14.295364379882812,
240.40000000000001,19.593585968017578,,13.41644287109375,
240.5,18.425949096679688,,12.777694702148438,
240.59999999999999,17.685001373291016,,12.213035583496094,
240.69999999999999,16.808631896972656,,11.707145690917969,
240.80000000000001,16.182662963867188,,11.730140686035156,
240.90000000000001,15.411048889160156,,12.228370666503906,
241,14.171875,,12.764915466308594,
241.09999999999999,13.098777770996094,,13.2886962890625,
241.19999999999999,12.79217529296875,,13.983657836914062,
241.30000000000001,12.996574401855469,,14.811477661132812,
241.40000000000001,12.896926879882812,,15.325027465820312,
241.5,12.930145263671875,,15.521766662597656,
241.59999999999999,13.310836791992188,,15.401679992675781,
241.69999999999999,13.8397216796875,,15.3480224609375,
241.80000000000001,14.491249084472656,,15.309700012207031,
241.90000000000001,15.099342346191406,,15.411895751953125,
242,15.173439025878906,,16.017433166503906,
242.09999999999999,15.273078918457031,,16.916793823242188,
242.19999999999999,16.083015441894531,,18.319488525390625,
242.30000000000001,16.647666931152344,,19.078323364257812,
242.40000000000001,16.438163757324219,,18.577545166015625,
242.5,14.930709838867188,,16.423679351806641,
242.59999999999999,12.398704528808594,,13.403671264648438,
242.69999999999999,12.587776184082031,,13.636177062988281,
242.80000000000001,14.900047302246094,,16.781379699707031,
242.90000000000001,14.751861572265625,,17.647525787353516,
243,13.862716674804688,,16.019989013671875,
243.09999999999999,14.251083374023438,,14.111404418945312,
243.19999999999999,15.306297302246094,,12.93865966796875,
243.30000000000001,16.307853698730469,,12.609062194824219,
243.40000000000001,17.015586853027344,,12.471092224121094,
243.5,17.774425506591797,,13.045967102050781,
243.59999999999999,18.658454895019531,,14.349021911621094,
243.69999999999999,20.063705444335938,,15.051643371582031,
243.80000000000001,20.945178985595703,,15.000541687011719,
243.90000000000001,20.296211242675781,,14.676055908203125,
244,18.701889038085938,,13.700050354003906,
244.09999999999999,17.112678527832031,,12.57073974609375,
244.19999999999999,15.985923767089844,,11.707145690917969,
244.30000000000001,15.07379150390625,,11.032630920410156,
244.40000000000001,14.284294128417969,,10.501190185546875,
244.5,13.7298583984375,,10.038734436035156,
244.59999999999999,13.262298583984375,,9.6580429077148438,
244.69999999999999,12.825393676757812,,9.3718795776367188,
244.80000000000001,12.562225341796875,,9.1240463256835938,
244.90000000000001,12.449806213378906,,8.9349746704101562,
245,12.362937927246094,,8.8021163940429688,
245.09999999999999,12.316947937011719,,8.605377197265625,
245.19999999999999,12.20452880859375,,8.385650634765625,
245.30000000000001,11.984794616699219,,8.2604522705078125,
245.40000000000001,12.120208740234375,,8.2553482055664062,
245.5,12.804946899414062,,8.5440597534179688,
245.59999999999999,13.71197509765625,,9.213470458984375,
245.69999999999999,14.818290710449219,,9.967193603515625,
245.80000000000001,16.256752014160156,,10.47308349609375,
245.90000000000001,17.644119262695312,,10.820564270019531,
246,18.704444885253906,,11.280464172363281,
246.09999999999999,19.235885620117188,,11.456756591796875,
246.19999999999999,19.307426452636719,,11.303459167480469,
246.30000000000001,18.867965698242188,,11.239585876464844,
246.40000000000001,17.840854644775391,,10.978973388671875,
246.5,16.8955078125,,10.616165161132812,
246.59999999999999,16.535247802734375,,10.570175170898438,
246.69999999999999,16.703880310058594,,10.779685974121094,
246.80000000000001,16.977264404296875,,11.019851684570312,
246.90000000000001,16.905723571777344,,10.994300842285156,
247,16.548027038574219,,10.6749267578125,
247.09999999999999,16.3436279296875,,10.539512634277344,
247.19999999999999,16.494369506835938,,10.697921752929688,
247.30000000000001,17.347740173339844,,11.070953369140625,
247.40000000000001,18.620128631591797,,11.584510803222656,
247.5,19.746883392333984,,12.082733154296875,
247.59999999999999,20.766330718994141,,12.517082214355469,
247.69999999999999,21.772998809814453,,12.849235534667969,
247.80000000000001,22.657028198242188,,13.163497924804688,
247.90000000000001,23.318775177001953,,13.500762939453125,
248,24.013736724853516,,13.812469482421875,
248.09999999999999,24.632045745849609,,14.07818603515625,
248.19999999999999,24.550285339355469,,14.170166015625,
248.30000000000001,23.569164276123047,,13.8763427734375,
248.40000000000001,22.278888702392578,,13.30657958984375,
248.5,21.116363525390625,,12.660163879394531,
248.59999999999999,20.285991668701172,,12.05462646484375,
248.69999999999999,19.706005096435547,,11.543632507324219,
248.80000000000001,19.128574371337891,,11.116943359375,
248.90000000000001,18.604801177978516,,10.835891723632812,
249,18.198554992675781,,10.539512634277344,
249.09999999999999,17.733543395996094,,10.189476013183594,
249.19999999999999,17.191886901855469,,9.9263153076171875,
249.30000000000001,17.000259399414062,,9.783233642578125,
249.40000000000001,17.495929718017578,,9.8317794799804688,
249.5,18.533260345458984,,10.176704406738281,
249.59999999999999,19.568035125732422,,10.723472595214844,
249.69999999999999,20.5006103515625,,11.203811645507812,
249.80000000000001,21.210899353027344,,11.512969970703125,
249.90000000000001,21.734676361083984,,11.737808227539062,
250,22.460296630859375,22.014677047729492,12.016304016113281,17.05756950378418
250.09999999999999,23.081161499023438,,12.328010559082031,
250.19999999999999,22.953411102294922,,12.445541381835938,
250.30000000000001,21.985065460205078,,12.31268310546875,
250.40000000000001,20.799545288085938,,11.970314025878906,
250.5,19.736663818359375,,11.497642517089844,
250.59999999999999,18.852634429931641,,11.02496337890625,
250.69999999999999,18.2930908203125,,10.641716003417969,
250.80000000000001,17.894508361816406,,10.3453369140625,
250.90000000000001,17.618568420410156,,10.10516357421875,
251,17.419281005859375,,9.92120361328125,
251.09999999999999,17.184219360351562,,9.7244720458984375,
251.19999999999999,16.834182739257812,,9.5302886962890625,
251.30000000000001,16.527587890625,,9.4050979614257812,
251.40000000000001,16.440711975097656,,9.3642120361328125,
251.5,16.4892578125,,9.4025421142578125,
251.59999999999999,16.811187744140625,,9.6094970703125,
251.69999999999999,17.506149291992188,,10.054061889648438,
251.80000000000001,18.277759552001953,,10.600837707519531,
251.90000000000001,18.788761138916016,,11.109275817871094,
252,19.348304748535156,,11.630500793457031,
252.09999999999999,20.194011688232422,,12.144050598144531,
252.19999999999999,21.103591918945312,,12.542633056640625,
252.30000000000001,21.928855895996094,,12.856895446777344,
252.40000000000001,22.572715759277344,,13.084297180175781,
252.5,22.603374481201172,,13.143058776855469,
252.59999999999999,21.721900939941406,,12.933547973632812,
252.69999999999999,20.656463623046875,,12.649940490722656,
252.80000000000001,19.869525909423828,,12.328010559082031,
252.90000000000001,19.271656036376953,,11.896217346191406,
253,18.742771148681641,,11.451652526855469,
253.09999999999999,18.262428283691406,,11.012191772460938,
253.19999999999999,17.751430511474609,,10.611053466796875,
253.30000000000001,17.174003601074219,,10.284011840820312,
253.40000000000001,16.836738586425781,,10.056617736816406,
253.5,16.663002014160156,,9.8905410766601562,
253.59999999999999,16.517364501953125,,9.7346878051757812,
253.69999999999999,16.402389526367188,,9.5967178344726562,
253.80000000000001,16.445823669433594,,9.5098495483398438,
253.90000000000001,16.7115478515625,,9.5711669921875,
254,17.199550628662109,,9.8445510864257812,
254.09999999999999,18.073360443115234,,10.299346923828125,
254.19999999999999,19.090251922607422,,10.810340881347656,
254.30000000000001,20.045818328857422,,11.288131713867188,
254.40000000000001,20.991168975830078,,11.714813232421875,
254.5,21.941631317138672,,12.085289001464844,
254.59999999999999,22.8179931640625,,12.42254638671875,
254.69999999999999,23.584495544433594,,12.79046630859375,
254.80000000000001,23.824665069580078,,13.053634643554688,
254.90000000000001,23.012176513671875,,12.964210510253906,
255,21.558380126953125,,12.596290588378906,
255.09999999999999,20.260440826416016,,12.103172302246094,
255.19999999999999,19.197559356689453,,11.564071655273438,
255.30000000000001,18.280315399169922,,11.040290832519531,
255.40000000000001,17.679889678955078,,10.611053466796875,
255.5,17.255760192871094,,10.286567687988281,
255.59999999999999,16.903167724609375,,9.9876327514648438,
255.69999999999999,16.642562866210938,,9.7295761108398438,
255.80000000000001,16.466262817382812,,9.4970779418945312,
255.90000000000001,16.205657958984375,,9.287567138671875,
256,15.896499633789062,,9.1419296264648438,
256.10000000000002,15.781524658203125,,9.0857162475585938,
256.19999999999999,15.876060485839844,,9.1189346313476562,
256.30000000000001,16.374282836914062,,9.2926712036132812,
256.39999999999998,17.317081451416016,,9.6375961303710938,
256.5,18.336524963378906,,10.043846130371094,
256.60000000000002,19.187339782714844,,10.447532653808594,
256.69999999999999,20.117359161376953,,10.935539245605469,
256.80000000000001,21.233894348144531,,11.459312438964844,
256.89999999999998,22.335098266601562,,11.903884887695312,
257,23.129703521728516,,12.279472351074219,
257.10000000000002,23.308555603027344,,12.471092224121094,
257.19999999999999,22.460296630859375,,12.340789794921875,
257.30000000000001,20.896636962890625,,12.003532409667969,
257.39999999999998,19.580810546875,,11.65093994140625,
257.5,18.663566589355469,,11.239585876464844,
257.60000000000002,18.012039184570312,,10.774574279785156,
257.69999999999999,17.526588439941406,,10.378547668457031,
257.80000000000001,17.161224365234375,,10.010627746582031,
257.89999999999998,16.749870300292969,,9.6861419677734375,
258,16.328292846679688,,9.4638595581054688,
258.10000000000002,16.129005432128906,,9.3182220458984375,
258.19999999999999,16.008918762207031,,9.2262420654296875,
258.30000000000001,15.916938781738281,,9.14959716796875,
258.39999999999998,15.952713012695312,,9.0959396362304688,
258.5,16.277198791503906,,9.1342620849609375,
258.60000000000002,16.834182739257812,,9.3131179809570312,
258.69999999999999,17.623680114746094,,9.6605911254882812,
258.80000000000001,18.67889404296875,,10.082168579101562,
258.89999999999998,19.774990081787109,,10.488410949707031,
259,20.802101135253906,,10.866554260253906,
259.10000000000002,21.852203369140625,,11.216590881347656,
259.19999999999999,22.787334442138672,,11.548736572265625,
259.30000000000001,23.096488952636719,,11.796577453613281,
259.39999999999998,22.7081298828125,,11.896217346191406,
259.5,21.801105499267578,,11.804237365722656,
259.60000000000002,20.735668182373047,,11.515525817871094,
259.69999999999999,19.833755493164062,,11.201255798339844,
259.80000000000001,19.532264709472656,,11.221702575683594,
259.89999999999998,20.331981658935547,,11.786354064941406,
260,20.970729827880859,26.086956024169922,12.494087219238281,18.270401000976562
260.10000000000002,20.572151184082031,,13.191604614257812,
260.19999999999999,20.035598754882812,,13.641281127929688,
260.30000000000001,19.813316345214844,,13.406227111816406,
260.39999999999998,19.373855590820312,,12.82879638671875,
260.5,17.807640075683594,,12.177268981933594,
260.60000000000002,14.777412414550781,,11.298347473144531,
260.69999999999999,12.715522766113281,,11.116943359375,
260.80000000000001,12.935256958007812,,12.259025573730469,
260.89999999999998,12.955696105957031,,12.823684692382812,
261,11.94647216796875,,12.115951538085938,
261.10000000000002,11.225959777832031,,11.170600891113281,
261.19999999999999,11.951583862304688,,10.761802673339844,
261.30000000000001,13.502464294433594,,10.774574279785156,
261.39999999999998,14.516799926757812,,10.644271850585938,
261.5,15.178543090820312,,10.618721008300781,
261.60000000000002,15.904167175292969,,10.697921752929688,
261.69999999999999,16.739646911621094,,10.787345886230469,
261.80000000000001,17.411613464355469,,10.736251831054688,
261.89999999999998,18.063140869140625,,10.787345886230469,
262,18.356964111328125,,11.040290832519531,
262.10000000000002,17.75909423828125,,11.030075073242188,
262.19999999999999,16.964492797851562,,10.848670959472656,
262.30000000000001,16.17755126953125,,10.738807678222656,
262.39999999999998,15.347175598144531,,10.595726013183594,
262.5,14.751861572265625,,10.276351928710938,
262.60000000000002,14.271522521972656,,9.8138961791992188,
262.69999999999999,13.665985107421875,,9.249237060546875,
262.80000000000001,13.154983520507812,,8.74334716796875,
262.89999999999998,12.856048583984375,,8.3830947875976562,
263,12.728302001953125,,8.091827392578125,
263.10000000000002,12.712966918945312,,7.91552734375,
263.19999999999999,12.738517761230469,,7.8644256591796875,
263.30000000000001,12.935256958007812,,8.0228424072265625,
263.39999999999998,13.323616027832031,,8.4648513793945312,
263.5,13.806510925292969,,8.9784088134765625,
263.60000000000002,14.463142395019531,,9.3463287353515625,
263.69999999999999,15.260307312011719,,9.581390380859375,
263.80000000000001,16.0855712890625,,10.222694396972656,
263.89999999999998,17.038581848144531,,11.824676513671875,
264,17.858741760253906,,13.861015319824219,
264.10000000000002,18.390178680419922,,14.923896789550781,
264.19999999999999,19.307426452636719,,14.727157592773438,
264.30000000000001,20.613029479980469,,14.384788513183594,
264.39999999999998,21.742340087890625,,14.341354370117188,
264.5,23.001953125,,14.37457275390625,
264.60000000000002,24.739353179931641,,14.349021911621094,
264.69999999999999,26.561069488525391,,14.481880187988281,
264.80000000000001,26.834453582763672,,14.729713439941406,
264.89999999999998,24.892654418945312,,14.415451049804688,
265,22.465404510498047,,13.281028747558594,
265.10000000000002,20.899188995361328,,12.006080627441406,
265.19999999999999,20.007495880126953,,11.086280822753906,
265.30000000000001,19.478610992431641,,10.317230224609375,
265.39999999999998,18.740215301513672,,9.5941619873046875,
265.5,17.802528381347656,,9.047393798828125,
265.60000000000002,17.352851867675781,,8.8251113891601562,
265.69999999999999,17.020698547363281,,8.7791213989257812,
265.80000000000001,16.486701965332031,,8.6462631225585938,
265.89999999999998,15.865837097167969,,8.4469680786132812,
266,15.234756469726562,,8.1761398315429688,
266.10000000000002,14.565345764160156,,7.86187744140625,
266.19999999999999,13.934257507324219,,7.575714111328125,
266.30000000000001,13.586776733398438,,7.3483200073242188,
266.39999999999998,13.441146850585938,,7.1847991943359375,
266.5,13.351722717285156,,7.0851516723632812,
266.60000000000002,13.349166870117188,,7.0953750610351562,
266.69999999999999,13.614883422851562,,7.2410125732421875,
266.80000000000001,14.176986694335938,,7.4684066772460938,
266.89999999999998,14.77996826171875,,7.6625823974609375,
267,15.595008850097656,,7.8925323486328125,
267.10000000000002,16.683441162109375,,8.3371047973632812,
267.19999999999999,17.999263763427734,,9.139373779296875,
267.30000000000001,20.104583740234375,,9.9901885986328125,
267.39999999999998,22.133255004882812,,10.209922790527344,
267.5,23.254898071289062,,10.220138549804688,
267.60000000000002,23.390316009521484,,10.450088500976562,
267.69999999999999,22.986625671386719,,10.644271850585938,
267.80000000000001,22.989181518554688,,10.820564270019531,
267.89999999999998,22.572715759277344,,10.646827697753906,
268,20.835315704345703,,10.554847717285156,
268.10000000000002,18.257320404052734,,11.060737609863281,
268.19999999999999,16.26953125,,11.152717590332031,
268.30000000000001,15.357398986816406,,10.539512634277344,
268.39999999999998,14.785072326660156,,9.8701019287109375,
268.5,14.450370788574219,,9.4919662475585938,
268.60000000000002,14.460586547851562,,9.341217041015625,
268.69999999999999,14.514244079589844,,9.249237060546875,
268.80000000000001,14.481033325195312,,9.1776962280273438,
268.89999999999998,14.389053344726562,,9.1061630249023438,
269,14.309844970703125,,8.9784088134765625,
269.10000000000002,14.010910034179688,,8.689697265625,
269.19999999999999,13.579116821289062,,8.5466156005859375,
269.30000000000001,13.448806762695312,,8.7842330932617188,
269.39999999999998,13.525459289550781,,8.9911880493164062,
269.5,13.691535949707031,,8.9809646606445312,
269.60000000000002,13.888267517089844,,8.9707412719726562,
269.69999999999999,14.072227478027344,,9.011627197265625,
269.80000000000001,14.113113403320312,,9.0422821044921875,
269.89999999999998,13.778404235839844,,8.9068679809570312,
270,13.34405517578125,21.786493301391602,8.6002731323242188,12.448132514953613
270.10000000000002,13.147323608398438,,8.3013381958007812,
270.19999999999999,12.917373657226562,,7.9947357177734375,
270.30000000000001,12.564781188964844,,7.6702499389648438,
270.39999999999998,12.495796203613281,,7.5833816528320312,
270.5,12.935256958007812,,7.8490982055664062,
270.60000000000002,13.597000122070312,,8.2042465209960938,
270.69999999999999,14.314956665039062,,8.5312881469726562,
270.80000000000001,15.18365478515625,,8.8353271484375,
270.89999999999998,16.113677978515625,,9.1189346313476562,
271,17.071800231933594,,9.4025421142578125,
271.10000000000002,17.963493347167969,,9.6350479125976562,
271.19999999999999,18.747879028320312,,9.8828811645507812,
271.30000000000001,19.639575958251953,,10.184371948242188,
271.39999999999998,20.873641967773438,,10.557395935058594,
271.5,22.253341674804688,,11.058181762695312,
271.60000000000002,23.188468933105469,,11.653495788574219,
271.69999999999999,22.7822265625,,11.983085632324219,
271.80000000000001,21.233894348144531,,11.732696533203125,
271.89999999999998,19.647239685058594,,11.076065063476562,
272,18.364631652832031,,10.370887756347656,
272.10000000000002,17.442276000976562,,9.9109878540039062,
272.19999999999999,16.724319458007812,,9.62738037109375,
272.30000000000001,16.093238830566406,,9.3488845825195312,
272.39999999999998,15.523468017578125,,9.0729446411132812,
272.5,15.020133972167969,,8.7484588623046875,
272.60000000000002,14.514244079589844,,8.403533935546875,
272.69999999999999,14.008354187011719,,8.1071548461914062,
272.80000000000001,13.709419250488281,,7.8848724365234375,
272.89999999999998,13.5101318359375,,7.71368408203125,
273,13.341499328613281,,7.5987091064453125,
273.10000000000002,13.372161865234375,,7.6242599487304688,
273.19999999999999,13.686424255371094,,7.8950881958007812,
273.30000000000001,14.179542541503906,,8.3728713989257812,
273.39999999999998,14.917938232421875,,8.9426422119140625,
273.5,15.865837097167969,,9.5021820068359375,
273.60000000000002,16.83929443359375,,10.033622741699219,
273.69999999999999,17.779533386230469,,10.600837707519531,
273.80000000000001,18.673786163330078,,11.101615905761719,
273.89999999999998,19.445396423339844,,11.459312438964844,
274,20.188899993896484,,11.763359069824219,
274.10000000000002,20.922183990478516,,12.046966552734375,
274.19999999999999,21.042270660400391,,12.144050598144531,
274.30000000000001,20.245109558105469,,11.954986572265625,
274.39999999999998,19.118354797363281,,11.528297424316406,
274.5,18.006931304931641,,10.966201782226562,
274.60000000000002,16.91339111328125,,10.378547668457031,
274.69999999999999,16.111122131347656,,9.9237594604492188,
274.80000000000001,15.536247253417969,,9.5686111450195312,
274.89999999999998,15.025245666503906,,9.213470458984375,
275,14.583229064941406,,8.8711013793945312,
275.10000000000002,14.202537536621094,,8.5312881469726562,
275.19999999999999,13.791183471679688,,8.2221298217773438,
275.30000000000001,13.407928466796875,,7.9870681762695312,
275.39999999999998,13.206085205078125,,7.8363265991210938,
275.5,13.096221923828125,,7.723907470703125,
275.60000000000002,13.006797790527344,,7.63958740234375,
275.69999999999999,13.004241943359375,,7.5910415649414062,
275.80000000000001,13.080886840820312,,7.6446990966796875,
275.89999999999998,13.303176879882812,,7.8823165893554688,
276,13.916374206542969,,8.2451248168945312,
276.10000000000002,14.820846557617188,,8.5849380493164062,
276.19999999999999,15.863288879394531,,8.9528579711914062,
276.30000000000001,17.112678527832031,,9.47918701171875,
276.39999999999998,18.055473327636719,,9.9441986083984375,
276.5,17.894508361816406,,9.9748611450195312,
276.60000000000002,17.018142700195312,,9.7116928100585938,
276.69999999999999,16.295082092285156,,9.5583953857421875,
276.80000000000001,15.709983825683594,,9.4229812622070312,
276.89999999999998,15.094230651855469,,9.1700363159179688,
277,14.529571533203125,,8.8506622314453125,
277.10000000000002,14.276626586914062,,8.6130447387695312,
277.19999999999999,14.383941650390625,,8.689697265625,
277.30000000000001,14.399269104003906,,9.065277099609375,
277.39999999999998,14.049232482910156,,9.1904754638671875,
277.5,13.5101318359375,,8.7970046997070312,
277.60000000000002,12.894378662109375,,8.1378173828125,
277.69999999999999,12.334831237792969,,7.5041732788085938,
277.80000000000001,11.918365478515625,,7.0647125244140625,
277.89999999999998,11.721633911132812,,6.9855117797851562,
278,11.94647216796875,,7.2767791748046875,
278.10000000000002,12.633766174316406,,7.5527191162109375,
278.19999999999999,13.520347595214844,,7.657470703125,
278.30000000000001,14.222976684570312,,7.7392349243164062,
278.39999999999998,14.731422424316406,,7.8567657470703125,
278.5,15.375282287597656,,8.0969314575195312,
278.60000000000002,16.197990417480469,,8.55938720703125,
278.69999999999999,17.117790222167969,,9.1521530151367188,
278.80000000000001,18.157676696777344,,9.73724365234375,
278.89999999999998,18.972721099853516,,10.1971435546875,
279,19.335529327392578,,10.4552001953125,
279.10000000000002,19.629356384277344,,10.534400939941406,
279.19999999999999,20.324314117431641,,10.432205200195312,
279.30000000000001,21.095924377441406,,10.317230224609375,
279.39999999999998,21.698905944824219,,10.47308349609375,
279.5,22.17413330078125,,10.9329833984375,
279.60000000000002,21.877754211425781,,11.691818237304688,
279.69999999999999,21.07037353515625,,12.432769775390625,
279.80000000000001,20.446956634521484,,12.670387268066406,
279.89999999999998,19.892520904541016,,12.412330627441406,
280,19.189895629882812,18.379850387573242,11.970314025878906,18.255578994750977
280.10000000000002,18.410621643066406,,11.525741577148438,
280.19999999999999,17.75909423828125,,11.096504211425781,
280.30000000000001,17.138229370117188,,10.63916015625,
280.39999999999998,16.522476196289062,,10.192031860351562,
280.5,15.985923767089844,,9.8138961791992188,
280.60000000000002,15.472373962402344,,9.4204254150390625,
280.69999999999999,14.805519104003906,,8.973297119140625,
280.80000000000001,14.056900024414062,,8.5644989013671875,
280.89999999999998,13.660873413085938,,8.3600997924804688,
281,13.757965087890625,,8.3498764038085938,
281.10000000000002,14.128440856933594,,8.3243331909179688,
281.19999999999999,14.585784912109375,,8.201690673828125,
281.30000000000001,15.145332336425781,,8.1224822998046875,
281.39999999999998,15.755973815917969,,8.1761398315429688,
281.5,16.325736999511719,,8.3013381958007812,
281.60000000000002,16.997703552246094,,8.5466156005859375,
281.69999999999999,18.058029174804688,,9.0269546508789062,
281.80000000000001,19.583366394042969,,9.9416427612304688,
281.89999999999998,20.779106140136719,,10.853782653808594,
282,21.382083892822266,,11.221702575683594,
282.10000000000002,22.314659118652344,,11.415878295898438,
282.19999999999999,23.362209320068359,,11.704597473144531,
282.30000000000001,23.972854614257812,,12.064849853515625,
282.39999999999998,23.862991333007812,,12.440437316894531,
282.5,22.667251586914062,,12.849235534667969,
282.60000000000002,21.540496826171875,,13.406227111816406,
282.69999999999999,21.075485229492188,,13.738372802734375,
282.80000000000001,20.689678192138672,,13.610626220703125,
282.89999999999998,19.951286315917969,,13.074073791503906,
283,19.005935668945312,,12.414886474609375,
283.10000000000002,18.139789581298828,,11.845115661621094,
283.19999999999999,17.230209350585938,,11.201255798339844,
283.30000000000001,16.374282836914062,,10.539512634277344,
283.39999999999998,15.679328918457031,,9.9595260620117188,
283.5,15.135108947753906,,9.4510879516601562,
283.60000000000002,14.547462463378906,,9.00140380859375,
283.69999999999999,13.936813354492188,,8.5926055908203125,
283.80000000000001,13.456474304199219,,8.2068023681640625,
283.89999999999998,13.047676086425781,,7.9053115844726562,
284,12.873931884765625,,7.82354736328125,
284.10000000000002,13.088554382324219,,7.9410781860351562,
284.19999999999999,13.589332580566406,,8.0509414672851562,
284.30000000000001,14.102890014648438,,8.0688323974609375,
284.39999999999998,14.532127380371094,,8.1301498413085938,
284.5,15.081459045410156,,8.329437255859375,
284.60000000000002,15.689544677734375,,8.5644989013671875,
284.69999999999999,16.223541259765625,,8.7586822509765625,
284.80000000000001,16.663002014160156,,8.9222030639648438,
284.89999999999998,17.112678527832031,,9.1010513305664062,
285,17.562358856201172,,9.2390213012695312,
285.10000000000002,18.063140869140625,,9.33355712890625,
285.19999999999999,18.893516540527344,,9.7295761108398438,
285.30000000000001,19.920623779296875,,10.330001831054688,
285.39999999999998,21.042270660400391,,10.746467590332031,
285.5,22.24822998046875,,11.001968383789062,
285.60000000000002,23.484851837158203,,11.244697570800781,
285.69999999999999,24.172145843505859,,11.630500793457031,
285.80000000000001,23.625373840332031,,12.325462341308594,
285.89999999999998,22.738788604736328,,13.076629638671875,
286,22.025943756103516,,13.278472900390625,
286.10000000000002,21.172576904296875,,12.959098815917969,
286.19999999999999,20.222114562988281,,12.476203918457031,
286.30000000000001,19.274211883544922,,11.873222351074219,
286.39999999999998,18.459163665771484,,11.39288330078125,
286.5,19.000823974609375,,11.893661499023438,
286.60000000000002,20.812320709228516,,13.406227111816406,
286.69999999999999,21.341205596923828,,14.241706848144531,
286.80000000000001,20.421405792236328,,14.121627807617188,
286.89999999999998,19.887409210205078,,14.277481079101562,
287,19.897628784179688,,14.74249267578125,
287.10000000000002,19.718780517578125,,14.860015869140625,
287.19999999999999,19.481166839599609,,14.601966857910156,
287.30000000000001,18.949726104736328,,14.139511108398438,
287.39999999999998,18.178115844726562,,13.41644287109375,
287.5,18.032478332519531,,12.672935485839844,
287.60000000000002,18.515377044677734,,12.1849365234375,
287.69999999999999,18.620128631591797,,12.003532409667969,
287.80000000000001,18.0350341796875,,11.914100646972656,
287.89999999999998,17.462715148925781,,11.773582458496094,
288,17.1893310546875,,11.656051635742188,
288.10000000000002,16.992591857910156,,11.482307434082031,
288.19999999999999,16.663002014160156,,11.216590881347656,
288.30000000000001,16.430496215820312,,11.027519226074219,
288.39999999999998,16.172439575195312,,10.828231811523438,
288.5,15.7176513671875,,10.567619323730469,
288.60000000000002,15.280746459960938,,10.467971801757812,
288.69999999999999,15.068679809570312,,10.54718017578125,
288.80000000000001,15.129997253417969,,10.80523681640625,
288.89999999999998,15.229644775390625,,11.104171752929688,
289,15.14788818359375,,11.155265808105469,
289.10000000000002,14.874504089355469,,10.904876708984375,
289.19999999999999,14.394157409667969,,10.47308349609375,
289.30000000000001,13.811622619628906,,9.9518661499023438,
289.39999999999998,13.262298583984375,,9.4229812622070312,
289.5,12.539230346679688,,8.7842330932617188,
289.60000000000002,11.680747985839844,,8.0662765502929688,
289.69999999999999,11.047111511230469,,7.4300765991210938,
289.80000000000001,10.735397338867188,,7.023834228515625,
289.89999999999998,10.727737426757812,,6.9931716918945312,
290,11.02667236328125,16.355140686035156,7.34576416015625,15.63663387298584
290.10000000000002,11.532562255859375,,7.7392349243164062,
290.19999999999999,12.127876281738281,,7.9283065795898438,
290.30000000000001,12.628654479980469,,8.0764923095703125,
290.39999999999998,13.1038818359375,,8.2706756591796875,
290.5,13.594444274902344,,8.4418563842773438,
290.60000000000002,13.9521484375,,8.5082931518554688,
290.69999999999999,14.33795166015625,,8.6079330444335938,
290.80000000000001,14.869392395019531,,8.799560546875,
290.89999999999998,15.485145568847656,,8.9988479614257812,
291,16.118782043457031,,9.1623687744140625,
291.10000000000002,16.867401123046875,,9.3131179809570312,
291.19999999999999,17.687553405761719,,9.44342041015625,
291.30000000000001,18.423397064208984,,9.5737228393554688,
291.39999999999998,19.246105194091797,,9.8343353271484375,
291.5,20.073925018310547,,10.1971435546875,
291.60000000000002,20.413738250732422,,10.7490234375,
291.69999999999999,20.232334136962891,,11.464424133300781,
291.80000000000001,20.015159606933594,,12.039299011230469,
291.89999999999998,19.762214660644531,,12.243698120117188,
292,19.177120208740234,,12.046966552734375,
292.10000000000002,18.469387054443359,,11.783798217773438,
292.19999999999999,17.646675109863281,,11.487419128417969,
292.30000000000001,16.596572875976562,,11.027519226074219,
292.39999999999998,15.472373962402344,,10.485862731933594,
292.5,14.406936645507812,,9.9339828491210938,
292.60000000000002,13.443702697753906,,9.4050979614257812,
292.69999999999999,12.68231201171875,,8.9477462768554688,
292.80000000000001,12.222412109375,,8.6385955810546875,
292.89999999999998,11.943916320800781,,8.4393081665039062,
293,11.627098083496094,,8.219573974609375,
293.10000000000002,11.225959777832031,,7.9053115844726562,
293.19999999999999,10.898918151855469,,7.5808258056640625,
293.30000000000001,10.727737426757812,,7.2946624755859375,
293.39999999999998,10.748176574707031,,7.1592483520507812,
293.5,11.197853088378906,,7.2742233276367188,
293.60000000000002,11.987350463867188,,7.4735107421875,
293.69999999999999,12.659317016601562,,7.4965057373046875,
293.80000000000001,13.239303588867188,,7.3994216918945312,
293.89999999999998,13.862716674804688,,7.3789825439453125,
294,14.41204833984375,,7.4454116821289062,
294.10000000000002,14.877052307128906,,7.5143966674804688,
294.19999999999999,15.44171142578125,,7.67791748046875,
294.30000000000001,16.123893737792969,,7.9308624267578125,
294.39999999999998,16.813743591308594,,8.173583984375,
294.5,17.572578430175781,,8.3652114868164062,
294.60000000000002,18.387626647949219,,8.4801864624023438,
294.69999999999999,19.164344787597656,,8.5849380493164062,
294.80000000000001,19.831199645996094,,8.7254638671875,
294.89999999999998,20.469951629638672,,9.047393798828125,
295,21.019275665283203,,9.6197128295898438,
295.10000000000002,20.970729827880859,,10.424537658691406,
295.19999999999999,20.406074523925781,,11.221702575683594,
295.30000000000001,19.831199645996094,,11.645828247070312,
295.39999999999998,19.284431457519531,,11.592170715332031,
295.5,18.489826202392578,,11.198707580566406,
295.60000000000002,17.570026397705078,,10.705589294433594,
295.69999999999999,16.854621887207031,,10.263572692871094,
295.80000000000001,16.231208801269531,,9.857330322265625,
295.89999999999998,15.663993835449219,,9.4766311645507812,
296,15.165771484375,,9.139373779296875,
296.10000000000002,14.703315734863281,,8.8021163940429688,
296.19999999999999,14.174430847167969,,8.4546356201171875,
296.30000000000001,13.551010131835938,,8.145477294921875,
296.39999999999998,13.047676086425781,,7.8925323486328125,
296.5,12.641433715820312,,7.6165924072265625,
296.60000000000002,12.260734558105469,,7.34576416015625,
296.69999999999999,12.0001220703125,,7.19757080078125,
296.80000000000001,11.992462158203125,,7.1822433471679688,
296.89999999999998,12.097213745117188,,7.1924667358398438,
297,12.265846252441406,,7.1643600463867188,
297.10000000000002,12.728302001953125,,7.2614517211914062,
297.19999999999999,13.356826782226562,,7.465850830078125,
297.30000000000001,14.003242492675781,,7.6523666381835938,
297.39999999999998,14.672653198242188,,7.8312149047851562,
297.5,15.395721435546875,,8.0023956298828125,
297.60000000000002,16.088127136230469,,8.1352615356445312,
297.69999999999999,16.790748596191406,,8.2425689697265625,
297.80000000000001,17.720771789550781,,8.4060897827148438,
297.89999999999998,18.804088592529297,,8.5951614379882812,
298,19.933399200439453,,8.7944488525390625,
298.10000000000002,21.003944396972656,,9.0371780395507812,
298.19999999999999,22.000396728515625,,9.2798995971679688,
298.30000000000001,22.526725769042969,,9.5941619873046875,
298.39999999999998,22.117923736572266,,10.181816101074219,
298.5,21.205791473388672,,10.996856689453125,
298.60000000000002,20.280879974365234,,11.6688232421875,
298.69999999999999,19.468391418457031,,11.939651489257812,
298.80000000000001,18.758098602294922,,11.819572448730469,
298.89999999999998,18.109130859375,,11.423545837402344,
299,17.370735168457031,,10.909988403320312,
299.10000000000002,16.565910339355469,,10.447532653808594,
299.19999999999999,15.983367919921875,,10.128158569335938,
299.30000000000001,15.574569702148438,,9.8598861694335938,
299.39999999999998,15.181098937988281,,9.581390380859375,
299.5,14.769744873046875,,9.305450439453125,
299.60000000000002,14.29962158203125,,8.973297119140625,
299.69999999999999,13.683868408203125,,8.5798263549804688,
299.80000000000001,13.0323486328125,,8.19146728515625,
299.89999999999998,12.57244873046875,,7.8848724365234375,
300,12.332275390625,17.991004943847656,7.6753616333007812,15.544041633605957
300.10000000000002,12.416587829589844,,7.5424957275390625,
300.19999999999999,12.873931884765625,,7.4326324462890625,
300.30000000000001,13.517791748046875,,7.3636474609375,
300.39999999999998,14.064567565917969,,7.3534317016601562,
300.5,14.496360778808594,,7.4351882934570312,
300.60000000000002,15.081459045410156,,7.6728057861328125,
300.69999999999999,15.712539672851562,,7.8797607421875,
300.80000000000001,16.126449584960938,,7.9231948852539062,
300.89999999999998,16.433052062988281,,7.9870681762695312,
301,16.836738586425781,,8.127593994140625,
301.10000000000002,17.122901916503906,,8.1608123779296875,
301.19999999999999,17.322189331054688,,8.1352615356445312,
301.30000000000001,17.810195922851562,,8.2400131225585938,
301.39999999999998,18.535816192626953,,8.4444122314453125,
301.5,19.350860595703125,,8.7024688720703125,
301.60000000000002,19.787765502929688,,9.2287979125976562,
301.69999999999999,19.542484283447266,,10.038734436035156,
301.80000000000001,18.93695068359375,,10.756690979003906,
301.89999999999998,18.349300384521484,,11.088836669921875,
302,17.920059204101562,,11.083732604980469,
302.10000000000002,17.429500579833984,,10.835891723632812,
302.19999999999999,16.892951965332031,,10.452644348144531,
302.30000000000001,16.37939453125,,10.074501037597656,
302.39999999999998,15.901611328125,,9.691253662109375,
302.5,15.375282287597656,,9.3028945922851562,
302.60000000000002,14.825958251953125,,8.9835205078125,
302.69999999999999,14.440147399902344,,8.735687255859375,
302.80000000000001,14.067123413085938,,8.4699630737304688,
302.89999999999998,13.594444274902344,,8.1505889892578125,
303,13.106437683105469,,7.8031082153320312,
303.10000000000002,12.71807861328125,,7.4786224365234375,
303.19999999999999,12.375709533691406,,7.2103500366210938,
303.30000000000001,12.20452880859375,,7.041717529296875,
303.39999999999998,12.485572814941406,,6.9957275390625,
303.5,13.055343627929688,,7.0033950805664062,
303.60000000000002,13.686424255371094,,7.0289459228515625,
303.69999999999999,14.322616577148438,,7.097930908203125,
303.80000000000001,14.99969482421875,,7.1822433471679688,
303.89999999999998,15.651222229003906,,7.2742233276367188,
304,16.28741455078125,,7.4684066772460938,
304.10000000000002,17.028366088867188,,7.7469024658203125,
304.19999999999999,17.756538391113281,,8.0049514770507812,
304.30000000000001,18.500045776367188,,8.2093582153320312,
304.39999999999998,19.271656036376953,,8.385650634765625,
304.5,20.119915008544922,,8.54150390625,
304.60000000000002,20.911964416503906,,8.6385955810546875,
304.69999999999999,21.606925964355469,,8.8404388427734375,
304.80000000000001,22.13836669921875,,9.287567138671875,
304.89999999999998,21.936519622802734,,9.9007644653320312,
305,21.101036071777344,,10.585502624511719,
305.10000000000002,20.22467041015625,,11.147605895996094,
305.19999999999999,19.568035125732422,,11.298347473144531,
305.30000000000001,18.875629425048828,,11.058181762695312,
305.39999999999998,18.022258758544922,,10.685150146484375,
305.5,17.311969757080078,,10.386215209960938,
305.60000000000002,16.716651916503906,,10.10516357421875,
305.69999999999999,16.129005432128906,,9.8164520263671875,
305.80000000000001,15.5694580078125,,9.563507080078125,
305.89999999999998,15.055908203125,,9.2901229858398438,
306,14.527023315429688,,8.9835205078125,
306.10000000000002,13.929153442382812,,8.6590347290039062,
306.19999999999999,13.387489318847656,,8.3626556396484375,
306.30000000000001,12.932701110839844,,8.063720703125,
306.39999999999998,12.633766174316406,,7.8184356689453125,
306.5,12.633766174316406,,7.6983566284179688,
306.60000000000002,12.978691101074219,,7.5782699584960938,
306.69999999999999,13.517791748046875,,7.3406524658203125,
306.80000000000001,14.013465881347656,,7.1055908203125,
306.89999999999998,14.547462463378906,,7.115814208984375,
307,15.273078918457031,,7.3534317016601562,
307.10000000000002,16.021697998046875,,7.6217041015625,
307.19999999999999,16.76519775390625,,7.8567657470703125,
307.30000000000001,17.495929718017578,,8.109710693359375,
307.39999999999998,18.224105834960938,,8.3473281860351562,
307.5,18.908843994140625,,8.513397216796875,
307.60000000000002,19.583366394042969,,8.6769180297851562,
307.69999999999999,20.418849945068359,,8.9119796752929688,
307.80000000000001,21.300323486328125,,9.1470413208007812,
307.89999999999998,22.245674133300781,,9.379547119140625,
308,23.017284393310547,,9.673370361328125,
308.10000000000002,23.040279388427734,,10.158821105957031,
308.19999999999999,22.143474578857422,,10.723472595214844,
308.30000000000001,20.937515258789062,,11.17315673828125,
308.39999999999998,20.122470855712891,,11.622833251953125,
308.5,19.545040130615234,,11.860450744628906,
308.60000000000002,18.959945678710938,,11.750587463378906,
308.69999999999999,18.38507080078125,,11.459312438964844,
308.80000000000001,17.817859649658203,,11.091392517089844,
308.89999999999998,17.278755187988281,,10.697921752929688,
309,16.706436157226562,,10.312118530273438,
309.10000000000002,16.208213806152344,,10.041290283203125,
309.19999999999999,15.796852111816406,,9.8138961791992188,
309.30000000000001,15.296073913574219,,9.5149612426757812,
309.39999999999998,14.66754150390625,,9.1521530151367188,
309.5,14.049232482910156,,8.7484588623046875,
309.60000000000002,13.714530944824219,,8.367767333984375,
309.69999999999999,13.658317565917969,,8.04583740234375,
309.80000000000001,13.885711669921875,,7.8363265991210938,
309.89999999999998,14.394157409667969,,7.7673416137695312,
310,14.956260681152344,17.118402481079102,7.7928924560546875,16.853933334350586
310.10000000000002,15.543907165527344,,7.8669815063476562,
310.19999999999999,16.190322875976562,,7.9410781860351562,
310.30000000000001,16.859733581542969,,7.9972915649414062,
310.39999999999998,17.424388885498047,,8.0611648559570312,
310.5,18.040145874023438,,8.2604522705078125,
310.60000000000002,18.829639434814453,,8.5440597534179688,
310.69999999999999,19.662570953369141,,8.7765655517578125,
310.80000000000001,20.569595336914062,,8.9707412719726562,
310.89999999999998,21.527721405029297,,9.195587158203125,
311,22.258449554443359,,9.5124053955078125,
311.10000000000002,22.332546234130859,,9.949310302734375,
311.19999999999999,21.762779235839844,,10.54718017578125,
311.30000000000001,20.837871551513672,,11.132270812988281,
311.39999999999998,19.938510894775391,,11.599838256835938,
311.5,19.30487060546875,,11.873222351074219,
311.60000000000002,18.793869018554688,,11.788909912109375,
311.69999999999999,18.224105834960938,,11.405662536621094,
311.80000000000001,17.539363861083984,,10.922767639160156,
311.89999999999998,16.964492797851562,,10.5650634765625,
312,16.542915344238281,,10.286567687988281,
312.10000000000002,16.129005432128906,,9.9901885986328125,
312.19999999999999,15.761085510253906,,9.7116928100585938,
312.30000000000001,15.393165588378906,,9.3948745727539062,
312.39999999999998,14.866836547851562,,9.011627197265625,
312.5,14.205093383789062,,8.59771728515625,
312.60000000000002,13.660873413085938,,8.2425689697265625,
312.69999999999999,13.349166870117188,,7.979400634765625,
312.80000000000001,13.466697692871094,,7.8005523681640625,
312.89999999999998,14.059455871582031,,7.7162399291992188,
313,14.887275695800781,,7.67791748046875,
313.10000000000002,15.801963806152344,,7.611480712890625,
313.19999999999999,16.703880310058594,,7.6089324951171875,
313.30000000000001,17.692665100097656,,7.8823165893554688,
313.39999999999998,18.712108612060547,,8.2604522705078125,
313.5,19.759658813476562,,8.513397216796875,
313.60000000000002,20.845535278320312,,8.7484588623046875,
313.69999999999999,21.918636322021484,,9.047393798828125,
313.80000000000001,22.9661865234375,,9.397430419921875,
313.89999999999998,24.029064178466797,,9.9033203125,
314,25.344890594482422,,10.667266845703125,
314.10000000000002,26.852340698242188,,11.418434143066406,
314.19999999999999,28.472209930419922,,12.0367431640625,
314.30000000000001,30.127849578857422,,12.626945495605469,
314.39999999999998,31.484554290771484,,13.388336181640625,
314.5,32.544879913330078,,14.249374389648438,
314.60000000000002,33.630756378173828,,15.337806701660156,
314.69999999999999,34.731960296630859,,16.886135101318359,
314.80000000000001,35.649204254150391,,18.551994323730469,
314.89999999999998,36.48724365234375,,20.082439422607422,
315,37.187313079833984,,21.434032440185547,
315.10000000000002,37.833728790283203,,22.468807220458984,
315.19999999999999,38.439266204833984,,23.036018371582031,
315.30000000000001,38.822513580322266,,23.564903259277344,
315.39999999999998,38.763748168945312,,23.996700286865234,
315.5,37.368721008300781,,23.623668670654297,
315.60000000000002,34.749843597412109,,22.443260192871094,
315.69999999999999,31.852474212646484,,21.158092498779297,
315.80000000000001,29.305141448974609,,19.870372772216797,
315.89999999999998,27.355674743652344,,18.416580200195312,
316,26.039848327636719,,17.228504180908203,
316.10000000000002,25.181369781494141,,16.306148529052734,
316.19999999999999,24.371433258056641,,15.462997436523438,
316.30000000000001,23.541061401367188,,14.727157592773438,
316.39999999999998,22.766895294189453,,14.136955261230469,
316.5,22.054050445556641,,13.592742919921875,
316.60000000000002,21.297771453857422,,13.086845397949219,
316.69999999999999,20.914520263671875,,12.818572998046875,
316.80000000000001,21.121475219726562,,12.713821411132812,
316.89999999999998,21.42041015625,,12.603950500488281,
317,21.290103912353516,,12.363784790039062,
317.10000000000002,21.106143951416016,,12.087844848632812,
317.19999999999999,21.287551879882812,,11.822120666503906,
317.30000000000001,21.221118927001953,,11.523185729980469,
317.39999999999998,20.88641357421875,,11.288131713867188,
317.5,20.567039489746094,,11.053070068359375,
317.60000000000002,19.805648803710938,,10.611053466796875,
317.69999999999999,18.254764556884766,,9.9109878540039062,
317.80000000000001,16.652778625488281,,9.1879196166992188,
317.89999999999998,15.899055480957031,,8.8148880004882812,
318,15.791748046875,,8.9579696655273438,
318.10000000000002,15.914382934570312,,9.3131179809570312,
318.19999999999999,16.238868713378906,,9.6682586669921875,
318.30000000000001,16.583793640136719,,9.9876327514648438,
318.39999999999998,16.979820251464844,,10.284011840820312,
318.5,17.572578430175781,,10.662155151367188,
318.60000000000002,18.264984130859375,,11.070953369140625,
318.69999999999999,18.908843994140625,,11.4107666015625,
318.80000000000001,19.583366394042969,,11.840011596679688,
318.89999999999998,20.457176208496094,,12.399551391601562,
319,21.43829345703125,,12.964210510253906,
319.10000000000002,22.404083251953125,,13.49053955078125,
319.19999999999999,23.311111450195312,,13.871231079101562,
319.30000000000001,23.995849609375,,14.113960266113281,
319.39999999999998,24.662704467773438,,14.30047607421875,
319.5,25.590167999267578,,14.647956848144531,
319.60000000000002,26.668380737304688,,15.161506652832031,
319.69999999999999,27.718482971191406,,15.695503234863281,
319.80000000000001,28.694496154785156,,16.313812255859375,
319.89999999999998,29.808475494384766,,16.850364685058594,
320,31.001659393310547,12.87553596496582,17.231060028076172,13.100436210632324
320.10000000000002,31.878025054931641,,17.798267364501953,
320.19999999999999,31.939346313476562,,18.753837585449219,
320.30000000000001,30.569866180419922,,19.321048736572266,
320.39999999999998,28.283138275146484,,18.889255523681641,
320.5,26.134384155273438,,17.673072814941406,
320.60000000000002,24.506851196289062,,16.155403137207031,
320.69999999999999,23.162918090820312,,14.898345947265625,
320.80000000000001,22.048938751220703,,14.039863586425781,
320.89999999999998,21.305435180664062,,13.441993713378906,
321,20.743335723876953,,12.976982116699219,
321.10000000000002,20.449508666992188,,12.601402282714844,
321.19999999999999,20.485279083251953,,12.305015563964844,
321.30000000000001,20.510829925537109,,12.026527404785156,
321.39999999999998,20.426513671875,,11.788909912109375,
321.5,20.587478637695312,,11.640716552734375,
321.60000000000002,20.70245361328125,,11.436317443847656,
321.69999999999999,20.372859954833984,,11.053070068359375,
321.80000000000001,19.606361389160156,,10.542068481445312,
321.89999999999998,18.533260345458984,,9.9697494506835938,
322,17.184219360351562,,9.3769912719726562,
322.10000000000002,15.891387939453125,,8.8481063842773438,
322.19999999999999,15.076347351074219,,8.4367523193359375,
322.30000000000001,14.511688232421875,,8.0969314575195312,
322.39999999999998,14.215309143066406,,8.0228424072265625,
322.5,14.309844970703125,,8.3371047973632812,
322.60000000000002,14.670097351074219,,8.6871414184570312,
322.69999999999999,15.206649780273438,,8.92730712890625,
322.80000000000001,15.88372802734375,,9.2058029174804688,
322.89999999999998,16.680885314941406,,9.5609512329101562,
323,17.501041412353516,,9.9135360717773438,
323.10000000000002,18.346744537353516,,10.250801086425781,
323.19999999999999,19.251216888427734,,10.557395935058594,
323.30000000000001,20.094364166259766,,10.843559265136719,
323.39999999999998,20.968173980712891,,11.137382507324219,
323.5,22.110260009765625,,11.523185729980469,
323.60000000000002,23.349433898925781,,11.934547424316406,
323.69999999999999,24.511959075927734,,12.302467346191406,
323.80000000000001,25.638713836669922,,12.632057189941406,
323.89999999999998,26.722034454345703,,13.020416259765625,
324,27.600955963134766,,13.482872009277344,
324.10000000000002,28.370010375976562,,14.001541137695312,
324.19999999999999,29.095630645751953,,14.568748474121094,
324.30000000000001,29.499320983886719,,15.066970825195312,
324.39999999999998,29.2208251953125,,15.488548278808594,
324.5,28.045524597167969,,15.58819580078125,
324.60000000000002,26.287685394287109,,15.248382568359375,
324.69999999999999,24.560504913330078,,14.691390991210938,
324.80000000000001,23.487403869628906,,14.20849609375,
324.89999999999998,22.823104858398438,,13.781806945800781,
325,22.094928741455078,,13.235038757324219,
325.10000000000002,21.51239013671875,,12.670387268066406,
325.19999999999999,21.277328491210938,,12.126167297363281,
325.30000000000001,21.001388549804688,,11.5947265625,
325.39999999999998,20.383079528808594,,11.104171752929688,
325.5,19.969169616699219,,10.795013427734375,
325.60000000000002,19.872081756591797,,10.572731018066406,
325.69999999999999,19.731555938720703,,10.330001831054688,
325.80000000000001,19.348304748535156,,10.054061889648438,
325.89999999999998,18.487270355224609,,9.5686111450195312,
326,17.059028625488281,,8.9630813598632812,
326.10000000000002,15.51580810546875,,8.3703231811523438,
326.19999999999999,14.406936645507812,,7.8848724365234375,
326.30000000000001,13.668540954589844,,7.5271682739257812,
326.39999999999998,13.16009521484375,,7.2870025634765625,
326.5,12.856048583984375,,7.189910888671875,
326.60000000000002,12.894378662109375,,7.1694717407226562,
326.69999999999999,13.241851806640625,,7.2026824951171875,
326.80000000000001,13.612327575683594,,7.2614517211914062,
326.89999999999998,14.125885009765625,,7.41986083984375,
327,14.856613159179688,,7.657470703125,
327.10000000000002,15.640998840332031,,7.869537353515625,
327.19999999999999,16.410057067871094,,8.0867156982421875,
327.30000000000001,17.135673522949219,,8.477630615234375,
327.39999999999998,17.720771789550781,,9.1061630249023438,
327.5,18.359519958496094,,9.81134033203125,
327.60000000000002,19.412181854248047,,10.646827697753906,
327.69999999999999,20.822540283203125,,11.469535827636719,
327.80000000000001,22.391311645507812,,12.082733154296875,
327.89999999999998,24.057170867919922,,12.545188903808594,
328,25.723030090332031,,13.038307189941406,
328.10000000000002,27.112949371337891,,13.702606201171875,
328.19999999999999,28.232040405273438,,14.359237670898438,
328.30000000000001,29.468658447265625,,15.082305908203125,
328.39999999999998,30.830474853515625,,15.833473205566406,
328.5,32.113082885742188,,16.487552642822266,
328.60000000000002,33.303714752197266,,17.213172912597656,
328.69999999999999,34.295055389404297,,17.941349029541016,
328.80000000000001,34.719184875488281,,18.618423461914062,
328.89999999999998,34.875038146972656,,19.111537933349609,
329,35.150978088378906,,19.538223266601562,
329.10000000000002,35.130538940429688,,19.852489471435547,
329.19999999999999,34.453464508056641,,19.814163208007812,
329.30000000000001,32.555099487304688,,19.612319946289062,
329.39999999999998,30.017986297607422,,19.027225494384766,
329.5,28.019973754882812,,18.138084411621094,
329.60000000000002,26.780799865722656,,17.292377471923828,
329.69999999999999,26.170154571533203,,16.50799560546875,
329.80000000000001,25.55950927734375,,15.618854522705078,
329.89999999999998,24.675479888916016,,14.655616760253906,
330,23.742904663085938,13.138686180114746,13.866127014160156,13.138686180114746
330.10000000000002,22.674915313720703,,13.04852294921875,
330.19999999999999,20.643688201904297,,12.064849853515625,
330.30000000000001,17.789756774902344,,10.986640930175781,
330.39999999999998,15.692100524902344,,10.000411987304688,
330.5,14.641998291015625,,9.1904754638671875,
330.60000000000002,14.069671630859375,,8.5823822021484375,
330.69999999999999,13.773292541503906,,8.19146728515625,
330.80000000000001,13.530570983886719,,7.8925323486328125,
330.89999999999998,13.116661071777344,,7.657470703125,
331,12.741073608398438,,7.4735107421875,
331.10000000000002,12.544342041015625,,7.30999755859375,
331.19999999999999,12.263290405273438,,7.0928192138671875,
331.30000000000001,11.954132080078125,,6.8858642578125,
331.39999999999998,11.977127075195312,,6.71978759765625,
331.5,12.457473754882812,,6.5613784790039062,
331.60000000000002,13.119216918945312,,6.5128326416015625,
331.69999999999999,13.855056762695312,,6.804107666015625,
331.80000000000001,14.585784912109375,,7.373870849609375,
331.89999999999998,15.342063903808594,,7.8950881958007812,
332,16.185218811035156,,8.2706756591796875,
332.10000000000002,17.028366088867188,,8.5185089111328125,
332.19999999999999,17.930278778076172,,8.7177963256835938,
332.30000000000001,18.934394836425781,,9.0065155029296875,
332.39999999999998,20.142910003662109,,9.4970779418945312,
332.5,21.43829345703125,,10.06939697265625,
332.60000000000002,22.639144897460938,,10.631492614746094,
332.69999999999999,23.804225921630859,,11.239585876464844,
332.80000000000001,24.974414825439453,,11.842567443847656,
332.89999999999998,26.126720428466797,,12.389335632324219,
333,27.263694763183594,,13.086845397949219,
333.10000000000002,28.643394470214844,,13.889122009277344,
333.19999999999999,30.194278717041016,,14.5023193359375,
333.30000000000001,31.397686004638672,,15.335250854492188,
333.39999999999998,32.192291259765625,,16.413459777832031,
333.5,32.828483581542969,,17.461009979248047,
333.60000000000002,33.592430114746094,,18.748729705810547,
333.69999999999999,34.775394439697266,,20.442695617675781,
333.80000000000001,36.157649993896484,,22.392158508300781,
333.89999999999998,37.404487609863281,,24.282859802246094,
334,38.607894897460938,,25.874622344970703,
334.10000000000002,39.831737518310547,,27.330974578857422,
334.19999999999999,40.932945251464844,,28.774547576904297,
334.30000000000001,41.431167602539062,,29.878307342529297,
334.39999999999998,40.506259918212891,,30.090373992919922,
334.5,37.4990234375,,29.093921661376953,
334.60000000000002,34.014003753662109,,26.538925170898438,
334.69999999999999,31.890800476074219,,23.281299591064453,
334.80000000000001,30.429340362548828,,20.815723419189453,
334.89999999999998,29.164615631103516,,19.121757507324219,
335,28.216709136962891,,17.818710327148438,
335.10000000000002,27.294353485107422,,16.748165130615234,
335.19999999999999,26.280021667480469,,15.861579895019531,
335.30000000000001,25.288681030273438,,15.031204223632812,
335.39999999999998,24.236019134521484,,14.177833557128906,
335.5,23.001953125,,13.396003723144531,
335.60000000000002,22.010616302490234,,12.75469970703125,
335.69999999999999,21.336093902587891,,12.207931518554688,
335.80000000000001,20.876194000244141,,11.758247375488281,
335.89999999999998,20.748443603515625,,11.385215759277344,
336,20.855754852294922,,11.004524230957031,
336.10000000000002,20.88641357421875,,10.636604309082031,
336.19999999999999,20.515941619873047,,10.309562683105469,
336.30000000000001,19.902740478515625,,10.023406982421875,
336.39999999999998,19.261436462402344,,9.7397994995117188,
336.5,18.622684478759766,,9.4459762573242188,
336.60000000000002,17.876625061035156,,9.1240463256835938,
336.69999999999999,16.806083679199219,,8.679473876953125,
336.80000000000001,15.423828125,,8.1863632202148438,
336.89999999999998,14.440147399902344,,7.8950881958007812,
337,14.274078369140625,,8.1148223876953125,
337.10000000000002,14.488693237304688,,8.5823822021484375,
337.19999999999999,14.884719848632812,,8.9630813598632812,
337.30000000000001,15.398277282714844,,9.3003387451171875,
337.39999999999998,15.868392944335938,,9.62738037109375,
337.5,16.300193786621094,,9.9467544555664062,
337.60000000000002,16.864845275878906,,10.373435974121094,
337.69999999999999,17.547031402587891,,10.98919677734375,
337.80000000000001,18.277759552001953,,11.709701538085938,
337.89999999999998,19.146461486816406,,12.522193908691406,
338,20.217006683349609,,13.2886962890625,
338.10000000000002,21.315654754638672,,13.947883605957031,
338.19999999999999,22.442409515380859,,14.614738464355469,
338.30000000000001,23.822109222412109,,15.399124145507812,
338.39999999999998,25.372993469238281,,16.2320556640625,
338.5,26.849784851074219,,17.16973876953125,
338.60000000000002,28.280586242675781,,18.265834808349609,
338.69999999999999,29.800807952880859,,19.19329833984375,
338.80000000000001,31.257160186767578,,19.780948638916016,
338.89999999999998,32.795269012451172,,20.447803497314453,
339,34.553108215332031,,21.273067474365234,
339.10000000000002,36.336498260498047,,22.006355285644531,
339.19999999999999,37.912933349609375,,22.737083435058594,
339.30000000000001,39.088233947753906,,23.327289581298828,
339.39999999999998,39.854732513427734,,23.628780364990234,
339.5,40.329963684082031,,24.106563568115234,
339.60000000000002,40.158779144287109,,24.954822540283203,
339.69999999999999,38.370281219482422,,25.212879180908203,
339.80000000000001,35.179084777832031,,24.198543548583984,
339.89999999999998,32.376251220703125,,22.4866943359375,
340,30.638851165771484,12.396694183349609,20.585773468017578,9.9009895324707031
340.10000000000002,29.248928070068359,,18.817714691162109,
340.19999999999999,28.094070434570312,,17.486560821533203,
340.30000000000001,27.192153930664062,,16.413459777832031,
340.39999999999998,26.290241241455078,,15.468109130859375,
340.5,25.544178009033203,,14.683723449707031,
340.60000000000002,25.104721069335938,,13.96832275390625,
340.69999999999999,24.522178649902344,,13.153282165527344,
340.80000000000001,23.369876861572266,,12.351005554199219,
340.89999999999998,22.097484588623047,,11.696929931640625,
341,21.177684783935547,,11.155265808105469,
341.10000000000002,20.477615356445312,,10.700477600097656,
341.19999999999999,19.85675048828125,,10.3453369140625,
341.30000000000001,19.217998504638672,,10.008071899414062,
341.39999999999998,18.502601623535156,,9.535400390625,
341.5,17.651786804199219,,9.0141830444335938,
341.60000000000002,16.640007019042969,,8.5491714477539062,
341.69999999999999,15.676773071289062,,8.1301498413085938,
341.80000000000001,14.81573486328125,,7.723907470703125,
341.89999999999998,14.289405822753906,,7.3329925537109375,
342,14.222976684570312,,6.9804000854492188,
342.10000000000002,14.340507507324219,,6.7351226806640625,
342.19999999999999,14.394157409667969,,6.6865768432617188,
342.30000000000001,14.588340759277344,,6.9855117797851562,
342.39999999999998,15.209205627441406,,7.6140365600585938,
342.5,15.942489624023438,,8.237457275390625,
342.60000000000002,16.665557861328125,,8.7203521728515625,
342.69999999999999,17.518924713134766,,9.1189346313476562,
342.80000000000001,18.487270355224609,,9.4459762573242188,
342.89999999999998,19.355968475341797,,9.7040328979492188,
343,20.188899993896484,,9.9595260620117188,
343.10000000000002,21.208343505859375,,10.39898681640625,
343.19999999999999,22.350429534912109,,10.968757629394531,
343.30000000000001,23.551280975341797,,11.548736572265625,
343.39999999999998,24.752128601074219,,12.151718139648438,
343.5,25.978530883789062,,12.770027160644531,
343.60000000000002,27.087398529052734,,13.367897033691406,
343.69999999999999,28.216709136962891,,14.075637817382812,
343.80000000000001,29.880016326904297,,14.693946838378906,
343.89999999999998,31.561203002929688,,15.258598327636719,
344,32.721176147460938,,16.068534851074219,
344.10000000000002,33.487674713134766,,16.868247985839844,
344.19999999999999,33.853038787841797,,17.473785400390625,
344.30000000000001,33.0098876953125,,17.946460723876953,
344.39999999999998,30.789596557617188,,18.265834808349609,
344.5,28.628063201904297,,18.158523559570312,
344.60000000000002,27.365894317626953,,17.634750366210938,
344.69999999999999,26.686264038085938,,16.850364685058594,
344.80000000000001,26.134384155273438,,15.945892333984375,
344.89999999999998,25.628494262695312,,15.005653381347656,
345,25.209476470947266,,14.126731872558594,
345.10000000000002,24.859439849853516,,13.431777954101562,
345.19999999999999,24.310115814208984,,12.82879638671875,
345.30000000000001,23.303443908691406,,12.200263977050781,
345.39999999999998,22.033611297607422,,11.579399108886719,
345.5,20.876194000244141,,10.994300842285156,
345.60000000000002,19.941066741943359,,10.421981811523438,
345.69999999999999,19.085140228271484,,9.9084320068359375,
345.80000000000001,18.318641662597656,,9.4817428588867188,
345.89999999999998,17.659450531005859,,9.0933837890625,
346,16.936386108398438,,8.7305755615234375,
346.10000000000002,16.06768798828125,,8.3779830932617188,
346.19999999999999,15.14788818359375,,7.9691848754882812,
346.30000000000001,14.169319152832031,,7.4862899780273438,
346.39999999999998,13.139656066894531,,7.005950927734375,
346.5,12.332275390625,,6.701904296875,
346.60000000000002,12.089553833007812,,6.7683334350585938,
346.69999999999999,12.38848876953125,,7.2512283325195312,
346.80000000000001,12.820281982421875,,7.8388824462890625,
346.89999999999998,13.323616027832031,,8.2502365112304688,
347,13.867828369140625,,8.4852981567382812,
347.10000000000002,14.304733276367188,,8.689697265625,
347.19999999999999,14.790184020996094,,8.973297119140625,
347.30000000000001,15.405937194824219,,9.2032470703125,
347.39999999999998,16.144332885742188,,9.33355712890625,
347.5,16.918502807617188,,9.4536361694335938,
347.60000000000002,17.723323822021484,,9.5277328491210938,
347.69999999999999,18.505153656005859,,9.5839462280273438,
347.80000000000001,19.350860595703125,,9.6835861206054688,
347.89999999999998,20.416294097900391,,9.9007644653320312,
348,21.545604705810547,,10.225250244140625,
348.10000000000002,22.680023193359375,,10.600837707519531,
348.19999999999999,23.758235931396484,,10.996856689453125,
348.30000000000001,24.798118591308594,,11.339225769042969,
348.39999999999998,25.822673797607422,,11.635612487792969,
348.5,26.974979400634766,,12.090400695800781,
348.60000000000002,28.390449523925781,,12.688270568847656,
348.69999999999999,29.895343780517578,,13.291252136230469,
348.80000000000001,31.264823913574219,,13.970878601074219,
348.89999999999998,32.33026123046875,,14.627517700195312,
349,32.432460784912109,,15.309700012207031,
349.10000000000002,30.912235260009766,,15.905014038085938,
349.19999999999999,28.449214935302734,,16.272933959960938,
349.30000000000001,26.484420776367188,,16.295928955078125,
349.39999999999998,25.480304718017578,,15.928009033203125,
349.5,24.9156494140625,,15.381240844726562,
349.60000000000002,24.381656646728516,,14.688835144042969,
349.69999999999999,23.681583404541016,,13.965766906738281,
349.80000000000001,23.004508972167969,,13.344902038574219,
349.89999999999998,22.536945343017578,,12.795578002929688,
350,21.95440673828125,12.5,12.174713134765625,9.3071355819702148
350.10000000000002,21.149581909179688,,11.46697998046875,
350.19999999999999,20.331981658935547,,10.782241821289062,
350.30000000000001,19.539928436279297,,10.115386962890625,
350.39999999999998,18.747879028320312,,9.5200729370117188,
350.5,18.050365447998047,,9.0601730346679688,
350.60000000000002,17.403949737548828,,8.6667022705078125,
350.69999999999999,16.706436157226562,,8.3064422607421875,
350.80000000000001,16.057464599609375,,7.9947357177734375,
350.89999999999998,15.492813110351562,,7.6932449340820312,
351,14.818290710449219,,7.3713150024414062,
351.10000000000002,13.975143432617188,,7.0544967651367188,
351.19999999999999,13.313392639160156,,6.86798095703125,
351.30000000000001,13.027236938476562,,6.821990966796875,
351.39999999999998,13.078338623046875,,6.931854248046875,
351.5,13.354278564453125,,7.2461166381835938,
351.60000000000002,13.622550964355469,,7.63958740234375,
351.69999999999999,13.814178466796875,,8.00750732421875,
351.80000000000001,14.171875,,8.26556396484375,
351.89999999999998,14.820846557617188,,8.3779830932617188,
352,15.301185607910156,,8.3882064819335938,
352.10000000000002,15.656333923339844,,8.3626556396484375,
352.19999999999999,16.438163757324219,,8.403533935546875,
352.30000000000001,17.518924713134766,,8.5670547485351562,
352.39999999999998,18.548591613769531,,9.1061630249023438,
352.5,19.146461486816406,,10.554847717285156,
352.60000000000002,19.951286315917969,,12.798133850097656,
352.69999999999999,21.69635009765625,,15.631629943847656,
352.80000000000001,23.474628448486328,,18.965904235839844,
352.89999999999998,24.900318145751953,,22.328285217285156,
353,26.5712890625,,25.174552917480469,
353.10000000000002,28.500316619873047,,27.369297027587891,
353.19999999999999,30.3245849609375,,29.403079986572266,
353.30000000000001,32.026214599609375,,31.176246643066406,
353.39999999999998,33.597537994384766,,32.354103088378906,
353.5,34.846935272216797,,32.969860076904297,
353.60000000000002,35.925144195556641,,32.946865081787109,
353.69999999999999,36.492355346679688,,32.343883514404297,
353.80000000000001,36.014568328857422,,31.728130340576172,
353.89999999999998,35.186748504638672,,31.595268249511719,
354,35.125431060791016,,30.726570129394531,
354.10000000000002,35.728408813476562,,28.283988952636719,
354.19999999999999,36.262405395507812,,25.315078735351562,
354.30000000000001,36.2113037109375,,22.790737152099609,
354.39999999999998,35.329830169677734,,20.915367126464844,
354.5,34.167304992675781,,19.46923828125,
354.60000000000002,33.053325653076172,,18.255615234375,
354.69999999999999,31.770713806152344,,17.098197937011719,
354.80000000000001,30.204498291015625,,15.95611572265625,
354.89999999999998,28.674053192138672,,14.872795104980469,
355,27.565185546875,,13.838020324707031,
355.10000000000002,26.816570281982422,,12.9207763671875,
355.19999999999999,26.308124542236328,,12.236030578613281,
355.30000000000001,25.886550903320312,,11.656051635742188,
355.39999999999998,25.362773895263672,,11.106727600097656,
355.5,24.642265319824219,,10.600837707519531,
355.60000000000002,23.763343811035156,,10.143486022949219,
355.69999999999999,22.828216552734375,,9.6938095092773438,
355.80000000000001,21.737228393554688,,9.3386611938476562,
355.89999999999998,20.674350738525391,,9.2671279907226562,
356,20.033046722412109,,9.3565521240234375,
356.10000000000002,19.619136810302734,,9.3999862670898438,
356.19999999999999,19.041706085205078,,9.3514404296875,
356.30000000000001,18.098911285400391,,9.1981430053710938,
356.39999999999998,16.688552856445312,,8.8148880004882812,
356.5,15.096786499023438,,8.219573974609375,
356.60000000000002,14.210197448730469,,7.7443466186523438,
356.69999999999999,14.049232482910156,,7.6370315551757812,
356.80000000000001,13.993026733398438,,7.74945068359375,
356.89999999999998,13.722198486328125,,7.7750015258789062,
357,13.336387634277344,,7.7443466186523438,
357.10000000000002,13.30828857421875,,7.78778076171875,
357.19999999999999,13.750297546386719,,7.97174072265625,
357.30000000000001,14.555122375488281,,8.3933181762695312,
357.39999999999998,15.692100524902344,,8.9324188232421875,
357.5,17.209770202636719,,9.4050979614257812,
357.60000000000002,18.842414855957031,,9.8496627807617188,
357.69999999999999,20.418849945068359,,10.36322021484375,
357.80000000000001,21.875198364257812,,11.091392517089844,
357.89999999999998,23.234458923339844,,12.1849365234375,
358,24.892654418945312,,13.958106994628906,
358.10000000000002,26.877891540527344,,16.405792236328125,
358.19999999999999,28.906558990478516,,19.106430053710938,
358.30000000000001,30.873908996582031,,21.661430358886719,
358.39999999999998,32.800380706787109,,23.820404052734375,
358.5,34.591434478759766,,25.800529479980469,
358.60000000000002,36.157649993896484,,27.757659912109375,
358.69999999999999,37.504135131835938,,29.410743713378906,
358.80000000000001,38.416271209716797,,30.432743072509766,
358.89999999999998,39.198101043701172,,30.918193817138672,
359,40.025920867919922,,30.884979248046875,
359.10000000000002,40.35040283203125,,30.465957641601562,
359.19999999999999,40.064243316650391,,30.299884796142578,
359.30000000000001,39.032024383544922,,30.573268890380859,
359.39999999999998,37.182205200195312,,30.348426818847656,
359.5,35.943031311035156,,28.498607635498047,
359.60000000000002,36.078445434570312,,25.532253265380859,
359.69999999999999,36.359493255615234,,22.744747161865234,
359.80000000000001,35.664535522460938,,20.557670593261719,
359.89999999999998,34.118759155273438,,18.804939270019531,
360,32.233169555664062,12.096774101257324,17.356254577636719,7.3230271339416504
360.10000000000002,30.235160827636719,,16.150295257568359,
360.19999999999999,28.438995361328125,,15.1282958984375,
360.30000000000001,26.934101104736328,,14.269813537597656,
360.39999999999998,25.610610961914062,,13.45477294921875,
360.5,24.230911254882812,,12.629501342773438,
360.60000000000002,22.925304412841797,,11.919212341308594,
360.69999999999999,21.890529632568359,,11.311126708984375,
360.80000000000001,20.947734832763672,,10.736251831054688,
360.89999999999998,19.989608764648438,,10.207366943359375,
361,19.036594390869141,,9.7500228881835938,
361.10000000000002,18.027370452880859,,9.2798995971679688,
361.19999999999999,16.808631896972656,,8.7663421630859375,
361.30000000000001,15.531135559082031,,8.2604522705078125,
361.39999999999998,14.435043334960938,,7.7673416137695312,
361.5,13.428367614746094,,7.2793350219726562,
361.60000000000002,12.529006958007812,,6.8526458740234375,
361.69999999999999,11.823829650878906,,6.507720947265625,
361.80000000000001,11.335823059082031,,6.2573318481445312,
361.89999999999998,11.24639892578125,,6.121917724609375,
362,11.581108093261719,,6.1627960205078125,
362.10000000000002,12.168754577636719,,6.333984375,
362.19999999999999,12.899482727050781,,6.4923934936523438,
362.30000000000001,13.63787841796875,,6.6533584594726562,
362.39999999999998,14.368606567382812,,6.7913284301757812,
362.5,14.9818115234375,,6.8628692626953125,
362.60000000000002,15.467262268066406,,6.9165267944335938,
362.69999999999999,16.162223815917969,,7.1004867553710938,
362.80000000000001,17.038581848144531,,7.3483200073242188,
362.89999999999998,17.891956329345703,,7.60382080078125,
363,18.786205291748047,,7.9410781860351562,
363.10000000000002,19.864414215087891,,8.2630081176757812,
363.19999999999999,20.970729827880859,,8.551727294921875,
363.30000000000001,22.025943756103516,,8.9630813598632812,
363.39999999999998,22.853763580322266,,9.6657028198242188,
363.5,22.80010986328125,,10.513961791992188,
363.60000000000002,21.941631317138672,,11.226806640625,
363.69999999999999,21.2364501953125,,11.65093994140625,
363.80000000000001,20.88641357421875,,11.640716552734375,
363.89999999999998,20.349864959716797,,11.252357482910156,
364,19.708560943603516,,10.743911743164062,
364.10000000000002,19.082584381103516,,10.243133544921875,
364.19999999999999,18.392734527587891,,9.7781219482421875,
364.30000000000001,17.822971343994141,,9.4127578735351562,
364.39999999999998,17.39117431640625,,9.047393798828125,
364.5,16.806083679199219,,8.6539230346679688,
364.60000000000002,16.047248840332031,,8.3013381958007812,
364.69999999999999,15.372726440429688,,8.0049514770507812,
364.80000000000001,14.790184020996094,,7.741790771484375,
364.89999999999998,14.11566162109375,,7.4351882934570312,
365,13.305732727050781,,7.0544967651367188,
365.10000000000002,12.511123657226562,,6.6329193115234375,
365.19999999999999,11.813613891601562,,6.2598876953125,
365.30000000000001,11.279617309570312,,6.0043869018554688,
365.39999999999998,11.123764038085938,,5.9251861572265625,
365.5,11.243843078613281,,5.9302978515625,
365.60000000000002,11.476348876953125,,5.9047470092773438,
365.69999999999999,11.770172119140625,,5.863861083984375,
365.80000000000001,12.122764587402344,,5.8127670288085938,
365.89999999999998,12.488128662109375,,5.753997802734375,
366,12.876487731933594,,5.79998779296875,
366.10000000000002,13.469253540039062,,6.0043869018554688,
366.19999999999999,14.166763305664062,,6.2215652465820312,
366.30000000000001,14.841285705566406,,6.3953018188476562,
366.39999999999998,15.546463012695312,,6.5511627197265625,
366.5,16.284858703613281,,6.7070159912109375,
366.60000000000002,17.043693542480469,,6.85009765625,
366.69999999999999,17.955829620361328,,7.133697509765625,
366.80000000000001,18.959945678710938,,7.557830810546875,
366.89999999999998,19.923179626464844,,7.9819564819335938,
367,20.6104736328125,,8.4546356201171875,
367.10000000000002,20.597698211669922,,9.0908279418945312,
367.19999999999999,19.849086761474609,,9.7806777954101562,
367.30000000000001,19.080028533935547,,10.227806091308594,
367.39999999999998,18.742771148681641,,10.375991821289062,
367.5,18.382514953613281,,10.194587707519531,
367.60000000000002,17.769313812255859,,9.79345703125,
367.69999999999999,17.087127685546875,,9.3616561889648438,
367.80000000000001,16.473930358886719,,8.8608779907226562,
367.89999999999998,15.732978820800781,,8.3626556396484375,
368,14.915382385253906,,7.9589614868164062,
368.10000000000002,14.358390808105469,,7.6549224853515625,
368.19999999999999,13.977691650390625,,7.3636474609375,
368.30000000000001,13.612327575683594,,7.0621566772460938,
368.39999999999998,13.326171875,,6.783660888671875,
368.5,13.239303588867188,,6.5767059326171875,
368.60000000000002,13.581672668457031,,6.46173095703125,
368.69999999999999,13.906158447265625,,6.3953018188476562,
368.80000000000001,13.653213500976562,,6.3723068237304688,
368.89999999999998,13.05023193359375,,6.35186767578125,
369,12.398704528808594,,6.27777099609375,
369.10000000000002,11.87237548828125,,6.1372528076171875,
369.19999999999999,11.555557250976562,,5.9865036010742188,
369.30000000000001,11.417587280273438,,5.8689727783203125,
369.39999999999998,11.657752990722656,,5.7821044921875,
369.5,12.253067016601562,,5.7412261962890625,
369.60000000000002,12.848388671875,,5.7412261962890625,
369.69999999999999,13.515243530273438,,5.7846603393554688,
369.80000000000001,14.371162414550781,,5.8332061767578125,
369.89999999999998,15.163215637207031,,5.90985107421875,
370,15.8275146484375,12.578617095947266,6.104034423828125,6.3424944877624512
370.10000000000002,16.558242797851562,,6.42596435546875,
370.19999999999999,17.370735168457031,,6.7555618286132812,
370.30000000000001,18.241989135742188,,7.0340576171875,
370.39999999999998,19.172008514404297,,7.3253250122070312,
370.5,20.15057373046875,,7.63958740234375,
370.60000000000002,21.111255645751953,,7.9564056396484375,
370.69999999999999,22.169025421142578,,8.3703231811523438,
370.80000000000001,23.155254364013672,,8.9758529663085938,
370.89999999999998,23.336658477783203,,9.8036727905273438,
371,22.483291625976562,,10.700477600097656,
371.10000000000002,21.522609710693359,,11.285575866699219,
371.19999999999999,20.888969421386719,,11.397994995117188,
371.30000000000001,20.344753265380859,,11.145050048828125,
371.39999999999998,19.833755493164062,,10.764350891113281,
371.5,19.187339782714844,,10.335113525390625,
371.60000000000002,18.553699493408203,,9.9135360717773438,
371.69999999999999,18.012039184570312,,9.5124053955078125,
371.80000000000001,17.286418914794922,,9.0627212524414062,
371.89999999999998,16.346183776855469,,8.6002731323242188,
372,15.508140563964844,,8.2323532104492188,
372.10000000000002,14.851509094238281,,7.9308624267578125,
372.19999999999999,14.192314147949219,,7.6191482543945312,
372.30000000000001,13.482025146484375,,7.2665557861328125,
372.39999999999998,12.769180297851562,,6.85009765625,
372.5,12.030784606933594,,6.4464035034179688,
372.60000000000002,11.427803039550781,,6.1832427978515625,
372.69999999999999,11.266838073730469,,6.121917724609375,
372.80000000000001,11.46868896484375,,6.1755752563476562,
372.89999999999998,11.793167114257812,,6.2726669311523438,
373,12.224967956542969,,6.35186767578125,
373.10000000000002,12.758956909179688,,6.3774185180664062,
373.19999999999999,13.287841796875,,6.4796218872070312,
373.30000000000001,13.924041748046875,,6.7504501342773438,
373.39999999999998,14.664993286132812,,7.041717529296875,
373.5,15.372726440429688,,7.2205657958984375,
373.60000000000002,16.060020446777344,,7.3994216918945312,
373.69999999999999,16.831626892089844,,7.5629425048828125,
373.80000000000001,17.593021392822266,,7.7009124755859375,
373.89999999999998,18.303310394287109,,7.91552734375,
374,19.110691070556641,,8.219573974609375,
374.10000000000002,20.038154602050781,,8.5338363647460938,
374.19999999999999,21.03460693359375,,8.8072280883789062,
374.30000000000001,22.061714172363281,,9.0499496459960938,
374.39999999999998,22.863983154296875,,9.3284454345703125,
374.5,23.226795196533203,,9.7909011840820312,
374.60000000000002,23.073493957519531,,10.542068481445312,
374.69999999999999,22.332546234130859,,11.336677551269531,
374.80000000000001,21.601814270019531,,11.960090637207031,
374.89999999999998,21.152133941650391,,12.12872314453125,
375,20.600254058837891,,11.763359069824219,
375.10000000000002,19.884853363037109,,11.244697570800781,
375.19999999999999,19.172008514404297,,10.810340881347656,
375.30000000000001,18.497489929199219,,10.419425964355469,
375.39999999999998,17.881736755371094,,10.000411987304688,
375.5,17.398841857910156,,9.6069412231445312,
375.60000000000002,16.979820251464844,,9.1904754638671875,
375.69999999999999,16.387062072753906,,8.7765655517578125,
375.80000000000001,15.605232238769531,,8.4009780883789062,
375.89999999999998,14.787628173828125,,8.035614013671875,
376,13.906158447265625,,7.6370315551757812,
376.10000000000002,13.065559387207031,,7.2282333374023438,
376.19999999999999,12.380821228027344,,6.85009765625,
376.30000000000001,11.777839660644531,,6.5179443359375,
376.39999999999998,11.269393920898438,,6.2905502319335938,
376.5,11.174858093261719,,6.2675552368164062,
376.60000000000002,11.512123107910156,,6.3314285278320312,
376.69999999999999,11.997573852539062,,6.3569793701171875,
376.80000000000001,12.526458740234375,,6.379974365234375,
376.89999999999998,13.119216918945312,,6.344207763671875,
377,13.678756713867188,,6.3212127685546875,
377.10000000000002,14.268966674804688,,6.4387359619140625,
377.19999999999999,15.086563110351562,,6.6661376953125,
377.30000000000001,15.998703002929688,,6.9165267944335938,
377.39999999999998,16.903167724609375,,7.189910888671875,
377.5,17.810195922851562,,7.4990615844726562,
377.60000000000002,18.663566589355469,,7.7520065307617188,
377.69999999999999,19.460723876953125,,7.9589614868164062,
377.80000000000001,20.385635375976562,,8.2681198120117188,
377.89999999999998,21.474063873291016,,8.6258163452148438,
378,22.595710754394531,,8.9835205078125,
378.10000000000002,23.561500549316406,,9.4664154052734375,
378.19999999999999,24.297340393066406,,10.005516052246094,
378.30000000000001,24.169589996337891,,10.611053466796875,
378.39999999999998,22.991733551025391,,11.321342468261719,
378.5,21.987621307373047,,12.080177307128906,
378.60000000000002,21.629920959472656,,12.568183898925781,
378.69999999999999,21.359088897705078,,12.430213928222656,
378.80000000000001,20.817428588867188,,11.847671508789062,
378.89999999999998,20.061149597167969,,11.129722595214844,
379,19.169456481933594,,10.467971801757812,
379.10000000000002,18.500045776367188,,9.9876327514648438,
379.19999999999999,18.239433288574219,,9.6427078247070312,
379.30000000000001,17.899620056152344,,9.3156661987304688,
379.39999999999998,17.260871887207031,,8.955413818359375,
379.5,16.346183776855469,,8.5210647583007812,
379.60000000000002,15.262863159179688,,7.97174072265625,
379.69999999999999,14.18975830078125,,7.3713150024414062,
379.80000000000001,13.190757751464844,,6.8271026611328125,
379.89999999999998,12.454917907714844,,6.4234085083007812,
380,11.959243774414062,11.111110687255859,6.1627960205078125,11.111110687255859
380.10000000000002,11.542778015136719,,5.9865036010742188,
380.19999999999999,11.39459228515625,,5.9686203002929688,
380.30000000000001,11.675643920898438,,6.1244735717773438,
380.39999999999998,12.058891296386719,,6.5051727294921875,
380.5,12.411483764648438,,7.1669158935546875,
380.60000000000002,12.927589416503906,,7.7979965209960938,
380.69999999999999,13.591888427734375,,8.1020431518554688,
380.80000000000001,14.406936645507812,,8.1684722900390625,
380.89999999999998,15.267967224121094,,8.163360595703125,
381,15.980812072753906,,8.15570068359375,
381.10000000000002,16.558242797851562,,8.1812515258789062,
381.19999999999999,17.276199340820312,,8.3268814086914062,
381.30000000000001,18.170448303222656,,8.5644989013671875,
381.39999999999998,19.072364807128906,,8.8327713012695312,
381.5,19.987056732177734,,9.0806121826171875,
381.60000000000002,20.963066101074219,,9.2466812133789062,
381.69999999999999,21.923744201660156,,9.3846511840820312,
381.80000000000001,22.943191528320312,,9.5226211547851562,
381.89999999999998,24.128711700439453,,9.8138961791992188,
382,25.117496490478516,,10.286567687988281,
382.10000000000002,25.362773895263672,,10.95086669921875,
382.19999999999999,24.453193664550781,,11.735252380371094,
382.30000000000001,23.155254364013672,,12.256477355957031,
382.39999999999998,22.133255004882812,,12.299911499023438,
382.5,21.093368530273438,,11.868110656738281,
382.60000000000002,20.176124572753906,,11.26513671875,
382.69999999999999,19.453060150146484,,10.662155151367188,
382.80000000000001,18.811756134033203,,10.097496032714844,
382.89999999999998,18.270095825195312,,9.6478195190429688,
383,17.7412109375,,9.2262420654296875,
383.10000000000002,17.120346069335938,,8.8302230834960938,
383.19999999999999,16.4892578125,,8.4699630737304688,
383.30000000000001,16.006362915039062,,8.1812515258789062,
383.39999999999998,15.485145568847656,,7.9231948852539062,
383.5,14.736534118652344,,7.5961532592773438,
383.60000000000002,13.832061767578125,,7.1822433471679688,
383.69999999999999,12.917373657226562,,6.712127685546875,
383.80000000000001,12.086997985839844,,6.2752227783203125,
383.89999999999998,11.422698974609375,,5.9813919067382812,
384,11.087989807128906,,5.8970794677734375,
384.10000000000002,11.095657348632812,,5.9507369995117188,
384.19999999999999,11.392036437988281,,6.086151123046875,
384.30000000000001,11.895370483398438,,6.252227783203125,
384.39999999999998,12.439582824707031,,6.3672027587890625,
384.5,12.963363647460938,,6.4208526611328125,
384.60000000000002,13.612327575683594,,6.5562667846679688,
384.69999999999999,14.386497497558594,,6.8271026611328125,
384.80000000000001,15.216873168945312,,7.097930908203125,
384.89999999999998,16.111122131347656,,7.3023300170898438,
385,17.145896911621094,,7.447967529296875,
385.10000000000002,18.295646667480469,,7.6268157958984375,
385.19999999999999,19.355968475341797,,7.9487457275390625,
385.30000000000001,20.393299102783203,,8.4163131713867188,
385.39999999999998,21.410190582275391,,8.8659896850585938,
385.5,22.434745788574219,,9.2287979125976562,
385.60000000000002,23.551280975341797,,9.5456161499023438,
385.69999999999999,24.629489898681641,,9.8598861694335938,
385.80000000000001,25.043399810791016,,10.327445983886719,
385.89999999999998,24.471080780029297,,11.045402526855469,
386,23.374984741210938,,11.730140686035156,
386.10000000000002,22.294219970703125,,12.195152282714844,
386.19999999999999,21.568599700927734,,12.358673095703125,
386.30000000000001,21.103591918945312,,12.011192321777344,
386.39999999999998,20.490390777587891,,11.308570861816406,
386.5,19.619136810302734,,10.595726013183594,
386.60000000000002,18.839859008789062,,10.064285278320312,
386.69999999999999,18.341636657714844,,9.6299362182617188,
386.80000000000001,17.986488342285156,,9.1981430053710938,
386.89999999999998,17.570026397705078,,8.8532180786132812,
387,17.010482788085938,,8.5849380493164062,
387.10000000000002,16.307853698730469,,8.3626556396484375,
387.19999999999999,15.612892150878906,,8.1940231323242188,
387.30000000000001,15.285858154296875,,8.127593994140625,
387.39999999999998,15.084007263183594,,8.0330581665039062,
387.5,14.532127380371094,,7.78778076171875,
387.60000000000002,13.665985107421875,,7.4121932983398438,
387.69999999999999,12.988906860351562,,6.9906158447265625,
387.80000000000001,12.779403686523438,,6.85009765625,
387.89999999999998,12.930145263671875,,7.23590087890625,
388,13.165206909179688,,7.8107757568359375,
388.10000000000002,13.162651062011719,,8.2400131225585938,
388.19999999999999,13.461585998535156,,8.697357177734375,
388.30000000000001,14.460586547851562,,9.1368179321289062,
388.39999999999998,15.66143798828125,,9.231353759765625,
388.5,16.629783630371094,,9.2339096069335938,
388.60000000000002,17.480598449707031,,9.6861419677734375,
388.69999999999999,18.609909057617188,,10.506301879882812,
388.80000000000001,20.091808319091797,,11.740364074707031,
388.89999999999998,21.701461791992188,,13.825241088867188,
389,23.265121459960938,,16.822257995605469,
389.10000000000002,24.399539947509766,,20.705860137939453,
389.19999999999999,24.882434844970703,,24.965042114257812,
389.30000000000001,25.723030090332031,,28.697898864746094,
389.39999999999998,27.708263397216797,,31.380649566650391,
389.5,30.309253692626953,,32.609603881835938,
389.60000000000002,32.419685363769531,,32.716915130615234,
389.69999999999999,33.717624664306641,,32.136928558349609,
389.80000000000001,34.798389434814453,,30.757228851318359,
389.89999999999998,34.979793548583984,,29.231895446777344,
390,34.042110443115234,12.064342498779297,27.560924530029297,0
390.10000000000002,33.883701324462891,,25.161777496337891,
390.19999999999999,34.5556640625,,22.685985565185547,
390.30000000000001,34.657863616943359,,20.672645568847656,
390.39999999999998,34.325714111328125,,19.057884216308594,
390.5,33.876033782958984,,17.683292388916016,
390.60000000000002,33.446796417236328,,16.495220184326172,
390.69999999999999,33.043106079101562,,15.51409912109375,
390.80000000000001,32.562763214111328,,14.803810119628906,
390.89999999999998,31.952117919921875,,14.326026916503906,
391,30.976108551025391,,13.746040344238281,
391.10000000000002,29.839134216308594,,13.06640625,
391.19999999999999,28.868236541748047,,12.601402282714844,
391.30000000000001,28.211601257324219,,12.483871459960938,
391.39999999999998,27.557518005371094,,12.453208923339844,
391.5,26.402660369873047,,12.149162292480469,
391.60000000000002,25.137935638427734,,11.852783203125,
391.69999999999999,24.391876220703125,,12.069961547851562,
391.80000000000001,23.786338806152344,,12.453208923339844,
391.89999999999998,22.674915313720703,,12.5145263671875,
392,21.182796478271484,,12.233482360839844,
392.10000000000002,19.092803955078125,,11.548736572265625,
392.19999999999999,16.83929443359375,,10.457756042480469,
392.30000000000001,15.584793090820312,,9.1751480102539062,
392.39999999999998,15.099342346191406,,8.2681198120117188,
392.5,14.3558349609375,,7.815887451171875,
392.60000000000002,13.456474304199219,,7.6932449340820312,
392.69999999999999,13.052787780761719,,7.9870681762695312,
392.80000000000001,13.298065185546875,,8.477630615234375,
392.89999999999998,14.18975830078125,,8.9528579711914062,
393,15.564353942871094,,9.36932373046875,
393.10000000000002,17.276199340820312,,9.8777694702148438,
393.19999999999999,19.016155242919922,,10.6749267578125,
393.30000000000001,20.613029479980469,,11.883445739746094,
393.39999999999998,22.350429534912109,,13.355125427246094,
393.5,24.230911254882812,,14.969886779785156,
393.60000000000002,26.016853332519531,,17.047100067138672,
393.69999999999999,27.419548034667969,,19.832050323486328,
393.80000000000001,28.699604034423828,,22.443260192871094,
393.89999999999998,30.357799530029297,,23.922603607177734,
394,31.939346313476562,,25.182220458984375,
394.10000000000002,33.582210540771484,,26.194000244140625,
394.19999999999999,35.217411041259766,,26.400955200195312,
394.30000000000001,36.413150787353516,,26.135234832763672,
394.39999999999998,37.217975616455078,,24.781082153320312,
394.5,37.164318084716797,,22.816287994384766,
394.60000000000002,36.814285278320312,,21.152984619140625,
394.69999999999999,36.719749450683594,,19.706855773925781,
394.80000000000001,36.471916198730469,,18.449794769287109,
394.89999999999998,35.822944641113281,,17.351142883300781,
395,34.703853607177734,,16.395572662353516,
395.10000000000002,33.163188934326172,,15.4578857421875,
395.19999999999999,31.119190216064453,,14.402671813964844,
395.30000000000001,29.108406066894531,,13.447105407714844,
395.39999999999998,27.514083862304688,,12.721481323242188,
395.5,26.269798278808594,,12.197708129882812,
395.60000000000002,25.439426422119141,,11.919212341308594,
395.69999999999999,24.828781127929688,,11.783798217773438,
395.80000000000001,24.118488311767578,,11.648384094238281,
395.89999999999998,23.16802978515625,,11.528297424316406,
396,22.179244995117188,,11.431205749511719,
396.10000000000002,21.136806488037109,,11.249801635742188,
396.19999999999999,19.946174621582031,,10.966201782226562,
396.30000000000001,18.745326995849609,,10.557395935058594,
396.39999999999998,17.549583435058594,,9.9339828491210938,
396.5,16.6732177734375,,9.2466812133789062,
396.60000000000002,16.295082092285156,,8.6309280395507812,
396.69999999999999,15.922050476074219,,8.1378173828125,
396.80000000000001,15.390609741210938,,7.8312149047851562,
396.89999999999998,15.020133972167969,,7.7366790771484375,
397,15.009918212890625,,7.8184356689453125,
397.10000000000002,15.47747802734375,,7.9896240234375,
397.19999999999999,16.481597900390625,,8.2323532104492188,
397.30000000000001,17.871513366699219,,8.735687255859375,
397.39999999999998,19.667678833007812,,9.4178695678710938,
397.5,21.6043701171875,,10.176704406738281,
397.60000000000002,23.231903076171875,,11.234474182128906,
397.69999999999999,24.427646636962891,,12.823684692382812,
397.80000000000001,25.403656005859375,,15.491104125976562,
397.89999999999998,26.548294067382812,,19.558662414550781,
398,28.13494873046875,,23.697765350341797,
398.10000000000002,30.166175842285156,,26.536369323730469,
398.19999999999999,32.294490814208984,,28.396408081054688,
398.30000000000001,34.287387847900391,,29.822097778320312,
398.39999999999998,35.940475463867188,,30.619258880615234,
398.5,37.146434783935547,,30.708683013916016,
398.60000000000002,38.010025024414062,,30.289665222167969,
398.69999999999999,37.695758819580078,,29.247222900390625,
398.80000000000001,35.904705047607422,,27.622241973876953,
398.89999999999998,35.043670654296875,,25.414722442626953,
399,35.753959655761719,,22.941482543945312,
399.10000000000002,35.978797912597656,,20.874488830566406,
399.19999999999999,35.056446075439453,,19.259727478027344,
399.30000000000001,33.620532989501953,,17.897914886474609,
399.39999999999998,31.967449188232422,,16.651073455810547,
399.5,30.301589965820312,,15.521766662597656,
399.60000000000002,28.937221527099609,,14.561080932617188,
399.69999999999999,27.777248382568359,,13.702606201171875,
399.80000000000001,26.502304077148438,,12.95654296875,
399.89999999999998,24.902873992919922,,12.261581420898438,
400,23.191024780273438,14.492753982543945,11.604949951171875,13.483146667480469
400.10000000000002,21.744895935058594,,11.012191772460938,
400.19999999999999,20.607921600341797,,10.447532653808594,
400.30000000000001,19.514381408691406,,9.9007644653320312,
400.39999999999998,18.2930908203125,,9.3131179809570312,
400.5,16.875068664550781,,8.7152481079101562,
400.60000000000002,15.334403991699219,,8.1659164428710938,
400.69999999999999,13.918930053710938,,7.6472549438476562,
400.80000000000001,12.743629455566406,,7.1950225830078125,
400.89999999999998,11.867263793945312,,6.8449859619140625,
401,11.425247192382812,,6.655914306640625,
401.10000000000002,11.471237182617188,,6.599700927734375,
401.19999999999999,11.880043029785156,,6.599700927734375,
401.30000000000001,12.347602844238281,,6.5792617797851562,
401.39999999999998,12.82794189453125,,6.592041015625,
401.5,13.41815185546875,,6.6814651489257812,
401.60000000000002,14.046676635742188,,6.7964401245117188,
401.69999999999999,14.626663208007812,,6.9599609375,
401.80000000000001,15.306297302246094,,7.1285858154296875,
401.89999999999998,16.031913757324219,,7.2742233276367188,
402,16.685997009277344,,7.38153076171875,
402.10000000000002,17.531700134277344,,7.6089324951171875,
402.19999999999999,18.540924072265625,,7.9819564819335938,
402.30000000000001,19.596141815185547,,8.4086456298828125,
402.39999999999998,20.659019470214844,,8.9119796752929688,
402.5,21.543048858642578,,9.5021820068359375,
402.60000000000002,21.7142333984375,,10.176704406738281,
402.69999999999999,21.026939392089844,,10.948310852050781,
402.80000000000001,20.360084533691406,,11.735252380371094,
402.89999999999998,20.035598754882812,,12.103172302246094,
403,19.718780517578125,,11.921768188476562,
403.10000000000002,19.263988494873047,,11.426101684570312,
403.19999999999999,18.724884033203125,,10.818008422851562,
403.30000000000001,18.109130859375,,10.3070068359375,
403.39999999999998,17.444831848144531,,9.9263153076171875,
403.5,16.956825256347656,,9.617156982421875,
403.60000000000002,16.509696960449219,,9.3131179809570312,
403.69999999999999,15.904167175292969,,8.9937362670898438,
403.80000000000001,15.244972229003906,,8.6667022705078125,
403.89999999999998,14.570457458496094,,8.26556396484375,
404,13.760520935058594,,7.7979965209960938,
404.10000000000002,12.871383666992188,,7.3636474609375,
404.19999999999999,12.125320434570312,,7.0008392333984375,
404.30000000000001,11.5223388671875,,6.68402099609375,
404.39999999999998,11.113540649414062,,6.4693984985351562,
404.5,11.029228210449219,,6.3927459716796875,
404.60000000000002,11.167198181152344,,6.35186767578125,
404.69999999999999,11.325607299804688,,6.2266769409179688,
404.80000000000001,11.512123107910156,,6.0784835815429688,
404.89999999999998,11.8902587890625,,6.0146102905273438,
405,12.419143676757812,,6.0069427490234375,
405.10000000000002,12.97613525390625,,6.0171661376953125,
405.19999999999999,13.464141845703125,,6.0248260498046875,
405.30000000000001,13.962364196777344,,6.0810394287109375,
405.39999999999998,14.537239074707031,,6.2190093994140625,
405.5,15.165771484375,,6.4387359619140625,
405.60000000000002,15.91949462890625,,6.7172317504882812,
405.69999999999999,16.875068664550781,,7.01361083984375,
405.80000000000001,17.891956329345703,,7.3610916137695312,
405.89999999999998,18.929286956787109,,7.7826690673828125,
406,19.749439239501953,,8.2706756591796875,
406.10000000000002,19.808204650878906,,8.96563720703125,
406.19999999999999,19.276763916015625,,10.043846130371094,
406.30000000000001,18.806644439697266,,11.109275817871094,
406.39999999999998,18.5869140625,,11.497642517089844,
406.5,18.275203704833984,,11.221702575683594,
406.60000000000002,17.782089233398438,,10.662155151367188,
406.69999999999999,17.145896911621094,,10.059173583984375,
406.80000000000001,16.399833679199219,,9.5405120849609375,
406.89999999999998,15.778968811035156,,9.1547012329101562,
407,15.301185607910156,,8.845550537109375,
407.10000000000002,14.841285705566406,,8.5721664428710938,
407.19999999999999,14.368606567382812,,8.2783432006835938,
407.30000000000001,13.829505920410156,,7.9385223388671875,
407.39999999999998,13.106437683105469,,7.5884857177734375,
407.5,12.316947937011719,,7.2333450317382812,
407.60000000000002,11.685859680175781,,6.8730926513671875,
407.69999999999999,11.177413940429688,,6.5230560302734375,
407.80000000000001,10.806938171386719,,6.2931060791015625,
407.89999999999998,10.686859130859375,,6.1934585571289062,
408,10.73284912109375,,6.13214111328125,
408.10000000000002,10.845268249511719,,6.0554885864257812,
408.19999999999999,11.113540649414062,,6.0069427490234375,
408.30000000000001,11.596435546875,,6.0324935913085938,
408.39999999999998,12.207077026367188,,6.1423568725585938,
408.5,12.835609436035156,,6.3365402221679688,
408.60000000000002,13.482025146484375,,6.5409393310546875,
408.69999999999999,14.067123413085938,,6.7376708984375,
408.80000000000001,14.657325744628906,,6.9701766967773438,
408.89999999999998,15.375282287597656,,7.2205657958984375,
409,16.113677978515625,,7.45562744140625,
409.10000000000002,16.83929443359375,,7.6651382446289062,
409.19999999999999,17.718215942382812,,7.8490982055664062,
409.30000000000001,18.625240325927734,,8.063720703125,
409.39999999999998,19.491386413574219,,8.3958663940429688,
409.5,20.475059509277344,,8.8736572265625,
409.60000000000002,21.154689788818359,,9.4459762573242188,
409.69999999999999,21.009056091308594,,10.238021850585938,
409.80000000000001,20.33453369140625,,11.132270812988281,
409.89999999999998,19.741775512695312,,11.556404113769531,
410,19.164344787597656,14.492753982543945,11.349449157714844,13.483146667480469
410.10000000000002,18.56903076171875,,10.943206787109375,
410.19999999999999,18.139789581298828,,10.58294677734375,
410.30000000000001,17.779533386230469,,10.225250244140625,
410.39999999999998,17.352851867675781,,9.8777694702148438,
410.5,16.936386108398438,,9.5149612426757812,
410.60000000000002,16.47137451171875,,9.1521530151367188,
410.69999999999999,15.801963806152344,,8.8199996948242188,
410.80000000000001,15.053352355957031,,8.5006256103515625,
410.89999999999998,14.28173828125,,8.1403656005859375,
411,13.474357604980469,,7.723907470703125,
411.10000000000002,12.707862854003906,,7.3074417114257812,
411.19999999999999,12.012901306152344,,6.86798095703125,
411.30000000000001,11.317939758300781,,6.4693984985351562,
411.39999999999998,10.740509033203125,,6.2675552368164062,
411.5,10.495231628417969,,6.3263168334960938,
411.60000000000002,10.610206604003906,,6.50006103515625,
411.69999999999999,10.924468994140625,,6.5869293212890625,
411.80000000000001,11.389480590820312,,6.5690460205078125,
411.89999999999998,11.905593872070312,,6.546051025390625,
412,12.414031982421875,,6.6405868530273438,
412.10000000000002,13.022125244140625,,6.8347625732421875,
412.19999999999999,13.74774169921875,,7.005950927734375,
412.30000000000001,14.532127380371094,,7.1541366577148438,
412.39999999999998,15.313957214355469,,7.2844467163085938,
412.5,16.014030456542969,,7.4249725341796875,
412.60000000000002,16.703880310058594,,7.6089324951171875,
412.69999999999999,17.600685119628906,,7.8925323486328125,
412.80000000000001,18.581806182861328,,8.2323532104492188,
412.89999999999998,19.519489288330078,,8.6130447387695312,
413,20.449508666992188,,9.029510498046875,
413.10000000000002,21.25433349609375,,9.3999862670898438,
413.19999999999999,21.573711395263672,,9.8087844848632812,
413.30000000000001,21.216011047363281,,10.462867736816406,
413.39999999999998,20.393299102783203,,11.321342468261719,
413.5,19.580810546875,,12.0009765625,
413.60000000000002,19.026374816894531,,12.105728149414062,
413.69999999999999,18.520484924316406,,11.620277404785156,
413.80000000000001,17.897064208984375,,10.963645935058594,
413.89999999999998,17.332408905029297,,10.404098510742188,
414,16.967048645019531,,9.9748611450195312,
414.10000000000002,16.504592895507812,,9.55328369140625,
414.19999999999999,15.888832092285156,,9.1368179321289062,
414.30000000000001,15.290962219238281,,8.7459030151367188,
414.39999999999998,14.636886596679688,,8.3422164916992188,
414.5,13.908706665039062,,7.9640731811523438,
414.60000000000002,13.326171875,,7.6625823974609375,
414.69999999999999,12.856048583984375,,7.391754150390625,
414.80000000000001,12.322052001953125,,7.0774917602539062,
414.89999999999998,11.874931335449219,,6.857757568359375,
415,11.673088073730469,,6.747894287109375,
415.10000000000002,11.547889709472656,,6.64569091796875,
415.19999999999999,11.527450561523438,,6.5613784790039062,
415.30000000000001,11.864707946777344,,6.5971527099609375,
415.39999999999998,12.457473754882812,,6.6967926025390625,
415.5,13.068115234375,,6.7504501342773438,
415.60000000000002,13.691535949707031,,6.7913284301757812,
415.69999999999999,14.33795166015625,,6.8909759521484375,
415.80000000000001,15.004806518554688,,7.0647125244140625,
415.89999999999998,15.804519653320312,,7.3253250122070312,
416,16.742202758789062,,7.5833816528320312,
416.10000000000002,17.736099243164062,,7.7647857666015625,
416.19999999999999,18.763210296630859,,7.9819564819335938,
416.30000000000001,19.744331359863281,,8.2553482055664062,
416.39999999999998,20.579814910888672,,8.551727294921875,
416.5,21.410190582275391,,8.937530517578125,
416.60000000000002,22.158805847167969,,9.4587478637695312,
416.69999999999999,22.181800842285156,,10.161376953125,
416.80000000000001,21.384639739990234,,11.007080078125,
416.89999999999998,20.807209014892578,,11.622833251953125,
417,20.541488647460938,,11.599838256835938,
417.10000000000002,19.992164611816406,,11.13482666015625,
417.19999999999999,19.353416442871094,,10.726028442382812,
417.30000000000001,18.617576599121094,,10.342781066894531,
417.39999999999998,17.733543395996094,,9.8803253173828125,
417.5,16.816299438476562,,9.4025421142578125,
417.60000000000002,15.906723022460938,,8.8864288330078125,
417.69999999999999,15.022689819335938,,8.3958663940429688,
417.80000000000001,14.184646606445312,,7.9742965698242188,
417.89999999999998,13.479469299316406,,7.6344757080078125,
418,12.838165283203125,,7.3202133178710938,
418.10000000000002,12.16619873046875,,6.9701766967773438,
418.19999999999999,11.558113098144531,,6.6048126220703125,
418.30000000000001,10.98834228515625,,6.2675552368164062,
418.39999999999998,10.518226623535156,,6.0606002807617188,
418.5,10.393028259277344,,6.0784835815429688,
418.60000000000002,10.743064880371094,,6.2471160888671875,
418.69999999999999,11.343490600585938,,6.344207763671875,
418.80000000000001,11.951583862304688,,6.3876419067382812,
418.89999999999998,12.53411865234375,,6.5051727294921875,
419,13.063003540039062,,6.673797607421875,
419.10000000000002,13.622550964355469,,6.9114151000976562,
419.19999999999999,14.348167419433594,,7.19757080078125,
419.30000000000001,15.285858154296875,,7.4121932983398438,
419.39999999999998,16.338516235351562,,7.6012649536132812,
419.5,17.355403900146484,,7.7979965209960938,
419.60000000000002,18.175559997558594,,7.961517333984375,
419.69999999999999,18.837306976318359,,8.1403656005859375,
419.80000000000001,19.660015106201172,,8.4571914672851562,
419.89999999999998,20.579814910888672,,8.8046722412109375,
420,21.415298461914062,14.319809913635254,9.1266021728515625,14.218009948730469
420.10000000000002,21.870090484619141,,9.6248245239257812,
420.19999999999999,21.578819274902344,,10.340225219726562,
420.30000000000001,20.825096130371094,,11.017295837402344,
420.39999999999998,20.268104553222656,,11.418434143066406,
420.5,19.879745483398438,,11.415878295898438,
420.60000000000002,19.309978485107422,,11.022407531738281,
420.69999999999999,18.684005737304688,,10.521629333496094,
420.80000000000001,18.050365447998047,,10.000411987304688,
420.89999999999998,17.424388885498047,,9.5277328491210938,
421,16.877616882324219,,9.1700363159179688,
421.10000000000002,16.448379516601562,,8.9222030639648438,
421.19999999999999,16.039581298828125,,8.6922531127929688,
421.30000000000001,15.5694580078125,,8.4341964721679688,
421.39999999999998,15.058464050292969,,8.2170181274414062,
421.5,14.394157409667969,,7.9410781860351562,
421.60000000000002,13.653213500976562,,7.5527191162109375,
421.69999999999999,13.144767761230469,,7.0315017700195312,
421.80000000000001,12.605659484863281,,6.5690460205078125,
421.89999999999998,11.65264892578125,,6.3109893798828125,
422,10.472236633300781,,6.0606002807617188,
422.10000000000002,9.55499267578125,,5.7284469604492188,
422.19999999999999,9.3556976318359375,,5.516387939453125,
422.30000000000001,10.022552490234375,,5.7412261962890625,
422.39999999999998,11.197853088378906,,6.2011260986328125,
422.5,12.168754577636719,,6.4489593505859375,
422.60000000000002,12.876487731933594,,6.581817626953125,
422.69999999999999,13.668540954589844,,6.7530059814453125,
422.80000000000001,14.470809936523438,,6.9165267944335938,
422.89999999999998,15.209205627441406,,7.133697509765625,
423,15.9757080078125,,7.4786224365234375,
423.10000000000002,16.813743591308594,,7.82354736328125,
423.19999999999999,17.779533386230469,,8.1505889892578125,
423.30000000000001,18.844970703125,,8.4852981567382812,
423.39999999999998,19.772434234619141,,8.8097763061523438,
423.5,20.219558715820312,,9.2517929077148438,
423.60000000000002,20.063705444335938,,10.066841125488281,
423.69999999999999,19.688121795654297,,11.093948364257812,
423.80000000000001,19.437728881835938,,11.809349060058594,
423.89999999999998,19.049369812011719,,11.829788208007812,
424,18.471939086914062,,11.3009033203125,
424.10000000000002,17.766761779785156,,10.669822692871094,
424.19999999999999,16.977264404296875,,10.092391967773438,
424.30000000000001,16.297637939453125,,9.6248245239257812,
424.39999999999998,15.663993835449219,,9.2415771484375,
424.5,14.953704833984375,,8.9451980590820312,
424.60000000000002,14.031349182128906,,8.7918930053710938,
424.69999999999999,12.965911865234375,,8.753570556640625,
424.80000000000001,12.007789611816406,,8.7510147094726562,
424.89999999999998,11.256622314453125,,8.7177963256835938,
425,10.645973205566406,,8.5108413696289062,
425.10000000000002,10.344482421875,,8.1020431518554688,
425.19999999999999,10.993453979492188,,8.1480331420898438,
425.30000000000001,12.048667907714844,,9.3310012817382812,
425.39999999999998,12.268402099609375,,11.078620910644531,
425.5,12.4063720703125,,12.614173889160156,
425.60000000000002,13.346611022949219,,13.518646240234375,
425.69999999999999,14.634330749511719,,13.771591186523438,
425.80000000000001,15.832626342773438,,13.927444458007812,
425.89999999999998,16.928718566894531,,14.2825927734375,
426,17.738655090332031,,14.99798583984375,
426.10000000000002,18.262428283691406,,16.436454772949219,
426.19999999999999,19.205226898193359,,19.165195465087891,
426.30000000000001,20.70245361328125,,23.015579223632812,
426.39999999999998,22.623813629150391,,27.129127502441406,
426.5,24.706138610839844,,30.74700927734375,
426.60000000000002,27.493644714355469,,33.493633270263672,
426.69999999999999,29.908119201660156,,35.644943237304688,
426.80000000000001,32.36602783203125,,37.451328277587891,
426.89999999999998,34.691078186035156,,38.716053009033203,
427,36.4693603515625,,39.439117431640625,
427.10000000000002,37.864387512207031,,39.661403656005859,
427.19999999999999,39.037136077880859,,39.290927886962891,
427.30000000000001,40.230319976806641,,38.225494384765625,
427.39999999999998,41.101573944091797,,36.130393981933594,
427.5,43.038265228271484,,32.239128112792969,
427.60000000000002,46.737903594970703,,28.133243560791016,
427.69999999999999,48.794677734375,,25.667667388916016,
427.80000000000001,47.614269256591797,,23.470367431640625,
427.89999999999998,44.635139465332031,,21.214302062988281,
428,41.190998077392578,,19.550998687744141,
428.10000000000002,38.176097869873047,,18.337375640869141,
428.19999999999999,35.577663421630859,,17.369029998779297,
428.30000000000001,33.181076049804688,,16.518215179443359,
428.39999999999998,31.185619354248047,,15.754268646240234,
428.5,29.49676513671875,,15.003097534179688,
428.60000000000002,27.979095458984375,,14.3924560546875,
428.69999999999999,26.992866516113281,,14.037307739257812,
428.80000000000001,26.471645355224609,,13.756256103515625,
428.89999999999998,25.671928405761719,,13.49053955078125,
429,24.138931274414062,,13.316802978515625,
429.10000000000002,22.733680725097656,,13.602958679199219,
429.19999999999999,21.778110504150391,,14.356681823730469,
429.30000000000001,20.352420806884766,,14.637733459472656,
429.39999999999998,18.727439880371094,,14.011756896972656,
429.5,17.756538391113281,,12.703598022460938,
429.60000000000002,17.117790222167969,,10.672370910644531,
429.69999999999999,16.080459594726562,,8.8046722412109375,
429.80000000000001,14.805519104003906,,7.8133316040039062,
429.89999999999998,14.133552551269531,,7.41986083984375,
430,13.977691650390625,0,7.7571182250976562,0
430.10000000000002,14.26385498046875,,8.7663421630859375,
430.19999999999999,14.928153991699219,,10.263572692871094,
430.30000000000001,15.451927185058594,,12.105728149414062,
430.39999999999998,15.855621337890625,,14.147171020507812,
430.5,16.348731994628906,,16.24993896484375,
430.60000000000002,17.181663513183594,,18.710403442382812,
430.69999999999999,18.093799591064453,,22.008907318115234,
430.80000000000001,19.103023529052734,,26.07391357421875,
430.89999999999998,20.648799896240234,,30.647361755371094,
431,22.621261596679688,,34.311233520507812,
431.10000000000002,25.022960662841797,,36.102287292480469,
431.19999999999999,27.233036041259766,,36.876453399658203,
431.30000000000001,29.011314392089844,,37.499874114990234,
431.39999999999998,30.656734466552734,,38.238269805908203,
431.5,31.645519256591797,,38.414562225341797,
431.60000000000002,32.028770446777344,,37.379787445068359,
431.69999999999999,32.866809844970703,,35.632167816162109,
431.80000000000001,33.970569610595703,,33.813007354736328,
431.89999999999998,35.120319366455078,,32.251903533935547,
432,35.863822937011719,,31.669364929199219,
432.10000000000002,36.415702819824219,,30.453182220458984,
432.19999999999999,37.923152923583984,,27.162342071533203,
432.30000000000001,39.318183898925781,,23.950710296630859,
432.39999999999998,39.359066009521484,,21.656318664550781,
432.5,37.979362487792969,,19.747734069824219,
432.60000000000002,35.610877990722656,,18.058879852294922,
432.69999999999999,32.935794830322266,,16.630634307861328,
432.80000000000001,30.429340362548828,,15.47833251953125,
432.89999999999998,27.973983764648438,,14.3541259765625,
433,25.505855560302734,,13.235038757324219,
433.10000000000002,23.173141479492188,,12.197708129882812,
433.19999999999999,21.193016052246094,,11.323898315429688,
433.30000000000001,19.769878387451172,,10.65704345703125,
433.39999999999998,18.773429870605469,,10.166481018066406,
433.5,17.799976348876953,,9.6427078247070312,
433.60000000000002,16.775421142578125,,9.0831680297851562,
433.69999999999999,15.922050476074219,,8.5721664428710938,
433.80000000000001,15.155548095703125,,8.1045989990234375,
433.89999999999998,14.054344177246094,,7.6217041015625,
434,12.597991943359375,,7.12603759765625,
434.10000000000002,11.21063232421875,,6.6661376953125,
434.19999999999999,10.165634155273438,,6.2471160888671875,
434.30000000000001,9.4400177001953125,,5.9711761474609375,
434.39999999999998,9.2075119018554688,,5.9073028564453125,
434.5,9.4297943115234375,,5.90985107421875,
434.60000000000002,9.838592529296875,,5.8894119262695312,
434.69999999999999,10.232063293457031,,5.8868560791015625,
434.80000000000001,10.564216613769531,,5.8817520141601562,
434.89999999999998,11.016448974609375,,5.856201171875,
435,11.581108093261719,,5.884307861328125,
435.10000000000002,12.173866271972656,,5.9175186157226562,
435.19999999999999,12.7001953125,,5.9328460693359375,
435.30000000000001,13.190757751464844,,6.1014785766601562,
435.39999999999998,13.816726684570312,,6.3697509765625,
435.5,14.603668212890625,,6.6354751586914062,
435.60000000000002,15.434043884277344,,6.9241867065429688,
435.69999999999999,16.295082092285156,,7.2205657958984375,
435.80000000000001,17.117790222167969,,7.547607421875,
435.89999999999998,17.736099243164062,,7.953857421875,
436,18.198554992675781,,8.587493896484375,
436.10000000000002,18.272651672363281,,9.5124053955078125,
436.19999999999999,17.945610046386719,,10.536956787109375,
436.30000000000001,17.641563415527344,,11.13482666015625,
436.39999999999998,17.347740173339844,,10.986640930175781,
436.5,16.795860290527344,,10.496078491210938,
436.60000000000002,16.052352905273438,,9.9927444458007812,
436.69999999999999,15.375282287597656,,9.525177001953125,
436.80000000000001,14.884719848632812,,9.1419296264648438,
436.89999999999998,14.516799926757812,,8.8736572265625,
437,14.314956665039062,,8.6590347290039062,
437.10000000000002,14.171875,,8.4648513793945312,
437.19999999999999,13.855056762695312,,8.2349014282226562,
437.30000000000001,13.333831787109375,,7.93341064453125,
437.39999999999998,12.684867858886719,,7.5706024169921875,
437.5,11.94647216796875,,7.16180419921875,
437.60000000000002,11.164642333984375,,6.7530059814453125,
437.69999999999999,10.500343322753906,,6.3774185180664062,
437.80000000000001,10.122200012207031,,6.0810394287109375,
437.89999999999998,10.030220031738281,,5.8613128662109375,
438,10.237174987792969,,5.7821044921875,
438.10000000000002,10.69451904296875,,5.7591094970703125,
438.19999999999999,11.323051452636719,,5.746337890625,
438.30000000000001,11.98223876953125,,5.7821044921875,
438.39999999999998,12.610771179199219,,5.8408660888671875,
438.5,13.19586181640625,,5.9251861572265625,
438.60000000000002,13.760520935058594,,6.0631561279296875,
438.69999999999999,14.491249084472656,,6.2471160888671875,
438.80000000000001,15.262863159179688,,6.4208526611328125,
438.89999999999998,15.819847106933594,,6.6226959228515625,
439,16.057464599609375,,6.9548492431640625,
439.10000000000002,16.044692993164062,,7.4070816040039062,
439.19999999999999,15.924606323242188,,7.943634033203125,
439.30000000000001,16.100898742675781,,8.697357177734375,
439.39999999999998,16.964492797851562,,9.139373779296875,
439.5,17.797420501708984,,9.1291580200195312,
439.60000000000002,17.429500579833984,,9.7397994995117188,
439.69999999999999,16.691108703613281,,10.866554260253906,
439.80000000000001,16.637451171875,,11.551292419433594,
439.89999999999998,16.8955078125,,11.737808227539062,
440,16.880172729492188,12.820512771606445,11.50274658203125,13.761467933654785
440.10000000000002,16.28741455078125,,10.856330871582031,
440.19999999999999,15.513252258300781,,10.151153564453125,
440.30000000000001,14.869392395019531,,9.5967178344726562,
440.39999999999998,14.238304138183594,,9.0627212524414062,
440.5,13.604667663574219,,8.5747222900390625,
440.60000000000002,13.057891845703125,,8.2272415161132812,
440.69999999999999,12.672088623046875,,8.0126190185546875,
440.80000000000001,12.475357055664062,,7.9206390380859375,
440.89999999999998,12.20452880859375,,7.777557373046875,
441,11.72418212890625,,7.5067291259765625,
441.10000000000002,11.185081481933594,,7.1413650512695312,
441.19999999999999,10.643417358398438,,6.7760009765625,
441.30000000000001,10.104316711425781,,6.4515151977539062,
441.39999999999998,9.8820343017578125,,6.2215652465820312,
441.5,10.083877563476562,,6.0324935913085938,
441.60000000000002,10.482452392578125,,5.7821044921875,
441.69999999999999,10.978126525878906,,5.5317153930664062,
441.80000000000001,11.535118103027344,,5.3477554321289062,
441.89999999999998,12.199417114257812,,5.3656387329101562,
442,12.978691101074219,,5.608367919921875,
442.10000000000002,13.809066772460938,,5.9583969116210938,
442.19999999999999,14.639442443847656,,6.2982177734375,
442.30000000000001,15.472373962402344,,6.6073684692382812,
442.39999999999998,16.348731994628906,,6.8935317993164062,
442.5,17.232765197753906,,7.1362533569335938,
442.60000000000002,18.083580017089844,,7.3968658447265625,
442.69999999999999,19.04681396484375,,7.851654052734375,
442.80000000000001,20.1326904296875,,8.4725189208984375,
442.89999999999998,21.154689788818359,,9.1470413208007812,
443,21.734676361083984,,9.9416427612304688,
443.10000000000002,21.476619720458984,,10.818008422851562,
443.19999999999999,20.441844940185547,,11.604949951171875,
443.30000000000001,19.212890625,,11.901329040527344,
443.39999999999998,18.38507080078125,,11.625389099121094,
443.5,17.886844635009766,,11.132270812988281,
443.60000000000002,17.368179321289062,,10.644271850585938,
443.69999999999999,16.688552856445312,,10.217582702636719,
443.80000000000001,15.965484619140625,,9.7602386474609375,
443.89999999999998,15.152992248535156,,9.2466812133789062,
444,14.366058349609375,,8.7970046997070312,
444.10000000000002,13.959808349609375,,8.5082931518554688,
444.19999999999999,13.780960083007812,,8.2578964233398438,
444.30000000000001,13.428367614746094,,7.9589614868164062,
444.39999999999998,12.90203857421875,,7.649810791015625,
444.5,12.324607849121094,,7.3023300170898438,
444.60000000000002,11.596435546875,,6.9165267944335938,
444.69999999999999,10.873367309570312,,6.5716018676757812,
444.80000000000001,10.47479248046875,,6.3569793701171875,
444.89999999999998,10.410919189453125,,6.2368927001953125,
445,10.487564086914062,,6.185791015625,
445.10000000000002,10.671524047851562,,6.1423568725585938,
445.19999999999999,10.98834228515625,,6.0146102905273438,
445.30000000000001,11.415031433105469,,5.9788360595703125,
445.39999999999998,12.0384521484375,,6.178131103515625,
445.5,12.771736145019531,,6.4668426513671875,
445.60000000000002,13.502464294433594,,6.7734451293945312,
445.69999999999999,14.240859985351562,,7.1413650512695312,
445.80000000000001,15.089118957519531,,7.5143966674804688,
445.89999999999998,15.909278869628906,,7.8286590576171875,
446,16.629783630371094,,8.1531448364257812,
446.10000000000002,17.547031402587891,,8.5568313598632812,
446.19999999999999,18.617576599121094,,8.973297119140625,
446.30000000000001,19.685565948486328,,9.3310012817382812,
446.39999999999998,20.768886566162109,,9.6580429077148438,
446.5,21.709125518798828,,10.015739440917969,
446.60000000000002,22.261005401611328,,10.457756042480469,
446.69999999999999,22.273780822753906,,11.185928344726562,
446.80000000000001,21.673355102539062,,12.174713134765625,
446.89999999999998,20.983505249023438,,13.038307189941406,
447,20.541488647460938,,13.34234619140625,
447.10000000000002,20.002384185791016,,12.951431274414062,
447.19999999999999,19.110691070556641,,12.225814819335938,
447.30000000000001,18.019706726074219,,11.454200744628906,
447.39999999999998,17.069244384765625,,10.754135131835938,
447.5,16.315521240234375,,10.135826110839844,
447.60000000000002,15.663993835449219,,9.5762786865234375,
447.69999999999999,15.076347351074219,,9.0984954833984375,
447.80000000000001,14.544906616210938,,8.6769180297851562,
447.89999999999998,13.962364196777344,,8.2885589599609375,
448,13.318504333496094,,7.9589614868164062,
448.10000000000002,12.707862854003906,,7.6523666381835938,
448.19999999999999,12.097213745117188,,7.3202133178710938,
448.30000000000001,11.542778015136719,,6.9931716918945312,
448.39999999999998,11.251510620117188,,6.7248992919921875,
448.5,11.218292236328125,,6.5869293212890625,
448.60000000000002,11.277061462402344,,6.5613784790039062,
448.69999999999999,11.501899719238281,,6.6303634643554688,
448.80000000000001,11.974578857421875,,6.6661376953125,
448.89999999999998,12.541786193847656,,6.638031005859375,
449,13.188201904296875,,6.7044601440429688,
449.10000000000002,13.890823364257812,,6.8475418090820312,
449.19999999999999,14.506576538085938,,7.0187225341796875,
449.30000000000001,15.152992248535156,,7.28955078125,
449.39999999999998,15.939933776855469,,7.63958740234375,
449.5,16.798416137695312,,7.961517333984375,
449.60000000000002,17.654338836669922,,8.2578964233398438,
449.69999999999999,18.579250335693359,,8.5312881469726562,
449.80000000000001,19.460723876953125,,8.7842330932617188,
449.89999999999998,20.273216247558594,,9.0806121826171875,
450,21.241561889648438,12.820512771606445,9.5124053955078125,13.761467933654785
450.10000000000002,22.120479583740234,,10.041290283203125,
450.19999999999999,22.460296630859375,,10.695365905761719,
450.30000000000001,21.885421752929688,,11.512969970703125,
450.39999999999998,20.850643157958984,,12.297355651855469,
450.5,20.027935028076172,,12.731704711914062,
450.60000000000002,19.419845581054688,,12.64483642578125,
450.69999999999999,18.865409851074219,,12.187492370605469,
450.80000000000001,18.150009155273438,,11.472091674804688,
450.89999999999998,17.242984771728516,,10.65704345703125,
451,16.3436279296875,,9.9058761596679688,
451.10000000000002,15.495368957519531,,9.2671279907226562,
451.19999999999999,14.636886596679688,,8.7637863159179688,
451.30000000000001,13.86016845703125,,8.37542724609375,
451.39999999999998,13.198417663574219,,8.0330581665039062,
451.5,12.60821533203125,,7.6830215454101562,
451.60000000000002,12.041007995605469,,7.3483200073242188,
451.69999999999999,11.519783020019531,,7.041717529296875,
451.80000000000001,11.047111511230469,,6.7811126708984375,
451.89999999999998,10.725181579589844,,6.64569091796875,
452,10.76861572265625,,6.6967926025390625,
452.10000000000002,11.105873107910156,,6.7351226806640625,
452.19999999999999,11.6705322265625,,6.6584701538085938,
452.30000000000001,12.488128662109375,,6.6584701538085938,
452.39999999999998,13.459030151367188,,6.7555618286132812,
452.5,14.258743286132812,,6.9114151000976562,
452.60000000000002,14.685432434082031,,7.1873550415039062,
452.69999999999999,15.099342346191406,,7.6421432495117188,
452.80000000000001,15.776412963867188,,8.2706756591796875,
452.89999999999998,16.601676940917969,,8.9835205078125,
453,17.424388885498047,,9.66314697265625,
453.10000000000002,18.318641662597656,,10.207366943359375,
453.19999999999999,19.187339782714844,,10.519073486328125,
453.30000000000001,20.017715454101562,,10.779685974121094,
453.39999999999998,20.896636962890625,,11.162933349609375,
453.5,21.259445190429688,,12.021415710449219,
453.60000000000002,21.032051086425781,,13.743484497070312,
453.69999999999999,20.929851531982422,,16.536098480224609,
453.80000000000001,20.745891571044922,,20.657314300537109,
453.89999999999998,20.421405792236328,,25.350849151611328,
454,20.858310699462891,,30.069934844970703,
454.10000000000002,21.58648681640625,,34.576953887939453,
454.19999999999999,21.660579681396484,,38.130958557128906,
454.30000000000001,21.737228393554688,,40.425346374511719,
454.39999999999998,22.304439544677734,,41.904693603515625,
454.5,22.519058227539062,,42.617538452148438,
454.60000000000002,22.490955352783203,,42.446353912353516,
454.69999999999999,23.139923095703125,,41.212287902832031,
454.80000000000001,24.100605010986328,,39.219387054443359,
454.89999999999998,24.867103576660156,,37.530532836914062,
455,25.638713836669922,,36.092067718505859,
455.10000000000002,27.010749816894531,,34.009742736816406,
455.19999999999999,29.266815185546875,,30.624366760253906,
455.30000000000001,33.380363464355469,,26.804645538330078,
455.39999999999998,37.251190185546875,,23.879169464111328,
455.5,39.364173889160156,,21.896488189697266,
455.60000000000002,39.711654663085938,,20.496349334716797,
455.69999999999999,39.108673095703125,,19.418140411376953,
455.80000000000001,37.744304656982422,,18.355258941650391,
455.89999999999998,35.937919616699219,,17.241279602050781,
456,34.118759155273438,,16.109413146972656,
456.10000000000002,32.125858306884766,,15.038871765136719,
456.19999999999999,30.127849578857422,,14.142066955566406,
456.30000000000001,28.663833618164062,,13.574851989746094,
456.39999999999998,28.127285003662109,,13.671943664550781,
456.5,27.927993774414062,,14.234046936035156,
456.60000000000002,27.217704772949219,,15.204940795898438,
456.69999999999999,26.946876525878906,,17.415019989013672,
456.80000000000001,27.713375091552734,,21.150428771972656,
456.89999999999998,28.648506164550781,,25.123455047607422,
457,28.891231536865234,,27.072917938232422,
457.10000000000002,27.514083862304688,,26.035587310791016,
457.19999999999999,24.524734497070312,,23.036018371582031,
457.30000000000001,21.129138946533203,,19.484569549560547,
457.39999999999998,18.436168670654297,,16.0838623046875,
457.5,15.929718017578125,,13.268257141113281,
457.60000000000002,13.282737731933594,,11.515525817871094,
457.69999999999999,11.274505615234375,,10.47308349609375,
457.80000000000001,10.255058288574219,,9.79345703125,
457.89999999999998,10.114532470703125,,9.4740829467773438,
458,10.109428405761719,,9.2850112915039062,
458.10000000000002,10.045547485351562,,9.6784820556640625,
458.19999999999999,10.206512451171875,,11.037742614746094,
458.30000000000001,10.449241638183594,,13.462432861328125,
458.39999999999998,10.661308288574219,,17.343479156494141,
458.5,10.906585693359375,,22.226085662841797,
458.60000000000002,11.131423950195312,,26.727993011474609,
458.69999999999999,11.236183166503906,,30.356094360351562,
458.80000000000001,11.1927490234375,,33.470638275146484,
458.89999999999998,11.65264892578125,,35.818683624267578,
459,12.914817810058594,,37.476879119873047,
459.10000000000002,14.056900024414062,,38.445224761962891,
459.19999999999999,14.938377380371094,,38.654731750488281,
459.30000000000001,16.014030456542969,,38.297031402587891,
459.39999999999998,17.600685119628906,,37.602073669433594,
459.5,19.900184631347656,,37.550971984863281,
459.60000000000002,21.893085479736328,,37.392562866210938,
459.69999999999999,24.167034149169922,,36.702713012695312,
459.80000000000001,27.358230590820312,,35.501861572265625,
459.89999999999998,29.573413848876953,,33.166591644287109,
460,33.265388488769531,4.3415341377258301,30.172134399414062,6.4888248443603516
460.10000000000002,37.463253021240234,,26.812309265136719,
460.19999999999999,40.079574584960938,,24.106563568115234,
460.30000000000001,40.708103179931641,,22.213310241699219,
460.39999999999998,39.545578002929688,,20.606212615966797,
460.5,37.246078491210938,,19.1754150390625,
460.60000000000002,34.5556640625,,17.713954925537109,
460.69999999999999,31.826923370361328,,16.436454772949219,
460.80000000000001,29.003650665283203,,15.396568298339844,
460.89999999999998,26.349006652832031,,14.458885192871094,
461,23.870655059814453,,13.357681274414062,
461.10000000000002,21.389751434326172,,12.223258972167969,
461.19999999999999,19.077476501464844,,11.196151733398438,
461.30000000000001,17.122901916503906,,10.332557678222656,
461.39999999999998,15.413604736328125,,9.6401519775390625,
461.5,13.8397216796875,,8.96563720703125,
461.60000000000002,12.431922912597656,,8.3243331909179688,
461.69999999999999,11.128868103027344,,7.7571182250976562,
461.80000000000001,9.7798309326171875,,7.2205657958984375,
461.89999999999998,8.56109619140625,,6.6967926025390625,
462,7.8738021850585938,,6.344207763671875,
462.10000000000002,7.8686904907226562,,6.1270294189453125,
462.19999999999999,8.3004837036132812,,5.83831787109375,
462.30000000000001,8.8472518920898438,,5.5777053833007812,
462.39999999999998,9.3914718627929688,,5.4218521118164062,
462.5,10.012336730957031,,5.3554229736328125,
462.60000000000002,10.628089904785156,,5.4218521118164062,
462.69999999999999,11.208076477050781,,5.5189361572265625,
462.80000000000001,11.703742980957031,,5.6211395263671875,
462.89999999999998,12.13043212890625,,5.7872161865234375,
463,12.710418701171875,,6.0376052856445312,
463.10000000000002,13.448806762695312,,6.3263168334960938,
463.19999999999999,14.179542541503906,,6.60992431640625,
463.30000000000001,14.731422424316406,,6.9165267944335938,
463.39999999999998,15.306297302246094,,7.2231216430664062,
463.5,15.962928771972656,,7.4862899780273438,
463.60000000000002,16.691108703613281,,7.7571182250976562,
463.69999999999999,17.521480560302734,,8.08160400390625,
463.80000000000001,18.2930908203125,,8.4674072265625,
463.89999999999998,18.885848999023438,,8.9451980590820312,
464,19.0289306640625,,9.599273681640625,
464.10000000000002,18.627796173095703,,10.539512634277344,
464.19999999999999,17.868961334228516,,11.441429138183594,
464.30000000000001,17.161224365234375,,11.850227355957031,
464.39999999999998,16.726875305175781,,11.847671508789062,
464.5,16.272087097167969,,11.571731567382812,
464.60000000000002,15.66143798828125,,11.073509216308594,
464.69999999999999,14.951148986816406,,10.496078491210938,
464.80000000000001,14.238304138183594,,9.8598861694335938,
464.89999999999998,13.520347595214844,,9.2083587646484375,
465,12.741073608398438,,8.605377197265625,
465.10000000000002,12.069107055664062,,8.1224822998046875,
465.19999999999999,11.481460571289062,,7.7290115356445312,
465.30000000000001,10.827377319335938,,7.3329925537109375,
465.39999999999998,10.14263916015625,,6.9241867065429688,
465.5,9.59075927734375,,6.5537109375,
465.60000000000002,9.3199310302734375,,6.2803268432617188,
465.69999999999999,9.3914718627929688,,6.0963668823242188,
465.80000000000001,9.7951583862304688,,6.0350494384765625,
465.89999999999998,10.347038269042969,,6.0452728271484375,
466,10.9346923828125,,6.0887069702148438,
466.10000000000002,11.486572265625,,6.1832427978515625,
466.19999999999999,12.012901306152344,,6.2828826904296875,
466.30000000000001,12.278617858886719,,6.344207763671875,
466.39999999999998,12.058891296386719,,6.3646469116210938,
466.5,11.443138122558594,,6.3927459716796875,
466.60000000000002,10.303604125976562,,6.3314285278320312,
466.69999999999999,9.0720977783203125,,6.213897705078125,
466.80000000000001,8.4742279052734375,,6.104034423828125,
466.89999999999998,8.3592529296875,,6.0784835815429688,
467,8.1701812744140625,,6.139801025390625,
467.10000000000002,7.8942413330078125,,6.2675552368164062,
467.19999999999999,7.7869338989257812,,6.6405868530273438,
467.30000000000001,7.6617355346679688,,7.1081466674804688,
467.39999999999998,7.393463134765625,,7.5833816528320312,
467.5,7.4139022827148438,,8.4239730834960938,
467.60000000000002,7.9121246337890625,,9.691253662109375,
467.69999999999999,8.4282379150390625,,10.516517639160156,
467.80000000000001,8.9162368774414062,,10.884437561035156,
467.89999999999998,9.930572509765625,,11.510414123535156,
468,11.494232177734375,,12.064849853515625,
468.10000000000002,13.16009521484375,,12.793022155761719,
468.19999999999999,14.258743286132812,,13.799697875976562,
468.30000000000001,14.317512512207031,,14.287696838378906,
468.39999999999998,13.765632629394531,,14.193161010742188,
468.5,13.259742736816406,,13.873786926269531,
468.60000000000002,12.986358642578125,,13.516090393066406,
468.69999999999999,12.784507751464844,,13.327018737792969,
468.80000000000001,12.646537780761719,,13.521202087402344,
468.89999999999998,12.751296997070312,,13.715377807617188,
469,13.16009521484375,,13.712821960449219,
469.10000000000002,13.218856811523438,,13.252922058105469,
469.19999999999999,12.692527770996094,,12.343345642089844,
469.30000000000001,12.419143676757812,,11.745475769042969,
469.39999999999998,12.64398193359375,,11.68670654296875,
469.5,12.948028564453125,,11.561515808105469,
469.60000000000002,13.093666076660156,,11.229362487792969,
469.69999999999999,13.116661071777344,,11.477195739746094,
469.80000000000001,13.420707702636719,,12.759811401367188,
469.89999999999998,14.475921630859375,,15.141067504882812,
470,16.333404541015625,12.711864471435547,17.836593627929688,25.751071929931641
470.10000000000002,18.213886260986328,,20.118209838867188,
470.19999999999999,18.436168670654297,,20.353267669677734,
470.30000000000001,17.248096466064453,,18.523887634277344,
470.39999999999998,16.108566284179688,,16.658737182617188,
470.5,16.443267822265625,,15.708278656005859,
470.60000000000002,17.455051422119141,,15.414451599121094,
470.69999999999999,17.337520599365234,,15.754268646240234,
470.80000000000001,16.527587890625,,15.848804473876953,
470.89999999999998,15.674217224121094,,15.577972412109375,
471,14.986923217773438,,15.493659973144531,
471.10000000000002,14.493804931640625,,15.58819580078125,
471.19999999999999,14.082450866699219,,15.501327514648438,
471.30000000000001,13.579116821289062,,15.721054077148438,
471.39999999999998,13.742637634277344,,16.630634307861328,
471.5,14.912826538085938,,17.090534210205078,
471.60000000000002,16.583793640136719,,17.128860473632812,
471.69999999999999,17.554695129394531,,17.041988372802734,
471.80000000000001,17.401393890380859,,16.975559234619141,
471.89999999999998,16.795860290527344,,16.663848876953125,
472,16.139228820800781,,15.700614929199219,
472.10000000000002,16.180107116699219,,15.020980834960938,
472.19999999999999,16.481597900390625,,14.653060913085938,
472.30000000000001,16.535247802734375,,14.004096984863281,
472.39999999999998,16.606788635253906,,13.449661254882812,
472.5,16.744758605957031,,13.347457885742188,
472.60000000000002,16.586349487304688,,13.682167053222656,
472.69999999999999,16.003807067871094,,14.257041931152344,
472.80000000000001,15.618003845214844,,14.619850158691406,
472.89999999999998,15.418716430664062,,14.591743469238281,
473,15.431488037109375,,14.486991882324219,
473.10000000000002,15.352287292480469,,14.423110961914062,
473.19999999999999,14.920494079589844,,14.257041931152344,
473.30000000000001,14.593452453613281,,14.185501098632812,
473.39999999999998,14.113113403320312,,13.835464477539062,
473.5,13.338943481445312,,12.943771362304688,
473.60000000000002,12.574996948242188,,12.082733154296875,
473.69999999999999,11.8544921875,,11.375,
473.80000000000001,11.35626220703125,,10.909988403320312,
473.89999999999998,11.218292236328125,,10.787345886230469,
474,11.553001403808594,,10.85888671875,
474.10000000000002,12.112548828125,,11.014747619628906,
474.19999999999999,12.582664489746094,,11.124610900878906,
474.30000000000001,13.055343627929688,,11.346893310546875,
474.39999999999998,13.627662658691406,,11.801681518554688,
474.5,14.11566162109375,,12.266693115234375,
474.60000000000002,14.634330749511719,,12.716377258300781,
474.69999999999999,15.444267272949219,,13.252922058105469,
474.80000000000001,16.417716979980469,,13.661727905273438,
474.89999999999998,17.426944732666016,,14.004096984863281,
475,18.354408264160156,,14.297920227050781,
475.10000000000002,19.261436462402344,,14.586631774902344,
475.19999999999999,19.795429229736328,,14.923896789550781,
475.30000000000001,19.223110198974609,,14.931556701660156,
475.39999999999998,17.955829620361328,,14.535537719726562,
475.5,17.179107666015625,,14.083297729492188,
475.60000000000002,17.061576843261719,,13.891677856445312,
475.69999999999999,16.900611877441406,,14.037307739257812,
475.80000000000001,16.550582885742188,,14.530426025390625,
475.89999999999998,16.445823669433594,,15.174285888671875,
476,16.356399536132812,,15.445114135742188,
476.10000000000002,16.095787048339844,,15.233047485351562,
476.19999999999999,16.065132141113281,,14.92645263671875,
476.30000000000001,16.111122131347656,,14.842132568359375,
476.39999999999998,16.134117126464844,,14.826805114746094,
476.5,16.205657958984375,,14.63006591796875,
476.60000000000002,16.083015441894531,,14.177833557128906,
476.69999999999999,15.791748046875,,13.648948669433594,
476.80000000000001,15.610343933105469,,13.2886962890625,
476.89999999999998,15.44171142578125,,12.997421264648438,
477,15.173439025878906,,12.701042175292969,
477.10000000000002,15.009918212890625,,12.506866455078125,
477.19999999999999,14.946037292480469,,12.465980529785156,
477.30000000000001,14.841285705566406,,12.396995544433594,
477.39999999999998,14.746749877929688,,12.230926513671875,
477.5,14.644546508789062,,12.049522399902344,
477.60000000000002,14.590896606445312,,12.0009765625,
477.69999999999999,14.879608154296875,,12.174713134765625,
477.80000000000001,15.066123962402344,,12.087844848632812,
477.89999999999998,14.718643188476562,,11.397994995117188,
478,14.072227478027344,,10.501190185546875,
478.10000000000002,13.402816772460938,,9.783233642578125,
478.19999999999999,13.040008544921875,,9.4613037109375,
478.30000000000001,13.315948486328125,,9.5583953857421875,
478.39999999999998,14.06201171875,,9.893096923828125,
478.5,14.424819946289062,,10.028511047363281,
478.60000000000002,14.179542541503906,,9.7679061889648438,
478.69999999999999,14.06201171875,,9.5788345336914062,
478.80000000000001,14.202537536621094,,9.6401519775390625,
478.89999999999998,14.440147399902344,,9.9339828491210938,
479,14.44781494140625,,10.268684387207031,
479.10000000000002,14.151435852050781,,10.301902770996094,
479.19999999999999,14.064567565917969,,10.419425964355469,
479.30000000000001,13.964920043945312,,10.618721008300781,
479.39999999999998,13.586776733398438,,10.608497619628906,
479.5,13.185646057128906,,10.526741027832031,
479.60000000000002,13.019569396972656,,10.54718017578125,
479.69999999999999,12.950584411621094,,10.649375915527344,
479.80000000000001,12.761512756347656,,10.549736022949219,
479.89999999999998,12.843276977539062,,10.358108520507812,
480,13.152427673339844,12.711864471435547,10.391326904296875,25.751071929931641
480.10000000000002,13.188201904296875,,10.488410949707031,
480.19999999999999,13.395156860351562,,11.040290832519531,
480.30000000000001,13.701751708984375,,12.149162292480469,
480.39999999999998,13.901046752929688,,12.895225524902344,
480.5,14.593452453613281,,13.365341186523438,
480.60000000000002,15.543907165527344,,13.733261108398438,
480.69999999999999,15.886283874511719,,14.236602783203125,
480.80000000000001,15.738090515136719,,15.669952392578125,
480.89999999999998,16.090682983398438,,17.021549224853516,
481,17.219989776611328,,17.629638671875,
481.10000000000002,18.650791168212891,,18.661857604980469,
481.19999999999999,20.025379180908203,,19.625095367431641,
481.30000000000001,20.574703216552734,,19.622539520263672,
481.39999999999998,19.366191864013672,,18.605648040771484,
481.5,17.810195922851562,,17.519775390625,
481.60000000000002,17.388618469238281,,17.476337432861328,
481.69999999999999,18.096355438232422,,18.718067169189453,
481.80000000000001,20.112251281738281,,20.992019653320312,
481.89999999999998,22.567604064941406,,22.624664306640625,
482,22.925304412841797,,22.660434722900391,
482.10000000000002,21.540496826171875,,22.088115692138672,
482.19999999999999,20.209339141845703,,21.572002410888672,
482.30000000000001,18.548591613769531,,20.424808502197266,
482.39999999999998,17.296638488769531,,18.802383422851562,
482.5,16.98748779296875,,17.90557861328125,
482.60000000000002,17.531700134277344,,18.301605224609375,
482.69999999999999,19.016155242919922,,19.172859191894531,
482.80000000000001,20.406074523925781,,19.315940856933594,
482.89999999999998,21.205791473388672,,18.595428466796875,
483,21.371864318847656,,17.713954925537109,
483.10000000000002,20.9783935546875,,17.294933319091797,
483.19999999999999,20.490390777587891,,17.179958343505859,
483.30000000000001,19.958950042724609,,16.812038421630859,
483.39999999999998,19.343196868896484,,16.186065673828125,
483.5,18.775985717773438,,15.585639953613281,
483.60000000000002,18.510265350341797,,15.314811706542969,
483.69999999999999,18.415729522705078,,15.2381591796875,
483.80000000000001,18.129570007324219,,14.939224243164062,
483.89999999999998,17.720771789550781,,14.438446044921875,
484,17.480598449707031,,14.055191040039062,
484.10000000000002,17.340076446533203,,13.930000305175781,
484.19999999999999,17.176551818847656,,13.827796936035156,
484.30000000000001,17.025810241699219,,13.648948669433594,
484.39999999999998,16.834182739257812,,13.523757934570312,
484.5,16.747314453125,,13.597846984863281,
484.60000000000002,17.036033630371094,,13.827796936035156,
484.69999999999999,17.419281005859375,,14.149726867675781,
484.80000000000001,17.753986358642578,,14.55853271484375,
484.89999999999998,18.073360443115234,,14.908561706542969,
485,18.208774566650391,,15.056755065917969,
485.10000000000002,17.968605041503906,,14.911117553710938,
485.19999999999999,17.593021392822266,,14.6505126953125,
485.30000000000001,17.291530609130859,,14.5023193359375,
485.39999999999998,16.984931945800781,,14.323471069335938,
485.5,16.841850280761719,,14.198272705078125,
485.60000000000002,16.747314453125,,14.11651611328125,
485.69999999999999,16.596572875976562,,13.924888610839844,
485.80000000000001,16.410057067871094,,13.733261108398438,
485.89999999999998,16.266975402832031,,13.63873291015625,
486,16.228652954101562,,13.633621215820312,
486.10000000000002,16.203102111816406,,13.567192077636719,
486.19999999999999,16.312965393066406,,13.477767944335938,
486.30000000000001,16.522476196289062,,13.298912048339844,
486.39999999999998,16.578681945800781,,13.168609619140625,
486.5,16.714103698730469,,13.513534545898438,
486.60000000000002,17.122901916503906,,14.277481079101562,
486.69999999999999,17.5572509765625,,14.99798583984375,
486.80000000000001,17.861293792724609,,15.396568298339844,
486.89999999999998,18.001819610595703,,15.498771667480469,
487,17.927726745605469,,15.371017456054688,
487.10000000000002,17.621124267578125,,15.087417602539062,
487.19999999999999,17.145896911621094,,14.696502685546875,
487.30000000000001,16.714103698730469,,14.320915222167969,
487.39999999999998,16.417716979980469,,13.955551147460938,
487.5,16.174995422363281,,13.585075378417969,
487.60000000000002,15.99359130859375,,13.314247131347656,
487.69999999999999,15.7176513671875,,13.219711303710938,
487.80000000000001,15.403388977050781,,13.286140441894531,
487.89999999999998,15.377838134765625,,13.56463623046875,
488,15.653778076171875,,13.922332763671875,
488.10000000000002,16.277198791503906,,14.203384399414062,
488.19999999999999,17.375846862792969,,14.561080932617188,
488.30000000000001,18.684005737304688,,14.939224243164062,
488.39999999999998,20.214450836181641,,15.289260864257812,
488.5,22.235454559326172,,15.88201904296875,
488.60000000000002,24.417423248291016,,16.722614288330078,
488.69999999999999,26.004081726074219,,17.690959930419922,
488.80000000000001,27.654609680175781,,18.738510131835938,
488.89999999999998,28.553970336914062,,19.464130401611328,
489,27.391445159912109,,19.091098785400391,
489.10000000000002,25.160930633544922,,18.107425689697266,
489.19999999999999,24.164478302001953,,18.178962707519531,
489.30000000000001,24.225799560546875,,19.581657409667969,
489.39999999999998,24.335666656494141,,20.774845123291016,
489.5,24.233463287353516,,20.976688385009766,
489.60000000000002,23.466964721679688,,20.473354339599609,
489.69999999999999,21.903305053710938,,19.448799133300781,
489.80000000000001,21.011611938476562,,18.500892639160156,
489.89999999999998,21.430629730224609,,17.885139465332031,
490,22.337654113769531,2.0979020595550537,17.524883270263672,6.1099796295166016
490.10000000000002,22.685134887695312,,17.241279602050781,
490.19999999999999,22.289108276367188,,16.80181884765625,
490.30000000000001,21.208343505859375,,16.063423156738281,
490.39999999999998,20.347309112548828,,15.613742828369141,
490.5,20.615585327148438,,15.580528259277344,
490.60000000000002,20.745891571044922,,15.342910766601562,
490.69999999999999,20.720340728759766,,15.171730041503906,
490.80000000000001,20.582370758056641,,15.026092529296875,
490.89999999999998,20.554264068603516,,14.801254272460938,
491,20.899188995361328,,14.906005859375,
491.10000000000002,20.924739837646484,,14.885566711425781,
491.19999999999999,20.508274078369141,,14.553421020507812,
491.30000000000001,20.337089538574219,,14.42822265625,
491.39999999999998,20.209339141845703,,14.658172607421875,
491.5,19.534820556640625,,15.123184204101562,
491.60000000000002,19.271656036376953,,15.800258636474609,
491.69999999999999,19.946174621582031,,16.743053436279297,
491.80000000000001,21.451068878173828,,18.291385650634766,
491.89999999999998,23.152698516845703,,20.455467224121094,
492,23.380096435546875,,21.490242004394531,
492.10000000000002,22.830768585205078,,20.682865142822266,
492.19999999999999,22.552276611328125,,19.719627380371094,
492.30000000000001,21.732120513916016,,19.188190460205078,
492.39999999999998,20.860866546630859,,18.820270538330078,
492.5,20.763774871826172,,18.904582977294922,
492.60000000000002,21.259445190429688,,19.405364990234375,
492.69999999999999,21.637584686279297,,19.788612365722656,
492.80000000000001,21.412746429443359,,19.699188232421875,
492.89999999999998,20.666683197021484,,19.428359985351562,
493,19.964061737060547,,19.280170440673828,
493.10000000000002,19.831199645996094,,19.379814147949219,
493.19999999999999,20.038154602050781,,19.686412811279297,
493.30000000000001,20.181236267089844,,19.625095367431641,
493.39999999999998,20.076480865478516,,18.884143829345703,
493.5,19.013599395751953,,17.637302398681641,
493.60000000000002,17.39117431640625,,16.50799560546875,
493.69999999999999,16.517364501953125,,16.209060668945312,
493.80000000000001,16.634895324707031,,16.334255218505859,
493.89999999999998,17.143341064453125,,16.275489807128906,
494,17.007926940917969,,15.611190795898438,
494.10000000000002,16.277198791503906,,14.990325927734375,
494.19999999999999,15.296073913574219,,14.469100952148438,
494.30000000000001,14.756973266601562,,14.287696838378906,
494.39999999999998,14.746749877929688,,14.867683410644531,
494.5,14.641998291015625,,14.987770080566406,
494.60000000000002,14.345611572265625,,14.561080932617188,
494.69999999999999,13.962364196777344,,14.083297729492188,
494.80000000000001,13.89593505859375,,13.907005310058594,
494.89999999999998,13.7681884765625,,13.835464477539062,
495,13.522903442382812,,13.646392822265625,
495.10000000000002,13.459030151367188,,13.385787963867188,
495.19999999999999,13.43603515625,,13.099624633789062,
495.30000000000001,13.26995849609375,,12.969322204589844,
495.39999999999998,12.94036865234375,,12.639724731445312,
495.5,12.720634460449219,,12.463432312011719,
495.60000000000002,12.552001953125,,12.591178894042969,
495.69999999999999,12.513679504394531,,12.660163879394531,
495.80000000000001,12.97613525390625,,12.902885437011719,
495.89999999999998,13.390045166015625,,12.992317199707031,
496,13.451362609863281,,12.948875427246094,
496.10000000000002,13.369606018066406,,12.984649658203125,
496.19999999999999,13.456474304199219,,13.117507934570312,
496.30000000000001,14.580673217773438,,13.978546142578125,
496.39999999999998,17.283866882324219,,15.534538269042969,
496.5,20.768886566162109,,17.200397491455078,
496.60000000000002,24.046951293945312,,18.643974304199219,
496.69999999999999,26.678600311279297,,19.993015289306641,
496.80000000000001,27.664829254150391,,20.787620544433594,
496.89999999999998,26.627498626708984,,21.244964599609375,
497,25.311676025390625,,21.732967376708984,
497.10000000000002,24.693363189697266,,21.47491455078125,
497.19999999999999,24.297340393066406,,20.583217620849609,
497.30000000000001,25.178813934326172,,18.968460083007812,
497.39999999999998,27.654609680175781,,18.209625244140625,
497.5,29.087963104248047,,19.323604583740234,
497.60000000000002,27.649497985839844,,20.601104736328125,
497.69999999999999,25.661708831787109,,21.748298645019531,
497.80000000000001,24.386764526367188,,21.904155731201172,
497.89999999999998,23.451633453369141,,21.058448791503906,
498,23.497623443603516,,20.314945220947266,
498.10000000000002,23.730129241943359,,19.594432830810547,
498.19999999999999,23.456745147705078,,19.085987091064453,
498.30000000000001,23.916645050048828,,18.600540161132812,
498.39999999999998,24.9156494140625,,18.043548583984375,
498.5,24.312671661376953,,17.614307403564453,
498.60000000000002,22.393863677978516,,17.287269592285156,
498.69999999999999,21.093368530273438,,17.317928314208984,
498.80000000000001,21.290103912353516,,17.777828216552734,
498.89999999999998,21.951850891113281,,18.117645263671875,
499,21.979953765869141,,18.063987731933594,
499.10000000000002,21.681018829345703,,17.972007751464844,
499.19999999999999,21.6043701171875,,17.99755859375,
499.30000000000001,21.706569671630859,,17.754833221435547,
499.39999999999998,21.635028839111328,,17.435459136962891,
499.5,21.619701385498047,,16.909130096435547,
499.60000000000002,21.750003814697266,,16.032764434814453,
499.69999999999999,22.644256591796875,,15.777263641357422,
499.80000000000001,24.657596588134766,,16.237163543701172,
499.89999999999998,26.66326904296875,,16.921905517578125,
500,28.196269989013672,14.796547889709473,17.772720336914062,8.7019577026367188
500.10000000000002,28.324020385742188,,18.615867614746094,
500.19999999999999,27.187046051025391,,19.816719055175781,
500.30000000000001,26.653049468994141,,21.158092498779297,
500.39999999999998,26.213588714599609,,21.244964599609375,
500.5,25.176258087158203,,20.263843536376953,
500.60000000000002,24.080165863037109,,19.139644622802734,
500.69999999999999,23.053054809570312,,18.362922668457031,
500.80000000000001,22.370868682861328,,18.038440704345703,
500.89999999999998,22.24822998046875,,17.8135986328125,
501,22.148586273193359,,17.371585845947266,
501.10000000000002,21.716789245605469,,16.674068450927734,
501.19999999999999,20.988616943359375,,16.165622711181641,
501.30000000000001,20.050930023193359,,15.971443176269531,
501.39999999999998,19.501605987548828,,16.012325286865234,
501.5,19.624244689941406,,16.073642730712891,
501.60000000000002,19.792873382568359,,15.830917358398438,
501.69999999999999,19.611469268798828,,15.47833251953125,
501.80000000000001,19.48883056640625,,15.462997436523438,
501.89999999999998,19.552703857421875,,15.749160766601562,
502,19.588474273681641,,15.897350311279297,
502.10000000000002,19.580810546875,,15.764488220214844,
502.19999999999999,19.519489288330078,,15.718498229980469,
502.30000000000001,19.353416442871094,,15.853912353515625,
502.39999999999998,19.207778930664062,,15.930564880371094,
502.5,19.200115203857422,,15.830917358398438,
502.60000000000002,19.23077392578125,,15.88201904296875,
502.69999999999999,18.998271942138672,,15.917789459228516,
502.80000000000001,18.56903076171875,,15.629074096679688,
502.89999999999998,18.354408264160156,,15.508987426757812,
503,18.262428283691406,,15.560089111328125,
503.10000000000002,17.917503356933594,,15.115516662597656,
503.19999999999999,17.582801818847656,,14.6505126953125,
503.30000000000001,17.513816833496094,,14.911117553710938,
503.39999999999998,17.082023620605469,,15.1282958984375,
503.5,16.58123779296875,,14.972442626953125,
503.60000000000002,16.394721984863281,,15.296920776367188,
503.69999999999999,16.141777038574219,,15.933120727539062,
503.80000000000001,17.117790222167969,,17.26171875,
503.89999999999998,19.126018524169922,,19.262283325195312,
504,20.567039489746094,,20.498905181884766,
504.10000000000002,21.323318481445312,,20.928142547607422,
504.19999999999999,21.016719818115234,,20.550003051757812,
504.30000000000001,20.344753265380859,,19.870372772216797,
504.39999999999998,20.094364166259766,,19.826938629150391,
504.5,19.920623779296875,,19.970020294189453,
504.60000000000002,19.465835571289062,,19.303165435791016,
504.69999999999999,18.49493408203125,,17.662853240966797,
504.80000000000001,17.917503356933594,,16.211612701416016,
504.89999999999998,18.042701721191406,,15.225387573242188,
505,18.459163665771484,,14.448661804199219,
505.10000000000002,19.276763916015625,,14.471656799316406,
505.19999999999999,20.168460845947266,,15.046531677246094,
505.30000000000001,20.927295684814453,,15.634185791015625,
505.39999999999998,21.504726409912109,,16.400684356689453,
505.5,22.32232666015625,,17.61175537109375,
505.60000000000002,23.541061401367188,,19.26739501953125,
505.69999999999999,24.534954071044922,,20.928142547607422,
505.80000000000001,24.655040740966797,,21.993579864501953,
505.89999999999998,24.943756103515625,,22.246524810791016,
506,26.009189605712891,,21.991024017333984,
506.10000000000002,27.281578063964844,,21.950145721435547,
506.19999999999999,28.553970336914062,,22.754970550537109,
506.30000000000001,29.826358795166016,,23.756526947021484,
506.39999999999998,30.314365386962891,,23.181652069091797,
506.5,29.621959686279297,,21.998687744140625,
506.60000000000002,28.464546203613281,,21.939922332763672,
506.69999999999999,26.954540252685547,,21.515792846679688,
506.80000000000001,25.516075134277344,,20.062000274658203,
506.89999999999998,24.511959075927734,,20.033893585205078,
507,23.865543365478516,,21.451919555664062,
507.10000000000002,23.686695098876953,,22.550567626953125,
507.19999999999999,23.819553375244141,,23.179100036621094,
507.30000000000001,23.704578399658203,,23.291519165039062,
507.39999999999998,22.754119873046875,,22.673210144042969,
507.5,21.2364501953125,,21.416149139404297,
507.60000000000002,19.746883392333984,,20.031337738037109,
507.69999999999999,18.671230316162109,,19.183078765869141,
507.80000000000001,18.466831207275391,,19.290390014648438,
507.89999999999998,18.464275360107422,,19.438579559326172,
508,18.515377044677734,,19.397697448730469,
508.10000000000002,18.893516540527344,,19.494789123535156,
508.19999999999999,19.501605987548828,,19.354263305664062,
508.30000000000001,20.204231262207031,,18.983787536621094,
508.39999999999998,20.549156188964844,,18.700183868408203,
508.5,20.510829925537109,,18.613315582275391,
508.60000000000002,20.492946624755859,,18.385917663574219,
508.69999999999999,20.349864959716797,,17.890247344970703,
508.80000000000001,19.956394195556641,,17.356254577636719,
508.89999999999998,19.611469268798828,,16.842700958251953,
509,19.064701080322266,,16.221832275390625,
509.10000000000002,18.195999145507812,,15.506431579589844,
509.19999999999999,17.503593444824219,,14.936668395996094,
509.30000000000001,17.043693542480469,,14.530426025390625,
509.39999999999998,16.629783630371094,,14.193161010742188,
509.5,16.277198791503906,,13.904449462890625,
509.60000000000002,15.927162170410156,,13.661727905273438,
509.69999999999999,15.526023864746094,,13.447105407714844,
509.80000000000001,15.303741455078125,,13.311691284179688,
509.89999999999998,15.267967224121094,,13.252922058105469,
510,15.270523071289062,9.8280096054077148,13.163497924804688,14.778325080871582
510.10000000000002,15.344619750976562,,13.153282165527344,
510.19999999999999,15.423828125,,13.408782958984375,
510.30000000000001,15.508140563964844,,13.889122009277344,
510.39999999999998,15.891387939453125,,14.486991882324219,
510.5,16.596572875976562,,15.138511657714844,
510.60000000000002,17.447383880615234,,15.654624938964844,
510.69999999999999,18.561367034912109,,16.037872314453125,
510.80000000000001,19.808204650878906,,16.35980224609375,
510.89999999999998,20.914520263671875,,16.679180145263672,
511,21.939075469970703,,17.162075042724609,
511.10000000000002,22.582935333251953,,17.744613647460938,
511.19999999999999,22.077045440673828,,17.99755859375,
511.30000000000001,20.564483642578125,,17.890247344970703,
511.39999999999998,19.118354797363281,,17.542770385742188,
511.5,18.063140869140625,,16.9678955078125,
511.60000000000002,17.245540618896484,,16.306148529052734,
511.69999999999999,16.793304443359375,,15.767044067382812,
511.80000000000001,16.530143737792969,,15.40423583984375,
511.89999999999998,16.190322875976562,,15.05419921875,
512,15.796852111816406,,14.747596740722656,
512.10000000000002,15.380393981933594,,14.481880187988281,
512.20000000000005,14.948593139648438,,14.211051940917969,
512.29999999999995,14.693092346191406,,13.922332763671875,
512.39999999999998,14.639442443847656,,13.707717895507812,
512.5,14.831062316894531,,13.60040283203125,
512.60000000000002,15.518363952636719,,13.730712890625,
512.70000000000005,16.358955383300781,,14.193161010742188,
512.79999999999995,17.025810241699219,,14.691390991210938,
512.89999999999998,17.697776794433594,,15.141067504882812,
513,18.150009155273438,,15.521766662597656,
513.10000000000002,18.068248748779297,,15.649513244628906,
513.20000000000005,17.884288787841797,,15.69805908203125,
513.29999999999995,18.280315399169922,,16.119632720947266,
513.39999999999998,18.671230316162109,,16.674068450927734,
513.5,18.507709503173828,,16.847808837890625,
513.60000000000002,18.548591613769531,,17.018993377685547,
513.70000000000005,19.386631011962891,,18.094650268554688,
513.79999999999995,20.360084533691406,,19.331268310546875,
513.89999999999998,21.25433349609375,,19.727294921875,
514,21.7142333984375,,19.476905822753906,
514.10000000000002,21.088260650634766,,18.830490112304688,
514.20000000000005,20.352420806884766,,18.398693084716797,
514.29999999999995,19.792873382568359,,18.148303985595703,
514.39999999999998,18.962501525878906,,17.560653686523438,
514.5,18.548591613769531,,16.939788818359375,
514.60000000000002,18.213886260986328,,16.382797241210938,
514.70000000000005,17.605796813964844,,16.331699371337891,
514.79999999999995,17.541919708251953,,16.630634307861328,
514.89999999999998,17.83319091796875,,16.656185150146484,
515,18.351856231689453,,16.699619293212891,
515.10000000000002,18.786205291748047,,16.888690948486328,
515.20000000000005,18.56903076171875,,17.128860473632812,
515.29999999999995,17.897064208984375,,17.0777587890625,
515.39999999999998,17.409061431884766,,16.98577880859375,
515.5,17.753986358642578,,17.333259582519531,
515.60000000000002,18.632904052734375,,17.892803192138672,
515.70000000000005,19.476055145263672,,18.184074401855469,
515.79999999999995,20.250221252441406,,18.378253936767578,
515.89999999999998,20.952846527099609,,18.618423461914062,
516,21.405078887939453,,18.53155517578125,
516.10000000000002,21.433185577392578,,18.222400665283203,
516.20000000000005,21.03460693359375,,17.946460723876953,
516.29999999999995,20.393299102783203,,17.473785400390625,
516.39999999999998,19.869525909423828,,16.835033416748047,
516.5,19.376411437988281,,16.170734405517578,
516.60000000000002,18.653347015380859,,15.399124145507812,
516.70000000000005,17.725879669189453,,14.627517700195312,
516.79999999999995,16.974708557128906,,14.154838562011719,
516.89999999999998,16.542915344238281,,13.975990295410156,
517,16.226097106933594,,13.786918640136719,
517.10000000000002,16.152000427246094,,13.544197082519531,
517.20000000000005,16.3436279296875,,13.426666259765625,
517.29999999999995,16.468818664550781,,13.60040283203125,
517.39999999999998,16.241424560546875,,13.866127014160156,
517.5,15.817298889160156,,13.850791931152344,
517.60000000000002,16.054908752441406,,14.047531127929688,
517.70000000000005,17.357959747314453,,14.867683410644531,
517.79999999999995,18.931838989257812,,15.672508239746094,
517.89999999999998,20.002384185791016,,16.219280242919922,
518,20.102031707763672,,16.551429748535156,
518.10000000000002,19.726444244384766,,16.921905517578125,
518.20000000000005,20.135246276855469,,17.596424102783203,
518.29999999999995,21.767890930175781,,18.242839813232422,
518.39999999999998,21.704013824462891,,18.304157257080078,
518.5,20.400966644287109,,18.988899230957031,
518.60000000000002,20.878749847412109,,20.314945220947266,
518.70000000000005,21.704013824462891,,20.818279266357422,
518.79999999999995,21.801105499267578,,20.552558898925781,
518.89999999999998,21.131694793701172,,19.545890808105469,
519,20.035598754882812,,18.150859832763672,
519.10000000000002,19.309978485107422,,16.983222961425781,
519.20000000000005,19.32275390625,,16.413459777832031,
519.29999999999995,19.240993499755859,,15.981662750244141,
519.39999999999998,18.428504943847656,,15.135955810546875,
519.5,17.168891906738281,,13.832908630371094,
519.60000000000002,16.093238830566406,,12.64483642578125,
519.70000000000005,15.66143798828125,,12.205375671386719,
519.79999999999995,15.745758056640625,,12.12872314453125,
519.89999999999998,16.003807067871094,,11.893661499023438,
520,16.088127136230469,14.851485252380371,11.497642517089844,17.964071273803711
520.10000000000002,15.640998840332031,,11.155265808105469,
520.20000000000005,15.160659790039062,,11.047958374023438,
520.29999999999995,15.33184814453125,,11.183372497558594,
520.39999999999998,15.671661376953125,,11.326454162597656,
520.5,15.73553466796875,,11.380111694335938,
520.60000000000002,15.758529663085938,,11.436317443847656,
520.70000000000005,16.044692993164062,,11.645828247070312,
520.79999999999995,16.586349487304688,,11.847671508789062,
520.89999999999998,17.209770202636719,,12.049522399902344,
521,18.119350433349609,,12.82879638671875,
521.10000000000002,18.287979125976562,,14.898345947265625,
521.20000000000005,16.338516235351562,,16.364913940429688,
521.29999999999995,14.243415832519531,,16.334255218505859,
521.39999999999998,13.042564392089844,,16.418567657470703,
521.5,12.278617858886719,,16.937232971191406,
521.60000000000002,12.194305419921875,,18.1815185546875,
521.70000000000005,12.327163696289062,,20.051780700683594,
521.79999999999995,12.288841247558594,,21.278179168701172,
521.89999999999998,12.09210205078125,,21.196418762207031,
522,11.537673950195312,,20.567890167236328,
522.10000000000002,11.261734008789062,,21.030342102050781,
522.20000000000005,12.232627868652344,,23.094783782958984,
522.29999999999995,13.862716674804688,,24.387615203857422,
522.39999999999998,15.132553100585938,,23.432044982910156,
522.5,16.044692993164062,,21.099327087402344,
522.60000000000002,16.859733581542969,,19.00933837890625,
522.70000000000005,18.093799591064453,,19.525447845458984,
522.79999999999995,19.695785522460938,,22.029350280761719,
522.89999999999998,20.360084533691406,,24.566463470458984,
523,19.759658813476562,,25.598682403564453,
523.10000000000002,18.67889404296875,,24.239425659179688,
523.20000000000005,18.546035766601562,,22.724308013916016,
523.29999999999995,19.200115203857422,,22.389602661132812,
523.39999999999998,19.335529327392578,,22.588893890380859,
523.5,18.842414855957031,,22.936374664306641,
523.60000000000002,17.776981353759766,,22.527572631835938,
523.70000000000005,16.668113708496094,,20.958805084228516,
523.79999999999995,16.565910339355469,,19.413028717041016,
523.89999999999998,17.212326049804688,,18.301605224609375,
524,18.47705078125,,17.729282379150391,
524.10000000000002,20.648799896240234,,17.696067810058594,
524.20000000000005,23.224239349365234,,17.726730346679688,
524.29999999999995,24.568168640136719,,17.943904876708984,
524.39999999999998,23.237014770507812,,18.922470092773438,
524.5,21.658023834228516,,21.232189178466797,
524.60000000000002,21.251781463623047,,22.800960540771484,
524.70000000000005,20.756111145019531,,22.591449737548828,
524.79999999999995,20.153129577636719,,21.960365295410156,
524.89999999999998,19.757106781005859,,22.197978973388672,
525,19.85675048828125,,23.250637054443359,
525.10000000000002,20.973285675048828,,25.212879180908203,
525.20000000000005,22.013168334960938,,27.681007385253906,
525.29999999999995,21.790885925292969,,28.672348022460938,
525.39999999999998,20.653911590576172,,26.750988006591797,
525.5,19.877189636230469,,22.491802215576172,
525.60000000000002,19.59869384765625,,18.850929260253906,
525.70000000000005,18.993160247802734,,16.418567657470703,
525.79999999999995,18.699337005615234,,14.791030883789062,
525.89999999999998,18.502601623535156,,14.185501098632812,
526,18.096355438232422,,14.251930236816406,
526.10000000000002,17.702884674072266,,14.466552734375,
526.20000000000005,17.424388885498047,,14.74249267578125,
526.29999999999995,17.265979766845703,,14.921340942382812,
526.39999999999998,17.153556823730469,,14.803810119628906,
526.5,17.291530609130859,,14.193161010742188,
526.60000000000002,17.460159301757812,,13.457321166992188,
526.70000000000005,17.513816833496094,,13.344902038574219,
526.79999999999995,17.314525604248047,,13.738372802734375,
526.89999999999998,16.708992004394531,,14.065414428710938,
527,16.180107116699219,,14.047531127929688,
527.10000000000002,16.284858703613281,,14.00665283203125,
527.20000000000005,17.564914703369141,,14.397567749023438,
527.29999999999995,19.889965057373047,,15.284149169921875,
527.39999999999998,22.623813629150391,,16.776268005371094,
527.5,24.013736724853516,,19.088542938232422,
527.60000000000002,23.824665069580078,,20.731407165527344,
527.70000000000005,23.566608428955078,,21.063560485839844,
527.79999999999995,23.576831817626953,,20.953693389892578,
527.89999999999998,23.791450500488281,,20.327720642089844,
528,24.092941284179688,,19.676193237304688,
528.10000000000002,24.136375427246094,,19.367038726806641,
528.20000000000005,23.541061401367188,,19.006782531738281,
528.29999999999995,23.451633453369141,,18.983787536621094,
528.39999999999998,24.184921264648438,,19.571437835693359,
528.5,24.000961303710938,,19.701744079589844,
528.60000000000002,22.843544006347656,,19.190742492675781,
528.70000000000005,22.460296630859375,,19.085987091064453,
528.79999999999995,22.769451141357422,,19.221405029296875,
528.89999999999998,22.759231567382812,,19.022113800048828,
529,22.421970367431641,,18.646530151367188,
529.10000000000002,22.286556243896484,,18.283718109130859,
529.20000000000005,22.054050445556641,,17.918354034423828,
529.29999999999995,21.614589691162109,,17.532550811767578,
529.39999999999998,21.517501831054688,,17.481449127197266,
529.5,21.305435180664062,,17.535102844238281,
529.60000000000002,20.842979431152344,,17.448234558105469,
529.70000000000005,20.607921600341797,,17.202953338623047,
529.79999999999995,20.615585327148438,,16.229499816894531,
529.89999999999998,21.055046081542969,,15.360801696777344,
530,21.136806488037109,16.913320541381836,15.475776672363281,13.177160263061523
530.10000000000002,20.232334136962891,,15.690395355224609,
530.20000000000005,19.447948455810547,,15.452781677246094,
530.29999999999995,18.888404846191406,,14.203384399414062,
530.39999999999998,18.699337005615234,,13.255477905273438,
530.5,18.546035766601562,,13.49053955078125,
530.60000000000002,17.679889678955078,,13.572296142578125,
530.70000000000005,16.650222778320312,,13.393447875976562,
530.79999999999995,16.011474609375,,13.125175476074219,
530.89999999999998,16.037025451660156,,13.099624633789062,
531,16.261863708496094,,13.309135437011719,
531.10000000000002,16.052352905273438,,13.130287170410156,
531.20000000000005,15.858177185058594,,12.900337219238281,
531.29999999999995,16.108566284179688,,13.1405029296875,
531.39999999999998,16.169883728027344,,13.252922058105469,
531.5,15.970596313476562,,13.145614624023438,
531.60000000000002,16.042137145996094,,13.339797973632812,
531.70000000000005,16.065132141113281,,13.457321166992188,
531.79999999999995,15.669105529785156,,13.209487915039062,
531.89999999999998,15.267967224121094,,12.596290588378906,
532,15.10955810546875,,11.704597473144531,
532.10000000000002,15.022689819335938,,10.746467590332031,
532.20000000000005,15.020133972167969,,9.8036727905273438,
532.29999999999995,14.841285705566406,,9.0218429565429688,
532.39999999999998,14.693092346191406,,9.0065155029296875,
532.5,15.778968811035156,,10.378547668457031,
532.60000000000002,17.603240966796875,,12.555412292480469,
532.70000000000005,19.907848358154297,,14.903457641601562,
532.79999999999995,22.751564025878906,,17.527439117431641,
532.89999999999998,24.184921264648438,,20.708412170410156,
533,24.803230285644531,,24.446380615234375,
533.10000000000002,24.573280334472656,,25.598682403564453,
533.20000000000005,23.758235931396484,,23.889389038085938,
533.29999999999995,22.427078247070312,,21.640987396240234,
533.39999999999998,20.682014465332031,,19.581657409667969,
533.5,20.33453369140625,,19.244400024414062,
533.60000000000002,20.572151184082031,,19.801387786865234,
533.70000000000005,20.628360748291016,,20.023674011230469,
533.79999999999995,21.1265869140625,,20.215297698974609,
533.89999999999998,21.075485229492188,,20.069664001464844,
534,20.268104553222656,,19.119205474853516,
534.10000000000002,19.854194641113281,,17.987339019775391,
534.20000000000005,19.442840576171875,,17.246387481689453,
534.29999999999995,19.131130218505859,,17.369029998779297,
534.39999999999998,18.850078582763672,,17.951568603515625,
534.5,18.441280364990234,,17.959232330322266,
534.60000000000002,17.608348846435547,,17.343479156494141,
534.70000000000005,16.665557861328125,,16.740497589111328,
534.79999999999995,17.120346069335938,,16.753273010253906,
534.89999999999998,17.600685119628906,,17.15185546875,
535,16.558242797851562,,16.763492584228516,
535.10000000000002,15.801963806152344,,16.456893920898438,
535.20000000000005,15.628227233886719,,16.413459777832031,
535.29999999999995,15.666549682617188,,16.326587677001953,
535.39999999999998,15.922050476074219,,16.54376220703125,
535.5,16.1954345703125,,16.487552642822266,
535.60000000000002,15.9757080078125,,16.032764434814453,
535.70000000000005,15.876060485839844,,15.741493225097656,
535.79999999999995,16.647666931152344,,16.027652740478516,
535.89999999999998,17.672225952148438,,16.794155120849609,
536,18.2930908203125,,18.495784759521484,
536.10000000000002,18.474494934082031,,20.654758453369141,
536.20000000000005,19.177120208740234,,21.942478179931641,
536.29999999999995,20.022823333740234,,21.612884521484375,
536.39999999999998,20.186344146728516,,20.935810089111328,
536.5,19.509269714355469,,21.066112518310547,
536.60000000000002,18.632904052734375,,21.009902954101562,
536.70000000000005,18.374851226806641,,20.767177581787109,
536.79999999999995,18.604801177978516,,20.810615539550781,
536.89999999999998,18.852634429931641,,20.437583923339844,
537,18.571586608886719,,19.740070343017578,
537.10000000000002,18.239433288574219,,18.9173583984375,
537.20000000000005,18.844970703125,,18.319488525390625,
537.29999999999995,19.680454254150391,,18.002670288085938,
537.39999999999998,20.567039489746094,,18.005222320556641,
537.5,22.153694152832031,,18.766613006591797,
537.60000000000002,23.484851837158203,,19.821830749511719,
537.70000000000005,24.338218688964844,,20.687973022460938,
537.79999999999995,24.711250305175781,,21.709972381591797,
537.89999999999998,24.243686676025391,,22.982364654541016,
538,23.479740142822266,,23.914939880371094,
538.10000000000002,22.749008178710938,,23.769302368164062,
538.20000000000005,22.158805847167969,,22.844394683837891,
538.29999999999995,21.540496826171875,,22.037014007568359,
538.39999999999998,20.574703216552734,,21.278179168701172,
538.5,19.790321350097656,,20.496349334716797,
538.60000000000002,19.409626007080078,,19.967464447021484,
538.70000000000005,18.975276947021484,,19.609764099121094,
538.79999999999995,18.834751129150391,,19.525447845458984,
538.89999999999998,18.975276947021484,,19.579105377197266,
539,19.103023529052734,,19.430915832519531,
539.10000000000002,19.051925659179688,,19.103874206542969,
539.20000000000005,18.852634429931641,,18.812602996826172,
539.29999999999995,18.842414855957031,,18.705295562744141,
539.39999999999998,18.988048553466797,,18.679744720458984,
539.5,19.095359802246094,,18.626087188720703,
539.60000000000002,19.274211883544922,,18.559658050537109,
539.70000000000005,20.160793304443359,,19.254619598388672,
539.79999999999995,21.195571899414062,,20.475910186767578,
539.89999999999998,21.134250640869141,,20.7569580078125,
540,20.398410797119141,17.991004943847656,20.130985260009766,12.437810897827148
540.10000000000002,20.043266296386719,,19.397697448730469,
540.20000000000005,19.716224670410156,,18.62353515625,
540.29999999999995,18.806644439697266,,17.790603637695312,
540.39999999999998,17.960941314697266,,17.162075042724609,
540.5,17.879180908203125,,16.921905517578125,
540.60000000000002,18.167896270751953,,16.901462554931641,
540.70000000000005,18.101463317871094,,16.668960571289062,
540.79999999999995,18.006931304931641,,16.459449768066406,
540.89999999999998,18.147453308105469,,16.4517822265625,
541,18.047809600830078,,16.321479797363281,
541.10000000000002,17.605796813964844,,15.905014038085938,
541.20000000000005,17.255760192871094,,15.335250854492188,
541.29999999999995,17.20721435546875,,14.921340942382812,
541.39999999999998,17.222545623779297,,14.785926818847656,
541.5,17.053916931152344,,14.747596740722656,
541.60000000000002,17.102462768554688,,14.829360961914062,
541.70000000000005,18.313529968261719,,15.876907348632812,
541.79999999999995,19.568035125732422,,17.036880493164062,
541.89999999999998,19.1387939453125,,17.167182922363281,
542,18.303310394287109,,17.141635894775391,
542.10000000000002,17.631343841552734,,16.896354675292969,
542.20000000000005,16.583793640136719,,16.170734405517578,
542.29999999999995,15.832626342773438,,15.447669982910156,
542.39999999999998,15.697212219238281,,15.148735046386719,
542.5,16.266975402832031,,15.672508239746094,
542.60000000000002,17.038581848144531,,16.431343078613281,
542.70000000000005,17.807640075683594,,16.842700958251953,
542.79999999999995,19.174564361572266,,17.220840454101562,
542.89999999999998,20.6845703125,,17.747169494628906,
543,21.466400146484375,,18.633754730224609,
543.10000000000002,20.894081115722656,,19.359375,
543.20000000000005,19.552703857421875,,18.932689666748047,
543.29999999999995,18.6610107421875,,17.517219543457031,
543.39999999999998,17.920059204101562,,15.963779449462891,
543.5,17.383510589599609,,14.729713439941406,
543.60000000000002,17.230209350585938,,13.684722900390625,
543.70000000000005,16.777976989746094,,12.557960510253906,
543.79999999999995,16.238868713378906,,11.633056640625,
543.89999999999998,15.970596313476562,,11.242141723632812,
544,15.80963134765625,,11.114387512207031,
544.10000000000002,15.559242248535156,,10.978973388671875,
544.20000000000005,15.244972229003906,,10.971305847167969,
544.29999999999995,15.017578125,,11.137382507324219,
544.39999999999998,15.140220642089844,,11.290687561035156,
544.5,15.234756469726562,,11.260025024414062,
544.60000000000002,14.969032287597656,,11.058181762695312,
544.70000000000005,14.802963256835938,,11.055625915527344,
544.79999999999995,14.869392395019531,,11.5947265625,
544.89999999999998,15.084007263183594,,12.713821411132812,
545,15.451927185058594,,14.126731872558594,
545.10000000000002,16.15966796875,,15.641849517822266,
545.20000000000005,17.199550628662109,,17.266830444335938,
545.29999999999995,18.354408264160156,,18.255615234375,
545.39999999999998,19.603805541992188,,18.023109436035156,
545.5,20.873641967773438,,17.506999969482422,
545.60000000000002,22.041275024414062,,17.627082824707031,
545.70000000000005,23.001953125,,18.311824798583984,
545.79999999999995,22.792446136474609,,18.628643035888672,
545.89999999999998,21.323318481445312,,18.191738128662109,
546,19.828643798828125,,17.570873260498047,
546.10000000000002,18.977828979492188,,17.121192932128906,
546.20000000000005,18.671230316162109,,16.891242980957031,
546.29999999999995,18.482158660888672,,16.812038421630859,
546.39999999999998,18.38507080078125,,16.955120086669922,
546.5,18.456611633300781,,17.246387481689453,
546.60000000000002,18.438724517822266,,17.343479156494141,
546.70000000000005,18.155120849609375,,17.095645904541016,
546.79999999999995,17.838298797607422,,16.730278015136719,
546.89999999999998,17.495929718017578,,16.408348083496094,
547,17.163780212402344,,16.129852294921875,
547.10000000000002,16.946601867675781,,15.95611572265625,
547.20000000000005,16.834182739257812,,15.823253631591797,
547.29999999999995,16.7115478515625,,15.764488220214844,
547.39999999999998,16.640007019042969,,16.050647735595703,
547.5,17.161224365234375,,16.901462554931641,
547.60000000000002,18.594581604003906,,18.567325592041016,
547.70000000000005,19.603805541992188,,19.768173217773438,
547.79999999999995,19.389186859130859,,19.878040313720703,
547.89999999999998,18.844970703125,,19.857597351074219,
548,18.640571594238281,,19.985347747802734,
548.10000000000002,18.379959106445312,,19.92913818359375,
548.20000000000005,17.935390472412109,,19.433467864990234,
548.29999999999995,17.687553405761719,,18.991455078125,
548.39999999999998,17.498485565185547,,18.633754730224609,
548.5,17.605796813964844,,18.477897644042969,
548.60000000000002,17.812751770019531,,18.620979309082031,
548.70000000000005,17.756538391113281,,18.401248931884766,
548.79999999999995,17.687553405761719,,17.841705322265625,
548.89999999999998,17.350296020507812,,17.159519195556641,
549,16.172439575195312,,15.784927368164062,
549.10000000000002,14.897499084472656,,13.93255615234375,
549.20000000000005,15.084007263183594,,12.568183898925781,
549.29999999999995,16.129005432128906,,11.965202331542969,
549.39999999999998,16.016586303710938,,12.100616455078125,
549.5,15.602676391601562,,12.701042175292969,
549.60000000000002,17.156112670898438,,13.592742919921875,
549.70000000000005,20.743335723876953,,14.865127563476562,
549.79999999999995,24.969303131103516,,16.329143524169922,
549.89999999999998,28.293361663818359,,17.639858245849609,
550,30.025650024414062,14.007781982421875,19.011894226074219,14.563106536865234
550.10000000000002,30.166175842285156,,21.061004638671875,
550.20000000000005,29.920894622802734,,24.218982696533203,
550.29999999999995,30.120185852050781,,28.406627655029297,
550.39999999999998,29.897899627685547,,32.067943572998047,
550.5,29.343463897705078,,34.119609832763672,
550.60000000000002,29.351131439208984,,34.170707702636719,
550.70000000000005,30.848358154296875,,31.378093719482422,
550.79999999999995,33.007335662841797,,26.710109710693359,
550.89999999999998,34.977237701416016,,25.315078735351562,
551,33.5260009765625,,24.218982696533203,
551.10000000000002,26.798683166503906,,20.570442199707031,
551.20000000000005,20.171016693115234,,18.508560180664062,
551.29999999999995,17.513816833496094,,18.337375640869141,
551.39999999999998,16.295082092285156,,18.426799774169922,
551.5,15.211761474609375,,18.240283966064453,
551.60000000000002,15.342063903808594,,18.360370635986328,
551.70000000000005,16.180107116699219,,18.074207305908203,
551.79999999999995,17.396286010742188,,18.276054382324219,
551.89999999999998,18.249656677246094,,18.076763153076172,
552,18.906291961669922,,17.271938323974609,
552.10000000000002,19.662570953369141,,16.272933959960938,
552.20000000000005,19.626800537109375,,15.22027587890625,
552.29999999999995,18.860301971435547,,14.632621765136719,
552.39999999999998,18.106575012207031,,13.850791931152344,
552.5,16.892951965332031,,13.183937072753906,
552.60000000000002,15.592453002929688,,12.407218933105469,
552.70000000000005,14.81573486328125,,11.919212341308594,
552.79999999999995,14.731422424316406,,11.94476318359375,
552.89999999999998,14.792739868164062,,11.811904907226562,
553,15.022689819335938,,12.039299011230469,
553.10000000000002,15.870948791503906,,13.12261962890625,
553.20000000000005,16.558242797851562,,14.029647827148438,
553.29999999999995,16.903167724609375,,14.402671813964844,
553.39999999999998,17.886844635009766,,14.688835144042969,
553.5,18.773429870605469,,13.950439453125,
553.60000000000002,18.579250335693359,,12.775138854980469,
553.70000000000005,17.340076446533203,,12.080177307128906,
553.79999999999995,16.185218811035156,,11.627944946289062,
553.89999999999998,15.9373779296875,,11.883445739746094,
554,15.801963806152344,,12.473648071289062,
554.10000000000002,15.824958801269531,,13.112396240234375,
554.20000000000005,15.107002258300781,,13.217155456542969,
554.29999999999995,13.995582580566406,,13.480316162109375,
554.39999999999998,13.533126831054688,,13.536529541015625,
554.5,13.430923461914062,,13.163497924804688,
554.60000000000002,13.4718017578125,,12.869674682617188,
554.70000000000005,13.045120239257812,,12.123611450195312,
554.79999999999995,12.429367065429688,,11.489974975585938,
554.89999999999998,11.629653930664062,,10.746467590332031,
555,10.5667724609375,,10.337669372558594,
555.10000000000002,10.324043273925781,,10.513961791992188,
555.20000000000005,10.03277587890625,,10.447532653808594,
555.29999999999995,9.3505935668945312,,9.839447021484375,
555.39999999999998,8.7961578369140625,,9.157257080078125,
555.5,8.6786270141601562,,8.7663421630859375,
555.60000000000002,8.7961578369140625,,8.70758056640625,
555.70000000000005,9.0414352416992188,,8.6641464233398438,
555.79999999999995,9.4553451538085938,,8.3549880981445312,
555.89999999999998,9.838592529296875,,7.685577392578125,
556,10.101760864257812,,7.080047607421875,
556.10000000000002,10.446685791015625,,6.8449859619140625,
556.20000000000005,11.0445556640625,,6.9165267944335938,
556.29999999999995,11.805946350097656,,7.2129058837890625,
556.39999999999998,12.539230346679688,,7.501617431640625,
556.5,13.170318603515625,,7.7647857666015625,
556.60000000000002,13.673652648925781,,7.93341064453125,
556.70000000000005,14.256187438964844,,8.0407257080078125,
556.79999999999995,14.869392395019531,,8.0969314575195312,
556.89999999999998,15.446823120117188,,8.1327056884765625,
557,16.182662963867188,,8.26556396484375,
557.10000000000002,16.9312744140625,,8.5389480590820312,
557.20000000000005,17.5572509765625,,9.0933837890625,
557.29999999999995,17.994155883789062,,10.025962829589844,
557.39999999999998,17.879180908203125,,10.843559265136719,
557.5,17.176551818847656,,11.101615905761719,
557.60000000000002,16.243980407714844,,10.968757629394531,
557.70000000000005,15.365058898925781,,10.580390930175781,
557.79999999999995,14.785072326660156,,10.153709411621094,
557.89999999999998,14.291961669921875,,9.7397994995117188,
558,13.763076782226562,,9.3591079711914062,
558.10000000000002,13.213752746582031,,8.955413818359375,
558.20000000000005,12.587776184082031,,8.5466156005859375,
558.29999999999995,11.992462158203125,,8.2527923583984375,
558.39999999999998,11.609207153320312,,8.0151748657226562,
558.5,11.402252197265625,,7.7801132202148438,
558.60000000000002,11.072662353515625,,7.4581832885742188,
558.70000000000005,10.743064880371094,,7.16180419921875,
558.79999999999995,10.500343322753906,,6.94207763671875,
558.89999999999998,10.416023254394531,,6.7708892822265625,
559,10.6025390625,,6.5843734741210938,
559.10000000000002,10.942352294921875,,6.4336318969726562,
559.20000000000005,11.346046447753906,,6.4310760498046875,
559.29999999999995,11.775283813476562,,6.5511627197265625,
559.39999999999998,12.242851257324219,,6.6354751586914062,
559.5,12.649093627929688,,6.6124801635742188,
559.60000000000002,12.960807800292969,,6.6508026123046875,
559.70000000000005,13.369606018066406,,6.8858642578125,
559.79999999999995,13.862716674804688,,7.151580810546875,
559.89999999999998,14.376274108886719,,7.3074417114257812,
560,14.874504089355469,10.067113876342773,7.437744140625,6.8649883270263672
560.10000000000002,15.365058898925781,,7.6012649536132812,
560.20000000000005,15.901611328125,,7.7750015258789062,
560.29999999999995,16.565910339355469,,7.93341064453125,
560.39999999999998,17.28131103515625,,8.0509414672851562,
560.5,17.9251708984375,,8.1684722900390625,
560.60000000000002,18.615020751953125,,8.431640625,
560.70000000000005,19.069808959960938,,8.8787612915039062,
560.79999999999995,19.118354797363281,,9.6350479125976562,
560.89999999999998,18.980384826660156,,10.544624328613281,
561,18.653347015380859,,11.127166748046875,
561.10000000000002,18.058029174804688,,11.247245788574219,
561.20000000000005,17.2991943359375,,11.037742614746094,
561.29999999999995,16.504592895507812,,10.641716003417969,
561.39999999999998,15.633338928222656,,10.143486022949219,
561.5,14.774856567382812,,9.6478195190429688,
561.60000000000002,14.164207458496094,,9.2620162963867188,
561.70000000000005,13.734970092773438,,8.96563720703125,
561.79999999999995,13.275070190429688,,8.6462631225585938,
561.89999999999998,12.751296997070312,,8.3243331909179688,
562,12.207077026367188,,8.0228424072265625,
562.10000000000002,11.721633911132812,,7.7060165405273438,
562.20000000000005,11.28472900390625,,7.3840866088867188,
562.29999999999995,10.967903137207031,,7.12603759765625,
562.39999999999998,10.914253234863281,,6.9574050903320312,
562.5,11.121208190917969,,6.8271026611328125,
562.60000000000002,11.496788024902344,,6.7453384399414062,
562.70000000000005,11.954132080078125,,6.6967926025390625,
562.79999999999995,12.429367065429688,,6.6584701538085938,
562.89999999999998,12.932701110839844,,6.6967926025390625,
563,13.487136840820312,,6.8194351196289062,
563.10000000000002,14.072227478027344,,6.9522933959960938,
563.20000000000005,14.677764892578125,,7.0468292236328125,
563.29999999999995,15.270523071289062,,7.12603759765625,
563.39999999999998,15.796852111816406,,7.2026824951171875,
563.5,16.37939453125,,7.3304367065429688,
563.60000000000002,17.09735107421875,,7.5680465698242188,
563.70000000000005,17.756538391113281,,7.8542098999023438,
563.79999999999995,18.155120849609375,,8.2093582153320312,
563.89999999999998,18.178115844726562,,8.6871414184570312,
564,17.843410491943359,,9.1266021728515625,
564.10000000000002,17.368179321289062,,9.2569046020507812,
564.20000000000005,16.956825256347656,,9.1240463256835938,
564.29999999999995,16.392173767089844,,8.9784088134765625,
564.39999999999998,15.628227233886719,,8.8353271484375,
564.5,15.089118957519531,,8.7126922607421875,
564.60000000000002,14.787628173828125,,8.6104888916015625,
564.70000000000005,14.468254089355469,,8.569610595703125,
564.79999999999995,14.138656616210938,,8.5542831420898438,
564.89999999999998,13.8780517578125,,8.4878463745117188,
565,13.704307556152344,,8.4393081665039062,
565.10000000000002,13.558677673339844,,8.3907623291015625,
565.20000000000005,13.336387634277344,,8.2425689697265625,
565.29999999999995,12.996574401855469,,8.0407257080078125,
565.39999999999998,12.725746154785156,,7.907867431640625,
565.5,12.636322021484375,,7.8363265991210938,
565.60000000000002,12.569892883300781,,7.7392349243164062,
565.70000000000005,12.419143676757812,,7.60382080078125,
565.79999999999995,12.235183715820312,,7.4888458251953125,
565.89999999999998,12.048667907714844,,7.3789825439453125,
566,11.87237548828125,,7.2742233276367188,
566.10000000000002,11.68841552734375,,7.16180419921875,
566.20000000000005,11.438026428222656,,7.0289459228515625,
566.29999999999995,11.182525634765625,,6.9190826416015625,
566.39999999999998,11.294944763183594,,6.8654251098632812,
566.5,11.87237548828125,,6.8858642578125,
566.60000000000002,12.669532775878906,,7.0749359130859375,
566.70000000000005,13.551010131835938,,7.3840866088867188,
566.79999999999995,14.468254089355469,,7.6421432495117188,
566.89999999999998,15.421272277832031,,7.9027557373046875,
567,16.348731994628906,,8.1403656005859375,
567.10000000000002,17.125457763671875,,8.3141098022460938,
567.20000000000005,17.85107421875,,8.6028213500976562,
567.29999999999995,18.625240325927734,,9.0448379516601562,
567.39999999999998,19.399406433105469,,9.4842987060546875,
567.5,20.22467041015625,,9.8522186279296875,
567.60000000000002,21.062709808349609,,10.156265258789062,
567.70000000000005,21.816436767578125,,10.444976806640625,
567.79999999999995,22.335098266601562,,10.728584289550781,
567.89999999999998,22.421970367431641,,10.984085083007812,
568,21.476619720458984,,11.280464172363281,
568.10000000000002,20.194011688232422,,11.627944946289062,
568.20000000000005,19.289539337158203,,11.924324035644531,
568.29999999999995,18.599689483642578,,12.01885986328125,
568.39999999999998,17.920059204101562,,11.865562438964844,
568.5,17.214881896972656,,11.528297424316406,
568.60000000000002,16.491813659667969,,11.053070068359375,
568.70000000000005,15.686988830566406,,10.493522644042969,
568.79999999999995,14.846397399902344,,9.9518661499023438,
568.89999999999998,14.215309143066406,,9.5098495483398438,
569,13.752853393554688,,9.1547012329101562,
569.10000000000002,13.295509338378906,,8.8327713012695312,
569.20000000000005,12.812614440917969,,8.5312881469726562,
569.29999999999995,12.329719543457031,,8.2349014282226562,
569.39999999999998,11.87237548828125,,7.8899765014648438,
569.5,11.432914733886719,,7.5348358154296875,
569.60000000000002,11.126312255859375,,7.2793350219726562,
569.70000000000005,11.205520629882812,,7.2282333374023438,
569.79999999999995,11.642425537109375,,7.3891983032226562,
569.89999999999998,12.186637878417969,,7.60382080078125,
570,12.781951904296875,5.4298639297485352,7.74945068359375,0
570.10000000000002,13.433479309082031,,7.8184356689453125,
570.20000000000005,14.102890014648438,,7.887420654296875,
570.29999999999995,14.739082336425781,,7.93341064453125,
570.39999999999998,15.33184814453125,,8.0202865600585938,
570.5,16.062576293945312,,8.2885589599609375,
570.60000000000002,16.900611877441406,,8.6079330444335938,
570.70000000000005,17.713104248046875,,8.8583221435546875,
570.79999999999995,18.535816192626953,,9.103607177734375,
570.89999999999998,19.330421447753906,,9.36932373046875,
571,20.145465850830078,,9.6759262084960938,
571.10000000000002,20.871086120605469,,9.9774169921875,
571.20000000000005,21.471511840820312,,10.286567687988281,
571.29999999999995,22.184356689453125,,10.743911743164062,
571.39999999999998,22.294219970703125,,11.298347473144531,
571.5,21.42041015625,,11.90899658203125,
571.60000000000002,20.140354156494141,,12.435325622558594,
571.70000000000005,19.200115203857422,,12.698486328125,
571.79999999999995,18.474494934082031,,12.685714721679688,
571.89999999999998,17.646675109863281,,12.345901489257812,
572,16.767753601074219,,11.819572448730469,
572.10000000000002,16.065132141113281,,11.321342468261719,
572.20000000000005,15.457038879394531,,10.848670959472656,
572.29999999999995,14.879608154296875,,10.381103515625,
572.39999999999998,14.345611572265625,,9.9467544555664062,
572.5,13.803955078125,,9.535400390625,
572.60000000000002,13.236747741699219,,9.1240463256835938,
572.70000000000005,12.595443725585938,,8.6999130249023438,
572.79999999999995,11.949028015136719,,8.2962265014648438,
572.89999999999998,11.466133117675781,,7.9819564819335938,
573,11.093101501464844,,7.7162399291992188,
573.10000000000002,10.832489013671875,,7.4735107421875,
573.20000000000005,10.837600708007812,,7.317657470703125,
573.29999999999995,11.179969787597656,,7.2844467163085938,
573.39999999999998,11.790618896484375,,7.3610916137695312,
573.5,12.408927917480469,,7.4045257568359375,
573.60000000000002,12.97613525390625,,7.3968658447265625,
573.70000000000005,13.650657653808594,,7.5322799682617188,
573.79999999999995,14.353279113769531,,7.74945068359375,
573.89999999999998,15.012474060058594,,7.953857421875,
574,15.702323913574219,,8.1786956787109375,
574.10000000000002,16.410057067871094,,8.41375732421875,
574.20000000000005,17.17144775390625,,8.6232681274414062,
574.29999999999995,17.863849639892578,,8.7510147094726562,
574.39999999999998,18.451499938964844,,8.8787612915039062,
574.5,19.154125213623047,,9.1598129272460938,
574.60000000000002,19.912960052490234,,9.5149612426757812,
574.70000000000005,20.664131164550781,,9.8496627807617188,
574.79999999999995,21.320766448974609,,10.194587707519531,
574.89999999999998,21.563491821289062,,10.593170166015625,
575,21.177684783935547,,11.068397521972656,
575.10000000000002,20.122470855712891,,11.459312438964844,
575.20000000000005,18.903736114501953,,11.771026611328125,
575.29999999999995,18.111686706542969,,12.062294006347656,
575.39999999999998,17.503593444824219,,12.090400695800781,
575.5,16.829078674316406,,11.773582458496094,
575.60000000000002,16.149444580078125,,11.298347473144531,
575.70000000000005,15.497917175292969,,10.802680969238281,
575.79999999999995,14.935821533203125,,10.296791076660156,
575.89999999999998,14.3558349609375,,9.765350341796875,
576,13.709419250488281,,9.2850112915039062,
576.10000000000002,13.165206909179688,,8.937530517578125,
576.20000000000005,12.738517761230469,,8.6692581176757812,
576.29999999999995,12.329719543457031,,8.385650634765625,
576.39999999999998,11.900482177734375,,8.0969314575195312,
576.5,11.46868896484375,,7.8082199096679688,
576.60000000000002,11.131423950195312,,7.52972412109375,
576.70000000000005,10.860595703125,,7.2767791748046875,
576.79999999999995,10.781387329101562,,7.12603759765625,
576.89999999999998,11.123764038085938,,7.264007568359375,
577,11.793167114257812,,7.5731582641601562,
577.10000000000002,12.562225341796875,,7.777557373046875,
577.20000000000005,13.318504333496094,,7.8848724365234375,
577.29999999999995,14.010910034179688,,7.9513015747070312,
577.39999999999998,14.677764892578125,,8.071380615234375,
577.5,15.308853149414062,,8.2553482055664062,
577.60000000000002,15.899055480957031,,8.44952392578125,
577.70000000000005,16.642562866210938,,8.7510147094726562,
577.79999999999995,17.490821838378906,,9.0933837890625,
577.89999999999998,18.300754547119141,,9.3616561889648438,
578,19.1387939453125,,9.6094970703125,
578.10000000000002,19.974281311035156,,9.8547744750976562,
578.20000000000005,20.773994445800781,,10.133270263671875,
578.29999999999995,21.193016052246094,,10.442420959472656,
578.39999999999998,20.766330718994141,,10.756690979003906,
578.5,19.751995086669922,,11.206367492675781,
578.60000000000002,18.737659454345703,,11.819572448730469,
578.70000000000005,17.994155883789062,,12.351005554199219,
578.79999999999995,17.393730163574219,,12.488975524902344,
578.89999999999998,16.749870300292969,,12.205375671386719,
579,16.100898742675781,,11.699485778808594,
579.10000000000002,15.393165588378906,,11.070953369140625,
579.20000000000005,14.606224060058594,,10.432205200195312,
579.29999999999995,13.929153442382812,,9.9263153076171875,
579.39999999999998,13.428367614746094,,9.525177001953125,
579.5,12.978691101074219,,9.14959716796875,
579.60000000000002,12.544342041015625,,8.81744384765625,
579.70000000000005,12.117652893066406,,8.52362060546875,
579.79999999999995,11.701187133789062,,8.2093582153320312,
579.89999999999998,11.236183166503906,,7.8823165893554688,
580,10.743064880371094,5.8708410263061523,7.575714111328125,0
580.10000000000002,10.508003234863281,,7.3789825439453125,
580.20000000000005,10.702186584472656,,7.3610916137695312,
580.29999999999995,11.177413940429688,,7.49395751953125,
580.39999999999998,11.79827880859375,,7.67791748046875,
580.5,12.472801208496094,,7.8031082153320312,
580.60000000000002,13.185646057128906,,7.9180831909179688,
580.70000000000005,13.865272521972656,,8.017730712890625,
580.79999999999995,14.509132385253906,,8.0943756103515625,
580.89999999999998,15.255195617675781,,8.2860031127929688,
581,15.950157165527344,,8.59771728515625,
581.10000000000002,16.678329467773438,,8.9886322021484375,
581.20000000000005,17.539363861083984,,9.4587478637695312,
581.29999999999995,18.369739532470703,,9.9544219970703125,
581.39999999999998,19.289539337158203,,10.508857727050781,
581.5,20.188899993896484,,11.027519226074219,
581.60000000000002,20.970729827880859,,11.489974975585938,
581.70000000000005,21.982509613037109,,12.138946533203125,
581.79999999999995,23.311111450195312,,13.010200500488281,
581.89999999999998,24.759796142578125,,13.950439453125,
582,26.318344116210938,,14.99798583984375,
582.10000000000002,28.007198333740234,,16.206504821777344,
582.20000000000005,29.826358795166016,,17.300045013427734,
582.29999999999995,30.587749481201172,,18.452350616455078,
582.39999999999998,29.412448883056641,,19.947025299072266,
582.5,27.503864288330078,,20.314945220947266,
582.60000000000002,25.477748870849609,,19.057884216308594,
582.70000000000005,23.742904663085938,,17.637302398681641,
582.79999999999995,22.715793609619141,,16.4517822265625,
582.89999999999998,22.17413330078125,,15.473220825195312,
583,21.778110504150391,,14.750152587890625,
583.10000000000002,21.108699798583984,,14.162506103515625,
583.20000000000005,20.383079528808594,,13.717933654785156,
583.29999999999995,19.831199645996094,,13.27081298828125,
583.39999999999998,19.297206878662109,,12.703598022460938,
583.5,18.727439880371094,,12.118507385253906,
583.60000000000002,18.20111083984375,,11.569175720214844,
583.70000000000005,17.761650085449219,,11.022407531738281,
583.79999999999995,17.378398895263672,,10.43731689453125,
583.89999999999998,16.964492797851562,,9.9109878540039062,
584,16.688552856445312,,9.5583953857421875,
584.10000000000002,16.550582885742188,,9.3565521240234375,
584.20000000000005,16.264419555664062,,9.2083587646484375,
584.29999999999995,15.847953796386719,,9.1010513305664062,
584.39999999999998,15.380393981933594,,8.9707412719726562,
584.5,14.762077331542969,,8.70758056640625,
584.60000000000002,14.028793334960938,,8.3243331909179688,
584.70000000000005,13.581672668457031,,7.887420654296875,
584.79999999999995,13.798843383789062,,7.60382080078125,
584.89999999999998,14.496360778808594,,7.6600265502929688,
585,15.25775146484375,,7.9206390380859375,
585.10000000000002,16.047248840332031,,8.3064422607421875,
585.20000000000005,17.015586853027344,,8.8097763061523438,
585.29999999999995,18.155120849609375,,9.4204254150390625,
585.39999999999998,19.394294738769531,,10.135826110839844,
585.5,20.572151184082031,,10.84100341796875,
585.60000000000002,21.727008819580078,,11.653495788574219,
585.70000000000005,23.012176513671875,,12.624397277832031,
585.79999999999995,24.394428253173828,,13.554412841796875,
585.89999999999998,25.850780487060547,,14.395011901855469,
586,27.442543029785156,,15.258598327636719,
586.10000000000002,29.087963104248047,,16.132408142089844,
586.20000000000005,30.654178619384766,,16.960227966308594,
586.29999999999995,32.159072875976562,,17.629638671875,
586.39999999999998,33.699741363525391,,18.350147247314453,
586.5,35.340049743652344,,19.356819152832031,
586.60000000000002,36.821949005126953,,20.509124755859375,
586.70000000000005,37.621665954589844,,21.863273620605469,
586.79999999999995,37.031459808349609,,23.580234527587891,
586.89999999999998,36.045230865478516,,24.819408416748047,
587,35.856159210205078,,24.632892608642578,
587.10000000000002,35.092212677001953,,23.531688690185547,
587.20000000000005,32.976673126220703,,22.527572631835938,
587.29999999999995,30.355243682861328,,21.778957366943359,
587.39999999999998,28.198825836181641,,20.854049682617188,
587.5,26.821678161621094,,19.642978668212891,
587.60000000000002,25.922321319580078,,18.212177276611328,
587.70000000000005,25.270793914794922,,16.863140106201172,
587.79999999999995,24.465969085693359,,15.815589904785156,
587.89999999999998,23.495071411132812,,14.936668395996094,
588,22.772003173828125,,14.170166015625,
588.10000000000002,22.143474578857422,,13.470100402832031,
588.20000000000005,21.474063873291016,,12.808357238769531,
588.29999999999995,20.865974426269531,,12.200263977050781,
588.39999999999998,20.257884979248047,,11.671379089355469,
588.5,19.626800537109375,,11.201255798339844,
588.60000000000002,18.919063568115234,,10.664710998535156,
588.70000000000005,18.167896270751953,,10.140937805175781,
588.79999999999995,17.593021392822266,,9.783233642578125,
588.89999999999998,17.135673522949219,,9.5098495483398438,
589,16.535247802734375,,9.213470458984375,
589.10000000000002,15.791748046875,,8.9349746704101562,
589.20000000000005,15.089118957519531,,8.6079330444335938,
589.29999999999995,14.567901611328125,,8.1531448364257812,
589.39999999999998,14.547462463378906,,7.6421432495117188,
589.5,15.18365478515625,,7.5246124267578125,
589.60000000000002,16.021697998046875,,8.091827392578125,
589.70000000000005,16.83929443359375,,8.8992080688476562,
589.79999999999995,17.75909423828125,,9.4868545532226562,
589.89999999999998,18.834751129150391,,9.8879928588867188,
590,20.056041717529297,13.574660301208496,10.360664367675781,13.392857551574707
590.10000000000002,21.259445190429688,,10.935539245605469,
590.20000000000005,22.32232666015625,,11.500190734863281,
590.29999999999995,23.42608642578125,,12.09295654296875,
590.39999999999998,24.869659423828125,,12.839012145996094,
590.5,26.476753234863281,,13.682167053222656,
590.60000000000002,27.986759185791016,,14.604522705078125,
590.70000000000005,29.445663452148438,,15.593303680419922,
590.79999999999995,31.032318115234375,,16.52587890625,
590.89999999999998,32.920463562011719,,17.279605865478516,
591,34.954242706298828,,18.002670288085938,
591.10000000000002,36.888378143310547,,19.167747497558594,
591.20000000000005,38.758640289306641,,20.675197601318359,
591.29999999999995,40.414279937744141,,22.047233581542969,
591.39999999999998,40.595684051513672,,23.414157867431641,
591.5,39.256862640380859,,24.949714660644531,
591.60000000000002,38.265525817871094,,25.350849151611328,
591.70000000000005,36.939479827880859,,24.280303955078125,
591.79999999999995,34.295055389404297,,23.099895477294922,
591.89999999999998,31.492218017578125,,22.473918914794922,
592,29.371570587158203,,21.794288635253906,
592.10000000000002,28.035305023193359,,20.422252655029297,
592.20000000000005,26.959648132324219,,18.845817565917969,
592.29999999999995,25.830341339111328,,17.422683715820312,
592.39999999999998,24.706138610839844,,16.145183563232422,
592.5,23.505290985107422,,14.977546691894531,
592.60000000000002,22.368316650390625,,14.039863586425781,
592.70000000000005,21.4945068359375,,13.370452880859375,
592.79999999999995,20.656463623046875,,12.770027160644531,
592.89999999999998,19.751995086669922,,12.149162292480469,
593,18.890960693359375,,11.548736572265625,
593.10000000000002,18.119350433349609,,10.953422546386719,
593.20000000000005,17.39117431640625,,10.375991821289062,
593.29999999999995,16.5633544921875,,9.8343353271484375,
593.39999999999998,15.738090515136719,,9.3591079711914062,
593.5,15.07379150390625,,8.9605255126953125,
593.60000000000002,14.478477478027344,,8.6028213500976562,
593.70000000000005,13.901046752929688,,8.2604522705078125,
593.79999999999995,13.382377624511719,,7.9513015747070312,
593.89999999999998,12.8841552734375,,7.667694091796875,
594,12.518791198730469,,7.4045257568359375,
594.10000000000002,12.439582824707031,,7.1745758056640625,
594.20000000000005,12.741073608398438,,6.9906158447265625,
594.29999999999995,13.499908447265625,,6.9522933959960938,
594.39999999999998,14.414596557617188,,7.0085067749023438,
594.5,15.234756469726562,,7.1081466674804688,
594.60000000000002,15.99359130859375,,7.2665557861328125,
594.70000000000005,16.706436157226562,,7.4428558349609375,
594.79999999999995,17.470378875732422,,7.649810791015625,
594.89999999999998,18.150009155273438,,7.8669815063476562,
595,18.760654449462891,,8.091827392578125,
595.10000000000002,19.545040130615234,,8.3958663940429688,
595.20000000000005,20.395854949951172,,8.7126922607421875,
595.29999999999995,21.231338500976562,,8.96563720703125,
595.39999999999998,21.956958770751953,,9.1879196166992188,
595.5,22.204795837402344,,9.5456161499023438,
595.60000000000002,21.629920959472656,,10.046401977539062,
595.70000000000005,20.262996673583984,,10.501190185546875,
595.79999999999995,18.934394836425781,,10.825675964355469,
595.89999999999998,18.173004150390625,,10.930427551269531,
596,17.585353851318359,,10.807792663574219,
596.10000000000002,16.936386108398438,,10.511405944824219,
596.20000000000005,16.261863708496094,,10.107719421386719,
596.29999999999995,15.66143798828125,,9.66314697265625,
596.39999999999998,15.058464050292969,,9.2058029174804688,
596.5,14.396713256835938,,8.7791213989257812,
596.60000000000002,13.849945068359375,,8.4469680786132812,
596.70000000000005,13.484580993652344,,8.1863632202148438,
596.79999999999995,13.162651062011719,,7.943634033203125,
596.89999999999998,12.789619445800781,,7.7060165405273438,
597,12.378265380859375,,7.4505157470703125,
597.10000000000002,12.076774597167969,,7.1950225830078125,
597.20000000000005,12.025672912597656,,6.9625167846679688,
597.29999999999995,12.196861267089844,,6.747894287109375,
597.39999999999998,12.6644287109375,,6.6661376953125,
597.5,13.41815185546875,,6.747894287109375,
597.60000000000002,14.18975830078125,,6.82965087890625,
597.70000000000005,14.900047302246094,,6.8884201049804688,
597.79999999999995,15.612892150878906,,6.9957275390625,
597.89999999999998,16.320632934570312,,7.1771316528320312,
598,17.028366088867188,,7.38153076171875,
598.10000000000002,17.628791809082031,,7.5220565795898438,
598.20000000000005,18.252208709716797,,7.6702499389648438,
598.29999999999995,19.023818969726562,,7.89764404296875,
598.39999999999998,19.813316345214844,,8.1582565307617188,
598.5,20.508274078369141,,8.4367523193359375,
598.60000000000002,20.863418579101562,,8.7970046997070312,
598.70000000000005,20.375415802001953,,9.341217041015625,
598.79999999999995,19.210334777832031,,9.9876327514648438,
598.89999999999998,18.037590026855469,,10.404098510742188,
599,17.151008605957031,,10.470527648925781,
599.10000000000002,16.555686950683594,,10.352996826171875,
599.20000000000005,15.991035461425781,,10.130714416503906,
599.29999999999995,15.377838134765625,,9.81134033203125,
599.39999999999998,14.802963256835938,,9.4459762573242188,
599.5,14.314956665039062,,9.0857162475585938,
599.60000000000002,13.86016845703125,,8.7586822509765625,
599.70000000000005,13.321060180664062,,8.4393081665039062,
599.79999999999995,12.817726135253906,,8.1812515258789062,
599.89999999999998,12.42425537109375,,7.9666290283203125,
600,12.061447143554688,13.215859413146973,7.71368408203125,13.157895088195801
600.10000000000002,11.719078063964844,,7.4402999877929688,
600.20000000000005,11.445693969726562,,7.1950225830078125,
600.29999999999995,11.287277221679688,,7.0033950805664062,
600.39999999999998,11.243843078613281,,6.857757568359375,
600.5,11.443138122558594,,6.6865768432617188,
600.60000000000002,12.007789611816406,,6.60992431640625,
600.70000000000005,12.723190307617188,,6.6482467651367188,
600.79999999999995,13.369606018066406,,6.68402099609375,
600.89999999999998,13.97003173828125,,6.7555618286132812,
601,14.59600830078125,,6.8603134155273438,
601.10000000000002,15.316513061523438,,6.9829559326171875,
601.20000000000005,16.016586303710938,,7.08770751953125,
601.29999999999995,16.647666931152344,,7.2001266479492188,
601.39999999999998,17.363071441650391,,7.4454116821289062,
601.5,18.109130859375,,7.74945068359375,
601.60000000000002,18.842414855957031,,8.025390625,
601.70000000000005,19.580810546875,,8.2885589599609375,
601.79999999999995,20.201675415039062,,8.5670547485351562,
601.89999999999998,20.337089538574219,,8.9400863647460938,
602,19.596141815185547,,9.3821029663085938,
602.10000000000002,18.443836212158203,,9.9084320068359375,
602.20000000000005,17.547031402587891,,10.424537658691406,
602.29999999999995,16.846961975097656,,10.646827697753906,
602.39999999999998,16.205657958984375,,10.526741027832031,
602.5,15.592453002929688,,10.222694396972656,
602.60000000000002,15.040573120117188,,9.8598861694335938,
602.70000000000005,14.475921630859375,,9.4510879516601562,
602.79999999999995,13.857612609863281,,9.019287109375,
602.89999999999998,13.341499328613281,,8.6769180297851562,
603,12.914817810058594,,8.4009780883789062,
603.10000000000002,12.49835205078125,,8.127593994140625,
603.20000000000005,12.094657897949219,,7.8542098999023438,
603.29999999999995,11.706298828125,,7.5884857177734375,
603.39999999999998,11.369041442871094,,7.3329925537109375,
603.5,11.144203186035156,,7.1234817504882812,
603.60000000000002,11.146759033203125,,6.9982833862304688,
603.70000000000005,11.494232177734375,,6.97784423828125,
603.79999999999995,12.079330444335938,,7.0110626220703125,
603.89999999999998,12.733413696289062,,7.0366058349609375,
604,13.423263549804688,,7.0749359130859375,
604.10000000000002,14.171875,,7.1285858154296875,
604.20000000000005,15.004806518554688,,7.1745758056640625,
604.29999999999995,15.840293884277344,,7.2461166381835938,
604.39999999999998,16.721763610839844,,7.4684066772460938,
604.5,17.720771789550781,,7.8797607421875,
604.60000000000002,18.686561584472656,,8.32177734375,
604.70000000000005,19.59869384765625,,8.689697265625,
604.79999999999995,20.354976654052734,,9.0065155029296875,
604.89999999999998,20.666683197021484,,9.3897628784179688,
605,20.045818328857422,,9.9058761596679688,
605.10000000000002,18.791316986083984,,10.296791076660156,
605.20000000000005,17.871513366699219,,10.536956787109375,
605.29999999999995,17.276199340820312,,10.628936767578125,
605.39999999999998,16.688552856445312,,10.47308349609375,
605.5,16.070243835449219,,10.156265258789062,
605.60000000000002,15.47747802734375,,9.7857894897460938,
605.70000000000005,14.846397399902344,,9.3897628784179688,
605.79999999999995,14.118217468261719,,9.019287109375,
605.89999999999998,13.476913452148438,,8.7740097045898438,
606,13.004241943359375,,8.5900497436523438,
606.10000000000002,12.597991943359375,,8.37542724609375,
606.20000000000005,12.153427124023438,,8.1250381469726562,
606.29999999999995,11.693527221679688,,7.7750015258789062,
606.39999999999998,11.292388916015625,,7.3227691650390625,
606.5,11.054779052734375,,6.9267425537109375,
606.60000000000002,11.200408935546875,,6.7887725830078125,
606.70000000000005,11.765068054199219,,7.2972183227539062,
606.79999999999995,12.521347045898438,,8.2630081176757812,
606.89999999999998,13.336387634277344,,9.1470413208007812,
607,14.368606567382812,,9.7730178833007812,
607.10000000000002,15.574569702148438,,10.171592712402344,
607.20000000000005,16.737098693847656,,10.414321899414062,
607.29999999999995,17.861293792724609,,10.7132568359375,
607.39999999999998,18.885848999023438,,11.211479187011719,
607.5,19.810760498046875,,11.799125671386719,
607.60000000000002,20.970729827880859,,12.568183898925781,
607.70000000000005,22.475624084472656,,13.6566162109375,
607.79999999999995,23.804225921630859,,15.003097534179688,
607.89999999999998,24.532398223876953,,16.410903930664062,
608,25.401100158691406,,18.603092193603516,
608.10000000000002,26.716926574707031,,22.425373077392578,
608.20000000000005,28.983211517333984,,26.446945190429688,
608.29999999999995,31.586753845214844,,28.838424682617188,
608.39999999999998,33.620532989501953,,29.781219482421875,
608.5,34.277168273925781,,29.870643615722656,
608.60000000000002,33.375255584716797,,29.298324584960938,
608.70000000000005,31.975112915039062,,27.627353668212891,
608.79999999999995,31.760494232177734,,24.89605712890625,
608.89999999999998,32.465675354003906,,22.256744384765625,
609,32.677738189697266,,20.291950225830078,
609.10000000000002,32.317485809326172,,18.904582977294922,
609.20000000000005,31.949565887451172,,17.754833221435547,
609.29999999999995,31.41046142578125,,16.651073455810547,
609.39999999999998,30.715499877929688,,15.652069091796875,
609.5,30.263263702392578,,14.847244262695312,
609.60000000000002,30.201946258544922,,14.249374389648438,
609.70000000000005,29.977104187011719,,13.763923645019531,
609.79999999999995,28.868236541748047,,13.209487915039062,
609.89999999999998,26.722034454345703,,12.491531372070312,
610,23.714801788330078,6.8754773139953613,11.83489990234375,6.9284067153930664
610.10000000000002,20.725448608398438,,11.321342468261719,
610.20000000000005,18.783649444580078,,10.810340881347656,
610.29999999999995,17.792308807373047,,10.28912353515625,
610.39999999999998,17.038581848144531,,9.6759262084960938,
610.5,16.325736999511719,,9.029510498046875,
610.60000000000002,15.715095520019531,,8.5466156005859375,
610.70000000000005,15.099342346191406,,8.2093582153320312,
610.79999999999995,14.432487487792969,,7.8669815063476562,
610.89999999999998,13.336387634277344,,7.4428558349609375,
611,11.874931335449219,,7.1234817504882812,
611.10000000000002,11.123764038085938,,7.1413650512695312,
611.20000000000005,11.363929748535156,,7.5424957275390625,
611.29999999999995,12.015457153320312,,7.93341064453125,
611.39999999999998,12.761512756347656,,8.071380615234375,
611.5,13.512687683105469,,8.3141098022460938,
611.60000000000002,14.386497497558594,,8.8404388427734375,
611.70000000000005,15.457038879394531,,9.5302886962890625,
611.79999999999995,16.629783630371094,,10.186927795410156,
611.89999999999998,18.027370452880859,,10.802680969238281,
612,19.670234680175781,,11.4107666015625,
612.10000000000002,21.428073883056641,,12.115951538085938,
612.20000000000005,23.226795196533203,,13.137947082519531,
612.29999999999995,24.999965667724609,,14.762931823730469,
612.39999999999998,26.6453857421875,,16.960227966308594,
612.5,27.999534606933594,,19.413028717041016,
612.60000000000002,29.604076385498047,,22.072784423828125,
612.70000000000005,31.41046142578125,,24.686550140380859,
612.79999999999995,33.423801422119141,,26.602798461914062,
612.89999999999998,35.242958068847656,,27.522598266601562,
613,36.916484832763672,,28.061702728271484,
613.10000000000002,38.125,,28.508827209472656,
613.20000000000005,38.748420715332031,,28.659572601318359,
613.29999999999995,39.026912689208984,,28.595699310302734,
613.39999999999998,38.247638702392578,,28.041263580322266,
613.5,36.035011291503906,,26.9017333984375,
613.60000000000002,33.996120452880859,,25.174552917480469,
613.70000000000005,32.948570251464844,,22.938930511474609,
613.79999999999995,32.036434173583984,,20.690528869628906,
613.89999999999998,30.787040710449219,,18.82537841796875,
614,29.2208251953125,,17.404800415039062,
614.10000000000002,27.521751403808594,,16.203948974609375,
614.20000000000005,25.6514892578125,,15.051643371582031,
614.29999999999995,23.832328796386719,,14.004096984863281,
614.39999999999998,22.442409515380859,,13.176277160644531,
614.5,21.415298461914062,,12.486427307128906,
614.60000000000002,20.411186218261719,,11.83489990234375,
614.70000000000005,19.368743896484375,,11.198707580566406,
614.79999999999995,18.356964111328125,,10.575286865234375,
614.89999999999998,17.240428924560547,,9.9339828491210938,
615,16.113677978515625,,9.3514404296875,
615.10000000000002,15.178543090820312,,8.89154052734375,
615.20000000000005,14.37371826171875,,8.4520797729492188,
615.29999999999995,13.576560974121094,,8.00750732421875,
615.39999999999998,12.687423706054688,,7.5884857177734375,
615.5,11.790618896484375,,7.1771316528320312,
615.60000000000002,10.950019836425781,,6.7887725830078125,
615.70000000000005,10.155418395996094,,6.415740966796875,
615.79999999999995,9.5141067504882812,,6.0989227294921875,
615.89999999999998,9.2892684936523438,,5.8945236206054688,
616,9.7057342529296875,,5.7437820434570312,
616.10000000000002,10.497787475585938,,5.6211395263671875,
616.20000000000005,11.251510620117188,,5.570037841796875,
616.29999999999995,11.887702941894531,,5.587921142578125,
616.39999999999998,12.431922912597656,,5.6339111328125,
616.5,13.009353637695312,,5.7616653442382812,
616.60000000000002,13.809066772460938,,5.9354019165039062,
616.70000000000005,14.662437438964844,,5.9967269897460938,
616.79999999999995,15.485145568847656,,6.185791015625,
616.89999999999998,16.295082092285156,,6.6329193115234375,
617,16.967048645019531,,7.0953750610351562,
617.10000000000002,17.352851867675781,,7.547607421875,
617.20000000000005,17.401393890380859,,8.0586090087890625,
617.29999999999995,17.010482788085938,,8.643707275390625,
617.39999999999998,16.325736999511719,,9.1981430053710938,
617.5,15.69976806640625,,9.4817428588867188,
617.60000000000002,15.158103942871094,,9.425537109375,
617.70000000000005,14.562789916992188,,9.1444854736328125,
617.79999999999995,13.832061767578125,,8.7765655517578125,
617.89999999999998,13.139656066894531,,8.4367523193359375,
618,12.661872863769531,,8.1531448364257812,
618.10000000000002,12.347602844238281,,7.943634033203125,
618.20000000000005,12.102325439453125,,7.7750015258789062,
618.29999999999995,11.813613891601562,,7.5961532592773438,
618.39999999999998,11.374153137207031,,7.3380966186523438,
618.5,10.796722412109375,,7.0161666870117188,
618.60000000000002,10.265281677246094,,6.7095718383789062,
618.70000000000005,9.9612350463867188,,6.4770660400390625,
618.79999999999995,9.9382400512695312,,6.3186569213867188,
618.89999999999998,10.255058288574219,,6.2036819458007812,
619,10.794166564941406,,6.09381103515625,
619.10000000000002,11.392036437988281,,5.9788360595703125,
619.20000000000005,11.8544921875,,5.8613128662109375,
619.29999999999995,12.265846252441406,,5.76422119140625,
619.39999999999998,12.838165283203125,,5.7821044921875,
619.5,13.476913452148438,,5.902191162109375,
619.60000000000002,14.110557556152344,,6.0835952758789062,
619.70000000000005,14.731422424316406,,6.2803268432617188,
619.79999999999995,15.408493041992188,,6.4566268920898438,
619.89999999999998,16.026802062988281,,6.6048126220703125,
620,16.486701965332031,5.4694623947143555,6.7325668334960938,5.5350551605224609
620.10000000000002,16.862289428710938,,7.0468292236328125,
620.20000000000005,16.961936950683594,,7.611480712890625,
620.29999999999995,16.650222778320312,,8.3600997924804688,
620.39999999999998,16.144332885742188,,9.16748046875,
620.5,15.602676391601562,,9.6146011352539062,
620.60000000000002,14.917938232421875,,9.5149612426757812,
620.70000000000005,14.049232482910156,,9.1368179321289062,
620.79999999999995,13.223968505859375,,8.7254638671875,
620.89999999999998,12.623542785644531,,8.3779830932617188,
621,12.115097045898438,,8.035614013671875,
621.10000000000002,11.627098083496094,,7.6983566284179688,
621.20000000000005,11.182525634765625,,7.3943099975585938,
621.29999999999995,10.783943176269531,,7.1004867553710938,
621.39999999999998,10.341934204101562,,6.7760009765625,
621.5,9.8437042236328125,,6.436187744140625,
621.60000000000002,9.636749267578125,,6.213897705078125,
621.70000000000005,9.92291259765625,,6.1295852661132812,
621.79999999999995,10.479904174804688,,6.0989227294921875,
621.89999999999998,11.11865234375,,6.0376052856445312,
622,11.765068054199219,,5.976287841796875,
622.10000000000002,12.337387084960938,,5.9507369995117188,
622.20000000000005,12.835609436035156,,5.976287841796875,
622.29999999999995,13.364494323730469,,6.0784835815429688,
622.39999999999998,14.04412841796875,,6.287994384765625,
622.5,14.736534118652344,,6.5179443359375,
622.60000000000002,15.395721435546875,,6.7070159912109375,
622.70000000000005,16.10345458984375,,6.875640869140625,
622.79999999999995,16.826522827148438,,7.0647125244140625,
622.89999999999998,17.508705139160156,,7.335540771484375,
623,18.001819610595703,,7.6140365600585938,
623.10000000000002,18.221549987792969,,7.9742965698242188,
623.20000000000005,18.027370452880859,,8.6411514282226562,
623.29999999999995,17.342628479003906,,9.5430679321289062,
623.39999999999998,16.578681945800781,,10.238021850585938,
623.5,15.968040466308594,,10.439872741699219,
623.60000000000002,15.382942199707031,,10.284011840820312,
623.70000000000005,14.685432434082031,,9.8905410766601562,
623.79999999999995,13.880607604980469,,9.3718795776367188,
623.89999999999998,13.200973510742188,,8.9017562866210938,
624,12.679756164550781,,8.4827423095703125,
624.10000000000002,12.171310424804688,,8.0969314575195312,
624.20000000000005,11.596435546875,,7.7571182250976562,
624.29999999999995,10.965347290039062,,7.4351882934570312,
624.39999999999998,10.372589111328125,,7.097930908203125,
624.5,9.8462600708007812,,6.7708892822265625,
624.60000000000002,9.388916015625,,6.5026168823242188,
624.70000000000005,9.1385269165039062,,6.323760986328125,
624.79999999999995,9.0823135375976562,,6.20623779296875,
624.89999999999998,9.3275985717773438,,6.1883468627929688,
625,9.9075775146484375,,6.2752227783203125,
625.10000000000002,10.564216613769531,,6.3084335327148438,
625.20000000000005,11.085433959960938,,6.3595352172851562,
625.29999999999995,11.440582275390625,,6.5511627197265625,
625.39999999999998,11.877487182617188,,6.8526458740234375,
625.5,12.477912902832031,,7.151580810546875,
625.60000000000002,13.114105224609375,,7.34576416015625,
625.70000000000005,13.737525939941406,,7.4530715942382812,
625.79999999999995,14.350723266601562,,7.5552749633789062,
625.89999999999998,14.989479064941406,,7.6600265502929688,
626,15.561798095703125,,7.7162399291992188,
626.10000000000002,16.131561279296875,,7.795440673828125,
626.20000000000005,16.872512817382812,,7.9947357177734375,
626.29999999999995,17.541919708251953,,8.2808914184570312,
626.39999999999998,17.733543395996094,,8.7331314086914062,
626.5,17.214881896972656,,9.44342041015625,
626.60000000000002,16.369178771972656,,10.110275268554688,
626.70000000000005,15.556686401367188,,10.263572692871094,
626.79999999999995,14.744194030761719,,9.9518661499023438,
626.89999999999998,14.059455871582031,,9.6018295288085938,
627,13.443702697753906,,9.2569046020507812,
627.10000000000002,12.856048583984375,,8.8608779907226562,
627.20000000000005,12.42425537109375,,8.5159530639648438,
627.29999999999995,12.20452880859375,,8.183807373046875,
627.39999999999998,11.892814636230469,,7.815887451171875,
627.5,11.371597290039062,,7.4709625244140625,
627.60000000000002,10.909141540527344,,7.2026824951171875,
627.70000000000005,10.518226623535156,,6.9701766967773438,
627.79999999999995,10.140083312988281,,6.7530059814453125,
627.89999999999998,9.77471923828125,,6.5562667846679688,
628,9.6801834106445312,,6.4182968139648438,
628.10000000000002,9.9561233520507812,,6.3953018188476562,
628.20000000000005,10.352149963378906,,6.4668426513671875,
628.29999999999995,10.873367309570312,,6.5843734741210938,
628.39999999999998,11.476348876953125,,6.6686859130859375,
628.5,12.099769592285156,,6.7070159912109375,
628.60000000000002,12.75640869140625,,6.7606658935546875,
628.70000000000005,13.443702697753906,,6.8552017211914062,
628.79999999999995,14.102890014648438,,6.9701766967773438,
628.89999999999998,14.68798828125,,7.1107025146484375,
629,15.362503051757812,,7.317657470703125,
629.10000000000002,16.080459594726562,,7.5067291259765625,
629.20000000000005,16.757537841796875,,7.6983566284179688,
629.29999999999995,17.403949737548828,,7.9104156494140625,
629.39999999999998,17.884288787841797,,8.1710281372070312,
629.5,17.677333831787109,,8.6309280395507812,
629.60000000000002,16.691108703613281,,9.29522705078125,
629.70000000000005,15.73553466796875,,9.8879928588867188,
629.79999999999995,15.053352355957031,,9.9978561401367188,
629.89999999999998,14.41204833984375,,9.7270278930664062,
630,13.763076782226562,12.396694183349609,9.3488845825195312,12.44813346862793
630.10000000000002,13.129432678222656,,8.9068679809570312,
630.20000000000005,12.475357055664062,,8.4546356201171875,
630.29999999999995,11.826385498046875,,8.063720703125,
630.39999999999998,11.35626220703125,,7.759674072265625,
630.5,10.973014831542969,,7.501617431640625,
630.60000000000002,10.553993225097656,,7.243560791015625,
630.70000000000005,10.134979248046875,,6.9982833862304688,
630.79999999999995,9.746612548828125,,6.7351226806640625,
630.89999999999998,9.417022705078125,,6.4745101928710938,
631,9.2253952026367188,,6.3288726806640625,
631.10000000000002,9.37103271484375,,6.3365402221679688,
631.20000000000005,9.8539276123046875,,6.397857666015625,
631.29999999999995,10.47479248046875,,6.4847259521484375,
631.39999999999998,11.146759033203125,,6.563934326171875,
631.5,11.754844665527344,,6.5971527099609375,
631.60000000000002,12.265846252441406,,6.6354751586914062,
631.70000000000005,12.861160278320312,,6.8168792724609375,
631.79999999999995,13.556121826171875,,7.0774917602539062,
631.89999999999998,14.297073364257812,,7.2921066284179688,
632,15.017578125,,7.4709625244140625,
632.10000000000002,15.763641357421875,,7.6012649536132812,
632.20000000000005,16.450935363769531,,7.703460693359375,
632.29999999999995,17.046249389648438,,7.82354736328125,
632.39999999999998,17.812751770019531,,8.08160400390625,
632.5,18.592025756835938,,8.4112014770507812,
632.60000000000002,18.957389831542969,,8.799560546875,
632.70000000000005,18.540924072265625,,9.3718795776367188,
632.79999999999995,17.559806823730469,,10.015739440917969,
632.89999999999998,16.438163757324219,,10.4552001953125,
633,15.426383972167969,,10.534400939941406,
633.10000000000002,14.68798828125,,10.386215209960938,
633.20000000000005,14.04412841796875,,10.084724426269531,
633.29999999999995,13.405372619628906,,9.6784820556640625,
633.39999999999998,12.797286987304688,,9.25946044921875,
633.5,12.214744567871094,,8.8123321533203125,
633.60000000000002,11.627098083496094,,8.3652114868164062,
633.70000000000005,11.070106506347656,,7.999847412109375,
633.79999999999995,10.630645751953125,,7.7111282348632812,
633.89999999999998,10.25250244140625,,7.41986083984375,
634,9.86669921875,,7.1107025146484375,
634.10000000000002,9.5294418334960938,,6.8066558837890625,
634.20000000000005,9.4451217651367188,,6.5792617797851562,
634.29999999999995,9.6980667114257812,,6.5153884887695312,
634.39999999999998,10.226959228515625,,6.6329193115234375,
634.5,10.990898132324219,,6.811767578125,
634.60000000000002,11.767623901367188,,6.9369659423828125,
634.70000000000005,12.447250366210938,,7.059600830078125,
634.79999999999995,13.149871826171875,,7.1796875,
634.89999999999998,13.855056762695312,,7.2537841796875,
635,14.4656982421875,,7.2946624755859375,
635.10000000000002,15.104454040527344,,7.447967529296875,
635.20000000000005,15.8275146484375,,7.6753616333007812,
635.29999999999995,16.583793640136719,,7.851654052734375,
635.39999999999998,17.345184326171875,,8.0023956298828125,
635.5,18.083580017089844,,8.1786956787109375,
635.60000000000002,18.523040771484375,,8.4239730834960938,
635.70000000000005,18.190891265869141,,8.863433837890625,
635.79999999999995,17.271091461181641,,9.6784820556640625,
635.89999999999998,16.312965393066406,,10.498634338378906,
636,15.528579711914062,,10.797569274902344,
636.10000000000002,14.808067321777344,,10.628936767578125,
636.20000000000005,14.100334167480469,,10.220138549804688,
636.29999999999995,13.384933471679688,,9.691253662109375,
636.39999999999998,12.669532775878906,,9.1623687744140625,
636.5,12.135543823242188,,8.7740097045898438,
636.60000000000002,11.711410522460938,,8.4520797729492188,
636.70000000000005,11.259178161621094,,8.1071548461914062,
636.79999999999995,10.783943176269531,,7.7647857666015625,
636.89999999999998,10.329154968261719,,7.4224166870117188,
637,9.8820343017578125,,7.059600830078125,
637.10000000000002,9.452789306640625,,6.7376708984375,
637.20000000000005,9.18707275390625,,6.5307159423828125,
637.29999999999995,9.2586135864257812,,6.4182968139648438,
637.39999999999998,9.7134017944335938,,6.4131927490234375,
637.5,10.423690795898438,,6.5307159423828125,
637.60000000000002,11.310272216796875,,6.6431427001953125,
637.70000000000005,12.191749572753906,,6.691680908203125,
637.79999999999995,12.948028564453125,,6.7351226806640625,
637.89999999999998,13.770736694335938,,6.9190826416015625,
638,14.7237548828125,,7.2026824951171875,
638.10000000000002,15.697212219238281,,7.4709625244140625,
638.20000000000005,16.427940368652344,,7.8797607421875,
638.29999999999995,16.959381103515625,,8.403533935546875,
638.39999999999998,17.541919708251953,,8.919647216796875,
638.5,18.415729522705078,,9.5609512329101562,
638.60000000000002,19.675346374511719,,10.43731689453125,
638.70000000000005,21.162353515625,,11.280464172363281,
638.79999999999995,22.720905303955078,,12.006080627441406,
638.89999999999998,24.200248718261719,,12.780250549316406,
639,25.372993469238281,,13.715377807617188,
639.10000000000002,26.829345703125,,14.946891784667969,
639.20000000000005,28.206489562988281,,16.735389709472656,
639.29999999999995,29.389453887939453,,19.540779113769531,
639.39999999999998,29.977104187011719,,23.304294586181641,
639.5,29.867240905761719,,26.978382110595703,
639.60000000000002,30.301589965820312,,29.765888214111328,
639.70000000000005,32.021102905273438,,31.66680908203125,
639.79999999999995,33.924579620361328,,32.862548828125,
639.89999999999998,35.253177642822266,,33.496189117431641,
640,36.149986267089844,2.248875617980957,33.838558197021484,2.2438294887542725
640.10000000000002,36.640544891357422,,33.968864440917969,
640.20000000000005,36.911373138427734,,33.253463745117188,
640.29999999999995,36.402931213378906,,31.955524444580078,
640.39999999999998,35.219963073730469,,31.127704620361328,
640.5,35.097324371337891,,28.792434692382812,
640.60000000000002,36.042675018310547,,25.217987060546875,
640.70000000000005,36.341609954833984,,22.601669311523438,
640.79999999999995,35.628765106201172,,20.595993041992188,
640.89999999999998,34.425357818603516,,19.019557952880859,
641,33.037994384765625,,17.719062805175781,
641.10000000000002,31.550983428955078,,16.804374694824219,
641.20000000000005,29.811031341552734,,15.951004028320312,
641.29999999999995,28.127285003662109,,14.88812255859375,
641.39999999999998,26.706703186035156,,13.924888610839844,
641.5,25.160930633544922,,13.155838012695312,
641.60000000000002,23.584495544433594,,12.506866455078125,
641.70000000000005,22.452629089355469,,12.023971557617188,
641.79999999999995,21.62225341796875,,11.556404113769531,
641.89999999999998,20.613029479980469,,10.986640930175781,
642,19.476055145263672,,10.47308349609375,
642.10000000000002,18.515377044677734,,10.084724426269531,
642.20000000000005,17.605796813964844,,9.7423553466796875,
642.29999999999995,16.611900329589844,,9.3923187255859375,
642.39999999999998,15.620559692382812,,9.0908279418945312,
642.5,14.894943237304688,,8.9017562866210938,
642.60000000000002,14.225532531738281,,8.9043121337890625,
642.70000000000005,13.515243530273438,,8.7407913208007812,
642.79999999999995,13.356826782226562,,8.3703231811523438,
642.89999999999998,13.576560974121094,,8.0279464721679688,
643,13.704307556152344,,7.7520065307617188,
643.10000000000002,13.814178466796875,,7.741790771484375,
643.20000000000005,14.128440856933594,,7.9947357177734375,
643.29999999999995,14.670097351074219,,8.3524322509765625,
643.39999999999998,15.175987243652344,,8.6845855712890625,
643.5,15.835182189941406,,9.0806121826171875,
643.60000000000002,16.946601867675781,,9.7321319580078125,
643.70000000000005,18.556255340576172,,10.63916015625,
643.79999999999995,20.694789886474609,,11.566627502441406,
643.89999999999998,23.479740142822266,,12.361228942871094,
644,25.44964599609375,,13.2503662109375,
644.10000000000002,27.102729797363281,,14.645401000976562,
644.20000000000005,28.656169891357422,,16.702175140380859,
644.29999999999995,30.189170837402344,,19.558662414550781,
644.39999999999998,31.673625946044922,,22.954257965087891,
644.5,33.201515197753906,,25.882289886474609,
644.60000000000002,34.645088195800781,,27.862415313720703,
644.70000000000005,35.687530517578125,,28.802654266357422,
644.79999999999995,36.691642761230469,,29.622810363769531,
644.89999999999998,37.956367492675781,,30.289665222167969,
645,38.825069427490234,,29.980506896972656,
645.10000000000002,39.300300598144531,,29.173130035400391,
645.20000000000005,39.032024383544922,,28.232887268066406,
645.29999999999995,36.829612731933594,,27.001377105712891,
645.39999999999998,34.923583984375,,25.000812530517578,
645.5,34.885257720947266,,22.726863861083984,
645.60000000000002,34.969573974609375,,20.854049682617188,
645.70000000000005,34.297611236572266,,19.2852783203125,
645.79999999999995,32.838703155517578,,17.862144470214844,
645.89999999999998,30.866245269775391,,16.536098480224609,
646,28.679164886474609,,15.337806701660156,
646.10000000000002,26.783355712890625,,14.366905212402344,
646.20000000000005,25.324451446533203,,13.562080383300781,
646.29999999999995,23.852771759033203,,12.831352233886719,
646.39999999999998,22.309551239013672,,12.133834838867188,
646.5,20.975841522216797,,11.50274658203125,
646.60000000000002,19.695785522460938,,10.820564270019531,
646.70000000000005,18.331413269042969,,10.107719421386719,
646.79999999999995,17.212326049804688,,9.4919662475585938,
646.89999999999998,16.499481201171875,,8.9758529663085938,
647,15.886283874511719,,8.587493896484375,
647.10000000000002,14.917938232421875,,8.2246856689453125,
647.20000000000005,13.97003173828125,,7.8133316040039062,
647.29999999999995,13.328727722167969,,7.4300765991210938,
647.39999999999998,12.477912902832031,,7.023834228515625,
647.5,11.427803039550781,,6.581817626953125,
647.60000000000002,10.5667724609375,,6.2215652465820312,
647.70000000000005,9.9280242919921875,,6.0171661376953125,
647.79999999999995,9.6725234985351562,,6.0018310546875,
647.89999999999998,9.9356842041015625,,6.047821044921875,
648,10.454353332519531,,6.047821044921875,
648.10000000000002,10.967903137207031,,5.9992828369140625,
648.20000000000005,11.507011413574219,,5.9175186157226562,
648.29999999999995,12.150871276855469,,5.9251861572265625,
648.39999999999998,12.932701110839844,,6.0273818969726562,
648.5,13.722198486328125,,6.1627960205078125,
648.60000000000002,14.452926635742188,,6.3467559814453125,
648.70000000000005,15.112113952636719,,6.507720947265625,
648.79999999999995,15.725318908691406,,6.6303634643554688,
648.89999999999998,16.458602905273438,,6.821990966796875,
649,17.163780212402344,,7.1413650512695312,
649.10000000000002,17.529144287109375,,7.5884857177734375,
649.20000000000005,17.378398895263672,,8.1480331420898438,
649.29999999999995,16.91339111328125,,8.7484588623046875,
649.39999999999998,16.3436279296875,,9.1291580200195312,
649.5,15.663993835449219,,9.0831680297851562,
649.60000000000002,14.979255676269531,,8.799560546875,
649.70000000000005,14.297073364257812,,8.403533935546875,
649.79999999999995,13.635322570800781,,7.9768524169921875,
649.89999999999998,13.047676086425781,,7.6063766479492188,
650,12.500907897949219,12.145749092102051,7.264007568359375,12.396694183349609
650.10000000000002,11.959243774414062,,6.97784423828125,
650.20000000000005,11.432914733886719,,6.7427825927734375,
650.29999999999995,10.983238220214844,,6.5383834838867188,
650.39999999999998,10.533554077148438,,6.323760986328125,
650.5,10.0506591796875,,6.0784835815429688,
650.60000000000002,9.636749267578125,,5.8408660888671875,
650.70000000000005,9.3735885620117188,,5.6773529052734375,
650.79999999999995,9.3352584838867188,,5.6415786743164062,
650.89999999999998,9.5728759765625,,5.7591094970703125,
651,10.109428405761719,,5.9686203002929688,
651.10000000000002,10.7864990234375,,6.086151123046875,
651.20000000000005,11.455909729003906,,6.1193618774414062,
651.29999999999995,12.140647888183594,,6.1985702514648438,
651.39999999999998,12.820281982421875,,6.2752227783203125,
651.5,13.382377624511719,,6.31610107421875,
651.60000000000002,13.957252502441406,,6.4208526611328125,
651.70000000000005,14.647102355957031,,6.6482467651367188,
651.79999999999995,15.398277282714844,,6.8833084106445312,
651.89999999999998,16.200546264648438,,7.0825958251953125,
652,17.053916931152344,,7.2921066284179688,
652.10000000000002,17.948165893554688,,7.519500732421875,
652.20000000000005,18.461719512939453,,7.8925323486328125,
652.29999999999995,18.157676696777344,,8.5951614379882812,
652.39999999999998,17.151008605957031,,9.38720703125,
652.5,16.06768798828125,,9.7781219482421875,
652.60000000000002,15.36761474609375,,9.7449111938476562,
652.70000000000005,14.795295715332031,,9.4766311645507812,
652.79999999999995,14.212753295898438,,9.0959396362304688,
652.89999999999998,13.704307556152344,,8.7177963256835938,
653,13.175422668457031,,8.3447723388671875,
653.10000000000002,12.656761169433594,,7.9972915649414062,
653.20000000000005,12.1483154296875,,7.6600265502929688,
653.29999999999995,11.555557250976562,,7.2946624755859375,
653.39999999999998,10.957687377929688,,6.949737548828125,
653.5,10.4569091796875,,6.6763534545898438,
653.60000000000002,10.040443420410156,,6.4464035034179688,
653.70000000000005,9.6904067993164062,,6.2343368530273438,
653.79999999999995,9.5371017456054688,,6.0989227294921875,
653.89999999999998,9.746612548828125,,6.1091461181640625,
654,10.221847534179688,,6.1832427978515625,
654.10000000000002,10.753288269042969,,6.1653518676757812,
654.20000000000005,11.32049560546875,,6.1091461181640625,
654.29999999999995,11.98223876953125,,6.1806869506835938,
654.39999999999998,12.695083618164062,,6.3288726806640625,
654.5,13.413040161132812,,6.4975051879882812,
654.60000000000002,14.133552551269531,,6.701904296875,
654.70000000000005,14.836174011230469,,6.9063034057617188,
654.79999999999995,15.487701416015625,,7.097930908203125,
654.89999999999998,16.001258850097656,,7.2844467163085938,
655,16.530143737792969,,7.4709625244140625,
655.10000000000002,17.237876892089844,,7.723907470703125,
655.20000000000005,17.955829620361328,,8.0228424072265625,
655.29999999999995,18.648235321044922,,8.311553955078125,
655.39999999999998,19.412181854248047,,8.5951614379882812,
655.5,20.081588745117188,,8.8736572265625,
655.60000000000002,20.354976654052734,,9.2722320556640625,
655.70000000000005,19.897628784179688,,9.7960128784179688,
655.79999999999995,18.857746124267578,,10.350440979003906,
655.89999999999998,17.868961334228516,,11.019851684570312,
656,17.069244384765625,,11.459312438964844,
656.10000000000002,16.3052978515625,,11.344337463378906,
656.20000000000005,15.587348937988281,,10.91510009765625,
656.29999999999995,14.912826538085938,,10.373435974121094,
656.39999999999998,14.289405822753906,,9.801116943359375,
656.5,13.627662658691406,,9.2236862182617188,
656.60000000000002,12.904594421386719,,8.6820297241210938,
656.70000000000005,12.291397094726562,,8.2349014282226562,
656.79999999999995,11.772727966308594,,7.8644256591796875,
656.89999999999998,11.277061462402344,,7.5373916625976562,
657,10.781387329101562,,7.2384567260742188,
657.10000000000002,10.324043273925781,,6.94207763671875,
657.20000000000005,10.037887573242188,,6.701904296875,
657.29999999999995,9.9714584350585938,,6.57415771484375,
657.39999999999998,10.147750854492188,,6.5945968627929688,
657.5,10.612762451171875,,6.7760009765625,
657.60000000000002,11.274505615234375,,6.9241867065429688,
657.70000000000005,11.954132080078125,,6.9548492431640625,
657.79999999999995,12.610771179199219,,6.9855117797851562,
657.89999999999998,13.259742736816406,,7.0493850708007812,
658,13.944480895996094,,7.133697509765625,
658.10000000000002,14.593452453613281,,7.218017578125,
658.20000000000005,15.229644775390625,,7.317657470703125,
658.29999999999995,16.019142150878906,,7.5041732788085938,
658.39999999999998,16.818855285644531,,7.7443466186523438,
658.5,17.598129272460938,,7.9742965698242188,
658.60000000000002,18.390178680419922,,8.1991348266601562,
658.70000000000005,19.187339782714844,,8.4290847778320312,
658.79999999999995,19.930843353271484,,8.6641464233398438,
658.89999999999998,20.449508666992188,,8.863433837890625,
659,20.656463623046875,,9.2109146118164062,
659.10000000000002,20.158241271972656,,9.8726577758789062,
659.20000000000005,18.957389831542969,,10.700477600097656,
659.29999999999995,17.868961334228516,,11.395439147949219,
659.39999999999998,17.151008605957031,,11.648384094238281,
659.5,16.54547119140625,,11.408210754394531,
659.60000000000002,15.814743041992188,,10.874221801757812,
659.70000000000005,14.935821533203125,,10.266128540039062,
659.79999999999995,14.212753295898438,,9.7806777954101562,
659.89999999999998,13.653213500976562,,9.3948745727539062,
660,13.119216918945312,12.145749092102051,8.9962921142578125,12.396694183349609
660.10000000000002,12.592887878417969,,8.6002731323242188,
660.20000000000005,12.069107055664062,,8.2119064331054688,
660.29999999999995,11.509567260742188,,7.7928924560546875,
660.39999999999998,10.888702392578125,,7.3789825439453125,
660.5,10.36492919921875,,7.0851516723632812,
660.60000000000002,10.260169982910156,,7.0033950805664062,
660.70000000000005,10.612762451171875,,7.19757080078125,
660.79999999999995,11.202964782714844,,7.6293716430664062,
660.89999999999998,11.892814636230469,,8.071380615234375,
661,12.651649475097656,,8.3038864135742188,
661.10000000000002,13.392601013183594,,8.3243331909179688,
661.20000000000005,14.082450866699219,,8.311553955078125,
661.29999999999995,14.892387390136719,,8.4265289306640625,
661.39999999999998,15.750862121582031,,8.59771728515625,
661.5,16.578681945800781,,8.7407913208007812,
661.60000000000002,17.414169311523438,,8.8378829956054688,
661.70000000000005,18.252208709716797,,8.8992080688476562,
661.79999999999995,18.939506530761719,,8.9835205078125,
661.89999999999998,19.486274719238281,,9.1342620849609375,
662,20.048374176025391,,9.4689712524414062,
662.10000000000002,20.140354156494141,,9.9416427612304688,
662.20000000000005,19.332973480224609,,10.534400939941406,
662.29999999999995,18.063140869140625,,11.091392517089844,
662.39999999999998,16.98748779296875,,11.290687561035156,
662.5,16.088127136230469,,11.109275817871094,
662.60000000000002,15.250083923339844,,10.710700988769531,
662.70000000000005,14.619003295898438,,10.291679382324219,
662.79999999999995,14.092666625976562,,9.8496627807617188,
662.89999999999998,13.540786743164062,,9.3642120361328125,
663,12.991462707519531,,8.9068679809570312,
663.10000000000002,12.426811218261719,,8.4674072265625,
663.20000000000005,11.816162109375,,8.0611648559570312,
663.29999999999995,11.187637329101562,,7.7060165405273438,
663.39999999999998,10.661308288574219,,7.409637451171875,
663.5,10.280609130859375,,7.1388092041015625,
663.60000000000002,10.214179992675781,,6.931854248046875,
663.70000000000005,10.691963195800781,,6.9063034057617188,
663.79999999999995,11.369041442871094,,7.1745758056640625,
663.89999999999998,11.913253784179688,,7.5884857177734375,
664,12.442138671875,,8.00750732421875,
664.10000000000002,12.9940185546875,,8.495513916015625,
664.20000000000005,13.760520935058594,,9.0167312622070312,
664.29999999999995,14.841285705566406,,9.471527099609375,
664.39999999999998,15.850509643554688,,9.7116928100585938,
664.5,16.558242797851562,,9.8266677856445312,
664.60000000000002,17.143341064453125,,9.9467544555664062,
664.70000000000005,17.940498352050781,,10.250801086425781,
664.79999999999995,19.023818969726562,,11.073509216308594,
664.89999999999998,19.780101776123047,,12.767471313476562,
665,19.269100189208984,,15.432342529296875,
665.10000000000002,18.612464904785156,,19.19329833984375,
665.20000000000005,18.663566589355469,,23.557239532470703,
665.29999999999995,18.540924072265625,,27.629909515380859,
665.39999999999998,18.443836212158203,,31.247787475585938,
665.5,18.663566589355469,,33.986747741699219,
665.60000000000002,19.619136810302734,,35.450763702392578,
665.70000000000005,21.658023834228516,,35.892776489257812,
665.79999999999995,24.023956298828125,,35.673049926757812,
665.89999999999998,25.797126770019531,,34.827342987060547,
666,28.191158294677734,,33.907543182373047,
666.10000000000002,30.408901214599609,,33.256019592285156,
666.20000000000005,31.499885559082031,,32.377098083496094,
666.29999999999995,32.304710388183594,,31.035724639892578,
666.39999999999998,34.297611236572266,,28.174121856689453,
666.5,36.791290283203125,,24.576683044433594,
666.60000000000002,37.943595886230469,,22.019130706787109,
666.70000000000005,37.705978393554688,,20.251068115234375,
666.79999999999995,36.622657775878906,,18.817714691162109,
666.89999999999998,34.660419464111328,,17.484004974365234,
667,31.977668762207031,,16.270378112792969,
667.10000000000002,28.960216522216797,,15.092521667480469,
667.20000000000005,26.106281280517578,,14.032196044921875,
667.29999999999995,23.970298767089844,,13.579963684082031,
667.39999999999998,22.488399505615234,,13.434326171875,
667.5,20.899188995361328,,12.902885437011719,
667.60000000000002,19.343196868896484,,12.391891479492188,
667.70000000000005,18.083580017089844,,12.062294006347656,
667.79999999999995,17.174003601074219,,11.924324035644531,
667.89999999999998,16.857177734375,,12.223258972167969,
668,16.499481201171875,,12.486427307128906,
668.10000000000002,16.001258850097656,,13.089401245117188,
668.20000000000005,15.962928771972656,,14.397567749023438,
668.29999999999995,15.88372802734375,,15.462997436523438,
668.39999999999998,14.940933227539062,,15.669952392578125,
668.5,13.49224853515625,,14.831916809082031,
668.60000000000002,12.71807861328125,,12.969322204589844,
668.70000000000005,12.613327026367188,,11.180816650390625,
668.79999999999995,12.311836242675781,,10.084724426269531,
668.89999999999998,11.931137084960938,,9.4459762573242188,
669,11.892814636230469,,9.1700363159179688,
669.10000000000002,12.115097045898438,,9.2262420654296875,
669.20000000000005,12.549453735351562,,9.6222686767578125,
669.29999999999995,13.287841796875,,10.015739440917969,
669.39999999999998,13.926597595214844,,10.294235229492188,
669.5,14.210197448730469,,10.769462585449219,
669.60000000000002,14.935821533203125,,11.640716552734375,
669.70000000000005,16.062576293945312,,12.747032165527344,
669.79999999999995,16.867401123046875,,14.361793518066406,
669.89999999999998,17.447383880615234,,16.651073455810547,
670,17.774425506591797,4.5454545021057129,19.510120391845703,4.6838407516479492
670.10000000000002,17.948165893554688,,22.634883880615234,
670.20000000000005,18.965053558349609,,25.879734039306641,
670.29999999999995,20.827648162841797,,28.935512542724609,
670.39999999999998,22.493511199951172,,31.028057098388672,
670.5,23.908981323242188,,32.083274841308594,
670.60000000000002,25.659152984619141,,31.912090301513672,
670.70000000000005,26.890663146972656,,31.2069091796875,
670.79999999999995,27.631614685058594,,31.112373352050781,
670.89999999999998,28.272918701171875,,31.288669586181641,
671,29.215713500976562,,31.045944213867188,
671.10000000000002,29.895343780517578,,30.685688018798828,
671.20000000000005,30.646514892578125,,30.190017700195312,
671.29999999999995,31.972560882568359,,28.102584838867188,
671.39999999999998,33.273056030273438,,25.085128784179688,
671.5,34.039554595947266,,22.836727142333984,
671.60000000000002,33.768726348876953,,21.043117523193359,
671.70000000000005,32.345588684082031,,19.305717468261719,
671.79999999999995,30.309253692626953,,17.708843231201172,
671.89999999999998,28.347015380859375,,16.257602691650391,
672,26.578956604003906,,14.931556701660156,
672.10000000000002,24.473636627197266,,13.815025329589844,
672.20000000000005,22.115371704101562,,12.897781372070312,
672.29999999999995,19.930843353271484,,12.069961547851562,
672.39999999999998,18.045253753662109,,11.221702575683594,
672.5,16.537803649902344,,10.429649353027344,
672.60000000000002,15.375282287597656,,9.783233642578125,
672.70000000000005,14.222976684570312,,9.18536376953125,
672.79999999999995,12.953140258789062,,8.6309280395507812,
672.89999999999998,11.826385498046875,,8.1659164428710938,
673,10.8963623046875,,7.7443466186523438,
673.10000000000002,10.163078308105469,,7.3151016235351562,
673.20000000000005,9.6852951049804688,,6.9522933959960938,
673.29999999999995,9.3940277099609375,,6.7376708984375,
673.39999999999998,9.360809326171875,,6.5894851684570312,
673.5,9.5856475830078125,,6.4106369018554688,
673.60000000000002,9.9075775146484375,,6.2573318481445312,
673.70000000000005,10.349594116210938,,6.2011260986328125,
673.79999999999995,10.883590698242188,,6.2266769409179688,
673.89999999999998,11.458465576171875,,6.333984375,
674,12.002677917480469,,6.4131927490234375,
674.10000000000002,12.488128662109375,,6.4285202026367188,
674.20000000000005,12.973579406738281,,6.4591827392578125,
674.29999999999995,13.479469299316406,,6.5562667846679688,
674.39999999999998,14.056900024414062,,6.75811767578125,
674.5,14.713539123535156,,7.0033950805664062,
674.60000000000002,15.457038879394531,,7.27166748046875,
674.70000000000005,16.310409545898438,,7.5424957275390625,
674.79999999999995,17.166336059570312,,7.78778076171875,
674.89999999999998,17.751430511474609,,8.0867156982421875,
675,17.825523376464844,,8.6692581176757812,
675.10000000000002,17.414169311523438,,9.617156982421875,
675.20000000000005,16.877616882324219,,10.603385925292969,
675.29999999999995,16.430496215820312,,11.196151733398438,
675.39999999999998,15.962928771972656,,11.249801635742188,
675.5,15.395721435546875,,10.899772644042969,
675.60000000000002,14.762077331542969,,10.427093505859375,
675.70000000000005,14.230636596679688,,10.082168579101562,
675.79999999999995,13.773292541503906,,9.7909011840820312,
675.89999999999998,13.211196899414062,,9.3948745727539062,
676,12.57244873046875,,8.9477462768554688,
676.10000000000002,11.954132080078125,,8.4725189208984375,
676.20000000000005,11.323051452636719,,7.9640731811523438,
676.29999999999995,10.704742431640625,,7.4990615844726562,
676.39999999999998,10.257614135742188,,7.133697509765625,
676.5,9.894805908203125,,6.8245468139648438,
676.60000000000002,9.5652084350585938,,6.563934326171875,
676.70000000000005,9.5013351440429688,,6.4182968139648438,
676.79999999999995,9.8104934692382812,,6.3927459716796875,
676.89999999999998,10.229507446289062,,6.415740966796875,
677,10.622978210449219,,6.3825302124023438,
677.10000000000002,11.1544189453125,,6.4131927490234375,
677.20000000000005,11.782951354980469,,6.5332717895507812,
677.29999999999995,12.385932922363281,,6.6431427001953125,
677.39999999999998,12.958251953125,,6.7504501342773438,
677.5,13.579116821289062,,6.8628692626953125,
677.60000000000002,14.176986694335938,,6.94207763671875,
677.70000000000005,14.718643188476562,,7.0110626220703125,
677.79999999999995,15.403388977050781,,7.2154617309570312,
677.89999999999998,16.141777038574219,,7.4786224365234375,
678,16.852073669433594,,7.7264556884765625,
678.10000000000002,17.478046417236328,,8.0049514770507812,
678.20000000000005,17.802528381347656,,8.3626556396484375,
678.29999999999995,17.467826843261719,,8.8736572265625,
678.39999999999998,16.604232788085938,,9.5277328491210938,
678.5,15.837738037109375,,10.207366943359375,
678.60000000000002,15.290962219238281,,10.498634338378906,
678.70000000000005,14.756973266601562,,10.261016845703125,
678.79999999999995,14.123329162597656,,9.8036727905273438,
678.89999999999998,13.461585998535156,,9.3131179809570312,
679,12.794731140136719,,8.827667236328125,
679.10000000000002,12.107437133789062,,8.3575439453125,
679.20000000000005,11.535118103027344,,7.9742965698242188,
679.29999999999995,11.02667236328125,,7.6242599487304688,
679.39999999999998,10.5284423828125,,7.27166748046875,
679.5,10.042999267578125,,6.9522933959960938,
679.60000000000002,9.608642578125,,6.64569091796875,
679.70000000000005,9.2024002075195312,,6.3467559814453125,
679.79999999999995,8.8370361328125,,6.0733718872070312,
679.89999999999998,8.7143936157226562,,5.920074462890625,
680,8.9239044189453125,12.195121765136719,5.9609527587890625,12.396694183349609
680.10000000000002,9.3122634887695312,,6.0606002807617188,
680.20000000000005,9.7696075439453125,,6.1295852661132812,
680.29999999999995,10.306159973144531,,6.2087860107421875,
680.39999999999998,10.888702392578125,,6.3186569213867188,
680.5,11.417587280273438,,6.415740966796875,
680.60000000000002,11.954132080078125,,6.5026168823242188,
680.70000000000005,12.654205322265625,,6.6712417602539062,
680.79999999999995,13.428367614746094,,6.8449859619140625,
680.89999999999998,14.197425842285156,,7.041717529296875,
681,14.923042297363281,,7.2946624755859375,
681.10000000000002,15.635887145996094,,7.519500732421875,
681.20000000000005,16.256752014160156,,7.6881332397460938,
681.29999999999995,16.670661926269531,,7.8439865112304688,
681.39999999999998,16.775421142578125,,8.283447265625,
681.5,16.338516235351562,,9.0857162475585938,
681.60000000000002,15.589897155761719,,10.005516052246094,
681.70000000000005,14.910270690917969,,10.605941772460938,
681.79999999999995,14.307289123535156,,10.595726013183594,
681.89999999999998,13.742637634277344,,10.21502685546875,
682,13.121772766113281,,9.70147705078125,
682.10000000000002,12.454917907714844,,9.1828079223632812,
682.20000000000005,11.979682922363281,,8.7510147094726562,
682.29999999999995,11.621986389160156,,8.3371047973632812,
682.39999999999998,11.185081481933594,,7.9308624267578125,
682.5,10.663864135742188,,7.6012649536132812,
682.60000000000002,10.132423400878906,,7.2793350219726562,
682.70000000000005,9.5984268188476562,,6.921630859375,
682.79999999999995,9.0695419311523438,,6.5716018676757812,
682.89999999999998,8.7067337036132812,,6.3109893798828125,
683,8.6045303344726562,,6.2190093994140625,
683.10000000000002,8.7833786010742188,,6.2624435424804688,
683.20000000000005,9.1615219116210938,,6.35186767578125,
683.29999999999995,9.6111984252929688,,6.323760986328125,
683.39999999999998,10.134979248046875,,6.1883468627929688,
683.5,10.661308288574219,,6.0631561279296875,
683.60000000000002,11.294944763183594,,6.086151123046875,
683.70000000000005,12.071662902832031,,6.2496719360351562,
683.79999999999995,12.8841552734375,,6.4004135131835938,
683.89999999999998,13.688980102539062,,6.5383834838867188,
684,14.445259094238281,,6.6993484497070312,
684.10000000000002,15.191322326660156,,6.8373184204101562,
684.20000000000005,15.929718017578125,,6.9241867065429688,
684.29999999999995,16.757537841796875,,7.059600830078125,
684.39999999999998,17.626235961914062,,7.2742233276367188,
684.5,18.336524963378906,,7.6344757080078125,
684.60000000000002,19.606361389160156,,8.0432815551757812,
684.70000000000005,22.309551239013672,,8.1352615356445312,
684.79999999999995,24.450641632080078,,8.54150390625,
684.89999999999998,23.505290985107422,,9.9467544555664062,
685,20.768886566162109,,11.349449157714844,
685.10000000000002,18.574138641357422,,11.791465759277344,
685.20000000000005,17.186775207519531,,11.546180725097656,
685.29999999999995,16.154556274414062,,11.101615905761719,
685.39999999999998,15.329292297363281,,10.603385925292969,
685.5,14.601112365722656,,10.06939697265625,
685.60000000000002,13.880607604980469,,9.5839462280273438,
685.70000000000005,13.200973510742188,,9.1802520751953125,
685.79999999999995,12.613327026367188,,8.8199996948242188,
685.89999999999998,12.104881286621094,,8.4827423095703125,
686,11.685859680175781,,8.145477294921875,
686.10000000000002,12.023117065429688,,7.8363265991210938,
686.20000000000005,14.327728271484375,,7.5731582641601562,
686.29999999999995,17.899620056152344,,7.1413650512695312,
686.39999999999998,21.021831512451172,,6.7785568237304688,
686.5,22.863983154296875,,6.8322067260742188,
686.60000000000002,23.722465515136719,,7.1055908203125,
686.70000000000005,24.36376953125,,7.3943099975585938,
686.79999999999995,24.936088562011719,,7.6344757080078125,
686.89999999999998,25.518630981445312,,7.7443466186523438,
687,26.228919982910156,,7.8439865112304688,
687.10000000000002,27.138500213623047,,8.2221298217773438,
687.20000000000005,28.155387878417969,,8.7382431030273438,
687.29999999999995,29.182498931884766,,9.2083587646484375,
687.39999999999998,30.224941253662109,,9.6529312133789062,
687.5,31.034873962402344,,10.123046875,
687.60000000000002,31.239273071289062,,10.590614318847656,
687.70000000000005,30.738494873046875,,11.147605895996094,
687.79999999999995,29.872348785400391,,11.781242370605469,
687.89999999999998,28.983211517333984,,12.366340637207031,
688,27.866676330566406,,12.902885437011719,
688.10000000000002,26.405216217041016,,13.189048767089844,
688.20000000000005,24.504295349121094,,13.191604614257812,
688.29999999999995,22.475624084472656,,13.160942077636719,
688.39999999999998,20.998836517333984,,13.163497924804688,
688.5,19.964061737060547,,12.979537963867188,
688.60000000000002,18.870521545410156,,12.517082214355469,
688.70000000000005,17.789756774902344,,11.903884887695312,
688.79999999999995,16.890396118164062,,11.229362487792969,
688.89999999999998,16.026802062988281,,10.536956787109375,
689,15.152992248535156,,9.8266677856445312,
689.10000000000002,14.363502502441406,,9.1521530151367188,
689.20000000000005,13.635322570800781,,8.5644989013671875,
689.29999999999995,13.006797790527344,,8.071380615234375,
689.39999999999998,12.776847839355469,,7.6268157958984375,
689.5,13.05023193359375,,7.218017578125,
689.60000000000002,13.686424255371094,,6.931854248046875,
689.70000000000005,14.514244079589844,,6.7760009765625,
689.79999999999995,15.275634765625,,6.7785568237304688,
689.89999999999998,15.957817077636719,,6.94207763671875,
690,16.594017028808594,8.5796003341674805,7.0749359130859375,12.396694183349609
690.10000000000002,17.202106475830078,,7.1771316528320312,
690.20000000000005,18.075916290283203,,7.335540771484375,
690.29999999999995,19.197559356689453,,7.45562744140625,
690.39999999999998,20.270660400390625,,7.5680465698242188,
690.5,21.072929382324219,,7.8107757568359375,
690.60000000000002,21.047378540039062,,8.1659164428710938,
690.70000000000005,20.086700439453125,,8.5491714477539062,
690.79999999999995,19.228221893310547,,9.0780563354492188,
690.89999999999998,19.136241912841797,,9.5507278442382812,
691,19.123466491699219,,9.8266677856445312,
691.10000000000002,18.415729522705078,,10.386215209960938,
691.20000000000005,17.529144287109375,,11.31878662109375,
691.29999999999995,17.138229370117188,,12.197708129882812,
691.39999999999998,17.347740173339844,,12.764915466308594,
691.5,17.822971343994141,,12.959098815917969,
691.60000000000002,17.702884674072266,,12.667831420898438,
691.70000000000005,17.092239379882812,,12.133834838867188,
691.79999999999995,16.476486206054688,,11.500190734863281,
691.89999999999998,15.671661376953125,,10.751579284667969,
692,14.749305725097656,,10.0872802734375,
692.10000000000002,13.97003173828125,,9.5737228393554688,
692.20000000000005,13.280181884765625,,9.0857162475585938,
692.29999999999995,12.615882873535156,,8.5823822021484375,
692.39999999999998,11.989906311035156,,8.1199264526367188,
692.5,11.305168151855469,,7.6651382446289062,
692.60000000000002,10.645973205566406,,7.243560791015625,
692.70000000000005,10.140083312988281,,6.9011917114257812,
692.79999999999995,9.728729248046875,,6.6048126220703125,
692.89999999999998,9.417022705078125,,6.323760986328125,
693,9.3582534790039062,,6.139801025390625,
693.10000000000002,9.5677642822265625,,6.0376052856445312,
693.20000000000005,9.9740142822265625,,6.0657119750976562,
693.29999999999995,10.530998229980469,,6.27777099609375,
693.39999999999998,11.13653564453125,,6.5486068725585938,
693.5,11.790618896484375,,6.7785568237304688,
693.60000000000002,12.539230346679688,,6.9855117797851562,
693.70000000000005,13.2520751953125,,7.189910888671875,
693.79999999999995,13.880607604980469,,7.483734130859375,
693.89999999999998,14.6138916015625,,8.0228424072265625,
694,15.651222229003906,,8.6462631225585938,
694.10000000000002,16.724319458007812,,9.3642120361328125,
694.20000000000005,17.582801818847656,,10.516517639160156,
694.29999999999995,18.198554992675781,,12.179824829101562,
694.39999999999998,18.216438293457031,,14.499763488769531,
694.5,17.6671142578125,,17.915798187255859,
694.60000000000002,16.992591857910156,,22.310398101806641,
694.70000000000005,16.136672973632812,,26.794422149658203,
694.79999999999995,14.997138977050781,,30.532386779785156,
694.89999999999998,14.016021728515625,,33.179367065429688,
695,13.433479309082031,,34.916767120361328,
695.10000000000002,13.078338623046875,,36.235149383544922,
695.20000000000005,12.917373657226562,,37.364459991455078,
695.29999999999995,12.986358642578125,,38.041534423828125,
695.39999999999998,13.264846801757812,,38.049198150634766,
695.5,14.033905029296875,,37.494762420654297,
695.60000000000002,15.403388977050781,,36.230037689208984,
695.70000000000005,17.406505584716797,,34.717479705810547,
695.79999999999995,20.252773284912109,,33.823226928710938,
695.89999999999998,23.650924682617188,,33.501296997070312,
696,28.13494873046875,,32.768013000488281,
696.10000000000002,33.98590087890625,,30.287109375,
696.20000000000005,39.315628051757812,,26.909397125244141,
696.29999999999995,42.15423583984375,,24.272640228271484,
696.39999999999998,42.437839508056641,,22.553123474121094,
696.5,41.047920227050781,,21.260292053222656,
696.60000000000002,38.710094451904297,,19.931694030761719,
696.70000000000005,36.157649993896484,,18.633754730224609,
696.79999999999995,33.633308410644531,,17.532550811767578,
696.89999999999998,31.33636474609375,,16.679180145263672,
697,29.463550567626953,,16.0838623046875,
697.10000000000002,27.892223358154297,,15.744049072265625,
697.20000000000005,26.668380737304688,,15.851360321044922,
697.29999999999995,25.692371368408203,,16.666404724121094,
697.39999999999998,24.762348175048828,,18.296493530273438,
697.5,23.862991333007812,,19.964908599853516,
697.60000000000002,22.792446136474609,,20.7569580078125,
697.70000000000005,21.719345092773438,,20.805503845214844,
697.79999999999995,20.883861541748047,,20.583217620849609,
697.89999999999998,20.091808319091797,,20.603660583496094,
698,18.957389831542969,,20.138648986816406,
698.10000000000002,17.260871887207031,,18.375698089599609,
698.20000000000005,15.0916748046875,,15.58819580078125,
698.29999999999995,12.960807800292969,,12.499198913574219,
698.39999999999998,11.312828063964844,,10.046401977539062,
698.5,10.495231628417969,,8.513397216796875,
698.60000000000002,10.423690795898438,,7.9053115844726562,
698.70000000000005,10.295944213867188,,8.1889114379882812,
698.79999999999995,10.137527465820312,,8.9170913696289062,
698.89999999999998,10.152862548828125,,9.70147705078125,
699,9.9637908935546875,,10.301902770996094,
699.10000000000002,9.8104934692382812,,11.3009033203125,
699.20000000000005,10.124755859375,,13.390892028808594,
699.29999999999995,10.556549072265625,,16.536098480224609,
699.39999999999998,10.812049865722656,,20.409477233886719,
699.5,10.781387329101562,,24.208763122558594,
699.60000000000002,10.446685791015625,,27.261989593505859,
699.70000000000005,10.298492431640625,,29.791439056396484,
699.79999999999995,10.523338317871094,,32.333663940429688,
699.89999999999998,10.589767456054688,,34.829898834228516,
700,10.6025390625,4.8309178352355957,36.651615142822266,4.0733199119567871
700.10000000000002,11.328163146972656,,37.617404937744141,
700.20000000000005,12.426811218261719,,37.819248199462891,
700.29999999999995,13.134544372558594,,37.004203796386719,
700.39999999999998,13.591888427734375,,35.333232879638672,
700.5,14.414596557617188,,33.723583221435547,
700.60000000000002,15.837738037109375,,32.826778411865234,
700.70000000000005,16.126449584960938,,32.267234802246094,
700.79999999999995,15.163215637207031,,31.654033660888672,
700.89999999999998,15.909278869628906,,29.612586975097656,
701,18.328861236572266,,26.694778442382812,
701.10000000000002,19.7647705078125,,24.385059356689453,
701.20000000000005,19.675346374511719,,22.502025604248047,
701.29999999999995,18.919063568115234,,20.866825103759766,
701.39999999999998,17.879180908203125,,18.945465087890625,
701.5,16.859733581542969,,16.860584259033203,
701.60000000000002,16.037025451660156,,15.212608337402344,
701.70000000000005,15.265419006347656,,13.945327758789062,
701.79999999999995,14.455482482910156,,12.744476318359375,
701.89999999999998,13.566337585449219,,11.640716552734375,
702,12.728302001953125,,10.7132568359375,
702.10000000000002,12.015457153320312,,9.9288711547851562,
702.20000000000005,11.328163146972656,,9.287567138671875,
702.29999999999995,10.564216613769531,,8.7177963256835938,
702.39999999999998,9.81304931640625,,8.1582565307617188,
702.5,9.2560577392578125,,7.6881332397460938,
702.60000000000002,8.7195053100585938,,7.243560791015625,
702.70000000000005,8.0066604614257812,,6.8015518188476562,
702.79999999999995,7.3628005981445312,,6.4285202026367188,
702.89999999999998,7.227386474609375,,6.1985702514648438,
703,7.56719970703125,,6.047821044921875,
703.10000000000002,7.9785537719726562,,5.920074462890625,
703.20000000000005,8.4103469848632812,,5.8025436401367188,
703.29999999999995,8.8957977294921875,,5.718231201171875,
703.39999999999998,9.3122634887695312,,5.700347900390625,
703.5,9.6776275634765625,,5.6313629150390625,
703.60000000000002,10.10687255859375,,5.5291595458984375,
703.70000000000005,10.674079895019531,,5.6058120727539062,
703.79999999999995,11.287277221679688,,5.8357620239257812,
703.89999999999998,11.918365478515625,,6.0912628173828125,
704,12.488128662109375,,6.3263168334960938,
704.10000000000002,13.045120239257812,,6.4796218872070312,
704.20000000000005,13.632766723632812,,6.5486068725585938,
704.29999999999995,14.235748291015625,,6.6865768432617188,
704.39999999999998,14.864280700683594,,7.0008392333984375,
704.5,15.247528076171875,,7.4990615844726562,
704.60000000000002,15.303741455078125,,8.4341964721679688,
704.70000000000005,15.135108947753906,,9.8190078735351562,
704.79999999999995,14.77996826171875,,10.838447570800781,
704.89999999999998,14.199981689453125,,10.920211791992188,
705,13.476913452148438,,10.501190185546875,
705.10000000000002,12.848388671875,,10.066841125488281,
705.20000000000005,12.283729553222656,,9.6018295288085938,
705.29999999999995,11.673088073730469,,9.0601730346679688,
705.39999999999998,11.057327270507812,,8.5185089111328125,
705.5,10.518226623535156,,8.0305023193359375,
705.60000000000002,10.017448425292969,,7.593597412109375,
705.70000000000005,9.4757843017578125,,7.172027587890625,
705.79999999999995,8.957122802734375,,6.7760009765625,
705.89999999999998,8.5636520385742188,,6.4591827392578125,
706,8.3515853881835938,,6.2496719360351562,
706.10000000000002,8.5048828125,,6.1627960205078125,
706.20000000000005,8.96478271484375,,6.0529327392578125,
706.29999999999995,9.4093551635742188,,5.845977783203125,
706.39999999999998,9.7823867797851562,,5.6288070678710938,
706.5,10.168190002441406,,5.5291595458984375,
706.60000000000002,10.668968200683594,,5.65435791015625,
706.70000000000005,11.282173156738281,,5.8664169311523438,
706.79999999999995,11.949028015136719,,6.0324935913085938,
706.89999999999998,12.623542785644531,,6.1551361083984375,
707,13.295509338378906,,6.2828826904296875,
707.10000000000002,13.962364196777344,,6.39019775390625,
707.20000000000005,14.606224060058594,,6.5128326416015625,
707.29999999999995,15.342063903808594,,6.7555618286132812,
707.39999999999998,16.192878723144531,,7.0570526123046875,
707.5,17.048805236816406,,7.3840866088867188,
707.60000000000002,17.564914703369141,,7.7750015258789062,
707.70000000000005,17.547031402587891,,8.26556396484375,
707.79999999999995,16.834182739257812,,8.8966522216796875,
707.89999999999998,15.730422973632812,,9.6784820556640625,
708,14.976699829101562,,10.388771057128906,
708.10000000000002,14.440147399902344,,10.580390930175781,
708.20000000000005,13.796287536621094,,10.296791076660156,
708.29999999999995,13.126876831054688,,9.857330322265625,
708.39999999999998,12.470245361328125,,9.3565521240234375,
708.5,11.849380493164062,,8.8225555419921875,
708.60000000000002,11.256622314453125,,8.33966064453125,
708.70000000000005,10.697074890136719,,7.93341064453125,
708.79999999999995,10.242286682128906,,7.6165924072265625,
708.89999999999998,9.8258209228515625,,7.3125457763671875,
709,9.40679931640625,,7.0033950805664062,
709.10000000000002,9.0005569458007812,,6.7248992919921875,
709.20000000000005,8.6556320190429688,,6.44384765625,
709.29999999999995,8.4333419799804688,,6.2036819458007812,
709.39999999999998,8.4742279052734375,,6.0324935913085938,
709.5,8.9239044189453125,,5.9967269897460938,
709.60000000000002,9.600982666015625,,6.0452728271484375,
709.70000000000005,10.316383361816406,,6.1117019653320312,
709.79999999999995,11.02667236328125,,6.213897705078125,
709.89999999999998,11.754844665527344,,6.3186569213867188,
710,12.490684509277344,6.8337130546569824,6.3850860595703125,12.396694183349609
710.10000000000002,13.154983520507812,,6.4464035034179688,
710.20000000000005,13.8397216796875,,6.592041015625,
710.29999999999995,14.629219055175781,,6.8322067260742188,
710.39999999999998,15.411048889160156,,7.0902633666992188,
710.5,16.228652954101562,,7.34576416015625,
710.60000000000002,17.117790222167969,,7.60382080078125,
710.70000000000005,18.001819610595703,,7.887420654296875,
710.79999999999995,18.655899047851562,,8.2502365112304688,
710.89999999999998,18.689113616943359,,8.7229080200195312,
711,17.989044189453125,,9.507293701171875,
711.10000000000002,16.969596862792969,,10.43731689453125,
711.20000000000005,16.095787048339844,,11.150161743164062,
711.29999999999995,15.426383972167969,,11.372444152832031,
711.39999999999998,14.828514099121094,,11.058181762695312,
711.5,14.212753295898438,,10.503746032714844,
711.60000000000002,13.489692687988281,,9.88543701171875,
711.70000000000005,12.779403686523438,,9.3207778930664062,
711.79999999999995,12.403816223144531,,8.8992080688476562,
711.89999999999998,12.260734558105469,,8.5312881469726562,
712,11.959243774414062,,8.163360595703125,
712.10000000000002,11.407363891601562,,7.82354736328125,
712.20000000000005,10.796722412109375,,7.4684066772460938,
712.29999999999995,10.209068298339844,,7.1004867553710938,
712.39999999999998,9.636749267578125,,6.7427825927734375,
712.5,9.2713851928710938,,6.507720947265625,
712.60000000000002,9.3148193359375,,6.4310760498046875,
712.70000000000005,9.7542800903320312,,6.4515151977539062,
712.79999999999995,10.377700805664062,,6.4847259521484375,
712.89999999999998,11.041999816894531,,6.507720947265625,
713,11.698638916015625,,6.581817626953125,
713.10000000000002,12.304168701171875,,6.6942367553710938,
713.20000000000005,12.904594421386719,,6.8807525634765625,
713.29999999999995,13.612327575683594,,7.1950225830078125,
713.39999999999998,14.394157409667969,,7.4990615844726562,
713.5,15.191322326660156,,7.7366790771484375,
713.60000000000002,15.998703002929688,,7.9691848754882812,
713.70000000000005,16.83929443359375,,8.19146728515625,
713.79999999999995,17.631343841552734,,8.367767333984375,
713.89999999999998,18.390178680419922,,8.5440597534179688,
714,19.327865600585938,,8.9145355224609375,
714.10000000000002,20.219558715820312,,9.4357528686523438,
714.20000000000005,20.597698211669922,,10.054061889648438,
714.29999999999995,20.053485870361328,,10.726028442382812,
714.39999999999998,18.857746124267578,,11.316230773925781,
714.5,17.690109252929688,,11.755691528320312,
714.60000000000002,16.652778625488281,,11.916656494140625,
714.70000000000005,15.732978820800781,,11.827232360839844,
714.79999999999995,14.905158996582031,,11.479751586914062,
714.89999999999998,14.125885009765625,,10.935539245605469,
715,13.413040161132812,,10.368331909179688,
715.10000000000002,12.776847839355469,,9.8190078735351562,
715.20000000000005,12.194305419921875,,9.27734375,
715.29999999999995,11.606658935546875,,8.7944488525390625,
715.39999999999998,11.049667358398438,,8.3805389404296875,
715.5,10.515670776367188,,7.9947357177734375,
715.60000000000002,9.99700927734375,,7.6344757080078125,
715.70000000000005,9.5524368286132812,,7.3048858642578125,
715.79999999999995,9.2202835083007812,,7.0110626220703125,
715.89999999999998,9.1717376708984375,,6.7862167358398438,
716,9.498779296875,,6.6763534545898438,
716.10000000000002,10.0889892578125,,6.6891326904296875,
716.20000000000005,10.806938171386719,,6.7555618286132812,
716.29999999999995,11.530006408691406,,6.8092117309570312,
716.39999999999998,12.227523803710938,,6.86798095703125,
716.5,13.001686096191406,,6.9727325439453125,
716.60000000000002,13.803955078125,,7.08770751953125,
716.70000000000005,14.532127380371094,,7.1796875,
716.79999999999995,15.285858154296875,,7.3764266967773438,
716.89999999999998,16.080459594726562,,7.6651382446289062,
717,16.892951965332031,,7.9410781860351562,
717.10000000000002,17.700328826904297,,8.201690673828125,
717.20000000000005,18.489826202392578,,8.4265289306640625,
717.29999999999995,19.240993499755859,,8.6181564331054688,
717.39999999999998,19.920623779296875,,8.827667236328125,
717.5,20.600254058837891,,9.231353759765625,
717.60000000000002,20.873641967773438,,9.8036727905273438,
717.70000000000005,20.237445831298828,,10.452644348144531,
717.79999999999995,18.952281951904297,,11.109275817871094,
717.89999999999998,17.807640075683594,,11.625389099121094,
718,16.877616882324219,,11.868110656738281,
718.10000000000002,15.881172180175781,,11.765914916992188,
718.20000000000005,15.017578125,,11.436317443847656,
718.29999999999995,14.26385498046875,,10.961090087890625,
718.39999999999998,13.530570983886719,,10.406654357910156,
718.5,12.850936889648438,,9.893096923828125,
718.60000000000002,12.209632873535156,,9.3923187255859375,
718.70000000000005,11.547889709472656,,8.8787612915039062,
718.79999999999995,10.852928161621094,,8.4009780883789062,
718.89999999999998,10.255058288574219,,7.9819564819335938,
719,9.7926025390625,,7.6012649536132812,
719.10000000000002,9.470672607421875,,7.27166748046875,
719.20000000000005,9.378692626953125,,7.05194091796875,
719.29999999999995,9.6035385131835938,,6.9548492431640625,
719.39999999999998,10.060882568359375,,6.9241867065429688,
719.5,10.625534057617188,,6.9241867065429688,
719.60000000000002,11.333267211914062,,6.9829559326171875,
719.70000000000005,12.102325439453125,,7.0468292236328125,
719.79999999999995,12.863716125488281,,7.1209259033203125,
719.89999999999998,13.71197509765625,,7.2767791748046875,
720,14.573013305664062,0,7.409637451171875,12.396694183349609
720.10000000000002,15.175987243652344,,7.5501632690429688,
720.20000000000005,15.66143798828125,,7.9691848754882812,
720.29999999999995,16.249092102050781,,8.7254638671875,
720.39999999999998,16.954269409179688,,9.655487060546875,
720.5,17.912395477294922,,10.611053466796875,
720.60000000000002,19.243549346923828,,11.482307434082031,
720.70000000000005,20.651355743408203,,12.182380676269531,
720.79999999999995,21.808769226074219,,12.690826416015625,
720.89999999999998,22.87420654296875,,13.255477905273438,
721,24.110824584960938,,13.952995300292969,
721.10000000000002,25.252910614013672,,14.676055908203125,
721.20000000000005,26.732254028320312,,15.462997436523438,
721.29999999999995,28.221820831298828,,16.196285247802734,
721.39999999999998,29.675613403320312,,16.865695953369141,
721.5,30.948005676269531,,17.629638671875,
721.60000000000002,32.143745422363281,,18.981235504150391,
721.70000000000005,33.459568023681641,,21.152984619140625,
721.79999999999995,34.412586212158203,,23.631332397460938,
721.89999999999998,34.772838592529297,,25.614013671875,
722,34.969573974609375,,26.429058074951172,
722.10000000000002,34.461128234863281,,27.055034637451172,
722.20000000000005,33.265388488769531,,26.950279235839844,
722.29999999999995,31.418125152587891,,25.803085327148438,
722.39999999999998,29.724159240722656,,23.728424072265625,
722.5,29.264259338378906,,20.94091796875,
722.60000000000002,28.697048187255859,,18.904582977294922,
722.70000000000005,27.519195556640625,,17.361362457275391,
722.79999999999995,26.103725433349609,,16.068534851074219,
722.89999999999998,24.563060760498047,,15.031204223632812,
723,23.119483947753906,,14.228935241699219,
723.10000000000002,21.752559661865234,,13.457321166992188,
723.20000000000005,20.308986663818359,,12.726593017578125,
723.29999999999995,18.883296966552734,,12.131278991699219,
723.39999999999998,17.679889678955078,,11.65093994140625,
723.5,16.527587890625,,11.070953369140625,
723.60000000000002,15.375282287597656,,10.414321899414062,
723.70000000000005,14.501472473144531,,9.9186477661132812,
723.79999999999995,13.918930053710938,,9.563507080078125,
723.89999999999998,13.533126831054688,,9.33355712890625,
724,13.111549377441406,,9.07550048828125,
724.10000000000002,12.511123657226562,,8.6462631225585938,
724.20000000000005,11.79827880859375,,8.0892715454101562,
724.29999999999995,11.047111511230469,,7.5348358154296875,
724.39999999999998,10.421134948730469,,7.1183700561523438,
724.5,9.9459075927734375,,6.79388427734375,
724.60000000000002,9.6163101196289062,,6.454071044921875,
724.70000000000005,9.6827392578125,,6.2931060791015625,
724.79999999999995,10.206512451171875,,6.415740966796875,
724.89999999999998,11.090545654296875,,6.6610260009765625,
725,12.079330444335938,,6.8654251098632812,
725.10000000000002,13.073226928710938,,7.1004867553710938,
725.20000000000005,14.105445861816406,,7.45562744140625,
725.29999999999995,15.124893188476562,,7.8797607421875,
725.39999999999998,16.200546264648438,,8.3652114868164062,
725.5,17.230209350585938,,8.8838729858398438,
725.60000000000002,18.162784576416016,,9.3718795776367188,
725.70000000000005,19.177120208740234,,9.8292236328125,
725.79999999999995,20.390743255615234,,10.460311889648438,
725.89999999999998,21.658023834228516,,11.336677551269531,
726,22.876758575439453,,12.42254638671875,
726.10000000000002,24.136375427246094,,13.651504516601562,
726.20000000000005,25.991306304931641,,14.791030883789062,
726.29999999999995,27.580513000488281,,15.733829498291016,
726.39999999999998,28.932109832763672,,16.653629302978516,
726.5,30.437004089355469,,17.877475738525391,
726.60000000000002,32.1641845703125,,19.627647399902344,
726.70000000000005,33.694629669189453,,22.080448150634766,
726.79999999999995,35.240406036376953,,24.523029327392578,
726.89999999999998,36.696754455566406,,25.951274871826172,
727,37.458145141601562,,26.528701782226562,
727.10000000000002,37.557788848876953,,26.988605499267578,
727.20000000000005,37.343170166015625,,27.356525421142578,
727.29999999999995,37.000801086425781,,27.244102478027344,
727.39999999999998,36.293064117431641,,26.664119720458984,
727.5,33.960350036621094,,25.938499450683594,
727.60000000000002,30.559642791748047,,24.609897613525391,
727.70000000000005,28.165611267089844,,22.095779418945312,
727.79999999999995,26.814014434814453,,19.461574554443359,
727.89999999999998,25.671928405761719,,17.563209533691406,
728,24.407203674316406,,16.180953979492188,
728.10000000000002,23.047943115234375,,15.082305908203125,
728.20000000000005,21.627365112304688,,14.062858581542969,
728.29999999999995,20.112251281738281,,13.045967102050781,
728.39999999999998,18.607357025146484,,12.098060607910156,
728.5,17.327301025390625,,11.308570861816406,
728.60000000000002,16.172439575195312,,10.644271850585938,
728.70000000000005,15.007362365722656,,10.043846130371094,
728.79999999999995,13.929153442382812,,9.4587478637695312,
728.89999999999998,13.068115234375,,8.8966522216796875,
729,12.232627868652344,,8.3600997924804688,
729.10000000000002,11.335823059082031,,7.8593215942382812,
729.20000000000005,10.599983215332031,,7.5092849731445312,
729.29999999999995,10.0506591796875,,7.2384567260742188,
729.39999999999998,9.600982666015625,,6.97784423828125,
729.5,9.176849365234375,,6.7172317504882812,
729.60000000000002,8.808929443359375,,6.44384765625,
729.70000000000005,8.423126220703125,,6.104034423828125,
729.79999999999995,8.090972900390625,,5.7233428955078125,
729.89999999999998,8.2059478759765625,,5.403961181640625,
730,8.7041778564453125,11.71875,5.43206787109375,4.4378700256347656
730.10000000000002,9.2841567993164062,,5.87408447265625,
730.20000000000005,9.9663467407226562,,6.397857666015625,
730.29999999999995,10.750732421875,,6.7989959716796875,
730.39999999999998,11.46868896484375,,7.0391616821289062,
730.5,12.025672912597656,,7.2767791748046875,
730.60000000000002,12.705307006835938,,7.6242599487304688,
730.70000000000005,13.581672668457031,,7.999847412109375,
730.79999999999995,14.555122375488281,,8.3498764038085938,
730.89999999999998,15.615447998046875,,8.6922531127929688,
731,16.724319458007812,,9.0397262573242188,
731.10000000000002,17.787200927734375,,9.4306411743164062,
731.20000000000005,18.801536560058594,,9.8726577758789062,
731.29999999999995,19.94873046875,,10.478195190429688,
731.39999999999998,21.228786468505859,,11.242141723632812,
731.5,22.524169921875,,12.149162292480469,
731.60000000000002,23.857879638671875,,13.153282165527344,
731.70000000000005,25.245243072509766,,14.103736877441406,
731.79999999999995,26.566181182861328,,15.064422607421875,
731.89999999999998,27.838569641113281,,16.042984008789062,
732,29.310249328613281,,17.156963348388672,
732.10000000000002,30.868801116943359,,18.495784759521484,
732.20000000000005,32.092643737792969,,20.016010284423828,
732.29999999999995,33.007335662841797,,21.577114105224609,
732.39999999999998,33.569435119628906,,22.813732147216797,
732.5,33.594985961914062,,23.524024963378906,
732.60000000000002,33.474899291992188,,23.654327392578125,
732.70000000000005,33.204071044921875,,23.306850433349609,
732.79999999999995,31.648075103759766,,22.542903900146484,
732.89999999999998,28.906558990478516,,21.446807861328125,
733,26.750141143798828,,19.865264892578125,
733.10000000000002,25.5416259765625,,17.941349029541016,
733.20000000000005,24.335666656494141,,16.347030639648438,
733.29999999999995,22.838436126708984,,15.141067504882812,
733.39999999999998,21.351425170898438,,14.121627807617188,
733.5,19.999828338623047,,13.183937072753906,
733.60000000000002,18.775985717773438,,12.317794799804688,
733.70000000000005,17.715660095214844,,11.551292419433594,
733.79999999999995,16.790748596191406,,10.91510009765625,
733.89999999999998,15.960372924804688,,10.370887756347656,
734,15.2015380859375,,9.8215560913085938,
734.10000000000002,14.44781494140625,,9.29522705078125,
734.20000000000005,13.714530944824219,,8.8327713012695312,
734.29999999999995,13.167762756347656,,8.4623031616210938,
734.39999999999998,12.748741149902344,,8.1684722900390625,
734.5,12.319503784179688,,7.869537353515625,
734.60000000000002,11.910697937011719,,7.5552749633789062,
734.70000000000005,11.558113098144531,,7.243560791015625,
734.79999999999995,11.236183166503906,,6.921630859375,
734.89999999999998,10.814605712890625,,6.546051025390625,
735,10.403251647949219,,6.2113418579101562,
735.10000000000002,10.357261657714844,,5.9865036010742188,
735.20000000000005,10.656196594238281,,5.8613128662109375,
735.29999999999995,11.116096496582031,,5.8894119262695312,
735.39999999999998,11.736961364746094,,6.0069427490234375,
735.5,12.452362060546875,,6.104034423828125,
735.60000000000002,13.157539367675781,,6.1883468627929688,
735.70000000000005,13.770736694335938,,6.2752227783203125,
735.79999999999995,14.437591552734375,,6.4566268920898438,
735.89999999999998,15.247528076171875,,6.7325668334960938,
736,16.075347900390625,,7.0391616821289062,
736.10000000000002,16.852073669433594,,7.3508758544921875,
736.20000000000005,17.641563415527344,,7.6702499389648438,
736.29999999999995,18.535816192626953,,7.9564056396484375,
736.39999999999998,19.430065155029297,,8.1991348266601562,
736.5,20.337089538574219,,8.4750747680664062,
736.60000000000002,21.180240631103516,,8.909423828125,
736.70000000000005,21.325874328613281,,9.5481719970703125,
736.79999999999995,20.362640380859375,,10.352996826171875,
736.89999999999998,18.988048553466797,,11.068397521972656,
737,18.012039184570312,,11.387771606445312,
737.10000000000002,17.181663513183594,,11.285575866699219,
737.20000000000005,16.17755126953125,,10.961090087890625,
737.29999999999995,15.255195617675781,,10.595726013183594,
737.39999999999998,14.442703247070312,,10.169036865234375,
737.5,13.691535949707031,,9.691253662109375,
737.60000000000002,13.037452697753906,,9.2287979125976562,
737.70000000000005,12.454917907714844,,8.78167724609375,
737.79999999999995,11.874931335449219,,8.3064422607421875,
737.89999999999998,11.241287231445312,,7.8286590576171875,
738,10.651084899902344,,7.427520751953125,
738.10000000000002,10.196296691894531,,7.08770751953125,
738.20000000000005,9.8155975341796875,,6.75811767578125,
738.29999999999995,9.4476776123046875,,6.4566268920898438,
738.39999999999998,9.1461868286132812,,6.2087860107421875,
738.5,8.9443435668945312,,5.9967269897460938,
738.60000000000002,8.9213485717773438,,5.7846603393554688,
738.70000000000005,9.1512985229492188,,5.5955886840820312,
738.79999999999995,9.692962646484375,,5.626251220703125,
738.89999999999998,10.387924194335938,,5.8153228759765625,
739,11.054779052734375,,5.9916152954101562,
739.10000000000002,11.685859680175781,,6.13214111328125,
739.20000000000005,12.311836242675781,,6.231781005859375,
739.29999999999995,12.891822814941406,,6.3390960693359375,
739.39999999999998,13.428367614746094,,6.4515151977539062,
739.5,14.054344177246094,,6.6584701538085938,
739.60000000000002,14.70587158203125,,6.9395217895507812,
739.70000000000005,15.375282287597656,,7.2026824951171875,
739.79999999999995,16.072792053222656,,7.4581832885742188,
739.89999999999998,16.770309448242188,,7.7085723876953125,
740,17.322189331054688,11.428571701049805,7.9691848754882812,11.516314506530762
740.10000000000002,17.340076446533203,,8.311553955078125,
740.20000000000005,16.642562866210938,,8.9784088134765625,
740.29999999999995,15.610343933105469,,9.8675460815429688,
740.39999999999998,14.81573486328125,,10.457756042480469,
740.5,14.240859985351562,,10.503746032714844,
740.60000000000002,13.60211181640625,,10.220138549804688,
740.70000000000005,12.886711120605469,,9.7806777954101562,
740.79999999999995,12.120208740234375,,9.2415771484375,
740.89999999999998,11.407363891601562,,8.7612380981445312,
741,10.881034851074219,,8.3933181762695312,
741.10000000000002,10.451797485351562,,8.035614013671875,
741.20000000000005,10.037887573242188,,7.6549224853515625,
741.29999999999995,9.6341934204101562,,7.2972183227539062,
741.39999999999998,9.2535018920898438,,6.9446258544921875,
741.5,8.8395919799804688,,6.563934326171875,
741.60000000000002,8.4077987670898438,,6.2164535522460938,
741.70000000000005,8.1548538208007812,,6.0018310546875,
741.79999999999995,8.1574020385742188,,5.8817520141601562,
741.89999999999998,8.4180145263671875,,5.828094482421875,
742,8.81915283203125,,5.8613128662109375,
742.10000000000002,9.2816085815429688,,5.9354019165039062,
742.20000000000005,9.77471923828125,,6.0069427490234375,
742.29999999999995,10.229507446289062,,6.0708160400390625,
742.39999999999998,10.727737426757812,,6.1985702514648438,
742.5,11.277061462402344,,6.415740966796875,
742.60000000000002,11.703742980957031,,6.6175918579101562,
742.70000000000005,11.747177124023438,,6.6891326904296875,
742.79999999999995,11.484016418457031,,6.6789093017578125,
742.89999999999998,11.315383911132812,,6.6967926025390625,
743,11.113540649414062,,6.7146759033203125,
743.10000000000002,10.334266662597656,,6.6508026123046875,
743.20000000000005,9.3838043212890625,,6.6175918579101562,
743.29999999999995,8.7603836059570312,,6.6686859130859375,
743.39999999999998,8.48699951171875,,6.9727325439453125,
743.5,8.48699951171875,,7.69580078125,
743.60000000000002,8.624969482421875,,8.661590576171875,
743.70000000000005,8.8676986694335938,,9.7423553466796875,
743.79999999999995,9.194732666015625,,10.8231201171875,
743.89999999999998,10.1988525390625,,12.052070617675781,
744,12.069107055664062,,12.907997131347656,
744.10000000000002,14.069671630859375,,13.155838012695312,
744.20000000000005,15.413604736328125,,13.661727905273438,
744.29999999999995,15.546463012695312,,14.223823547363281,
744.39999999999998,15.061012268066406,,14.517646789550781,
744.5,15.158103942871094,,14.96221923828125,
744.60000000000002,15.740646362304688,,15.284149169921875,
744.70000000000005,16.274642944335938,,15.539649963378906,
744.79999999999995,16.83929443359375,,16.431343078613281,
744.89999999999998,17.184219360351562,,17.696067810058594,
745,17.007926940917969,,18.631198883056641,
745.10000000000002,16.535247802734375,,18.904582977294922,
745.20000000000005,15.878616333007812,,18.352703094482422,
745.29999999999995,15.137664794921875,,17.24383544921875,
745.39999999999998,14.958816528320312,,16.663848876953125,
745.5,14.912826538085938,,16.661293029785156,
745.60000000000002,14.26385498046875,,16.298484802246094,
745.70000000000005,13.717086791992188,,15.598415374755859,
745.79999999999995,13.367050170898438,,15.056755065917969,
745.89999999999998,12.896926879882812,,14.635177612304688,
746,12.311836242675781,,13.728157043457031,
746.10000000000002,11.775283813476562,,12.5528564453125,
746.20000000000005,11.381813049316406,,11.482307434082031,
746.29999999999995,11.144203186035156,,10.467971801757812,
746.39999999999998,11.057327270507812,,9.7168045043945312,
746.5,11.029228210449219,,9.6886978149414062,
746.60000000000002,11.17230224609375,,10.202255249023438,
746.70000000000005,11.33837890625,,10.248245239257812,
746.79999999999995,11.386924743652344,,9.8496627807617188,
746.89999999999998,11.598991394042969,,10.074501037597656,
747,12.028228759765625,,11.160377502441406,
747.10000000000002,12.467689514160156,,12.190040588378906,
747.20000000000005,13.354278564453125,,13.252922058105469,
747.29999999999995,14.938377380371094,,15.11041259765625,
747.39999999999998,16.06768798828125,,17.100753784179688,
747.5,16.282302856445312,,18.311824798583984,
747.60000000000002,15.768753051757812,,17.941349029541016,
747.70000000000005,15.163215637207031,,16.615303039550781,
747.79999999999995,14.894943237304688,,15.664844512939453,
747.89999999999998,14.450370788574219,,14.747596740722656,
748,14.00579833984375,,14.096076965332031,
748.10000000000002,13.844833374023438,,13.919776916503906,
748.20000000000005,14.179542541503906,,13.89422607421875,
748.29999999999995,14.884719848632812,,14.073081970214844,
748.39999999999998,15.822402954101562,,14.407783508300781,
748.5,17.061576843261719,,14.773147583007812,
748.60000000000002,18.344188690185547,,15.125740051269531,
748.70000000000005,19.455615997314453,,15.483436584472656,
748.79999999999995,20.541488647460938,,15.943340301513672,
748.89999999999998,21.456180572509766,,16.398128509521484,
749,21.693794250488281,,16.6357421875,
749.10000000000002,20.848091125488281,,16.661293029785156,
749.20000000000005,19.350860595703125,,16.482444763183594,
749.29999999999995,17.830635070800781,,15.787483215332031,
749.39999999999998,16.576133728027344,,14.609626770019531,
749.5,15.712539672851562,,13.569747924804688,
749.60000000000002,14.997138977050781,,12.851791381835938,
749.70000000000005,14.383941650390625,,12.38677978515625,
749.79999999999995,13.890823364257812,,12.1466064453125,
749.89999999999998,13.5101318359375,,12.039299011230469,
750,13.241851806640625,11.428571701049805,11.983085632324219,11.144130706787109
750.10000000000002,13.063003540039062,,11.842567443847656,
750.20000000000005,12.960807800292969,,11.68670654296875,
750.29999999999995,12.850936889648438,,11.648384094238281,
750.39999999999998,12.518791198730469,,11.661155700683594,
750.5,12.030784606933594,,11.523185729980469,
750.60000000000002,11.527450561523438,,10.416877746582031,
750.70000000000005,10.919357299804688,,8.8404388427734375,
750.79999999999995,10.405807495117188,,7.86187744140625,
750.89999999999998,10.175857543945312,,7.218017578125,
751,9.9918975830078125,,6.592041015625,
751.10000000000002,9.8002700805664062,,6.0146102905273438,
751.20000000000005,9.9663467407226562,,5.7514419555664062,
751.29999999999995,10.288276672363281,,5.7284469604492188,
751.39999999999998,10.255058288574219,,5.7386703491210938,
751.5,10.278053283691406,,5.7437820434570312,
751.60000000000002,10.630645751953125,,5.8613128662109375,
751.70000000000005,10.633201599121094,,5.7412261962890625,
751.79999999999995,10.714958190917969,,5.8050994873046875,
751.89999999999998,11.057327270507812,,5.9175186157226562,
752,11.059883117675781,,5.718231201171875,
752.10000000000002,10.939804077148438,,5.8485336303710938,
752.20000000000005,11.098213195800781,,5.9813919067382812,
752.29999999999995,11.512123107910156,,6.1372528076171875,
752.39999999999998,11.289833068847656,,6.4055252075195312,
752.5,10.479904174804688,,6.8833084106445312,
752.60000000000002,10.091537475585938,,7.907867431640625,
752.70000000000005,10.375144958496094,,9.5277328491210938,
752.79999999999995,11.11865234375,,11.387771606445312,
752.89999999999998,11.959243774414062,,13.577407836914062,
753,12.728302001953125,,16.556537628173828,
753.10000000000002,13.484580993652344,,17.987339019775391,
753.20000000000005,13.901046752929688,,16.909130096435547,
753.29999999999995,13.770736694335938,,15.690395355224609,
753.39999999999998,13.586776733398438,,15.204940795898438,
753.5,13.737525939941406,,15.36590576171875,
753.60000000000002,13.78607177734375,,15.503875732421875,
753.70000000000005,13.614883422851562,,15.171730041503906,
753.79999999999995,13.415596008300781,,14.711830139160156,
753.89999999999998,13.106437683105469,,14.305587768554688,
754,12.797286987304688,,14.101181030273438,
754.10000000000002,12.623542785644531,,13.952995300292969,
754.20000000000005,12.618438720703125,,13.769035339355469,
754.29999999999995,12.687423706054688,,13.569747924804688,
754.39999999999998,12.702751159667969,,13.355125427246094,
754.5,12.615882873535156,,13.171165466308594,
754.60000000000002,12.467689514160156,,13.002532958984375,
754.70000000000005,12.414031982421875,,12.913108825683594,
754.79999999999995,12.454917907714844,,12.874786376953125,
754.89999999999998,12.5162353515625,,12.79046630859375,
755,12.71807861328125,,12.726593017578125,
755.10000000000002,13.068115234375,,12.68060302734375,
755.20000000000005,13.482025146484375,,12.724037170410156,
755.29999999999995,14.110557556152344,,12.976982116699219,
755.39999999999998,14.864280700683594,,13.421554565429688,
755.5,15.285858154296875,,13.712821960449219,
755.60000000000002,15.216873168945312,,13.659172058105469,
755.70000000000005,14.841285705566406,,13.449661254882812,
755.79999999999995,14.37371826171875,,13.171165466308594,
755.89999999999998,14.008354187011719,,12.923332214355469,
756,13.732414245605469,,12.767471313476562,
756.10000000000002,13.479469299316406,,12.785362243652344,
756.20000000000005,13.326171875,,13.311691284179688,
756.29999999999995,12.894378662109375,,13.523757934570312,
756.39999999999998,12.09210205078125,,12.634613037109375,
756.5,11.376708984375,,11.415878295898438,
756.60000000000002,10.781387329101562,,10.516517639160156,
756.70000000000005,10.441574096679688,,10.110275268554688,
756.79999999999995,10.357261657714844,,10.041290283203125,
756.89999999999998,10.3087158203125,,9.88543701171875,
757,10.255058288574219,,9.5762786865234375,
757.10000000000002,10.170745849609375,,9.3999862670898438,
757.20000000000005,9.4834518432617188,,9.4842987060546875,
757.29999999999995,8.0347671508789062,,9.6043853759765625,
757.39999999999998,6.9591140747070312,,9.62738037109375,
757.5,5.9779891967773438,,9.6299362182617188,
757.60000000000002,5.4542160034179688,,9.6708145141601562,
757.70000000000005,5.093963623046875,,10.020851135253906,
757.79999999999995,4.9227752685546875,,10.659599304199219,
757.89999999999998,4.5318603515625,,10.922767639160156,
758,3.8190155029296875,,10.782241821289062,
758.10000000000002,3.2415847778320312,,10.501190185546875,
758.20000000000005,3.106170654296875,,10.243133544921875,
758.29999999999995,3.1853790283203125,,10.534400939941406,
758.39999999999998,2.978424072265625,,10.825675964355469,
758.5,2.7970123291015625,,10.874221801757812,
758.60000000000002,3.0090789794921875,,11.214035034179688,
758.70000000000005,3.3897781372070312,,11.666267395019531,
758.79999999999995,3.6095046997070312,,11.947319030761719,
758.89999999999998,3.5686264038085938,,11.942207336425781,
759,3.5073089599609375,,11.666267395019531,
759.10000000000002,3.6146163940429688,,11.436317443847656,
759.20000000000005,3.6989288330078125,,11.528297424316406,
759.29999999999995,3.750030517578125,,11.868110656738281,
759.39999999999998,3.8087921142578125,,11.931991577148438,
759.5,3.7909088134765625,,11.226806640625,
759.60000000000002,3.6708221435546875,,10.17926025390625,
759.70000000000005,3.6452789306640625,,9.0218429565429688,
759.79999999999995,4.1026229858398438,,8.201690673828125,
759.89999999999998,4.8129119873046875,,7.7443466186523438,
760,5.7020492553710938,7.2639222145080566,7.0187225341796875,8.7633886337280273
760.10000000000002,6.0725250244140625,,6.2087860107421875,
760.20000000000005,6.1645050048828125,,5.570037841796875,
760.29999999999995,6.325469970703125,,5.7105636596679688,
760.39999999999998,6.4506683349609375,,6.2190093994140625,
760.5,6.289703369140625,,6.6405868530273438,
760.60000000000002,6.2999191284179688,,7.4990615844726562,
760.70000000000005,6.7649307250976562,,9.1623687744140625,
760.79999999999995,7.5569839477539062,,11.076065063476562,
760.89999999999998,8.366912841796875,,13.255477905273438,
761,9.5192184448242188,,16.183509826660156,
761.10000000000002,10.449241638183594,,17.476337432861328,
761.20000000000005,11.169754028320312,,16.615303039550781,
761.29999999999995,11.795722961425781,,15.519210815429688,
761.39999999999998,12.2581787109375,,14.860015869140625,
761.5,13.323616027832031,,14.898345947265625,
761.60000000000002,14.217864990234375,,15.087417602539062,
761.70000000000005,14.979255676269531,,14.992881774902344,
761.79999999999995,15.819847106933594,,14.808921813964844,
761.89999999999998,16.7115478515625,,14.550865173339844,
762,17.069244384765625,,14.223823547363281,
762.10000000000002,16.599128723144531,,14.009201049804688,
762.20000000000005,15.651222229003906,,13.705162048339844,
762.29999999999995,14.703315734863281,,13.181381225585938,
762.39999999999998,14.003242492675781,,12.675491333007812,
762.5,13.49224853515625,,12.31268310546875,
762.60000000000002,13.083442687988281,,12.062294006347656,
762.70000000000005,12.909706115722656,,11.878334045410156,
762.79999999999995,12.914817810058594,,11.847671508789062,
762.89999999999998,12.748741149902344,,12.006080627441406,
763,12.334831237792969,,12.414886474609375,
763.10000000000002,12.38848876953125,,13.102180480957031,
763.20000000000005,12.391036987304688,,13.020416259765625,
763.29999999999995,12.0001220703125,,11.863006591796875,
763.39999999999998,11.427803039550781,,10.664710998535156,
763.5,10.870819091796875,,9.8982086181640625,
763.60000000000002,10.686859130859375,,10.01318359375,
763.70000000000005,10.689407348632812,,10.516517639160156,
763.79999999999995,10.679191589355469,,10.524185180664062,
763.89999999999998,10.737953186035156,,10.161376953125,
764,10.771171569824219,,9.9186477661132812,
764.10000000000002,10.743064880371094,,10.054061889648438,
764.20000000000005,10.51055908203125,,10.442420959472656,
764.29999999999995,10.352149963378906,,10.856330871582031,
764.39999999999998,10.377700805664062,,10.708145141601562,
764.5,10.283164978027344,,10.151153564453125,
764.60000000000002,10.186073303222656,,9.9927444458007812,
764.70000000000005,10.239730834960938,,10.294235229492188,
764.79999999999995,10.331710815429688,,10.695365905761719,
764.89999999999998,10.324043273925781,,10.751579284667969,
765,10.249954223632812,,10.58294677734375,
765.10000000000002,10.132423400878906,,10.5650634765625,
765.20000000000005,9.9484634399414062,,10.787345886230469,
765.29999999999995,9.7593917846679688,,11.375,
765.39999999999998,9.9791183471679688,,12.266693115234375,
765.5,10.837600708007812,,13.056190490722656,
765.60000000000002,11.759956359863281,,13.298912048339844,
765.70000000000005,12.286285400390625,,13.390892028808594,
765.79999999999995,12.79217529296875,,13.643836975097656,
765.89999999999998,13.653213500976562,,13.993873596191406,
766,14.657325744628906,,14.33624267578125,
766.10000000000002,15.712539672851562,,14.492095947265625,
766.20000000000005,16.683441162109375,,14.581527709960938,
766.29999999999995,17.521480560302734,,14.801254272460938,
766.39999999999998,18.456611633300781,,15.112960815429688,
766.5,19.465835571289062,,15.299476623535156,
766.60000000000002,20.237445831298828,,15.455337524414062,
766.70000000000005,20.234889984130859,,15.442558288574219,
766.79999999999995,19.205226898193359,,15.202392578125,
766.89999999999998,17.856185913085938,,14.775703430175781,
767,16.849517822265625,,14.241706848144531,
767.10000000000002,16.080459594726562,,13.771591186523438,
767.20000000000005,15.482589721679688,,13.337242126464844,
767.29999999999995,15.035469055175781,,12.918220520019531,
767.39999999999998,14.670097351074219,,12.537521362304688,
767.5,14.192314147949219,,12.233482360839844,
767.60000000000002,13.645545959472656,,12.003532409667969,
767.70000000000005,13.257186889648438,,11.847671508789062,
767.79999999999995,12.981246948242188,,11.742919921875,
767.89999999999998,12.769180297851562,,11.630500793457031,
768,12.615882873535156,,11.528297424316406,
768.10000000000002,12.472801208496094,,11.433761596679688,
768.20000000000005,12.291397094726562,,11.3009033203125,
768.29999999999995,12.145759582519531,,11.175712585449219,
768.39999999999998,12.120208740234375,,11.147605895996094,
768.5,12.13043212890625,,11.155265808105469,
768.60000000000002,12.158538818359375,,11.137382507324219,
768.70000000000005,12.230072021484375,,11.114387512207031,
768.79999999999995,12.268402099609375,,11.091392517089844,
768.89999999999998,12.201972961425781,,11.032630920410156,
769,12.117652893066406,,10.966201782226562,
769.10000000000002,12.117652893066406,,10.966201782226562,
769.20000000000005,12.158538818359375,,10.984085083007812,
769.29999999999995,12.219856262207031,,10.976417541503906,
769.39999999999998,12.301612854003906,,10.953422546386719,
769.5,12.378265380859375,,10.925315856933594,
769.60000000000002,12.362937927246094,,10.869110107421875,
769.70000000000005,12.273513793945312,,10.797569274902344,
769.79999999999995,12.27606201171875,,10.795013427734375,
769.89999999999998,12.324607849121094,,10.828231811523438,
770,12.355270385742188,9.0225563049316406,10.848670959472656,11.131725311279297
770.10000000000002,12.4063720703125,,10.846115112304688,
770.20000000000005,12.541786193847656,,10.84100341796875,
770.29999999999995,12.60821533203125,,10.861442565917969,
770.39999999999998,12.444694519042969,,10.784797668457031,
770.5,12.370597839355469,,10.695365905761719,
770.60000000000002,12.437026977539062,,10.728584289550781,
770.70000000000005,12.429367065429688,,10.743911743164062,
770.79999999999995,12.442138671875,,10.746467590332031,
770.89999999999998,12.595443725585938,,10.848670959472656,
771,12.733413696289062,,10.966201782226562,
771.10000000000002,12.891822814941406,,11.032630920410156,
771.20000000000005,13.34405517578125,,11.254913330078125,
771.29999999999995,13.97003173828125,,11.54107666015625,
771.39999999999998,14.647102355957031,,11.727592468261719,
771.5,15.469818115234375,,11.952430725097656,
771.60000000000002,16.407501220703125,,12.269248962402344,
771.70000000000005,17.015586853027344,,12.603950500488281,
771.79999999999995,16.972152709960938,,12.821128845214844,
771.89999999999998,16.527587890625,,12.951431274414062,
772,15.980812072753906,,13.0306396484375,
772.10000000000002,15.347175598144531,,13.007644653320312,
772.20000000000005,14.728866577148438,,12.851791381835938,
772.29999999999995,14.366058349609375,,12.639724731445312,
772.39999999999998,14.031349182128906,,12.453208923339844,
772.5,13.612327575683594,,12.325462341308594,
772.60000000000002,13.259742736816406,,12.302467346191406,
772.70000000000005,12.822837829589844,,12.271804809570312,
772.79999999999995,12.293952941894531,,11.919212341308594,
772.89999999999998,11.941360473632812,,11.367332458496094,
773,11.734405517578125,,11.127166748046875,
773.10000000000002,11.74462890625,,11.822120666503906,
773.20000000000005,12.081886291503906,,14.149726867675781,
773.29999999999995,12.620986938476562,,16.513103485107422,
773.39999999999998,13.515243530273438,,17.443122863769531,
773.5,14.432487487792969,,17.639858245849609,
773.60000000000002,15.584793090820312,,18.002670288085938,
773.70000000000005,17.151008605957031,,18.615867614746094,
773.79999999999995,18.111686706542969,,18.465122222900391,
773.89999999999998,18.042701721191406,,17.555545806884766,
774,17.508705139160156,,16.390464782714844,
774.10000000000002,17.030921936035156,,15.529426574707031,
774.20000000000005,16.5633544921875,,15.005653381347656,
774.29999999999995,16.246536254882812,,14.451217651367188,
774.39999999999998,16.320632934570312,,14.228935241699219,
774.5,16.645118713378906,,14.361793518066406,
774.60000000000002,17.442276000976562,,14.635177612304688,
774.70000000000005,18.888404846191406,,14.964775085449219,
774.79999999999995,19.675346374511719,,15.4578857421875,
774.89999999999998,19.23077392578125,,16.587200164794922,
775,18.213886260986328,,17.3358154296875,
775.10000000000002,17.332408905029297,,17.757389068603516,
775.20000000000005,17.444831848144531,,18.528999328613281,
775.29999999999995,18.658454895019531,,18.971012115478516,
775.39999999999998,20.027935028076172,,18.991455078125,
775.5,20.804653167724609,,18.500892639160156,
775.60000000000002,21.502170562744141,,17.982227325439453,
775.70000000000005,21.463844299316406,,17.657745361328125,
775.79999999999995,20.618141174316406,,17.522327423095703,
775.89999999999998,20.181236267089844,,17.440570831298828,
776,19.969169616699219,,17.154407501220703,
776.10000000000002,19.103023529052734,,16.990890502929688,
776.20000000000005,18.75299072265625,,16.832477569580078,
776.29999999999995,18.962501525878906,,16.326587677001953,
776.39999999999998,18.6610107421875,,15.585639953613281,
776.5,18.114238739013672,,14.939224243164062,
776.60000000000002,17.518924713134766,,14.418006896972656,
776.70000000000005,16.905723571777344,,14.060302734375,
776.79999999999995,16.358955383300781,,13.840576171875,
776.89999999999998,16.083015441894531,,13.664276123046875,
777,15.947601318359375,,13.459877014160156,
777.10000000000002,15.554130554199219,,13.084297180175781,
777.20000000000005,15.0916748046875,,13.181381225585938,
777.29999999999995,14.795295715332031,,14.159950256347656,
777.39999999999998,14.851509094238281,,14.903457641601562,
777.5,14.9818115234375,,14.663284301757812,
777.60000000000002,14.639442443847656,,13.868682861328125,
777.70000000000005,14.33795166015625,,13.114952087402344,
777.79999999999995,14.389053344726562,,12.724037170410156,
777.89999999999998,14.199981689453125,,12.614173889160156,
778,13.947036743164062,,12.823684692382812,
778.10000000000002,13.926597595214844,,13.176277160644531,
778.20000000000005,13.944480895996094,,13.321907043457031,
778.29999999999995,13.959808349609375,,13.199272155761719,
778.39999999999998,14.021133422851562,,12.915664672851562,
778.5,14.215309143066406,,12.588623046875,
778.60000000000002,14.452926635742188,,12.363784790039062,
778.70000000000005,14.611335754394531,,12.225814819335938,
778.79999999999995,14.910270690917969,,12.292243957519531,
778.89999999999998,15.492813110351562,,12.575851440429688,
779,16.292526245117188,,12.887557983398438,
779.10000000000002,17.122901916503906,,13.176277160644531,
779.20000000000005,17.861293792724609,,13.513534545898438,
779.29999999999995,18.722332000732422,,13.950439453125,
779.39999999999998,19.453060150146484,,14.338798522949219,
779.5,19.284431457519531,,14.499763488769531,
779.60000000000002,18.351856231689453,,14.407783508300781,
779.70000000000005,17.467826843261719,,14.073081970214844,
779.79999999999995,16.903167724609375,,13.569747924804688,
779.89999999999998,16.433052062988281,,13.040855407714844,
780,15.957817077636719,7.0257611274719238,12.593734741210938,8.0862531661987305
780.10000000000002,15.633338928222656,,12.274360656738281,
780.20000000000005,15.428932189941406,,12.077621459960938,
780.29999999999995,15.260307312011719,,11.901329040527344,
780.39999999999998,15.117225646972656,,11.740364074707031,
780.5,14.994583129882812,,11.607505798339844,
780.60000000000002,14.917938232421875,,11.472091674804688,
780.70000000000005,14.790184020996094,,11.346893310546875,
780.79999999999995,14.580673217773438,,11.221702575683594,
780.89999999999998,14.478477478027344,,11.160377502441406,
781,14.486137390136719,,11.183372497558594,
