Datensatz 1:Zeit(s),Datensatz 1:Force 1(N),Datensatz 1:Respiration Rate 1(bpm),Datensatz 1:Force 2(N),Datensatz 1:Respiration Rate 2(bpm)
0,4.780548095703125,23.012552261352539,13.52801513671875,22.494888305664062
0.10000000000000001,4.7575531005859375,,13.387489318847656,
0.20000000000000001,4.7652130126953125,,12.891822814941406,
0.29999999999999999,4.8571929931640625,,12.263290405273438,
0.40000000000000002,4.9926071166992188,,11.808502197265625,
0.5,5.120361328125,,11.35626220703125,
0.59999999999999998,5.3094329833984375,,10.875923156738281,
0.69999999999999996,5.7080078125,,10.530998229980469,
0.80000000000000004,6.2343368530273438,,10.280609130859375,
0.90000000000000002,6.8015518188476562,,10.104316711425781,
1,7.4402999877929688,,9.9918975830078125,
1.1000000000000001,8.1301498413085938,,9.9561233520507812,
1.2,8.8021163940429688,,9.9178009033203125,
1.3,9.2517929077148438,,9.7951583862304688,
1.3999999999999999,9.3131179809570312,,9.7159576416015625,
1.5,8.9630813598632812,,9.7031784057617188,
1.6000000000000001,8.3243331909179688,,9.7568359375,
1.7,7.5833816528320312,,10.053215026855469,
1.8,6.8373184204101562,,10.674079895019531,
1.8999999999999999,6.1551361083984375,,11.427803039550781,
2,5.5725936889648438,,12.025672912597656,
2.1000000000000001,5.148468017578125,,12.582664489746094,
2.2000000000000002,4.926177978515625,,13.185646057128906,
2.2999999999999998,4.7779922485351562,,13.7681884765625,
2.3999999999999999,4.642578125,,14.330284118652344,
2.5,4.5454864501953125,,14.854057312011719,
2.6000000000000001,4.4816131591796875,,15.265419006347656,
2.7000000000000002,4.40240478515625,,15.107002258300781,
2.7999999999999998,4.300201416015625,,14.322616577148438,
2.8999999999999999,4.2388839721679688,,13.428367614746094,
3,4.2235565185546875,,12.679756164550781,
3.1000000000000001,4.2669906616210938,,12.069107055664062,
3.2000000000000002,4.5148239135742188,,11.519783020019531,
3.2999999999999998,4.9798355102539062,,11.034332275390625,
3.3999999999999999,5.4857254028320312,,10.684303283691406,
3.5,5.9430694580078125,,10.357261657714844,
3.6000000000000001,6.4642868041992188,,10.03277587890625,
3.7000000000000002,7.06982421875,,9.8513717651367188,
3.7999999999999998,7.667694091796875,,9.7415084838867188,
3.8999999999999999,8.2630081176757812,,9.66485595703125,
4,8.8659896850585938,,9.6290817260742188,
4.0999999999999996,9.3591079711914062,,9.5984268188476562,
4.2000000000000002,9.3028945922851562,,9.6750717163085938,
4.2999999999999998,8.6028213500976562,,9.8973617553710938,
4.4000000000000004,7.7826690673828125,,10.339378356933594,
4.5,7.059600830078125,,11.024116516113281,
4.5999999999999996,6.3825302124023438,,11.74462890625,
4.7000000000000002,5.81787109375,,12.467689514160156,
4.7999999999999998,5.3809661865234375,,13.180534362792969,
4.9000000000000004,5.06414794921875,,13.844833374023438,
5,4.7677688598632812,,14.5040283203125,
5.0999999999999996,4.5173797607421875,,15.084007263183594,
5.2000000000000002,4.4100723266601562,,15.252639770507812,
5.2999999999999998,4.3410873413085938,,14.879608154296875,
5.4000000000000004,4.2797622680664062,,14.2076416015625,
5.5,4.246551513671875,,13.430923461914062,
5.5999999999999996,4.246551513671875,,12.669532775878906,
5.7000000000000002,4.2848739624023438,,11.977127075195312,
5.7999999999999998,4.4253997802734375,,11.389480590820312,
5.9000000000000004,4.7320022583007812,,10.927024841308594,
6,5.2046737670898438,,10.487564086914062,
6.0999999999999996,5.7795486450195312,,10.134979248046875,
6.2000000000000002,6.42596435546875,,9.9561233520507812,
6.2999999999999998,7.12603759765625,,9.8411483764648438,
6.4000000000000004,7.8490982055664062,,9.7593917846679688,
6.5,8.5823822021484375,,9.6725234985351562,
6.5999999999999996,9.1981430053710938,,9.6495285034179688,
6.7000000000000002,9.4638595581054688,,9.8181533813476562,
6.7999999999999998,9.2185821533203125,,10.173301696777344,
6.9000000000000004,8.6104888916015625,,10.776283264160156,
7,7.8772048950195312,,11.547889709472656,
7.0999999999999996,7.1285858154296875,,12.278617858886719,
7.2000000000000002,6.4208526611328125,,12.909706115722656,
7.2999999999999998,5.7821044921875,,13.466697692871094,
7.4000000000000004,5.3068771362304688,,13.993026733398438,
7.5,4.9517288208007812,,14.493804931640625,
7.5999999999999996,4.7038955688476562,,14.608779907226562,
7.7000000000000002,4.6093597412109375,,14.0977783203125,
7.7999999999999998,4.5838088989257812,,13.315948486328125,
7.9000000000000004,4.5735931396484375,,12.531562805175781,
8,4.5454864501953125,,11.8544921875,
8.0999999999999996,4.5454864501953125,,11.294944763183594,
8.1999999999999993,4.6553497314453125,,10.817161560058594,
8.3000000000000007,4.872528076171875,,10.49267578125,
8.4000000000000004,5.1944580078125,,10.306159973144531,
8.5,5.679901123046875,,10.083877563476562,
8.5999999999999996,6.270111083984375,,9.8641433715820312,
8.6999999999999993,6.875640869140625,,9.73895263671875,
8.8000000000000007,7.465850830078125,,9.6520767211914062,
8.9000000000000004,8.0305023193359375,,9.6163101196289062,
9,8.5312881469726562,,9.5882034301757812,
9.0999999999999996,8.6718063354492188,,9.5575485229492188,
9.1999999999999993,8.26556396484375,,9.64697265625,
9.3000000000000007,7.6217041015625,,9.9612350463867188,
9.4000000000000004,6.9471817016601562,,10.444129943847656,
9.5,6.270111083984375,,11.047111511230469,
9.5999999999999996,5.6696853637695312,,11.683303833007812,
9.6999999999999993,5.220001220703125,,12.27606201171875,
9.8000000000000007,4.9568405151367188,,12.81005859375,
9.9000000000000004,4.7933197021484375,,13.221412658691406,
10,4.6093597412109375,22.711631774902344,13.558677673339844,22.727272033691406
10.1,4.4713897705078125,,13.903602600097656,
10.199999999999999,4.4356231689453125,,14.102890014648438,
10.300000000000001,4.4049606323242188,,13.852500915527344,
10.4,4.3947372436523438,,13.313392639160156,
10.5,4.4049606323242188,,12.695083618164062,
10.6,4.4253997802734375,,12.041007995605469,
10.699999999999999,4.4892730712890625,,11.466133117675781,
10.800000000000001,4.6451263427734375,,10.996009826660156,
10.9,4.9287338256835938,,10.65875244140625,
11,5.3273162841796875,,10.444129943847656,
11.1,5.828094482421875,,10.3087158203125,
11.199999999999999,6.3825302124023438,,10.081321716308594,
11.300000000000001,6.9395217895507812,,9.8539276123046875,
11.4,7.4505157470703125,,9.7542800903320312,
11.5,7.907867431640625,,9.7057342529296875,
11.6,8.3243331909179688,,9.70062255859375,
11.699999999999999,8.5619430541992188,,9.7031784057617188,
11.800000000000001,8.4060897827148438,,9.7159576416015625,
11.9,7.9768524169921875,,9.86669921875,
12,7.49395751953125,,10.32659912109375,
12.1,6.949737548828125,,10.863151550292969,
12.199999999999999,6.3646469116210938,,11.310272216796875,
12.300000000000001,5.845977783203125,,11.8544921875,
12.4,5.4576187133789062,,12.467689514160156,
12.5,5.1995620727539062,,13.096221923828125,
12.6,4.9747238159179688,,13.696647644042969,
12.699999999999999,4.7038955688476562,,14.197425842285156,
12.800000000000001,4.5097122192382812,,14.343063354492188,
12.9,4.43817138671875,,13.980247497558594,
13,4.3947372436523438,,13.223968505859375,
13.1,4.3870773315429688,,12.329719543457031,
13.199999999999999,4.3998489379882812,,11.586212158203125,
13.300000000000001,4.4202880859375,,11.041999816894531,
13.4,4.5454864501953125,,10.648529052734375,
13.5,4.816314697265625,,10.341934204101562,
13.6,5.010498046875,,10.127311706542969,
13.699999999999999,5.2046737670898438,,10.002113342285156,
13.800000000000001,5.662017822265625,,9.9459075927734375,
13.9,6.2471160888671875,,9.820709228515625,
14,6.8245468139648438,,9.6750717163085938,
14.1,7.3687591552734375,,9.636749267578125,
14.199999999999999,7.8439865112304688,,9.6341934204101562,
14.300000000000001,8.0790481567382812,,9.6571884155273438,
14.4,7.8184356689453125,,9.6904067993164062,
14.5,7.0851516723632812,,9.8411483764648438,
14.6,6.2368927001953125,,10.334266662597656,
14.699999999999999,5.59814453125,,11.128868103027344,
14.800000000000001,5.184234619140625,,11.816162109375,
14.9,4.91851806640625,,12.398704528808594,
15,4.724334716796875,,13.01190185546875,
15.1,4.5812530517578125,,13.558677673339844,
15.199999999999999,4.4892730712890625,,14.036460876464844,
15.300000000000001,4.40240478515625,,14.389053344726562,
15.4,4.2593231201171875,,14.424819946289062,
15.5,4.14434814453125,,14.072227478027344,
15.6,4.1469039916992188,,13.430923461914062,
15.699999999999999,4.190338134765625,,12.623542785644531,
15.800000000000001,4.228668212890625,,11.90814208984375,
15.9,4.264434814453125,,11.366485595703125,
16,4.3896331787109375,,10.942352294921875,
16.100000000000001,4.6860122680664062,,10.610206604003906,
16.199999999999999,5.0488204956054688,,10.357261657714844,
16.300000000000001,5.4525070190429688,,10.186073303222656,
16.399999999999999,5.9737319946289062,,10.119644165039062,
16.5,6.5690460205078125,,10.042999267578125,
16.600000000000001,7.1439208984375,,9.8743667602539062,
16.699999999999999,7.63958740234375,,9.7619476318359375,
16.800000000000001,8.053497314453125,,9.7312850952148438,
16.899999999999999,8.2323532104492188,,9.7261734008789062,
17,7.9896240234375,,9.746612548828125,
17.100000000000001,7.3483200073242188,,9.8641433715820312,
17.199999999999999,6.5588226318359375,,10.244842529296875,
17.300000000000001,5.9124069213867188,,10.95257568359375,
17.399999999999999,5.4806137084960938,,11.721633911132812,
17.5,5.1867904663085938,,12.299057006835938,
17.600000000000001,4.9951629638671875,,12.835609436035156,
17.699999999999999,4.872528076171875,,13.390045166015625,
17.800000000000001,4.7933197021484375,,13.89593505859375,
17.899999999999999,4.73455810546875,,14.33795166015625,
18,4.6272430419921875,,14.550018310546875,
18.100000000000001,4.484161376953125,,14.28173828125,
18.199999999999999,4.4279556274414062,,13.566337585449219,
18.300000000000001,4.430511474609375,,12.764068603515625,
18.399999999999999,4.4407272338867188,,11.936248779296875,
18.5,4.4816131591796875,,11.179969787597656,
18.600000000000001,4.5838088989257812,,10.515670776367188,
18.699999999999999,4.8418655395507812,,10.188629150390625,
18.800000000000001,5.2225570678710938,,10.29083251953125,
18.899999999999999,5.6236953735351562,,10.193740844726562,
19,6.029937744140625,,9.9944534301757812,
19.100000000000001,6.5102767944335938,,10.109428405761719,
19.199999999999999,7.0672683715820312,,10.630645751953125,
19.300000000000001,7.5961532592773438,,11.323051452636719,
19.399999999999999,8.0509414672851562,,11.867263793945312,
19.5,8.3422164916992188,,11.6705322265625,
19.600000000000001,8.2527923583984375,,11.882598876953125,
19.699999999999999,7.741790771484375,,13.001686096191406,
19.800000000000001,7.0391616821289062,,13.441146850585938,
19.899999999999999,6.178131103515625,,13.451362609863281,
20,5.32220458984375,22.711631774902344,13.211196899414062,23.288637161254883
20.100000000000001,4.5889205932617188,,12.452362060546875,
20.199999999999999,4.2874298095703125,,11.499343872070312,
20.300000000000001,4.6706771850585938,,10.255058288574219,
20.399999999999999,5.10247802734375,,9.2458343505859375,
20.5,5.2711029052734375,,8.5227737426757812,
20.600000000000001,5.7591094970703125,,7.8099288940429688,
20.699999999999999,6.9369659423828125,,7.503326416015625,
20.800000000000001,8.33966064453125,,7.7358322143554688,
20.899999999999999,9.783233642578125,,8.7118377685546875,
21,11.469535827636719,,9.710845947265625,
21.100000000000001,13.725601196289062,,10.29083251953125,
21.199999999999999,15.664844512939453,,11.144203186035156,
21.300000000000001,15.792594909667969,,11.818717956542969,
21.399999999999999,15.327583312988281,,12.260734558105469,
21.5,14.637733459472656,,12.429367065429688,
21.600000000000001,12.716377258300781,,12.329719543457031,
21.699999999999999,10.478195190429688,,12.352714538574219,
21.800000000000001,8.7561264038085938,,11.76251220703125,
21.899999999999999,7.5322799682617188,,10.832489013671875,
22,6.6226959228515625,,10.137527465820312,
22.100000000000001,5.8766403198242188,,9.654632568359375,
22.199999999999999,5.3349761962890625,,9.3046035766601562,
22.300000000000001,5.2608871459960938,,9.0542068481445312,
22.399999999999999,6.012054443359375,,8.9392318725585938,
22.5,7.0723800659179688,,9.0823135375976562,
22.600000000000001,8.0586090087890625,,9.4860076904296875,
22.699999999999999,9.3923187255859375,,10.226959228515625,
22.800000000000001,10.991752624511719,,11.32049560546875,
22.899999999999999,12.557960510253906,,12.580108642578125,
23,13.028083801269531,,13.645545959472656,
23.100000000000001,11.712257385253906,,14.378829956054688,
23.199999999999999,10.189476013183594,,15.017578125,
23.300000000000001,9.2109146118164062,,16.21331787109375,
23.399999999999999,8.1786956787109375,,18.257320404052734,
23.5,7.3534317016601562,,20.480171203613281,
23.600000000000001,6.8552017211914062,,22.521614074707031,
23.699999999999999,6.46173095703125,,24.236019134521484,
23.800000000000001,6.1346969604492188,,25.546733856201172,
23.899999999999999,6.0657119750976562,,26.517635345458984,
24,6.454071044921875,,27.102729797363281,
24.100000000000001,7.2129058837890625,,27.079734802246094,
24.199999999999999,8.4239730834960938,,25.712810516357422,
24.300000000000001,10.736251831054688,,21.867534637451172,
24.399999999999999,14.555976867675781,,17.447383880615234,
24.5,19.091098785400391,,15.214317321777344,
24.600000000000001,23.444820404052734,,14.386497497558594,
24.699999999999999,27.466388702392578,,13.796287536621094,
24.800000000000001,31.641258239746094,,13.05023193359375,
24.899999999999999,37.131954193115234,,12.081886291503906,
25,43.636981964111328,,11.052223205566406,
25.100000000000001,49.855850219726562,,10.114532470703125,
25.199999999999999,55.819221496582031,,9.5141067504882812,
25.300000000000001,60.857681274414062,,9.0082168579101562,
25.399999999999999,64.738723754882812,,8.3337020874023438,
25.5,67.883934020996094,,7.6106338500976562,
25.600000000000001,69.138435363769531,,7.0945281982421875,
25.699999999999999,67.31927490234375,,6.8262481689453125,
25.800000000000001,60.556190490722656,,6.619293212890625,
25.899999999999999,50.379627227783203,,6.4506683349609375,
26,40.982337951660156,,6.3407974243164062,
26.100000000000001,33.238132476806641,,6.2590408325195312,
26.199999999999999,27.090805053710938,,6.197723388671875,
26.300000000000001,22.200534820556641,,6.141510009765625,
26.399999999999999,18.150859832763672,,6.1134033203125,
26.5,14.696502685546875,,6.123626708984375,
26.600000000000001,11.329010009765625,,6.20538330078125,
26.699999999999999,8.4418563842773438,,6.3586883544921875,
26.800000000000001,6.5767059326171875,,6.491546630859375,
26.899999999999999,5.5112762451171875,,6.5605316162109375,
27,4.816314697265625,,6.6320724487304688,
27.100000000000001,4.4892730712890625,,6.7393798828125,
27.199999999999999,4.47650146484375,,6.8901290893554688,
27.300000000000001,4.4202880859375,,7.0919723510742188,
27.399999999999999,4.2491073608398438,,7.319366455078125,
27.5,4.10858154296875,,7.6361846923828125,
27.600000000000001,4.080474853515625,,8.257049560546875,
27.699999999999999,4.0830307006835938,,9.1257476806640625,
27.800000000000001,4.0293731689453125,,9.9382400512695312,
27.899999999999999,3.9629440307617188,,10.62042236328125,
28,3.9961624145507812,,11.254066467285156,
28.100000000000001,4.136688232421875,,11.678192138671875,
28.199999999999999,4.264434814453125,,11.823829650878906,
28.300000000000001,4.3691864013671875,,11.905593872070312,
28.399999999999999,4.4739456176757812,,12.043563842773438,
28.5,4.5454864501953125,,12.283729553222656,
28.600000000000001,4.5735931396484375,,12.529006958007812,
28.699999999999999,4.5199356079101562,,12.720634460449219,
28.800000000000001,4.4458389282226562,,13.149871826171875,
28.899999999999999,4.4688339233398438,,13.837173461914062,
29,4.5301513671875,,14.570457458496094,
29.100000000000001,4.6119155883789062,,15.298629760742188,
29.199999999999999,4.8035430908203125,,15.955268859863281,
29.300000000000001,5.202117919921875,,16.663002014160156,
29.399999999999999,5.79998779296875,,17.442276000976562,
29.5,6.4693984985351562,,18.170448303222656,
29.600000000000001,7.3380966186523438,,18.663566589355469,
29.699999999999999,8.643707275390625,,18.167896270751953,
29.800000000000001,10.245689392089844,,16.369178771972656,
29.899999999999999,11.786354064941406,,14.317512512207031,
30,13.214599609375,0,12.925033569335938,10.752687454223633
30.100000000000001,14.627517700195312,,12.207077026367188,
30.199999999999999,15.805370330810547,,11.87237548828125,
30.300000000000001,16.630634307861328,,11.826385498046875,
30.399999999999999,17.264274597167969,,11.926033020019531,
30.5,18.002670288085938,,11.734405517578125,
30.600000000000001,18.902027130126953,,11.146759033203125,
30.699999999999999,19.849933624267578,,10.405807495117188,
30.800000000000001,20.892372131347656,,9.73895263671875,
30.899999999999999,22.006355285644531,,9.2177276611328125,
31,23.171432495117188,,8.8498077392578125,
31.100000000000001,24.101451873779297,,8.642852783203125,
31.199999999999999,23.840843200683594,,8.515106201171875,
31.300000000000001,22.113662719726562,,8.4307937622070312,
31.399999999999999,19.658309936523438,,8.3158187866210938,
31.5,17.128860473632812,,8.2340545654296875,
31.600000000000001,14.934112548828125,,8.2621612548828125,
31.699999999999999,13.163497924804688,,8.2800445556640625,
31.800000000000001,11.645828247070312,,8.2826004028320312,
31.899999999999999,10.043846130371094,,8.2698287963867188,
32,8.3089981079101562,,8.2442779541015625,
32.100000000000001,6.9446258544921875,,8.2314987182617188,
32.200000000000003,6.1091461181640625,,8.2366104125976562,
32.299999999999997,5.478057861328125,,8.2417221069335938,
32.399999999999999,4.9875030517578125,,8.1880645751953125,
32.5,4.6987838745117188,,8.1522979736328125,
32.600000000000001,4.5710372924804688,,8.1548538208007812,
32.700000000000003,4.5480422973632812,,8.1599578857421875,
32.799999999999997,4.5378189086914062,,8.182952880859375,
32.899999999999999,4.4560623168945312,,8.19317626953125,
33,4.4407272338867188,,8.182952880859375,
33.100000000000001,4.5480422973632812,,8.1880645751953125,
33.200000000000003,4.614471435546875,,8.2110595703125,
33.299999999999997,4.6297988891601562,,8.17529296875,
33.399999999999999,4.6349105834960938,,8.1063079833984375,
33.5,4.6068038940429688,,8.0807571411132812,
33.600000000000001,4.55059814453125,,8.0756454467773438,
33.700000000000003,4.5276031494140625,,8.0756454467773438,
33.799999999999997,4.4892730712890625,,8.073089599609375,
33.899999999999999,4.3794097900390625,,8.0577621459960938,
34,4.3155364990234375,,8.0577621459960938,
34.100000000000001,4.3053131103515625,,8.1063079833984375,
34.200000000000003,4.3053131103515625,,8.2366104125976562,
34.299999999999997,4.3308639526367188,,8.4537887573242188,
34.399999999999999,4.3334197998046875,,8.8114852905273438,
34.5,4.32830810546875,,9.279052734375,
34.600000000000001,4.3359756469726562,,9.6801834106445312,
34.700000000000003,4.356414794921875,,10.104316711425781,
34.799999999999997,4.300201416015625,,10.6766357421875,
34.899999999999999,4.2107772827148438,,11.197853088378906,
35,4.2261123657226562,,11.644981384277344,
35.100000000000001,4.2772064208984375,,12.053779602050781,
35.200000000000003,4.3078689575195312,,12.319503784179688,
35.299999999999997,4.3436431884765625,,12.646537780761719,
35.399999999999999,4.3640823364257812,,13.177978515625,
35.5,4.3870773315429688,,13.704307556152344,
35.600000000000001,4.4509506225585938,,13.775848388671875,
35.700000000000003,4.522491455078125,,13.047676086425781,
35.799999999999997,4.596588134765625,,11.979682922363281,
35.899999999999999,4.7856521606445312,,11.146759033203125,
36,5.1714630126953125,,10.597427368164062,
36.100000000000001,5.81787109375,,10.303604125976562,
36.200000000000003,6.6993484497070312,,10.193740844726562,
36.299999999999997,7.6753616333007812,,10.101760864257812,
36.399999999999999,8.6845855712890625,,9.99700927734375,
36.5,9.7960128784179688,,9.88458251953125,
36.600000000000001,11.040290832519531,,9.7926025390625,
36.700000000000003,12.537521362304688,,9.7031784057617188,
36.799999999999997,14.407783508300781,,9.51666259765625,
36.899999999999999,16.275489807128906,,9.342926025390625,
37,17.652633666992188,,9.2535018920898438,
37.100000000000001,17.846813201904297,,9.176849365234375,
37.200000000000003,16.630634307861328,,9.1104202270507812,
37.299999999999997,14.865127563476562,,9.0312118530273438,
37.399999999999999,13.127731323242188,,8.9341278076171875,
37.5,11.515525817871094,,8.872802734375,
37.600000000000001,10.245689392089844,,8.808929443359375,
37.700000000000003,9.3539962768554688,,8.7220611572265625,
37.799999999999997,8.6743621826171875,,8.7092819213867188,
37.899999999999999,8.091827392578125,,8.7501678466796875,
38,7.5246124267578125,,8.74505615234375,
38.100000000000001,6.9752883911132812,,8.5125503540039062,
38.200000000000003,6.4642868041992188,,8.0015487670898438,
38.299999999999997,5.9865036010742188,,7.3755722045898438,
38.399999999999999,5.6211395263671875,,6.859466552734375,
38.5,5.39630126953125,,6.5630874633789062,
38.600000000000001,5.1893463134765625,,6.4889907836914062,
38.700000000000003,4.9466171264648438,,6.5579757690429688,
38.799999999999997,4.73455810546875,,6.5426483154296875,
38.899999999999999,4.5914764404296875,,6.3714599609375,
39,4.5071563720703125,,6.1389541625976562,
39.100000000000001,4.3819656372070312,,5.8936767578125,
39.200000000000003,4.25421142578125,,5.65350341796875,
39.299999999999997,4.2439956665039062,,5.4209976196289062,
39.399999999999999,4.2388839721679688,,5.1527252197265625,
39.5,4.1852264404296875,,4.8997802734375,
39.600000000000001,4.2031173706054688,,4.6263961791992188,
39.700000000000003,4.3334197998046875,,4.238037109375,
39.799999999999997,4.5327072143554688,,3.8931121826171875,
39.899999999999999,4.7166671752929688,,3.6810455322265625,
40,4.7038955688476562,0,3.4945297241210938,10.752687454223633
40.100000000000001,4.5352630615234375,,3.2977981567382812,
40.200000000000003,4.374298095703125,,3.070404052734375,
40.299999999999997,4.2797622680664062,,2.8532257080078125,
40.399999999999999,4.246551513671875,,2.656494140625,
40.5,4.2593231201171875,,2.4571990966796875,
40.600000000000001,4.356414794921875,,2.28857421875,
40.700000000000003,4.4867172241210938,,2.1352691650390625,
40.799999999999997,4.5327072143554688,,1.97430419921875,
40.899999999999999,4.522491455078125,,1.8695526123046875,
41,4.5378189086914062,,1.800567626953125,
41.100000000000001,4.6170272827148438,,1.71624755859375,
41.200000000000003,4.7677688598632812,,1.6114959716796875,
41.299999999999997,4.9108505249023438,,1.49652099609375,
41.399999999999999,4.97216796875,,1.4300918579101562,
41.5,5.0258255004882812,,1.4352035522460938,
41.600000000000001,5.074371337890625,,1.4709701538085938,
41.700000000000003,5.0794830322265625,,1.5016326904296875,
41.799999999999997,5.0769271850585938,,1.5297393798828125,
41.899999999999999,5.1254730224609375,,1.5399551391601562,
42,5.1765670776367188,,1.5476226806640625,
42.100000000000001,5.1714630126953125,,1.5731735229492188,
42.200000000000003,5.1637954711914062,,1.5961685180664062,
42.299999999999997,5.1893463134765625,,1.598724365234375,
42.399999999999999,5.202117919921875,,1.5731735229492188,
42.5,5.1944580078125,,1.5373992919921875,
42.600000000000001,5.1305770874023438,,1.5041885375976562,
42.700000000000003,5.0794830322265625,,1.46075439453125,
42.799999999999997,5.1459121704101562,,1.3917694091796875,
42.899999999999999,5.2251129150390625,,1.3278884887695312,
43,5.1970062255859375,,1.3202285766601562,
43.100000000000001,5.0999221801757812,,1.3278884887695312,
43.200000000000003,5.000274658203125,,1.3176727294921875,
43.299999999999997,4.8546371459960938,,1.3355560302734375,
43.399999999999999,4.6476821899414062,,1.4019851684570312,
43.5,4.4790573120117188,,1.4709701538085938,
43.600000000000001,4.384521484375,,1.5399551391601562,
43.700000000000003,4.320648193359375,,1.6600418090820312,
43.799999999999997,4.3129806518554688,,2.0075225830078125,
43.899999999999999,4.3819656372070312,,2.8174591064453125,
44,4.448394775390625,,4.1843795776367188,
44.100000000000001,4.4637222290039062,,5.7250442504882812,
44.200000000000003,4.40240478515625,,6.8722381591796875,
44.299999999999997,4.3231964111328125,,7.613189697265625,
44.399999999999999,4.3053131103515625,,7.9938888549804688,
44.5,4.32830810546875,,8.1037521362304688,
44.600000000000001,4.4049606323242188,,8.239166259765625,
44.700000000000003,4.4586181640625,,8.5253219604492188,
44.799999999999997,4.43817138671875,,8.9468994140625,
44.899999999999999,4.374298095703125,,9.4425735473632812,
45,4.3078689575195312,,9.9484634399414062,
45.100000000000001,4.2567672729492188,,10.502899169921875,
45.200000000000003,4.3155364990234375,,11.225959777832031,
45.299999999999997,4.4228439331054688,,11.98223876953125,
45.399999999999999,4.4637222290039062,,12.766624450683594,
45.5,4.5786972045898438,,13.63787841796875,
45.600000000000001,4.9389572143554688,,14.3916015625,
45.700000000000003,5.6696853637695312,,15.18365478515625,
45.799999999999997,6.7325668334960938,,16.1954345703125,
45.899999999999999,8.0688323974609375,,17.242984771728516,
46,9.7346878051757812,,18.178115844726562,
46.100000000000001,11.768470764160156,,18.934394836425781,
46.200000000000003,14.047531127929688,,19.557815551757812,
46.299999999999997,16.352138519287109,,19.958950042724609,
46.399999999999999,18.62353515625,,19.762214660644531,
46.5,20.958805084228516,,19.041706085205078,
46.600000000000001,23.483142852783203,,18.339080810546875,
46.700000000000003,26.137786865234375,,18.012039184570312,
46.799999999999997,28.72344970703125,,17.871513366699219,
46.899999999999999,31.217128753662109,,17.672225952148438,
47,33.692924499511719,,17.357959747314453,
47.100000000000001,36.199378967285156,,16.8214111328125,
47.200000000000003,38.838691711425781,,16.083015441894531,
47.299999999999997,41.715621948242188,,15.086563110351562,
47.399999999999999,44.635986328125,,13.990470886230469,
47.5,47.308517456054688,,13.152427673339844,
47.600000000000001,49.569694519042969,,12.46002197265625,
47.700000000000003,51.432289123535156,,11.869819641113281,
47.799999999999997,52.778770446777344,,11.846824645996094,
47.899999999999999,53.103256225585938,,12.07421875,
48,52.316318511962891,,11.823829650878906,
48.100000000000001,51.197227478027344,,11.06243896484375,
48.200000000000003,50.619796752929688,,10.262725830078125,
48.299999999999997,50.481826782226562,,9.746612548828125,
48.399999999999999,50.070472717285156,,9.2151718139648438,
48.5,48.861957550048828,,8.6632919311523438,
48.600000000000001,46.547126770019531,,8.2468338012695312,
48.700000000000003,43.478572845458984,,7.9197921752929688,
48.799999999999997,39.937343597412109,,7.75115966796875,
48.899999999999999,35.563182830810547,,7.5569839477539062,
49,30.721458435058594,,7.2503814697265625,
49.100000000000001,25.99981689453125,,6.9182281494140625,
49.200000000000003,21.579669952392578,,6.7981491088867188,
49.299999999999997,17.693515777587891,,7.2248306274414062,
49.399999999999999,14.964775085449219,,7.521209716796875,
49.5,13.350013732910156,,7.5697555541992188,
49.600000000000001,11.891105651855469,,7.9197921752929688,
49.700000000000003,10.271240234375,,7.6949539184570312,
49.799999999999997,8.5951614379882812,,8.2366104125976562,
49.899999999999999,7.12603759765625,,8.7987136840820312,
50,6.1730194091796875,2.6929981708526611,8.6913986206054688,5.3859963417053223
50.100000000000001,5.7028961181640625,,9.1104202270507812,
50.200000000000003,5.3886337280273438,,8.9417877197265625,
50.299999999999997,5.0232696533203125,,8.6684036254882812,
50.399999999999999,4.742218017578125,,8.4077987670898438,
50.5,4.632354736328125,,8.0398788452148438,
50.600000000000001,4.6297988891601562,,8.4665603637695312,
50.700000000000003,5.000274658203125,,8.681182861328125,
50.799999999999997,5.8894119262695312,,8.3464736938476562,
50.899999999999999,6.5307159423828125,,8.405242919921875,
51,6.7325668334960938,,8.4205703735351562,
51.100000000000001,6.7811126708984375,,8.8447036743164062,
51.200000000000003,6.4310760498046875,,9.37103271484375,
51.299999999999997,6.1525802612304688,,9.3148193359375,
51.399999999999999,6.0989227294921875,,7.9938888549804688,
51.5,6.3825302124023438,,7.6540679931640625,
51.600000000000001,7.0442733764648438,,8.405242919921875,
51.700000000000003,7.4454116821289062,,8.2085037231445312,
51.799999999999997,7.5501632690429688,,8.6275253295898438,
51.899999999999999,7.5143966674804688,,9.2586135864257812,
52,6.8168792724609375,,9.5984268188476562,
52.100000000000001,5.9277420043945312,,9.8871383666992188,
52.200000000000003,5.79998779296875,,9.6316375732421875,
52.299999999999997,5.8715286254882812,,8.8881378173828125,
52.399999999999999,5.8613128662109375,,8.4026870727539062,
52.5,6.0708160400390625,,8.4895553588867188,
52.600000000000001,6.50006103515625,,9.1001968383789062,
52.700000000000003,6.8168792724609375,,9.2662734985351562,
52.799999999999997,6.783660888671875,,8.4767837524414062,
52.899999999999999,6.4847259521484375,,7.9478988647460938,
53,6.5894851684570312,,8.4921112060546875,
53.100000000000001,7.0902633666992188,,9.0414352416992188,
53.200000000000003,7.3994216918945312,,9.9254684448242188,
53.299999999999997,7.795440673828125,,11.218292236328125,
53.399999999999999,8.6462631225585938,,10.633201599121094,
53.5,9.2517929077148438,,8.826812744140625,
53.600000000000001,9.0729446411132812,,7.6464080810546875,
53.700000000000003,8.3243331909179688,,7.7741546630859375,
53.799999999999997,7.4760665893554688,,8.5202178955078125,
53.899999999999999,7.2129058837890625,,8.6888427734375,
54,7.4402999877929688,,8.826812744140625,
54.100000000000001,7.5706024169921875,,8.8038177490234375,
54.200000000000003,6.79388427734375,,8.2110595703125,
54.299999999999997,5.7310028076171875,,6.8364715576171875,
54.399999999999999,5.6671295166015625,,5.7148284912109375,
54.5,6.5179443359375,,6.2104949951171875,
54.600000000000001,8.5491714477539062,,7.0357589721679688,
54.700000000000003,11.799125671386719,,7.4752197265625,
54.799999999999997,15.253486633300781,,7.1507339477539062,
54.899999999999999,17.417575836181641,,6.6090774536132812,
55,17.0777587890625,,6.3152542114257812,
55.100000000000001,15.36590576171875,,6.031646728515625,
55.200000000000003,14.303031921386719,,6.6678390502929688,
55.299999999999997,13.853347778320312,,8.7936019897460938,
55.399999999999999,13.097068786621094,,10.487564086914062,
55.5,13.378120422363281,,10.845268249511719,
55.600000000000001,15.353134155273438,,10.579544067382812,
55.700000000000003,15.337806701660156,,9.4016876220703125,
55.799999999999997,13.510978698730469,,8.2417221069335938,
55.899999999999999,11.809349060058594,,7.6719589233398438,
56,9.1010513305664062,,7.1584014892578125,
56.100000000000001,6.5792617797851562,,6.6499557495117188,
56.200000000000003,5.3145370483398438,,6.3791275024414062,
56.299999999999997,4.7294464111328125,,6.1568374633789062,
56.399999999999999,4.4713897705078125,,6.0367584228515625,
56.5,4.3129806518554688,,6.0827484130859375,
56.600000000000001,4.7882080078125,,6.049530029296875,
56.700000000000003,7.8261032104492188,,5.8400192260742188,
56.799999999999997,14.333686828613281,,5.65350341796875,
56.899999999999999,23.613449096679688,,5.7838134765625,
57,32.200801849365234,,6.2130508422851562,
57.100000000000001,35.739479064941406,,6.7061691284179688,
57.200000000000003,34.492637634277344,,7.301483154296875,
57.299999999999997,31.814998626708984,,7.815032958984375,
57.399999999999999,28.976394653320312,,7.963226318359375,
57.5,25.892509460449219,,7.9530029296875,
57.600000000000001,23.971149444580078,,7.6847305297851562,
57.700000000000003,23.217422485351562,,7.245269775390625,
57.799999999999997,22.121330261230469,,7.0383148193359375,
57.899999999999999,19.630203247070312,,6.8901290893554688,
58,17.036880493164062,,6.9105682373046875,
58.100000000000001,16.0838623046875,,7.2401580810546875,
58.200000000000003,15.810478210449219,,7.4701080322265625,
58.299999999999997,15.03631591796875,,7.4317855834960938,
58.399999999999999,13.947883605957031,,7.54931640625,
58.5,13.263145446777344,,7.9530029296875,
58.600000000000001,12.698486328125,,8.5355453491210938,
58.700000000000003,11.68670654296875,,9.268829345703125,
58.799999999999997,10.296791076660156,,9.9663467407226562,
58.899999999999999,8.7970046997070312,,10.29083251953125,
59,7.6140365600585938,,9.9612350463867188,
59.100000000000001,6.8526458740234375,,8.9417877197265625,
59.200000000000003,6.1832427978515625,,7.631072998046875,
59.299999999999997,5.7897720336914062,,7.4879989624023438,
59.399999999999999,5.6364669799804688,,8.791046142578125,
59.5,5.856201171875,,9.7721633911132812,
59.600000000000001,6.6789093017578125,,9.9714584350585938,
59.700000000000003,7.3534317016601562,,10.129867553710938,
59.799999999999997,7.2461166381835938,,11.402252197265625,
59.899999999999999,6.783660888671875,,12.015457153320312,
60,6.6789093017578125,6.4935064315795898,9.9918975830078125,10.04688549041748
60.100000000000001,7.7162399291992188,,8.4103469848632812,
60.200000000000003,9.5277328491210938,,8.7016220092773438,
60.299999999999997,10.746467590332031,,9.2586135864257812,
60.399999999999999,11.413322448730469,,9.1206436157226562,
60.5,11.694374084472656,,8.515106201171875,
60.600000000000001,11.824676513671875,,8.1344070434570312,
60.700000000000003,11.76080322265625,,8.8574752807617188,
60.799999999999997,11.924324035644531,,10.592323303222656,
60.899999999999999,12.672935485839844,,10.847824096679688,
61,12.8824462890625,,9.9561233520507812,
61.100000000000001,13.127731323242188,,8.7143936157226562,
61.200000000000003,14.821693420410156,,7.8635787963867188,
61.299999999999997,17.53765869140625,,8.1088638305664062,
61.399999999999999,17.943904876708984,,8.6658477783203125,
61.5,16.157958984375,,9.11297607421875,
61.600000000000001,14.755264282226562,,8.808929443359375,
61.700000000000003,14.729713439941406,,8.5687637329101562,
61.799999999999997,15.62396240234375,,8.5636520385742188,
61.899999999999999,15.859024047851562,,8.027099609375,
62,15.0899658203125,,7.6642913818359375,
62.100000000000001,13.827796936035156,,7.9887771606445312,
62.200000000000003,13.771591186523438,,8.7757186889648438,
62.299999999999997,14.257041931152344,,9.8258209228515625,
62.399999999999999,12.803245544433594,,10.086433410644531,
62.5,9.5583953857421875,,9.6750717163085938,
62.600000000000001,7.887420654296875,,8.2698287963867188,
62.700000000000003,8.071380615234375,,7.2810440063476562,
62.799999999999997,8.11737060546875,,7.687286376953125,
62.899999999999999,7.8286590576171875,,8.4026870727539062,
63,7.243560791015625,,9.1717376708984375,
63.100000000000001,6.7913284301757812,,9.7568359375,
63.200000000000003,7.4811782836914062,,10.993453979492188,
63.299999999999997,8.5108413696289062,,10.3087158203125,
63.399999999999999,8.3728713989257812,,9.2049560546875,
63.5,7.9180831909179688,,9.3378143310546875,
63.600000000000001,7.953857421875,,8.5815353393554688,
63.700000000000003,8.32177734375,,8.11907958984375,
63.799999999999997,8.7382431030273438,,7.9427871704101562,
63.899999999999999,8.1429214477539062,,7.7741546630859375,
64,6.196014404296875,,7.669403076171875,
64.099999999999994,4.9747238159179688,,7.5723114013671875,
64.200000000000003,5.0769271850585938,,7.4522247314453125,
64.299999999999997,5.2608871459960938,,7.4675521850585938,
64.400000000000006,5.2813262939453125,,7.5084381103515625,
64.5,5.5393829345703125,,7.4726638793945312,
64.599999999999994,6.5179443359375,,7.4496688842773438,
64.700000000000003,8.219573974609375,,7.4522247314453125,
64.799999999999997,9.5967178344726562,,7.4905471801757812,
64.900000000000006,9.51751708984375,,7.5109939575195312,
65,8.9860763549804688,,7.4879989624023438,
65.099999999999994,8.163360595703125,,7.3525772094726562,
65.200000000000003,6.4949493408203125,,7.209503173828125,
65.299999999999997,5.3554229736328125,,7.1456222534179688,
65.400000000000006,5.2097854614257812,,7.08941650390625,
65.5,5.47039794921875,,7.033203125,
65.599999999999994,5.6926803588867188,,6.8875732421875,
65.700000000000003,5.8306503295898438,,6.75726318359375,
65.799999999999997,5.8970794677734375,,6.6857223510742188,
65.900000000000006,5.5777053833007812,,6.6448440551757812,
66,4.97216796875,,6.6627273559570312,
66.099999999999994,4.6170272827148438,,6.64739990234375,
66.200000000000003,4.6400222778320312,,6.5784149169921875,
66.299999999999997,4.798431396484375,,6.5017623901367188,
66.400000000000006,4.7677688598632812,,6.5298690795898438,
66.5,4.5378189086914062,,6.555419921875,
66.599999999999994,4.4049606323242188,,6.3612442016601562,
66.700000000000003,4.4560623168945312,,6.1338424682617188,
66.799999999999997,4.4969406127929688,,6.159393310546875,
66.900000000000006,4.3947372436523438,,6.343353271484375,
67,4.34619140625,,6.5017623901367188,
67.099999999999994,4.384521484375,,6.657623291015625,
67.200000000000003,4.3078689575195312,,6.8569107055664062,
67.299999999999997,4.172454833984375,,6.933563232421875,
67.400000000000006,4.0830307006835938,,7.1584014892578125,
67.5,4.1009140014648438,,7.75115966796875,
67.599999999999994,4.1315765380859375,,8.0066604614257812,
67.700000000000003,4.1060256958007812,,7.9478988647460938,
67.799999999999997,4.1417922973632812,,8.22894287109375,
67.900000000000006,4.136688232421875,,8.3745803833007812,
68,3.9476165771484375,,8.0424270629882812,
68.099999999999994,3.804534912109375,,7.6464080810546875,
68.200000000000003,3.7815399169921875,,7.503326416015625,
68.299999999999997,3.77642822265625,,7.4317855834960938,
68.400000000000006,3.6972274780273438,,7.319366455078125,
68.5,3.6997833251953125,,7.3116989135742188,
68.599999999999994,4.1111373901367188,,7.2580490112304688,
68.700000000000003,4.6706771850585938,,7.1328506469726562,
68.799999999999997,4.9849472045898438,,7.0485382080078125,
68.900000000000006,4.9951629638671875,,6.9999923706054688,
69,4.8878555297851562,,6.9667739868164062,
69.099999999999994,5.0692596435546875,,7.08941650390625,
69.200000000000003,5.5317153930664062,,7.337249755859375,
69.299999999999997,5.6492462158203125,,7.45733642578125,
69.400000000000006,5.460174560546875,,7.3295822143554688,
69.5,5.1919021606445312,,7.0970840454101562,
69.599999999999994,4.6374664306640625,,6.9591140747070312,
69.700000000000003,4.2235565185546875,,6.9437789916992188,
69.799999999999997,4.0217132568359375,,6.9897689819335938,
69.900000000000006,3.6435699462890625,,7.0587539672851562,
70,3.2271041870117188,6.4935064315795898,7.3168106079101562,17.751480102539062
70.099999999999994,2.8591842651367188,,7.7945938110351562,
70.200000000000003,2.6905517578125,,8.37713623046875,
70.299999999999997,2.8234176635742188,,9.010772705078125,
70.400000000000006,2.9409408569335938,,9.59075927734375,
70.5,3.0252609252929688,,10.037887573242188,
70.599999999999994,3.472381591796875,,10.175857543945312,
70.700000000000003,4.098358154296875,,10.03277587890625,
70.799999999999997,4.4202880859375,,9.746612548828125,
70.900000000000006,4.43817138671875,,9.4119110107421875,
71,4.3231964111328125,,9.1257476806640625,
71.099999999999994,4.2312164306640625,,8.9877777099609375,
71.200000000000003,4.1187973022460938,,8.9239044189453125,
71.299999999999997,3.9680557250976562,,8.6505203247070312,
71.400000000000006,3.8939590454101562,,8.3158187866210938,
71.5,3.9271774291992188,,8.1574020385742188,
71.599999999999994,4.0932464599609375,,8.027099609375,
71.700000000000003,4.3436431884765625,,7.8942413330078125,
71.799999999999997,4.650238037109375,,7.807373046875,
71.900000000000006,5.0309371948242188,,7.7818222045898438,
72,5.3733062744140625,,7.8405838012695312,
72.099999999999994,5.5214920043945312,,8.182952880859375,
72.200000000000003,5.4831695556640625,,8.992889404296875,
72.299999999999997,5.3068771362304688,,9.9663467407226562,
72.400000000000006,5.0411529541015625,,10.773727416992188,
72.5,4.8290863037109375,,11.420143127441406,
72.599999999999994,4.7473297119140625,,12.107437133789062,
72.700000000000003,4.5991363525390625,,12.666976928710938,
72.799999999999997,4.2976531982421875,,12.907150268554688,
72.900000000000006,4.1213531494140625,,12.848388671875,
73,4.0370407104492188,,12.447250366210938,
73.099999999999994,3.9450607299804688,,11.834053039550781,
73.200000000000003,3.9118423461914062,,11.146759033203125,
73.299999999999997,3.88629150390625,,10.508003234863281,
73.400000000000006,3.8377532958984375,,9.95867919921875,
73.5,3.7329940795898438,,9.4297943115234375,
73.599999999999994,3.7202224731445312,,9.0516586303710938,
73.700000000000003,3.8888473510742188,,8.883026123046875,
73.799999999999997,4.1622314453125,,8.7884902954101562,
73.900000000000006,4.576141357421875,,8.7246170043945312,
74,5.1152496337890625,,8.6402969360351562,
74.099999999999994,5.6569061279296875,,8.5457687377929688,
74.200000000000003,6.0657119750976562,,8.497222900390625,
74.299999999999997,6.3467559814453125,,8.4001312255859375,
74.400000000000006,6.4080810546875,,8.26727294921875,
74.5,6.0631561279296875,,8.2238388061523438,
74.599999999999994,5.4627304077148438,,8.2085037231445312,
74.700000000000003,4.8648605346679688,,8.2059478759765625,
74.799999999999997,4.40240478515625,,8.2033920288085938,
74.900000000000006,4.0906982421875,,8.1701812744140625,
75,3.8275299072265625,,8.1420745849609375,
75.099999999999994,3.648681640625,,8.1011962890625,
75.200000000000003,3.6180191040039062,,7.9836654663085938,
75.299999999999997,3.6435699462890625,,7.8865737915039062,
75.400000000000006,3.66656494140625,,7.8865737915039062,
75.5,3.6742324829101562,,7.9427871704101562,
75.599999999999994,3.6921157836914062,,8.0219879150390625,
75.700000000000003,3.7278823852539062,,8.0322113037109375,
75.799999999999997,3.6640090942382812,,7.9785537719726562,
75.900000000000006,3.5771408081054688,,7.9300079345703125,
76,3.6052474975585938,,7.8456954956054688,
76.099999999999994,3.6512374877929688,,7.7664871215820312,
76.200000000000003,3.694671630859375,,7.723052978515625,
76.299999999999997,3.7355499267578125,,7.71539306640625,
76.400000000000006,3.7636566162109375,,7.797149658203125,
76.5,3.7943115234375,,7.86102294921875,
76.599999999999994,3.7662124633789062,,7.9223480224609375,
76.700000000000003,3.676788330078125,,8.08331298828125,
76.799999999999997,3.638458251953125,,8.4946670532226562,
76.900000000000006,3.6844482421875,,9.279052734375,
77,3.7789840698242188,,10.211624145507812,
77.099999999999994,3.8479690551757812,,11.067550659179688,
77.200000000000003,3.8811874389648438,,11.785507202148438,
77.299999999999997,3.9169540405273438,,12.102325439453125,
77.400000000000006,3.9399490356445312,,11.857048034667969,
77.5,3.8454132080078125,,11.174858093261719,
77.599999999999994,3.6231307983398438,,10.306159973144531,
77.700000000000003,3.51837158203125,,9.6290817260742188,
77.799999999999997,3.5694732666015625,,9.3020477294921875,
77.900000000000006,3.6231307983398438,,8.9494552612304688,
78,3.6640090942382812,,8.4742279052734375,
78.099999999999994,3.7329940795898438,,8.2647171020507812,
78.200000000000003,3.804534912109375,,8.1625137329101562,
78.299999999999997,3.8556365966796875,,7.9478988647460938,
78.400000000000006,4.0370407104492188,,7.871246337890625,
78.5,4.494384765625,,7.8763580322265625,
78.599999999999994,5.110137939453125,,7.8661346435546875,
78.700000000000003,5.736114501953125,,7.9427871704101562,
78.799999999999997,6.2215652465820312,,7.89935302734375,
78.900000000000006,6.2598876953125,,7.7664871215820312,
79,5.6850128173828125,,7.6898422241210938,
79.099999999999994,4.8980712890625,,7.6055221557617188,
79.200000000000003,4.448394775390625,,7.5160980224609375,
79.299999999999997,4.320648193359375,,7.5084381103515625,
79.400000000000006,4.172454833984375,,7.8278121948242188,
79.5,3.988494873046875,,8.56109619140625,
79.599999999999994,3.860748291015625,,9.3531417846679688,
79.700000000000003,3.6818923950195312,,9.7798309326171875,
79.799999999999997,3.472381591796875,,10.040443420410156,
79.900000000000006,3.308868408203125,,10.446685791015625,
80,3.04058837890625,0,10.750732421875,29.227558135986328
80.099999999999994,2.6522293090820312,,10.587211608886719,
80.200000000000003,2.3430709838867188,,9.9663467407226562,
80.299999999999997,2.1821060180664062,,9.2611618041992188,
80.400000000000006,2.166778564453125,,8.8447036743164062,
80.5,2.1284561157226562,,8.6479644775390625,
80.599999999999994,2.0313644409179688,,8.405242919921875,
80.700000000000003,2.0645828247070312,,8.2136154174804688,
80.799999999999997,2.2740859985351562,,8.1037521362304688,
80.900000000000006,2.6675567626953125,,7.917236328125,
81,3.22454833984375,,7.7128372192382812,
81.099999999999994,3.8070907592773438,,7.6438522338867188,
81.200000000000003,4.2669906616210938,,7.6923980712890625,
81.299999999999997,4.7038955688476562,,7.6515121459960938,
81.400000000000006,5.1944580078125,,7.5058822631835938,
81.5,5.4678421020507812,,7.3909072875976562,
81.599999999999994,5.294097900390625,,7.337249755859375,
81.700000000000003,4.8214263916015625,,7.3244781494140625,
81.799999999999997,4.264434814453125,,7.3270339965820312,
81.900000000000006,3.9271774291992188,,7.3142547607421875,
82,3.9271774291992188,,7.3398056030273438,
82.099999999999994,4.0217132568359375,,7.4726638793945312,
82.200000000000003,4.1136932373046875,,7.6923980712890625,
82.299999999999997,4.0472564697265625,,8.0245437622070312,
82.400000000000006,3.8530807495117188,,8.4205703735351562,
82.5,3.7611007690429688,,8.7961578369140625,
82.599999999999994,3.7508773803710938,,9.1538543701171875,
82.700000000000003,3.74066162109375,,9.4400177001953125,
82.799999999999997,3.6921157836914062,,9.6750717163085938,
82.900000000000006,3.5771408081054688,,9.8794784545898438,
83,3.492828369140625,,10.078765869140625,
83.099999999999994,3.492828369140625,,10.073654174804688,
83.200000000000003,3.5209274291992188,,9.77471923828125,
83.299999999999997,3.5515899658203125,,9.3761367797851562,
83.400000000000006,3.5745849609375,,8.9775619506835938,
83.5,3.59246826171875,,8.6658477783203125,
83.599999999999994,3.6359024047851562,,8.45123291015625,
83.700000000000003,3.656341552734375,,8.2800445556640625,
83.799999999999997,3.7099990844726562,,8.147186279296875,
83.900000000000006,3.8760757446289062,,8.0475387573242188,
84,4.080474853515625,,7.9938888549804688,
84.099999999999994,4.2772064208984375,,7.9581146240234375,
84.200000000000003,4.4458389282226562,,7.8508071899414062,
84.299999999999997,4.604248046875,,7.7332763671875,
84.400000000000006,4.7779922485351562,,7.6387405395507812,
84.5,4.91851806640625,,7.5544281005859375,
84.599999999999994,4.8878555297851562,,7.5109939575195312,
84.700000000000003,4.6630172729492188,,7.4547805786132812,
84.799999999999997,4.40240478515625,,7.401123046875,
84.900000000000006,4.2056732177734375,,7.3781280517578125,
85,4.0523681640625,,7.3857955932617188,
85.099999999999994,3.9476165771484375,,7.5135421752929688,
85.200000000000003,3.8990707397460938,,7.7664871215820312,
85.299999999999997,3.8735198974609375,,8.0347671508789062,
85.400000000000006,3.860748291015625,,8.3618087768554688,
85.5,3.8658523559570312,,8.7578277587890625,
85.599999999999994,3.8377532958984375,,9.194732666015625,
85.700000000000003,3.7329940795898438,,9.6495285034179688,
85.799999999999997,3.6640090942382812,,10.076210021972656,
85.900000000000006,3.6691207885742188,,10.464569091796875,
86,3.694671630859375,,10.812049865722656,
86.099999999999994,3.7202224731445312,,11.131423950195312,
86.200000000000003,3.7278823852539062,,11.33837890625,
86.299999999999997,3.7176666259765625,,11.190193176269531,
86.400000000000006,3.70233154296875,,10.743064880371094,
86.5,3.6997833251953125,,10.188629150390625,
86.599999999999994,3.7534332275390625,,9.5600967407226562,
86.700000000000003,3.8019790649414062,,8.9698944091796875,
86.799999999999997,3.840301513671875,,8.4818878173828125,
86.900000000000006,3.978271484375,,8.0807571411132812,
87,4.1928939819335938,,7.761383056640625,
87.099999999999994,4.4202880859375,,7.5518722534179688,
87.200000000000003,4.6809005737304688,,7.429229736328125,
87.299999999999997,4.9619522094726562,,7.291259765625,
87.400000000000006,5.2378921508789062,,7.2478256225585938,
87.5,5.5138320922851562,,7.3500289916992188,
87.599999999999994,5.7616653442382812,,7.3653564453125,
87.700000000000003,5.8945236206054688,,7.2784881591796875,
87.799999999999997,5.7488861083984375,,7.1890640258789062,
87.900000000000006,5.3605270385742188,,7.1302947998046875,
88,4.9491729736328125,,7.1226272583007812,
88.099999999999994,4.5812530517578125,,7.3270339965820312,
88.200000000000003,4.2899856567382812,,7.8865737915039062,
88.299999999999997,4.098358154296875,,8.5125503540039062,
88.400000000000006,3.9552764892578125,,9.0133285522460938,
88.5,3.8428573608398438,,9.5013351440429688,
88.599999999999994,3.7611007690429688,,10.03277587890625,
88.700000000000003,3.676788330078125,,10.556549072265625,
88.799999999999997,3.5413665771484375,,10.962799072265625,
88.900000000000006,3.4596099853515625,,11.21063232421875,
89,3.37274169921875,,11.141647338867188,
89.099999999999994,3.0891342163085938,,10.806938171386719,
89.200000000000003,2.7697601318359375,,10.280609130859375,
89.299999999999997,2.5372543334960938,,9.6393051147460938,
89.400000000000006,2.4554977416992188,,9.0772018432617188,
89.5,2.6394577026367188,,8.6479644775390625,
89.599999999999994,2.9562759399414062,,8.3439178466796875,
89.700000000000003,3.22454833984375,,8.1063079833984375,
89.799999999999997,3.4136199951171875,,7.9019088745117188,
89.900000000000006,3.6435699462890625,,7.7409439086914062,
90,4.044708251953125,0,7.6438522338867188,20.746889114379883
90.099999999999994,4.4688339233398438,,7.5544281005859375,
90.200000000000003,4.8418655395507812,,7.4062347412109375,
90.299999999999997,5.2046737670898438,,7.2835922241210938,
90.400000000000006,5.478057861328125,,7.2376022338867188,
90.5,5.50616455078125,,7.2043914794921875,
90.599999999999994,5.2072296142578125,,7.1865081787109375,
90.700000000000003,4.7013397216796875,,7.1890640258789062,
90.799999999999997,4.2107772827148438,,7.2887039184570312,
90.900000000000006,3.8990707397460938,,7.6208572387695312,
91,3.7048873901367188,,8.1803970336914062,
91.099999999999994,3.5618133544921875,,8.762939453125,
91.200000000000003,3.44683837890625,,9.1819610595703125,
91.299999999999997,3.3471908569335938,,9.562652587890625,
91.400000000000006,3.3012008666992188,,10.017448425292969,
91.5,3.28076171875,,10.485008239746094,
91.599999999999994,3.2117767333984375,,10.911697387695312,
91.700000000000003,3.0814666748046875,,11.231071472167969,
91.799999999999997,2.9920425415039062,,11.363929748535156,
91.900000000000006,2.9690475463867188,,11.093101501464844,
92,2.9741592407226562,,10.523338317871094,
92.099999999999994,2.9690475463867188,,9.9280242919921875,
92.200000000000003,2.9486083984375,,9.2279510498046875,
92.299999999999997,2.9894866943359375,,8.5202178955078125,
92.400000000000006,3.1530075073242188,,7.9606704711914062,
92.5,3.3701858520507812,,7.485443115234375,
92.599999999999994,3.6180191040039062,,7.0868606567382812,
92.700000000000003,3.8581924438476562,,6.749603271484375,
92.799999999999997,4.0881423950195312,,6.4685516357421875,
92.900000000000006,4.412628173828125,,6.2488174438476562,
93,4.7549972534179688,,6.0980758666992188,
93.099999999999994,5.0513763427734375,,6.0342025756835938,
93.200000000000003,5.311981201171875,,6.0163192749023438,
93.299999999999997,5.478057861328125,,6.1185150146484375,
93.400000000000006,5.3988571166992188,,6.5017623901367188,
93.5,5.036041259765625,,7.153289794921875,
93.599999999999994,4.58636474609375,,7.9581146240234375,
93.700000000000003,4.1111373901367188,,8.8600311279296875,
93.799999999999997,3.6921157836914062,,9.784942626953125,
93.900000000000006,3.4315032958984375,,10.612762451171875,
94,3.2500991821289062,,11.340934753417969,
94.099999999999994,3.086578369140625,,12.02056884765625,
94.200000000000003,2.9434967041015625,,12.508567810058594,
94.299999999999997,2.8131942749023438,,12.812614440917969,
94.400000000000006,2.6905517578125,,12.781951904296875,
94.5,2.6036834716796875,,12.278617858886719,
94.599999999999994,2.5500259399414062,,11.517227172851562,
94.700000000000003,2.4682693481445312,,10.574432373046875,
94.799999999999997,2.4376068115234375,,9.5805435180664062,
94.900000000000006,2.5755767822265625,,8.7246170043945312,
95,2.82086181640625,,8.055206298828125,
95.099999999999994,3.104461669921875,,7.4828872680664062,
95.200000000000003,3.4442825317382812,,7.0178756713867188,
95.299999999999997,3.8351974487304688,,6.693389892578125,
95.400000000000006,4.2618789672851562,,6.46343994140625,
95.5,4.706451416015625,,6.3203582763671875,
95.599999999999994,5.1408004760742188,,6.24371337890625,
95.700000000000003,5.5112762451171875,,6.2258224487304688,
95.799999999999997,5.8434219360351562,,6.2948074340820312,
95.900000000000006,6.0324935913085938,,6.5068740844726562,
96,5.792327880859375,,7.01531982421875,
96.099999999999994,5.21234130859375,,7.8789138793945312,
96.200000000000003,4.6016921997070312,,8.8702468872070312,
96.299999999999997,4.1009140014648438,,9.7696075439453125,
96.400000000000006,3.74066162109375,,10.561660766601562,
96.5,3.4596099853515625,,11.297500610351562,
96.599999999999994,3.1836700439453125,,11.949028015136719,
96.700000000000003,2.9613876342773438,,12.587776184082031,
96.799999999999997,2.8642959594726562,,13.111549377441406,
96.900000000000006,2.8310775756835938,,13.346611022949219,
97,2.8055267333984375,,13.080886840820312,
97.099999999999994,2.78253173828125,,12.311836242675781,
97.200000000000003,2.7646484375,,11.369041442871094,
97.299999999999997,2.7620925903320312,,10.367477416992188,
97.400000000000006,2.7620925903320312,,9.40679931640625,
97.5,2.7978668212890625,,8.6505203247070312,
97.599999999999994,2.9434967041015625,,8.1011962890625,
97.700000000000003,3.2117767333984375,,7.6285171508789062,
97.799999999999997,3.564361572265625,,7.245269775390625,
97.900000000000006,3.9501724243164062,,6.987213134765625,
98,4.3513031005859375,,6.7879257202148438,
98.099999999999994,4.7882080078125,,6.6397323608398438,
98.200000000000003,5.240447998046875,,6.5477523803710938,
98.299999999999997,5.6339111328125,,6.5784149169921875,
98.400000000000006,5.9456253051757812,,6.9029006958007812,
98.5,6.0197219848632812,,7.6029739379882812,
98.599999999999994,5.6313629150390625,,8.37713623046875,
98.700000000000003,4.9798355102539062,,9.1053085327148438,
98.799999999999997,4.36663818359375,,9.9152450561523438,
98.900000000000006,3.9118423461914062,,10.763504028320312,
99,3.6103515625,,11.466133117675781,
99.099999999999994,3.3676300048828125,,11.972023010253906,
99.200000000000003,3.1095733642578125,,12.373153686523438,
99.299999999999997,2.9000625610351562,,12.48046875,
99.400000000000006,2.7850875854492188,,12.053779602050781,
99.5,2.6931076049804688,,11.156974792480469,
99.599999999999994,2.6139068603515625,,10.145195007324219,
99.700000000000003,2.56280517578125,,9.194732666015625,
99.799999999999997,2.5730209350585938,,8.2979278564453125,
99.900000000000006,2.7058868408203125,,7.5595321655273438,
100,2.9000625610351562,20.501138687133789,7.0280990600585938,20.920503616333008
100.09999999999999,3.1070175170898438,,6.6703948974609375,
100.2,3.4110641479492188,,6.4659957885742188,
100.3,3.7968673706054688,,6.3663482666015625,
100.40000000000001,4.1622314453125,,6.2667083740234375,
100.5,4.5199356079101562,,6.2232742309570312,
100.59999999999999,4.9338455200195312,,6.4302291870117188,
100.7,5.3656387329101562,,7.0127639770507812,
100.8,5.6952362060546875,,7.9581146240234375,
100.90000000000001,5.6364669799804688,,8.9852218627929688,
101,5.092254638671875,,9.9178009033203125,
101.09999999999999,4.4535064697265625,,10.753288269042969,
101.2,4.006378173828125,,11.5223388671875,
101.3,3.7099990844726562,,12.07421875,
101.40000000000001,3.4570541381835938,,12.457473754882812,
101.5,3.2398757934570312,,12.917373657226562,
101.59999999999999,3.0712509155273438,,13.377273559570312,
101.7,2.9434967041015625,,13.7681884765625,
101.8,2.8361892700195312,,14.102890014648438,
101.90000000000001,2.7135467529296875,,14.07989501953125,
102,2.6215667724609375,,13.413040161132812,
102.09999999999999,2.682891845703125,,12.452362060546875,
102.2,2.8924026489257812,,11.956687927246094,
102.3,3.1708908081054688,,11.624542236328125,
102.40000000000001,3.5311508178710938,,10.753288269042969,
102.5,3.9629440307617188,,9.6801834106445312,
102.59999999999999,4.4458389282226562,,8.681182861328125,
102.7,4.95428466796875,,8.7195053100585938,
102.8,5.4167404174804688,,9.3965835571289062,
102.90000000000001,5.8766403198242188,,9.0720977783203125,
103,6.4949493408203125,,8.4537887573242188,
103.09999999999999,7.3253250122070312,,8.0960845947265625,
103.2,8.3882064819335938,,7.7358322143554688,
103.3,9.6682586669921875,,7.485443115234375,
103.40000000000001,10.756690979003906,,7.5723114013671875,
103.5,10.909988403320312,,8.9417877197265625,
103.59999999999999,10.281455993652344,,10.094093322753906,
103.7,9.3744354248046875,,10.551437377929688,
103.8,8.1505889892578125,,11.228515625,
103.90000000000001,6.913970947265625,,11.698638916015625,
104,5.994171142578125,,12.917373657226562,
104.09999999999999,5.4269561767578125,,13.338943481445312,
104.2,5.7667770385742188,,11.190193176269531,
104.3,6.4642868041992188,,9.8973617553710938,
104.40000000000001,6.563934326171875,,9.7057342529296875,
104.5,6.4566268920898438,,8.8370361328125,
104.59999999999999,6.160247802734375,,8.773162841796875,
104.7,5.5036087036132812,,9.02099609375,
104.8,4.9696121215820312,,9.2253952026367188,
104.90000000000001,5.0053863525390625,,9.6623001098632812,
105,5.7412261962890625,,8.9852218627929688,
105.09999999999999,6.8730926513671875,,8.0245437622070312,
105.2,7.9206390380859375,,7.8482513427734375,
105.3,9.1649246215820312,,7.7077255249023438,
105.40000000000001,10.973861694335938,,8.0041046142578125,
105.5,14.159950256347656,,8.7603836059570312,
105.59999999999999,15.210052490234375,,9.5473251342773438,
105.7,13.097068786621094,,9.9740142822265625,
105.8,10.802680969238281,,10.359817504882812,
105.90000000000001,8.7637863159179688,,11.65264892578125,
106,7.3534317016601562,,11.936248779296875,
106.09999999999999,6.231781005859375,,11.041999816894531,
106.2,5.65435791015625,,10.607650756835938,
106.3,5.4755020141601562,,9.9356842041015625,
106.40000000000001,5.403961181640625,,9.3352584838867188,
106.5,5.13824462890625,,9.7057342529296875,
106.59999999999999,4.6706771850585938,,10.689407348632812,
106.7,4.4330673217773438,,10.653640747070312,
106.8,4.7013397216796875,,9.2637176513671875,
106.90000000000001,5.460174560546875,,7.8175888061523438,
107,6.2956619262695312,,7.1967239379882812,
107.09999999999999,6.8526458740234375,,7.153289794921875,
107.2,7.8644256591796875,,7.4879989624023438,
107.3,9.5762786865234375,,9.0823135375976562,
107.40000000000001,11.886001586914062,,11.087989807128906,
107.5,13.820137023925781,,11.974578857421875,
107.59999999999999,14.673507690429688,,12.194305419921875,
107.7,15.889682769775391,,12.311836242675781,
107.8,17.846813201904297,,12.120208740234375,
107.90000000000001,19.144752502441406,,11.422698974609375,
108,18.804939270019531,,10.114532470703125,
108.09999999999999,17.951568603515625,,8.9315719604492188,
108.2,17.054763793945312,,8.5585403442382812,
108.3,15.488548278808594,,9.1538543701171875,
108.40000000000001,13.086845397949219,,11.598991394042969,
108.5,11.070953369140625,,13.816726684570312,
108.59999999999999,10.613609313964844,,14.023681640625,
108.7,10.925315856933594,,13.213752746582031,
108.8,12.381668090820312,,11.471237182617188,
108.90000000000001,14.647956848144531,,9.5677642822265625,
109,16.270378112792969,,8.5227737426757812,
109.09999999999999,17.716510772705078,,8.975006103515625,
109.2,19.295497894287109,,13.798843383789062,
109.3,20.473354339599609,,19.345748901367188,
109.40000000000001,19.803943634033203,,18.571586608886719,
109.5,17.560653686523438,,16.438163757324219,
109.59999999999999,15.915233612060547,,17.043693542480469,
109.7,15.378684997558594,,16.905723571777344,
109.8,15.583084106445312,,15.446823120117188,
109.90000000000001,16.832477569580078,,14.611335754394531,
110,19.165195465087891,16.042779922485352,14.733978271484375,19.292604446411133
110.09999999999999,20.199970245361328,,14.243415832519531,
110.2,18.299049377441406,,13.551010131835938,
110.3,15.871799468994141,,13.834617614746094,
110.40000000000001,14.842132568359375,,14.432487487792969,
110.5,14.83447265625,,14.659881591796875,
110.59999999999999,16.002105712890625,,14.501472473144531,
110.7,19.6531982421875,,14.130996704101562,
110.8,25.312522888183594,,14.322616577148438,
110.90000000000001,26.896625518798828,,16.152000427246094,
111,24.277748107910156,,18.622684478759766,
111.09999999999999,22.739639282226562,,20.331981658935547,
111.2,21.135097503662109,,19.568035125732422,
111.3,17.805934906005859,,16.136672973632812,
111.40000000000001,14.939224243164062,,13.392601013183594,
111.5,13.659172058105469,,13.430923461914062,
111.59999999999999,12.195152282714844,,14.268966674804688,
111.7,11.109275817871094,,13.852500915527344,
111.8,11.783798217773438,,12.669532775878906,
111.90000000000001,13.740928649902344,,11.8902587890625,
112,16.019989013671875,,11.156974792480469,
112.09999999999999,18.375698089599609,,10.022552490234375,
112.2,20.268955230712891,,10.14263916015625,
112.3,21.801952362060547,,10.622978210449219,
112.40000000000001,24.625228881835938,,10.114532470703125,
112.5,28.117912292480469,,9.4681167602539062,
112.59999999999999,30.432743072509766,,10.375144958496094,
112.7,29.114364624023438,,12.600547790527344,
112.8,24.438713073730469,,13.681312561035156,
112.90000000000001,19.931694030761719,,14.567901611328125,
113,17.966899871826172,,16.691108703613281,
113.09999999999999,18.490673065185547,,18.594581604003906,
113.2,18.191738128662109,,19.67279052734375,
113.3,14.847244262695312,,20.605365753173828,
113.40000000000001,11.852783203125,,20.871086120605469,
113.5,10.43731689453125,,21.821544647216797,
113.59999999999999,9.2083587646484375,,24.215579986572266,
113.7,9.3131179809570312,,27.248363494873047,
113.8,10.123046875,,28.175830841064453,
113.90000000000001,9.8879928588867188,,25.605499267578125,
114,9.7116928100585938,,22.746456146240234,
114.09999999999999,12.087844848632812,,20.705009460449219,
114.2,15.736385345458984,,18.727439880371094,
114.3,18.692520141601562,,17.268535614013672,
114.40000000000001,22.461143493652344,,16.504592895507812,
114.5,28.112804412841797,,15.296073913574219,
114.59999999999999,33.887104034423828,,14.458038330078125,
114.7,39.020099639892578,,14.176986694335938,
114.8,43.626762390136719,,13.780960083007812,
114.90000000000001,46.856281280517578,,13.402816772460938,
115,49.028030395507812,,13.014457702636719,
115.09999999999999,51.874301910400391,,12.437026977539062,
115.2,55.734909057617188,,11.913253784179688,
115.3,57.037956237792969,,12.20452880859375,
115.40000000000001,52.60247802734375,,12.329719543457031,
115.5,44.970691680908203,,11.8902587890625,
115.59999999999999,38.457996368408203,,11.808502197265625,
115.7,32.870212554931641,,12.214744567871094,
115.8,27.149570465087891,,12.779403686523438,
115.90000000000001,22.458587646484375,,12.894378662109375,
116,19.397697448730469,,12.475357055664062,
116.09999999999999,17.675628662109375,,11.639869689941406,
116.2,15.912677764892578,,11.072662353515625,
116.3,13.605514526367188,,11.343490600585938,
116.40000000000001,11.515525817871094,,11.887702941894531,
116.5,9.9927444458007812,,12.48046875,
116.59999999999999,8.7177963256835938,,12.677200317382812,
116.7,7.9666290283203125,,12.176422119140625,
116.8,8.41375732421875,,11.885147094726562,
116.90000000000001,9.2901229858398438,,12.097213745117188,
117,9.801116943359375,,11.98223876953125,
117.09999999999999,10.000411987304688,,10.985794067382812,
117.2,10.066841125488281,,9.3403701782226562,
117.3,10.077056884765625,,9.4655685424804688,
117.40000000000001,9.8036727905273438,,12.636322021484375,
117.5,9.7065811157226562,,12.24029541015625,
117.59999999999999,10.460311889648438,,9.360809326171875,
117.7,12.328010559082031,,9.0567626953125,
117.8,16.127300262451172,,9.1845169067382812,
117.90000000000001,20.299613952636719,,9.6801834106445312,
118,22.923599243164062,,11.082878112792969,
118.09999999999999,24.244533538818359,,12.444694519042969,
118.2,24.622673034667969,,13.612327575683594,
118.3,24.589458465576172,,16.072792053222656,
118.40000000000001,24.175548553466797,,19.1387939453125,
118.5,22.652767181396484,,20.763774871826172,
118.59999999999999,19.586769104003906,,20.822540283203125,
118.7,17.182514190673828,,20.559375762939453,
118.8,17.473785400390625,,20.099475860595703,
118.90000000000001,17.363918304443359,,19.851638793945312,
119,14.175277709960938,,19.608913421630859,
119.09999999999999,10.892105102539062,,17.705440521240234,
119.2,11.546180725097656,,15.211761474609375,
119.3,15.687839508056641,,13.957252502441406,
119.40000000000001,20.930698394775391,,14.417152404785156,
119.5,26.316638946533203,,14.764633178710938,
119.59999999999999,30.499172210693359,,13.502464294433594,
119.7,34.068508148193359,,12.224967956542969,
119.8,38.542312622070312,,11.657752990722656,
119.90000000000001,43.677864074707031,,12.09210205078125,
120,48.506813049316406,16.260162353515625,12.278617858886719,19.565217971801758
120.09999999999999,51.470611572265625,,11.591323852539062,
120.2,51.728668212890625,,10.582099914550781,
120.3,49.352516174316406,,9.9663467407226562,
120.40000000000001,45.540458679199219,,10.502899169921875,
120.5,41.730953216552734,,10.891258239746094,
120.59999999999999,36.362899780273438,,10.628089904785156,
120.7,29.607479095458984,,10.25250244140625,
120.8,24.571575164794922,,10.221847534179688,
120.90000000000001,22.197978973388672,,10.395584106445312,
121,21.163204193115234,,10.357261657714844,
121.09999999999999,18.766613006591797,,10.18096923828125,
121.2,15.462997436523438,,9.8513717651367188,
121.3,13.015312194824219,,10.416023254394531,
121.40000000000001,11.561515808105469,,12.541786193847656,
121.5,10.866554260253906,,14.647102355957031,
121.59999999999999,10.460311889648438,,15.467262268066406,
121.7,9.6963653564453125,,15.648666381835938,
121.8,9.0346221923828125,,16.691108703613281,
121.90000000000001,9.6018295288085938,,18.908843994140625,
122,9.875213623046875,,21.681018829345703,
122.09999999999999,9.4868545532226562,,22.496063232421875,
122.2,9.0141830444335938,,20.063705444335938,
122.3,8.4674072265625,,17.820415496826172,
122.40000000000001,8.1991348266601562,,17.715660095214844,
122.5,8.6156005859375,,17.618568420410156,
122.59999999999999,10.102607727050781,,16.17755126953125,
122.7,12.195152282714844,,14.682876586914062,
122.8,15.322471618652344,,14.317512512207031,
122.90000000000001,19.56121826171875,,14.437591552734375,
123,24.098899841308594,,14.046676635742188,
123.09999999999999,28.501163482666016,,13.101333618164062,
123.2,32.195693969726562,,12.250518798828125,
123.3,35.348564147949219,,12.393592834472656,
123.40000000000001,38.912788391113281,,12.357826232910156,
123.5,43.925697326660156,,11.507011413574219,
123.59999999999999,47.919162750244141,,10.95257568359375,
123.7,47.311073303222656,,11.057327270507812,
123.8,43.143867492675781,,11.374153137207031,
123.90000000000001,39.196392059326172,,11.417587280273438,
124,36.7257080078125,,11.123764038085938,
124.09999999999999,33.299453735351562,,10.653640747070312,
124.2,28.322315216064453,,10.771171569824219,
124.3,23.889389038085938,,11.167198181152344,
124.40000000000001,20.772289276123047,,11.208076477050781,
124.5,17.818710327148438,,11.315383911132812,
124.59999999999999,14.619850158691406,,11.629653930664062,
124.7,12.823684692382812,,12.710418701171875,
124.8,12.578407287597656,,14.422264099121094,
124.90000000000001,12.039299011230469,,16.118782043457031,
125,10.886993408203125,,16.951713562011719,
125.09999999999999,9.7781219482421875,,17.230209350585938,
125.2,9.1623687744140625,,18.962501525878906,
125.3,8.9784088134765625,,21.279884338378906,
125.40000000000001,8.96563720703125,,21.9722900390625,
125.5,8.6130447387695312,,20.607921600341797,
125.59999999999999,8.0867156982421875,,19.04681396484375,
125.7,8.3013381958007812,,18.563919067382812,
125.8,8.8506622314453125,,18.058029174804688,
125.90000000000001,9.8317794799804688,,16.716651916503906,
126,11.794021606445312,,15.359947204589844,
126.09999999999999,13.978546142578125,,15.099342346191406,
126.2,16.382797241210938,,15.635887145996094,
126.3,19.686412811279297,,15.206649780273438,
126.40000000000001,24.285415649414062,,13.82183837890625,
126.5,28.731113433837891,,12.822837829589844,
126.59999999999999,32.471633911132812,,12.452362060546875,
126.7,36.518753051757812,,12.656761169433594,
126.8,40.93890380859375,,12.526458740234375,
126.90000000000001,44.076442718505859,,11.862152099609375,
127,43.355934143066406,,11.542778015136719,
127.09999999999999,39.758491516113281,,11.624542236328125,
127.2,35.593841552734375,,11.530006408691406,
127.3,31.518619537353516,,11.190193176269531,
127.40000000000001,27.438282012939453,,10.865707397460938,
127.5,23.840843200683594,,11.151863098144531,
127.59999999999999,21.582221984863281,,12.46002197265625,
127.7,20.746738433837891,,13.814178466796875,
127.8,19.977684020996094,,14.570457458496094,
127.90000000000001,17.977119445800781,,14.846397399902344,
128,15.417007446289062,,15.758529663085938,
128.09999999999999,13.365341186523438,,17.467826843261719,
128.19999999999999,11.952430725097656,,17.593021392822266,
128.30000000000001,10.930427551269531,,16.312965393066406,
128.40000000000001,9.967193603515625,,15.168327331542969,
128.5,9.4868545532226562,,14.641998291015625,
128.59999999999999,9.5226211547851562,,14.649658203125,
128.69999999999999,9.6989212036132812,,14.509132385253906,
128.80000000000001,10.100051879882812,,14.056900024414062,
128.90000000000001,10.705589294433594,,14.258743286132812,
129,11.855339050292969,,15.932273864746094,
129.09999999999999,13.671943664550781,,17.102462768554688,
129.19999999999999,16.17584228515625,,17.365623474121094,
129.30000000000001,19.19329833984375,,17.753986358642578,
129.40000000000001,22.223529815673828,,18.747879028320312,
129.5,25.391727447509766,,21.024383544921875,
129.59999999999999,28.112804412841797,,22.989181518554688,
129.69999999999999,28.521602630615234,,22.567604064941406,
129.80000000000001,26.033035278320312,,21.734676361083984,
129.90000000000001,22.433040618896484,,24.1798095703125,
130,19.336380004882812,16.759777069091797,26.226364135742188,20.329139709472656
130.09999999999999,17.223392486572266,,23.817001342773438,
130.19999999999999,16.919349670410156,,20.646244049072266,
130.30000000000001,18.186630249023438,,19.810760498046875,
130.40000000000001,20.894927978515625,,20.669239044189453,
130.5,25.049358367919922,,21.256889343261719,
130.59999999999999,29.479728698730469,,20.763774871826172,
130.69999999999999,33.207473754882812,,19.777545928955078,
130.80000000000001,36.242813110351562,,19.596141815185547,
130.90000000000001,39.630744934082031,,19.910404205322266,
131,43.826053619384766,,19.378963470458984,
131.09999999999999,47.630447387695312,,18.556255340576172,
131.19999999999999,48.212989807128906,,17.971160888671875,
131.30000000000001,46.536907196044922,,17.715660095214844,
131.40000000000001,46.033573150634766,,17.194438934326172,
131.5,46.943153381347656,,16.016586303710938,
131.59999999999999,47.431156158447266,,14.828514099121094,
131.69999999999999,46.174098968505859,,14.672653198242188,
131.80000000000001,43.877151489257812,,14.644546508789062,
131.90000000000001,41.991561889648438,,13.709419250488281,
132,41.792274475097656,,13.131988525390625,
132.09999999999999,41.894474029541016,,12.896926879882812,
132.19999999999999,41.081981658935547,,13.1038818359375,
132.30000000000001,41.107532501220703,,13.947036743164062,
132.40000000000001,41.736064910888672,,14.685432434082031,
132.5,40.593978881835938,,15.216873168945312,
132.59999999999999,37.292919158935547,,16.466262817382812,
132.69999999999999,33.360774993896484,,18.747879028320312,
132.80000000000001,29.464397430419922,,19.979389190673828,
132.90000000000001,25.657447814941406,,19.8746337890625,
133,22.190315246582031,,21.177684783935547,
133.09999999999999,18.884143829345703,,25.628494262695312,
133.19999999999999,16.505439758300781,,27.335235595703125,
133.30000000000001,15.672508239746094,,23.001953125,
133.40000000000001,14.706718444824219,,18.351856231689453,
133.5,13.337242126464844,,16.591461181640625,
133.59999999999999,12.511970520019531,,16.823966979980469,
133.69999999999999,12.685714721679688,,16.892951965332031,
133.80000000000001,14.297920227050781,,16.622123718261719,
133.90000000000001,16.893798828125,,16.197990417480469,
134,19.724739074707031,,15.666549682617188,
134.09999999999999,22.836727142333984,,16.1954345703125,
134.19999999999999,26.125015258789062,,17.845966339111328,
134.30000000000001,28.674903869628906,,18.977828979492188,
134.40000000000001,29.564044952392578,,19.813316345214844,
134.5,29.372417449951172,,21.946739196777344,
134.59999999999999,29.740337371826172,,23.957523345947266,
134.69999999999999,29.942184448242188,,24.693363189697266,
134.80000000000001,28.950843811035156,,24.8057861328125,
134.90000000000001,27.049922943115234,,24.460861206054688,
135,25.348293304443359,,23.431194305419922,
135.09999999999999,25.721324920654297,,21.683574676513672,
135.19999999999999,27.282428741455078,,18.788761138916016,
135.30000000000001,27.382072448730469,,16.256752014160156,
135.40000000000001,26.122459411621094,,16.034469604492188,
135.5,25.463268280029297,,16.517364501953125,
135.59999999999999,27.182785034179688,,15.835182189941406,
135.69999999999999,31.567161560058594,,14.856613159179688,
135.80000000000001,36.470207214355469,,14.217864990234375,
135.90000000000001,41.025772094726562,,14.210197448730469,
136,46.122997283935547,,14.639442443847656,
136.09999999999999,51.705673217773438,,14.498916625976562,
136.19999999999999,57.267906188964844,,13.957252502441406,
136.30000000000001,61.910343170166016,,13.722198486328125,
136.40000000000001,62.692173004150391,,14.350723266601562,
136.5,58.734477996826172,,14.509132385253906,
136.59999999999999,52.71234130859375,,13.985359191894531,
136.69999999999999,44.694751739501953,,13.597000122070312,
136.80000000000001,35.895332336425781,,13.336387634277344,
136.90000000000001,29.224227905273438,,13.796287536621094,
137,25.011032104492188,,14.956260681152344,
137.09999999999999,21.968029022216797,,15.53369140625,
137.19999999999999,18.592872619628906,,15.500473022460938,
137.30000000000001,14.619850158691406,,16.190322875976562,
137.40000000000001,11.293235778808594,,18.022258758544922,
137.5,9.8266677856445312,,19.736663818359375,
137.59999999999999,9.3488845825195312,,20.498054504394531,
137.69999999999999,8.8199996948242188,,21.009056091308594,
137.80000000000001,9.3131179809570312,,22.948299407958984,
137.90000000000001,11.206367492675781,,25.513519287109375,
138,13.293807983398438,,25.260574340820312,
138.09999999999999,14.957107543945312,,22.309551239013672,
138.19999999999999,15.718498229980469,,19.879745483398438,
138.30000000000001,16.421123504638672,,19.335529327392578,
138.40000000000001,18.362922668457031,,18.553699493408203,
138.5,21.847942352294922,,16.754981994628906,
138.59999999999999,25.465824127197266,,15.308853149414062,
138.69999999999999,28.90740966796875,,14.933265686035156,
138.80000000000001,33.396541595458984,,15.663993835449219,
138.90000000000001,38.307254791259766,,16.399833679199219,
139,43.590991973876953,,16.315521240234375,
139.09999999999999,48.333072662353516,,15.786636352539062,
139.19999999999999,51.708229064941406,,15.252639770507812,
139.30000000000001,55.129371643066406,,15.36761474609375,
139.40000000000001,58.300125122070312,,15.344619750976562,
139.5,57.620498657226562,,15.027801513671875,
139.59999999999999,51.40673828125,,14.739082336425781,
139.69999999999999,43.820941925048828,,14.7237548828125,
139.80000000000001,38.887237548828125,,15.684432983398438,
139.90000000000001,35.775249481201172,,16.17755126953125,
140,32.543174743652344,14.900662422180176,15.865837097167969,17.897090911865234
140.09999999999999,28.843532562255859,,15.319068908691406,
140.19999999999999,25.156669616699219,,15.436599731445312,
140.30000000000001,21.753410339355469,,15.965484619140625,
140.40000000000001,18.470233917236328,,15.140220642089844,
140.5,15.575416564941406,,13.714530944824219,
140.59999999999999,13.518646240234375,,12.904594421386719,
140.69999999999999,12.821128845214844,,13.249519348144531,
140.80000000000001,13.71026611328125,,14.15399169921875,
140.90000000000001,15.4578857421875,,14.151435852050781,
141,16.50799560546875,,13.775848388671875,
141.09999999999999,16.091529846191406,,13.949592590332031,
141.19999999999999,15.399124145507812,,14.8719482421875,
141.30000000000001,15.263710021972656,,15.045684814453125,
141.40000000000001,15.143623352050781,,14.082450866699219,
141.5,14.83447265625,,13.147323608398438,
141.59999999999999,14.734825134277344,,12.539230346679688,
141.69999999999999,15.360801696777344,,12.375709533691406,
141.80000000000001,16.602527618408203,,12.281173706054688,
141.90000000000001,17.818710327148438,,12.010345458984375,
142,18.350147247314453,,12.227523803710938,
142.09999999999999,17.900470733642578,,14.008354187011719,
142.19999999999999,17.540214538574219,,15.686988830566406,
142.30000000000001,17.698623657226562,,15.786636352539062,
142.40000000000001,17.53765869140625,,15.094230651855469,
142.5,16.911685943603516,,14.754417419433594,
142.59999999999999,17.057319641113281,,14.754417419433594,
142.69999999999999,18.135528564453125,,14.294517517089844,
142.80000000000001,18.983787536621094,,13.356826782226562,
142.90000000000001,18.079319000244141,,12.46002197265625,
143,15.184501647949219,,12.955696105957031,
143.09999999999999,12.225814819335938,,14.435043334960938,
143.19999999999999,10.414321899414062,,15.308853149414062,
143.30000000000001,10.000411987304688,,15.497917175292969,
143.40000000000001,10.490966796875,,15.942489624023438,
143.5,12.233482360839844,,17.529144287109375,
143.59999999999999,15.572860717773438,,20.038154602050781,
143.69999999999999,19.292945861816406,,22.89208984375,
143.80000000000001,21.543899536132812,,24.693363189697266,
143.90000000000001,21.119770050048828,,25.6514892578125,
144,19.364482879638672,,28.214153289794922,
144.09999999999999,17.312820434570312,,31.400238037109375,
144.19999999999999,14.681167602539062,,33.201515197753906,
144.30000000000001,11.901329040527344,,32.815708160400391,
144.40000000000001,10.772018432617188,,30.143180847167969,
144.5,12.859451293945312,,27.169158935546875,
144.59999999999999,16.732833862304688,,24.448085784912109,
144.69999999999999,20.7569580078125,,20.676906585693359,
144.80000000000001,24.193435668945312,,17.209770202636719,
144.90000000000001,26.694778442382812,,16.277198791503906,
145,29.288105010986328,,17.038581848144531,
145.09999999999999,33.370994567871094,,16.783088684082031,
145.19999999999999,39.173397064208984,,15.492813110351562,
145.30000000000001,44.582332611083984,,14.897499084472656,
145.40000000000001,48.534919738769531,,15.165771484375,
145.5,52.663795471191406,,15.549018859863281,
145.59999999999999,57.413543701171875,,15.096786499023438,
145.69999999999999,61.680389404296875,,14.230636596679688,
145.80000000000001,63.425457000732422,,13.333831787109375,
145.90000000000001,60.791252136230469,,12.628654479980469,
146,54.342430114746094,,12.199417114257812,
146.09999999999999,47.515472412109375,,11.793167114257812,
146.19999999999999,40.517326354980469,,11.530006408691406,
146.30000000000001,32.898319244384766,,11.182525634765625,
146.40000000000001,27.80364990234375,,10.9346923828125,
146.5,25.836299896240234,,10.975570678710938,
146.59999999999999,24.5843505859375,,11.075218200683594,
146.69999999999999,22.223529815673828,,11.4482421875,
146.80000000000001,19.162639617919922,,12.695083618164062,
146.90000000000001,16.280597686767578,,14.603668212890625,
147,14.070526123046875,,15.679328918457031,
147.09999999999999,12.6627197265625,,15.927162170410156,
147.19999999999999,11.106727600097656,,16.292526245117188,
147.30000000000001,9.3386611938476562,,17.263423919677734,
147.40000000000001,8.4699630737304688,,19.195003509521484,
147.5,8.329437255859375,,21.816436767578125,
147.59999999999999,8.5261764526367188,,23.633041381835938,
147.69999999999999,8.2732315063476562,,23.203800201416016,
147.80000000000001,7.151580810546875,,21.969734191894531,
147.90000000000001,6.4182968139648438,,21.466400146484375,
148,6.6891326904296875,,20.699901580810547,
148.09999999999999,7.16180419921875,,19.192451477050781,
148.19999999999999,7.2282333374023438,,17.577690124511719,
148.30000000000001,8.035614013671875,,17.0411376953125,
148.40000000000001,10.342781066894531,,17.861293792724609,
148.5,13.715377807617188,,17.549583435058594,
148.59999999999999,17.762500762939453,,16.1954345703125,
148.69999999999999,21.398262023925781,,15.101898193359375,
148.80000000000001,24.157665252685547,,13.732414245605469,
148.90000000000001,26.945167541503906,,12.695083618164062,
149,30.744453430175781,,11.94647216796875,
149.09999999999999,34.783908843994141,,11.213188171386719,
149.19999999999999,37.004203796386719,,11.325607299804688,
149.30000000000001,37.300582885742188,,11.979682922363281,
149.40000000000001,37.050193786621094,,12.094657897949219,
149.5,35.928546905517578,,12.02056884765625,
149.59999999999999,32.40264892578125,,12.158538818359375,
149.69999999999999,27.45361328125,,12.299057006835938,
149.80000000000001,23.263412475585938,,13.152427673339844,
149.90000000000001,19.755397796630859,,14.808067321777344,
150,16.198837280273438,14.403291702270508,15.916938781738281,16.431924819946289
150.09999999999999,13.112396240234375,,16.095787048339844,
150.19999999999999,10.889549255371094,,16.307853698730469,
150.30000000000001,9.1751480102539062,,17.644119262695312,
150.40000000000001,8.237457275390625,,19.895076751708984,
150.5,8.0662765502929688,,22.115371704101562,
150.59999999999999,7.8490982055664062,,23.354545593261719,
150.69999999999999,7.218017578125,,23.528285980224609,
150.80000000000001,6.7862167358398438,,24.701030731201172,
150.90000000000001,6.75811767578125,,27.281578063964844,
151,7.1464767456054688,,29.307693481445312,
151.09999999999999,8.0994873046875,,28.794139862060547,
151.19999999999999,9.2901229858398438,,25.914653778076172,
151.30000000000001,11.5589599609375,,23.188468933105469,
151.40000000000001,15.169174194335938,,21.389751434326172,
151.5,19.326160430908203,,19.647239685058594,
151.59999999999999,23.296627044677734,,17.697776794433594,
151.69999999999999,26.574691772460938,,15.669105529785156,
151.80000000000001,29.638137817382812,,14.304733276367188,
151.90000000000001,33.120601654052734,,13.975143432617188,
152,37.395118713378906,,13.405372619628906,
152.09999999999999,41.084537506103516,,12.465133666992188,
152.19999999999999,43.552669525146484,,11.233627319335938,
152.30000000000001,46.595672607421875,,10.441574096679688,
152.40000000000001,50.831863403320312,,10.691963195800781,
152.5,55.091049194335938,,10.157974243164062,
152.59999999999999,56.823337554931641,,8.4844436645507812,
152.69999999999999,54.401199340820312,,6.97955322265625,
152.80000000000001,48.907947540283203,,6.1517333984375,
152.90000000000001,42.484676361083984,,5.24981689453125,
153,36.756366729736328,,3.9850921630859375,
153.09999999999999,31.367874145507812,,3.11639404296875,
153.19999999999999,25.417278289794922,,4.5625228881835938,
153.30000000000001,20.460578918457031,,6.3663482666015625,
153.40000000000001,17.417575836181641,,6.1875,
153.5,15.703170776367188,,6.8109207153320312,
153.59999999999999,14.364349365234375,,8.6454086303710938,
153.69999999999999,13.015312194824219,,11.43035888671875,
153.80000000000001,12.580955505371094,,14.0977783203125,
153.90000000000001,12.823684692382812,,14.534683227539062,
154,12.632057189941406,,13.078338623046875,
154.09999999999999,11.119499206542969,,10.648529052734375,
154.19999999999999,9.4817428588867188,,8.5636520385742188,
154.30000000000001,8.8966522216796875,,7.9555587768554688,
154.40000000000001,8.7867813110351562,,8.3515853881835938,
154.5,8.2885589599609375,,8.4767837524414062,
154.59999999999999,7.1950225830078125,,9.0874252319335938,
154.69999999999999,6.6661376953125,,9.6444168090820312,
154.80000000000001,7.667694091796875,,9.5882034301757812,
154.90000000000001,8.9784088134765625,,9.5856475830078125,
155,10.120491027832031,,10.395584106445312,
155.09999999999999,11.868110656738281,,11.834053039550781,
155.19999999999999,14.016868591308594,,13.476913452148438,
155.30000000000001,15.046531677246094,,13.964920043945312,
155.40000000000001,14.686279296875,,13.126876831054688,
155.5,15.151290893554688,,13.901046752929688,
155.59999999999999,14.849800109863281,,14.672653198242188,
155.69999999999999,11.528297424316406,,15.377838134765625,
155.80000000000001,7.943634033203125,,16.553138732910156,
155.90000000000001,6.4131927490234375,,16.698768615722656,
156,6.305877685546875,,16.215873718261719,
156.09999999999999,6.305877685546875,,14.859169006347656,
156.19999999999999,6.2496719360351562,,14.130996704101562,
156.30000000000001,6.9241867065429688,,14.151435852050781,
156.40000000000001,7.8746490478515625,,13.678756713867188,
156.5,8.9400863647460938,,13.185646057128906,
156.59999999999999,10.815452575683594,,12.224967956542969,
156.69999999999999,12.890113830566406,,11.11865234375,
156.80000000000001,15.233047485351562,,10.467124938964844,
156.90000000000001,18.311824798583984,,9.8820343017578125,
157,21.150428771972656,,9.3838043212890625,
157.09999999999999,23.350284576416016,,9.02099609375,
157.19999999999999,26.038143157958984,,8.6837387084960938,
157.30000000000001,28.013156890869141,,8.26727294921875,
157.40000000000001,27.072917938232422,,8.0654220581054688,
157.5,22.565898895263672,,8.0782012939453125,
157.59999999999999,17.292377471923828,,8.11907958984375,
157.69999999999999,13.983657836914062,,8.3388137817382812,
157.80000000000001,11.592170715332031,,8.9034652709960938,
157.90000000000001,9.5737228393554688,,9.6111984252929688,
158,7.9180831909179688,,10.303604125976562,
158.09999999999999,6.4668426513671875,,11.057327270507812,
158.19999999999999,5.478057861328125,,11.747177124023438,
158.30000000000001,5.1893463134765625,,12.360382080078125,
158.40000000000001,5.120361328125,,12.953140258789062,
158.5,4.95428466796875,,13.446258544921875,
158.59999999999999,4.614471435546875,,13.816726684570312,
158.69999999999999,4.1852264404296875,,14.146324157714844,
158.80000000000001,3.7892074584960938,,14.092666625976562,
158.90000000000001,3.6103515625,,13.543342590332031,
159,3.6640090942382812,,13.004241943359375,
159.09999999999999,3.8454132080078125,,12.656761169433594,
159.19999999999999,4.098358154296875,,12.127876281738281,
159.30000000000001,4.3794097900390625,,11.5606689453125,
159.40000000000001,4.6195831298828125,,11.164642333984375,
159.5,4.8980712890625,,10.6766357421875,
159.59999999999999,5.3911895751953125,,10.214179992675781,
159.69999999999999,6.068267822265625,,10.06854248046875,
159.80000000000001,6.8858642578125,,10.152862548828125,
159.90000000000001,7.8005523681640625,,10.170745849609375,
160,8.643707275390625,13.992537498474121,10.298492431640625,14.272121429443359
160.09999999999999,9.4510879516601562,,10.462013244628906,
160.19999999999999,10.235466003417969,,10.336822509765625,
160.30000000000001,10.462867736816406,,10.094093322753906,
160.40000000000001,9.9186477661132812,,10.170745849609375,
160.5,9.1266021728515625,,10.5284423828125,
160.59999999999999,8.2272415161132812,,10.717514038085938,
160.69999999999999,7.16180419921875,,11.047111511230469,
160.80000000000001,6.2547760009765625,,11.455909729003906,
160.90000000000001,5.6313629150390625,,11.476348876953125,
161,5.1612396240234375,,11.698638916015625,
161.09999999999999,4.8112030029296875,,12.201972961425781,
161.19999999999999,4.6297988891601562,,13.369606018066406,
161.30000000000001,4.5327072143554688,,14.552566528320312,
161.40000000000001,4.4100723266601562,,14.092666625976562,
161.5,4.466278076171875,,13.443702697753906,
161.59999999999999,4.7038955688476562,,13.2520751953125,
161.69999999999999,5.018157958984375,,12.235183715820312,
161.80000000000001,5.4371795654296875,,10.980682373046875,
161.90000000000001,5.7284469604492188,,10.060882568359375,
162,5.9992828369140625,,10.43646240234375,
162.09999999999999,6.5562667846679688,,11.047111511230469,
162.19999999999999,7.447967529296875,,10.645973205566406,
162.30000000000001,7.9845123291015625,,8.826812744140625,
162.40000000000001,8.1429214477539062,,7.9862213134765625,
162.5,9.0141830444335938,,8.3566970825195312,
162.59999999999999,10.416877746582031,,8.5917587280273438,
162.69999999999999,11.771026611328125,,10.163078308105469,
162.80000000000001,12.793022155761719,,12.245407104492188,
162.90000000000001,12.243698120117188,,13.870384216308594,
163,10.317230224609375,,14.3916015625,
163.09999999999999,8.8889846801757812,,13.420707702636719,
163.19999999999999,7.815887451171875,,12.603103637695312,
163.30000000000001,6.75811767578125,,13.024681091308594,
163.40000000000001,6.4387359619140625,,13.239303588867188,
163.5,6.8347625732421875,,12.069107055664062,
163.59999999999999,7.1132583618164062,,9.5064468383789062,
163.69999999999999,6.1525802612304688,,9.0516586303710938,
163.80000000000001,4.88018798828125,,9.7798309326171875,
163.90000000000001,4.8265380859375,,9.7185134887695312,
164,5.4729461669921875,,10.750732421875,
164.09999999999999,6.252227783203125,,12.176422119140625,
164.19999999999999,7.4684066772460938,,13.1422119140625,
164.30000000000001,9.4280929565429688,,13.533126831054688,
164.40000000000001,11.607505798339844,,13.63787841796875,
164.5,13.347457885742188,,13.482025146484375,
164.59999999999999,14.032196044921875,,12.212188720703125,
164.69999999999999,13.648948669433594,,10.6766357421875,
164.80000000000001,13.516090393066406,,9.48089599609375,
164.90000000000001,12.575851440429688,,8.19317626953125,
165,9.3437728881835938,,7.8201446533203125,
165.09999999999999,6.6789093017578125,,8.00921630859375,
165.19999999999999,6.592041015625,,7.3755722045898438,
165.30000000000001,7.7903366088867188,,6.6882781982421875,
165.40000000000001,9.3718795776367188,,8.5559844970703125,
165.5,12.0009765625,,13.883163452148438,
165.59999999999999,15.938228607177734,,19.340641021728516,
165.69999999999999,19.637870788574219,,23.538505554199219,
165.80000000000001,21.929702758789062,,22.754119873046875,
165.90000000000001,22.974697113037109,,19.797985076904297,
166,23.414157867431641,,16.113677978515625,
166.09999999999999,22.259300231933594,,14.769744873046875,
166.19999999999999,19.453910827636719,,16.586349487304688,
166.30000000000001,16.783935546875,,21.221118927001953,
166.40000000000001,14.067970275878906,,24.473636627197266,
166.5,12.282020568847656,,20.577259063720703,
166.59999999999999,11.65093994140625,,15.589897155761719,
166.69999999999999,11.786354064941406,,14.626663208007812,
166.80000000000001,12.1849365234375,,14.174430847167969,
166.90000000000001,12.563072204589844,,14.573013305664062,
167,15.069526672363281,,15.303741455078125,
167.09999999999999,22.077892303466797,,15.066123962402344,
167.19999999999999,30.092929840087891,,14.049232482910156,
167.30000000000001,34.59228515625,,13.23419189453125,
167.40000000000001,35.690933227539062,,13.719642639160156,
167.5,33.243244171142578,,17.334964752197266,
167.59999999999999,31.715354919433594,,20.173568725585938,
167.69999999999999,33.80023193359375,,18.047809600830078,
167.80000000000001,36.465099334716797,,15.807075500488281,
167.90000000000001,36.656723022460938,,15.007362365722656,
168,29.908969879150391,,14.06201171875,
168.09999999999999,21.336944580078125,,14.501472473144531,
168.19999999999999,18.222400665283203,,15.101898193359375,
168.30000000000001,17.941349029541016,,14.243415832519531,
168.40000000000001,19.683860778808594,,13.111549377441406,
168.5,23.503582000732422,,12.301612854003906,
168.59999999999999,27.103580474853516,,12.196861267089844,
168.69999999999999,28.825649261474609,,11.68841552734375,
168.80000000000001,28.406627655029297,,10.589767456054688,
168.90000000000001,27.315643310546875,,10.523338317871094,
169,27.811313629150391,,11.563217163085938,
169.09999999999999,28.953399658203125,,13.443702697753906,
169.19999999999999,26.909397125244141,,15.265419006347656,
169.30000000000001,22.57867431640625,,15.901611328125,
169.40000000000001,19.034889221191406,,15.927162170410156,
169.5,16.559093475341797,,17.306861877441406,
169.59999999999999,14.691390991210938,,18.190891265869141,
169.69999999999999,13.447105407714844,,16.875068664550781,
169.80000000000001,11.975425720214844,,15.686988830566406,
169.90000000000001,9.8087844848632812,,14.992027282714844,
170,8.3345489501953125,8.1595649719238281,14.539794921875,12.842465400695801
170.09999999999999,7.5629425048828125,,14.360946655273438,
170.19999999999999,7.0110626220703125,,13.489692687988281,
170.30000000000001,7.1209259033203125,,11.864707946777344,
170.40000000000001,8.3064422607421875,,10.408363342285156,
170.5,10.151153564453125,,10.651084899902344,
170.59999999999999,13.017860412597656,,11.310272216796875,
170.69999999999999,16.653629302978516,,10.339378356933594,
170.80000000000001,19.441135406494141,,9.1564102172851562,
170.90000000000001,21.589889526367188,,9.3199310302734375,
171,23.879169464111328,,10.781387329101562,
171.09999999999999,24.939495086669922,,12.958251953125,
171.19999999999999,23.656883239746094,,14.828514099121094,
171.30000000000001,21.582221984863281,,15.219429016113281,
171.40000000000001,19.732402801513672,,15.308853149414062,
171.5,17.675628662109375,,16.767753601074219,
171.59999999999999,15.9739990234375,,18.898624420166016,
171.69999999999999,14.361793518066406,,19.685565948486328,
171.80000000000001,11.863006591796875,,18.617576599121094,
171.90000000000001,9.8036727905273438,,16.793304443359375,
172,9.4102020263671875,,15.51580810546875,
172.09999999999999,9.2696762084960938,,16.065132141113281,
172.19999999999999,8.2553482055664062,,16.632339477539062,
172.30000000000001,7.8005523681640625,,15.290962219238281,
172.40000000000001,8.8966522216796875,,13.310836791992188,
172.5,10.838447570800781,,12.176422119140625,
172.59999999999999,14.00665283203125,,11.818717956542969,
172.69999999999999,18.761505126953125,,11.187637329101562,
172.80000000000001,23.253192901611328,,10.301048278808594,
172.90000000000001,27.088249206542969,,9.526885986328125,
173,30.994842529296875,,9.14874267578125,
173.09999999999999,34.418544769287109,,9.7772750854492188,
173.19999999999999,37.088520050048828,,11.358818054199219,
173.30000000000001,36.391002655029297,,12.799842834472656,
173.40000000000001,31.370429992675781,,13.3619384765625,
173.5,25.843963623046875,,13.727302551269531,
173.59999999999999,23.041130065917969,,14.884719848632812,
173.69999999999999,22.41259765625,,16.859733581542969,
173.80000000000001,20.064552307128906,,18.257320404052734,
173.90000000000001,15.6060791015625,,18.970165252685547,
174,12.123611450195312,,19.953838348388672,
174.09999999999999,10.123046875,,22.368316650390625,
174.19999999999999,8.8685455322265625,,27.884559631347656,
174.30000000000001,7.9742965698242188,,33.853038787841797,
174.40000000000001,7.01361083984375,,32.572982788085938,
174.5,6.2752227783203125,,24.655040740966797,
174.59999999999999,6.9522933959960938,,19.036594390869141,
174.69999999999999,9.29522705078125,,17.457603454589844,
174.80000000000001,12.611618041992188,,17.526588439941406,
174.90000000000001,15.830917358398438,,17.526588439941406,
175,19.114093780517578,,16.003807067871094,
175.09999999999999,23.713092803955078,,14.092666625976562,
175.19999999999999,28.973838806152344,,12.932701110839844,
175.30000000000001,34.415988922119141,,12.904594421386719,
175.40000000000001,40.047206878662109,,13.239303588867188,
175.5,44.9681396484375,,12.567337036132812,
175.59999999999999,49.93505859375,,11.06243896484375,
175.69999999999999,56.672592163085938,,9.986785888671875,
175.80000000000001,63.256828308105469,,9.7696075439453125,
175.90000000000001,63.540431976318359,,10.119644165039062,
176,55.494735717773438,,10.449241638183594,
176.09999999999999,44.80206298828125,,9.8411483764648438,
176.19999999999999,36.672054290771484,,9.3148193359375,
176.30000000000001,32.543174743652344,,9.9101333618164062,
176.40000000000001,30.330543518066406,,11.443138122558594,
176.5,26.835304260253906,,13.727302551269531,
176.59999999999999,21.776405334472656,,15.572013854980469,
176.69999999999999,16.898910522460938,,16.116233825683594,
176.80000000000001,13.34234619140625,,17.125457763671875,
176.90000000000001,11.638160705566406,,19.424953460693359,
177,10.818008422851562,,22.409194946289062,
177.09999999999999,9.14959716796875,,25.426651000976562,
177.19999999999999,7.3662033081054688,,26.870223999023438,
177.30000000000001,6.5537109375,,26.831901550292969,
177.40000000000001,6.6865768432617188,,27.496200561523438,
177.5,7.2512283325195312,,30.347579956054688,
177.59999999999999,7.2563400268554688,,33.566879272460938,
177.69999999999999,6.9599609375,,32.713508605957031,
177.80000000000001,8.3524322509765625,,26.727146148681641,
177.90000000000001,12.435325622558594,,20.291099548339844,
178,19.119205474853516,,17.087127685546875,
178.09999999999999,27.573699951171875,,16.134117126464844,
178.19999999999999,34.364887237548828,,16.106010437011719,
178.30000000000001,38.636848449707031,,15.906723022460938,
178.40000000000001,42.824493408203125,,14.404380798339844,
178.5,47.776084899902344,,12.932701110839844,
178.59999999999999,53.476287841796875,,12.286285400390625,
178.69999999999999,59.079402923583984,,11.803390502929688,
178.80000000000001,62.697280883789062,,11.966911315917969,
178.90000000000001,64.66973876953125,,12.419143676757812,
179,67.498123168945312,,11.407363891601562,
179.09999999999999,70.201316833496094,,9.7568359375,
179.19999999999999,69.539573669433594,,9.0644302368164062,
179.30000000000001,63.405017852783203,,8.8574752807617188,
179.40000000000001,53.3204345703125,,9.342926025390625,
179.5,43.994682312011719,,9.8922500610351562,
179.59999999999999,37.451328277587891,,9.3863601684570312,
179.69999999999999,33.626491546630859,,9.11297607421875,
179.80000000000001,31.099597930908203,,9.5958709716796875,
179.90000000000001,26.802089691162109,,10.324043273925781,
180,20.271507263183594,9.0429534912109375,11.887702941894531,13.533834457397461
180.09999999999999,14.313247680664062,,14.381385803222656,
180.19999999999999,10.802680969238281,,16.647666931152344,
180.30000000000001,8.955413818359375,,17.421836853027344,
180.40000000000001,8.6513671875,,17.881736755371094,
180.5,8.6539230346679688,,19.105579376220703,
180.59999999999999,7.5501632690429688,,20.659019470214844,
180.69999999999999,6.60992431640625,,23.099044799804688,
180.80000000000001,6.2624435424804688,,24.123600006103516,
180.90000000000001,6.2803268432617188,,22.253341674804688,
181,6.6303634643554688,,20.390743255615234,
181.09999999999999,6.90374755859375,,18.888404846191406,
181.19999999999999,7.4147491455078125,,17.636455535888672,
181.30000000000001,8.5159530639648438,,18.333969116210938,
181.40000000000001,10.39898681640625,,18.811756134033203,
181.5,13.881454467773438,,16.8214111328125,
181.59999999999999,19.770729064941406,,13.405372619628906,
181.69999999999999,27.080585479736328,,10.060882568359375,
181.80000000000001,32.688808441162109,,10.7864990234375,
181.90000000000001,36.015419006347656,,13.71197509765625,
182,38.496322631835938,,12.649093627929688,
182.09999999999999,41.148414611816406,,10.515670776367188,
182.19999999999999,45.221084594726562,,9.7338409423828125,
182.30000000000001,49.459827423095703,,8.9085769653320312,
182.40000000000001,50.43072509765625,,9.3659210205078125,
182.5,47.073459625244141,,11.195297241210938,
182.59999999999999,41.523998260498047,,12.766624450683594,
182.69999999999999,36.623508453369141,,13.622550964355469,
182.80000000000001,34.078727722167969,,13.658317565917969,
182.90000000000001,32.078163146972656,,12.817726135253906,
183,26.796977996826172,,14.383941650390625,
183.09999999999999,19.829494476318359,,20.148021697998047,
183.19999999999999,14.062858581542969,,21.99017333984375,
183.30000000000001,10.63916015625,,18.367183685302734,
183.40000000000001,10.672370910644531,,15.485145568847656,
183.5,9.8803253173828125,,13.995582580566406,
183.59999999999999,7.1030426025390625,,15.260307312011719,
183.69999999999999,5.3426437377929688,,16.364067077636719,
183.80000000000001,4.8035430908203125,,14.519355773925781,
183.90000000000001,6.1755752563476562,,11.915809631347656,
184,9.5430679321289062,,10.022552490234375,
184.09999999999999,13.756256103515625,,10.541221618652344,
184.19999999999999,17.228504180908203,,11.601547241210938,
184.30000000000001,19.405364990234375,,10.717514038085938,
184.40000000000001,21.510684967041016,,9.7210617065429688,
184.5,24.362064361572266,,9.6571884155273438,
184.59999999999999,29.663688659667969,,10.909141540527344,
184.69999999999999,33.639266967773438,,13.852500915527344,
184.80000000000001,30.583488464355469,,16.231208801269531,
184.90000000000001,24.397834777832031,,16.739646911621094,
185,19.926582336425781,,16.274642944335938,
185.09999999999999,18.104869842529297,,17.0411376953125,
185.19999999999999,17.601535797119141,,19.614025115966797,
185.30000000000001,15.62396240234375,,19.207778930664062,
185.40000000000001,11.886001586914062,,15.945045471191406,
185.5,8.5185089111328125,,13.584228515625,
185.59999999999999,7.1873550415039062,,12.879043579101562,
185.69999999999999,7.4888458251953125,,13.262298583984375,
185.80000000000001,7.7162399291992188,,12.971023559570312,
185.90000000000001,8.2630081176757812,,11.765068054199219,
186,9.673370361328125,,10.592323303222656,
186.09999999999999,12.067405700683594,,10.58465576171875,
186.19999999999999,16.702175140380859,,11.271949768066406,
186.30000000000001,23.373279571533203,,11.621986389160156,
186.40000000000001,28.703006744384766,,11.593879699707031,
186.5,30.729122161865234,,12.035896301269531,
186.59999999999999,30.560493469238281,,13.829505920410156,
186.69999999999999,30.348426818847656,,15.784080505371094,
186.80000000000001,29.185905456542969,,17.559806823730469,
186.90000000000001,24.303298950195312,,18.47705078125,
187,17.8876953125,,18.666118621826172,
187.09999999999999,13.373008728027344,,20.038154602050781,
187.19999999999999,11.352005004882812,,20.687126159667969,
187.30000000000001,10.575286865234375,,19.30487060546875,
187.40000000000001,9.3284454345703125,,16.752426147460938,
187.5,7.7290115356445312,,14.928153991699219,
187.59999999999999,7.3943099975585938,,14.820846557617188,
187.69999999999999,8.1352615356445312,,14.619003295898438,
187.80000000000001,10.048957824707031,,13.612327575683594,
187.90000000000001,12.987205505371094,,12.16619873046875,
188,15.465553283691406,,10.638313293457031,
188.09999999999999,18.373142242431641,,10.441574096679688,
188.19999999999999,23.237865447998047,,10.697074890136719,
188.30000000000001,29.679019927978516,,9.802825927734375,
188.40000000000001,35.294906616210938,,8.63519287109375,
188.5,38.268928527832031,,8.7016220092773438,
188.59999999999999,39.201503753662109,,10.783943176269531,
188.69999999999999,38.861686706542969,,12.886711120605469,
188.80000000000001,36.850902557373047,,14.276626586914062,
188.90000000000001,31.947856903076172,,14.992027282714844,
189,25.634452819824219,,15.791748046875,
189.09999999999999,19.918918609619141,,18.367183685302734,
189.19999999999999,15.654624938964844,,20.255329132080078,
189.30000000000001,13.189048767089844,,19.573146820068359,
189.40000000000001,10.953422546386719,,17.291530609130859,
189.5,8.63348388671875,,15.835182189941406,
189.59999999999999,7.4581832885742188,,16.1954345703125,
189.69999999999999,7.23590087890625,,16.077903747558594,
189.80000000000001,7.0493850708007812,,14.286849975585938,
189.90000000000001,6.6967926025390625,,12.253067016601562,
190,7.0774917602539062,14.128727912902832,11.68841552734375,16.759775161743164
190.09999999999999,8.8736572265625,,11.885147094726562,
190.19999999999999,11.985641479492188,,11.052223205566406,
190.30000000000001,16.620414733886719,,9.6597442626953125,
190.40000000000001,21.178535461425781,,9.0005569458007812,
190.5,25.297195434570312,,9.784942626953125,
190.59999999999999,30.100593566894531,,11.208076477050781,
190.69999999999999,34.850337982177734,,12.470245361328125,
190.80000000000001,36.856014251708984,,12.899482727050781,
190.90000000000001,34.226917266845703,,13.193313598632812,
191,29.495059967041016,,15.301185607910156,
191.09999999999999,25.700881958007812,,17.639011383056641,
191.19999999999999,22.366607666015625,,18.2930908203125,
191.30000000000001,17.754833221435547,,17.792308807373047,
191.40000000000001,13.12261962890625,,17.917503356933594,
191.5,10.557395935058594,,19.036594390869141,
191.59999999999999,9.4280929565429688,,19.200115203857422,
191.69999999999999,8.3703231811523438,,17.812751770019531,
191.80000000000001,7.1311416625976562,,15.390609741210938,
191.90000000000001,6.2956619262695312,,13.737525939941406,
192,6.8271026611328125,,13.566337585449219,
192.09999999999999,8.7203521728515625,,12.960807800292969,
192.19999999999999,11.607505798339844,,11.703742980957031,
192.30000000000001,14.550865173339844,,10.508003234863281,
192.40000000000001,17.555545806884766,,10.030220031738281,
192.5,22.226085662841797,,10.239730834960938,
192.59999999999999,28.151126861572266,,10.858039855957031,
192.69999999999999,33.261127471923828,,11.644981384277344,
192.80000000000001,36.104843139648438,,12.178977966308594,
192.90000000000001,36.554523468017578,,13.372161865234375,
193,34.962757110595703,,15.610343933105469,
193.09999999999999,32.287673950195312,,16.956825256347656,
193.19999999999999,28.549709320068359,,16.83929443359375,
193.30000000000001,22.438148498535156,,16.259307861328125,
193.40000000000001,16.995998382568359,,17.053916931152344,
193.5,14.931556701660156,,19.399406433105469,
193.59999999999999,13.707717895507812,,19.895076751708984,
193.69999999999999,11.551292419433594,,18.147453308105469,
193.80000000000001,8.789337158203125,,16.054908752441406,
193.90000000000001,6.9931716918945312,,14.792739868164062,
194,6.811767578125,,14.48358154296875,
194.09999999999999,7.8005523681640625,,13.686424255371094,
194.19999999999999,9.6375961303710938,,12.237739562988281,
194.30000000000001,11.461868286132812,,11.139091491699219,
194.40000000000001,14.33624267578125,,10.556549072265625,
194.5,19.183078765869141,,10.421134948730469,
194.59999999999999,24.944602966308594,,10.49267578125,
194.69999999999999,29.957511901855469,,10.324043273925781,
194.80000000000001,32.282562255859375,,10.214179992675781,
194.90000000000001,33.102718353271484,,11.374153137207031,
195,33.876884460449219,,13.816726684570312,
195.09999999999999,33.276458740234375,,15.503028869628906,
195.19999999999999,30.006057739257812,,15.646110534667969,
195.30000000000001,24.359508514404297,,15.119781494140625,
195.40000000000001,19.579105377197266,,15.633338928222656,
195.5,17.455898284912109,,17.488265991210938,
195.59999999999999,16.168178558349609,,18.903736114501953,
195.69999999999999,13.901893615722656,,17.899620056152344,
195.80000000000001,10.720916748046875,,15.393165588378906,
195.90000000000001,8.3064422607421875,,14.332839965820312,
196,7.2870025634765625,,14.343063354492188,
196.09999999999999,7.4045257568359375,,13.622550964355469,
196.19999999999999,7.9666290283203125,,12.023117065429688,
196.30000000000001,8.7126922607421875,,10.684303283691406,
196.40000000000001,10.815452575683594,,10.122200012207031,
196.5,14.699050903320312,,9.99700927734375,
196.59999999999999,19.755397796630859,,10.214179992675781,
196.69999999999999,24.839847564697266,,10.610206604003906,
196.80000000000001,27.826644897460938,,10.919357299804688,
196.90000000000001,29.014717102050781,,12.309280395507812,
197,30.453182220458984,,14.657325744628906,
197.09999999999999,31.820110321044922,,15.968040466308594,
197.19999999999999,30.003501892089844,,16.121337890625,
197.30000000000001,24.520473480224609,,16.060020446777344,
197.40000000000001,19.814163208007812,,17.562358856201172,
197.5,17.757389068603516,,21.07037353515625,
197.59999999999999,16.758384704589844,,23.226795196533203,
197.69999999999999,14.739936828613281,,23.014728546142578,
197.80000000000001,11.352005004882812,,20.217006683349609,
197.90000000000001,8.5747222900390625,,18.116794586181641,
198,7.299774169921875,,18.070804595947266,
198.09999999999999,7.4684066772460938,,17.368179321289062,
198.19999999999999,8.8532180786132812,,15.380393981933594,
198.30000000000001,10.470527648925781,,13.285293579101562,
198.40000000000001,12.953987121582031,,12.150871276855469,
198.5,17.624530792236328,,12.158538818359375,
198.59999999999999,24.195987701416016,,12.099769592285156,
198.69999999999999,31.209465026855469,,11.5606689453125,
198.80000000000001,36.651615142822266,,10.423690795898438,
198.90000000000001,40.162181854248047,,9.3991317749023438,
199,43.555221557617188,,9.5243301391601562,
199.09999999999999,46.202201843261719,,10.293388366699219,
199.19999999999999,45.175094604492188,,11.054779052734375,
199.30000000000001,39.569423675537109,,11.606658935546875,
199.40000000000001,32.831890106201172,,12.35015869140625,
199.5,29.040267944335938,,13.947036743164062,
199.59999999999999,27.425510406494141,,16.095787048339844,
199.69999999999999,24.824520111083984,,18.001819610595703,
199.80000000000001,20.547447204589844,,18.704444885253906,
199.90000000000001,16.042984008789062,,19.670234680175781,
200,12.550300598144531,10.318142890930176,22.391311645507812,11.691348075866699
200.09999999999999,10.976417541503906,,22.199684143066406,
200.19999999999999,9.9339828491210938,,19.391738891601562,
200.30000000000001,7.943634033203125,,16.629783630371094,
200.40000000000001,6.2649993896484375,,15.579681396484375,
200.5,6.160247802734375,,15.2398681640625,
200.59999999999999,8.2578964233398438,,14.450370788574219,
200.69999999999999,12.271804809570312,,13.022125244140625,
200.80000000000001,16.431343078613281,,10.993453979492188,
200.90000000000001,19.553554534912109,,9.7977142333984375,
201,22.9644775390625,,9.5013351440429688,
201.09999999999999,28.856307983398438,,8.9468994140625,
201.19999999999999,35.491641998291016,,8.0245437622070312,
201.30000000000001,39.497882843017578,,7.9300079345703125,
201.40000000000001,42.101428985595703,,9.2560577392578125,
201.5,45.111217498779297,,10.998565673828125,
201.59999999999999,46.097446441650391,,12.955696105957031,
201.69999999999999,42.625202178955078,,14.314956665039062,
201.80000000000001,35.954097747802734,,14.327728271484375,
201.90000000000001,28.751552581787109,,15.730422973632812,
202,22.542903900146484,,18.507709503173828,
202.09999999999999,18.483009338378906,,20.076480865478516,
202.19999999999999,15.657180786132812,,19.289539337158203,
202.30000000000001,12.494087219238281,,17.219989776611328,
202.40000000000001,9.7857894897460938,,16.358955383300781,
202.5,7.9819564819335938,,16.118782043457031,
202.59999999999999,6.967620849609375,,15.467262268066406,
202.69999999999999,6.5332717895507812,,13.906158447265625,
202.80000000000001,6.8526458740234375,,12.168754577636719,
202.90000000000001,8.3984222412109375,,11.440582275390625,
203,10.973861694335938,,11.031784057617188,
203.09999999999999,15.544761657714844,,10.129867553710938,
203.19999999999999,20.869377136230469,,8.8370361328125,
203.30000000000001,24.482147216796875,,8.2238388061523438,
203.40000000000001,27.916069030761719,,9.010772705078125,
203.5,32.836997985839844,,10.921913146972656,
203.59999999999999,38.332801818847656,,12.978691101074219,
203.69999999999999,40.583759307861328,,13.632766723632812,
203.80000000000001,37.510093688964844,,13.732414245605469,
203.90000000000001,32.292781829833984,,15.372726440429688,
204,27.765323638916016,,17.9251708984375,
204.09999999999999,23.761638641357422,,19.769878387451172,
204.19999999999999,18.963348388671875,,19.381519317626953,
204.30000000000001,14.384788513183594,,17.396286010742188,
204.40000000000001,11.615165710449219,,16.637451171875,
204.5,9.7704620361328125,,16.174995422363281,
204.59999999999999,8.2093582153320312,,15.150444030761719,
204.69999999999999,7.005950927734375,,13.82183837890625,
204.80000000000001,6.4949493408203125,,12.041007995605469,
204.90000000000001,7.7647857666015625,,11.279617309570312,
205,10.720916748046875,,10.868263244628906,
205.09999999999999,15.250930786132812,,9.7721633911132812,
205.19999999999999,19.839714050292969,,8.3745803833007812,
205.30000000000001,23.411602020263672,,7.9300079345703125,
205.40000000000001,27.5277099609375,,9.2075119018554688,
205.5,32.829334259033203,,11.164642333984375,
205.59999999999999,38.953666687011719,,12.983802795410156,
205.69999999999999,41.966014862060547,,13.522903442382812,
205.80000000000001,39.032875061035156,,13.648101806640625,
205.90000000000001,33.713363647460938,,15.768753051757812,
206,29.137359619140625,,18.510265350341797,
206.09999999999999,25.665115356445312,,19.900184631347656,
206.19999999999999,21.288398742675781,,19.826091766357422,
206.30000000000001,15.764488220214844,,19.634464263916016,
206.40000000000001,12.006080627441406,,19.974281311035156,
206.5,9.9748611450195312,,19.583366394042969,
206.59999999999999,8.5900497436523438,,18.280315399169922,
206.69999999999999,7.5067291259765625,,16.218429565429688,
206.80000000000001,7.335540771484375,,14.409492492675781,
206.90000000000001,9.0627212524414062,,14.141212463378906,
207,11.983085632324219,,13.814178466796875,
207.09999999999999,16.548873901367188,,12.181533813476562,
207.19999999999999,21.684425354003906,,10.178413391113281,
207.30000000000001,25.708549499511719,,9.1078643798828125,
207.40000000000001,30.082710266113281,,8.975006103515625,
207.5,35.808464050292969,,9.0542068481445312,
207.59999999999999,42.339042663574219,,9.342926025390625,
207.69999999999999,46.738754272460938,,9.7977142333984375,
207.80000000000001,46.794963836669922,,11.144203186035156,
207.90000000000001,43.217964172363281,,13.433479309082031,
208,39.124855041503906,,15.181098937988281,
208.09999999999999,36.3577880859375,,15.901611328125,
208.19999999999999,32.062831878662109,,16.054908752441406,
208.30000000000001,25.992153167724609,,17.886844635009766,
208.40000000000001,21.804508209228516,,23.492515563964844,
208.5,20.09521484375,,32.174404144287109,
208.59999999999999,18.654193878173828,,39.356510162353516,
208.69999999999999,15.557533264160156,,44.323429107666016,
208.80000000000001,12.0367431640625,,43.684680938720703,
208.90000000000001,9.765350341796875,,42.235992431640625,
209,8.7177963256835938,,40.335075378417969,
209.09999999999999,8.8940963745117188,,33.932243347167969,
209.19999999999999,9.9544219970703125,,23.420974731445312,
209.30000000000001,12.031631469726562,,17.099906921386719,
209.40000000000001,16.352138519287109,,15.469818115234375,
209.5,23.153549194335938,,15.181098937988281,
209.59999999999999,31.477737426757812,,14.976699829101562,
209.69999999999999,39.717613220214844,,13.844833374023438,
209.80000000000001,47.213981628417969,,12.419143676757812,
209.90000000000001,56.322555541992188,,11.261734008789062,
210,68.22119140625,19.536903381347656,10.76861572265625,0
210.09999999999999,77.150917053222656,,10.393028259277344,
210.19999999999999,79.555168151855469,,9.3863601684570312,
210.30000000000001,79.555168151855469,,8.7143936157226562,
210.40000000000001,79.552619934082031,,9.1078643798828125,
210.5,79.552619934082031,,11.1927490234375,
210.59999999999999,76.92352294921875,,14.647102355957031,
210.69999999999999,67.140426635742188,,17.217433929443359,
210.80000000000001,53.029163360595703,,17.894508361816406,
210.90000000000001,41.056434631347656,,18.939506530761719,
211,32.847217559814453,,21.772998809814453,
211.09999999999999,26.784202575683594,,23.326438903808594,
211.19999999999999,20.207633972167969,,20.329425811767578,
211.30000000000001,14.308135986328125,,16.1954345703125,
211.40000000000001,11.188484191894531,,14.562789916992188,
211.5,10.388771057128906,,14.782524108886719,
211.59999999999999,10.9329833984375,,15.035469055175781,
211.69999999999999,11.341781616210938,,13.604667663574219,
211.80000000000001,11.431205749511719,,11.256622314453125,
211.90000000000001,12.534965515136719,,9.6878509521484375,
212,16.025100708007812,,9.6878509521484375,
212.09999999999999,22.729419708251953,,10.237174987792969,
212.19999999999999,29.788883209228516,,9.4757843017578125,
212.30000000000001,33.736358642578125,,8.136962890625,
212.40000000000001,36.488094329833984,,7.76904296875,
212.5,40.836704254150391,,9.6239776611328125,
212.59999999999999,44.768848419189453,,13.338943481445312,
212.69999999999999,43.343158721923828,,16.129005432128906,
212.80000000000001,36.557079315185547,,16.668113708496094,
212.90000000000001,29.183349609375,,17.010482788085938,
213,23.713092803955078,,19.48883056640625,
213.09999999999999,19.954689025878906,,23.392871856689453,
213.19999999999999,16.566757202148438,,26.18548583984375,
213.30000000000001,12.695930480957031,,26.356670379638672,
213.40000000000001,9.79345703125,,25.666820526123047,
213.5,8.4060897827148438,,25.705142974853516,
213.59999999999999,7.7111282348632812,,25.352554321289062,
213.69999999999999,7.0621566772460938,,23.415866851806641,
213.80000000000001,5.8919677734375,,18.860301971435547,
213.90000000000001,5.5649261474609375,,14.360946655273438,
214,7.3713150024414062,,12.465133666992188,
214.09999999999999,12.182380676269531,,12.2581787109375,
214.19999999999999,19.645534515380859,,11.98223876953125,
214.30000000000001,27.078029632568359,,10.014892578125,
214.40000000000001,34.79412841796875,,8.08331298828125,
214.5,44.239963531494141,,7.6923980712890625,
214.59999999999999,54.321990966796875,,8.7680511474609375,
214.69999999999999,63.218502044677734,,10.354705810546875,
214.80000000000001,67.459800720214844,,10.855484008789062,
214.90000000000001,66.62176513671875,,10.249954223632812,
215,63.131629943847656,,10.709854125976562,
215.09999999999999,58.001190185546875,,13.356826782226562,
215.19999999999999,52.645912170410156,,16.264419555664062,
215.30000000000001,44.227188110351562,,17.00537109375,
215.40000000000001,32.926422119140625,,16.415168762207031,
215.5,24.594570159912109,,16.571022033691406,
215.59999999999999,20.511680603027344,,18.870521545410156,
215.69999999999999,18.023109436035156,,23.839996337890625,
215.80000000000001,14.172721862792969,,27.110393524169922,
215.90000000000001,9.79345703125,,23.658588409423828,
216,7.5987091064453125,,17.662006378173828,
216.09999999999999,6.9344100952148438,,14.90771484375,
216.19999999999999,6.949737548828125,,14.463142395019531,
216.30000000000001,7.657470703125,,13.438591003417969,
216.40000000000001,9.0448379516601562,,10.911697387695312,
216.5,11.791465759277344,,9.130859375,
216.59999999999999,16.375133514404297,,8.9673385620117188,
216.69999999999999,23.593009948730469,,9.3633651733398438,
216.80000000000001,31.475181579589844,,10.249954223632812,
216.90000000000001,37.571414947509766,,10.668968200683594,
217,41.554656982421875,,9.6520767211914062,
217.09999999999999,45.198089599609375,,8.7271728515625,
217.19999999999999,50.594245910644531,,8.957122802734375,
217.30000000000001,55.039947509765625,,10.625534057617188,
217.40000000000001,51.519157409667969,,11.956687927246094,
217.5,41.684963226318359,,11.867263793945312,
217.59999999999999,33.299453735351562,,12.066558837890625,
217.69999999999999,28.202228546142578,,13.466697692871094,
217.80000000000001,25.08001708984375,,16.864845275878906,
217.90000000000001,20.046669006347656,,22.033611297607422,
218,13.406227111816406,,26.039848327636719,
218.09999999999999,8.9630813598632812,,26.530410766601562,
218.19999999999999,6.8833084106445312,,26.016853332519531,
218.30000000000001,6.638031005859375,,27.018413543701172,
218.40000000000001,7.1055908203125,,25.952980041503906,
218.5,6.6329193115234375,,20.927295684814453,
218.59999999999999,5.8945236206054688,,15.858177185058594,
218.69999999999999,5.6952362060546875,,13.303176879882812,
218.80000000000001,7.0774917602539062,,13.144767761230469,
218.90000000000001,10.764350891113281,,14.15399169921875,
219,15.248382568359375,,14.023681640625,
219.09999999999999,19.676193237304688,,11.903038024902344,
219.19999999999999,25.611457824707031,,9.8360443115234375,
219.30000000000001,34.569290161132812,,9.0746536254882812,
219.40000000000001,46.483253479003906,,9.3531417846679688,
219.5,58.512191772460938,,9.5830917358398438,
219.59999999999999,64.78216552734375,,9.4119110107421875,
219.69999999999999,65.081100463867188,,10.0506591796875,
219.80000000000001,63.576202392578125,,11.225959777832031,
219.90000000000001,60.308357238769531,,13.374717712402344,
220,53.223342895507812,20.467836380004883,17.181663513183594,18.75
220.09999999999999,41.960903167724609,,20.357528686523438,
220.19999999999999,30.815994262695312,,20.781658172607422,
220.30000000000001,23.697765350341797,,20.715229034423828,
220.40000000000001,19.770729064941406,,21.3463134765625,
220.5,16.423679351806641,,21.124031066894531,
220.59999999999999,12.126167297363281,,18.870521545410156,
220.69999999999999,8.2604522705078125,,14.843841552734375,
220.80000000000001,6.2496719360351562,,12.20452880859375,
220.90000000000001,5.7616653442382812,,11.4124755859375,
221,5.9609527587890625,,11.476348876953125,
221.09999999999999,6.9548492431640625,,12.089553833007812,
221.19999999999999,9.36932373046875,,11.972023010253906,
221.30000000000001,13.700050354003906,,10.579544067382812,
221.40000000000001,20.470798492431641,,9.6725234985351562,
221.5,29.977954864501953,,11.185081481933594,
221.59999999999999,40.310371398925781,,14.624107360839844,
221.69999999999999,46.851173400878906,,16.706436157226562,
221.80000000000001,49.293754577636719,,16.169883728027344,
221.90000000000001,48.041801452636719,,15.878616333007812,
222,43.373817443847656,,17.917503356933594,
222.09999999999999,37.980213165283203,,22.943191528320312,
222.19999999999999,30.941188812255859,,28.380229949951172,
222.30000000000001,22.279739379882812,,28.285694122314453,
222.40000000000001,15.529426574707031,,21.908416748046875,
222.5,11.497642517089844,,15.939933776855469,
222.59999999999999,9.7270278930664062,,14.555122375488281,
222.69999999999999,9.4970779418945312,,13.967475891113281,
222.80000000000001,8.6181564331054688,,11.509567260742188,
222.90000000000001,7.97174072265625,,9.2100677490234375,
223,9.7500228881835938,,8.1548538208007812,
223.09999999999999,14.936668395996094,,8.41290283203125,
223.19999999999999,22.698757171630859,,9.7363967895507812,
223.30000000000001,29.8450927734375,,12.237739562988281,
223.40000000000001,34.944873809814453,,13.788627624511719,
223.5,40.637413024902344,,13.681312561035156,
223.59999999999999,49.168556213378906,,15.416160583496094,
223.69999999999999,59.002754211425781,,19.670234680175781,
223.80000000000001,61.938446044921875,,22.889533996582031,
223.90000000000001,52.311206817626953,,23.155254364013672,
224,38.123294830322266,,22.572715759277344,
224.09999999999999,28.544597625732422,,21.58648681640625,
224.19999999999999,23.794853210449219,,20.316650390625,
224.30000000000001,19.070659637451172,,19.059589385986328,
224.40000000000001,12.818572998046875,,16.320632934570312,
224.5,8.37542724609375,,12.638877868652344,
224.59999999999999,6.9395217895507812,,10.022552490234375,
224.69999999999999,7.207794189453125,,9.4451217651367188,
224.80000000000001,9.99530029296875,,9.912689208984375,
224.90000000000001,14.99798583984375,,9.6878509521484375,
225,20.317497253417969,,9.0823135375976562,
225.09999999999999,26.922172546386719,,9.8053817749023438,
225.19999999999999,36.184047698974609,,11.7803955078125,
225.30000000000001,45.732082366943359,,15.62567138671875,
225.40000000000001,51.9586181640625,,20.659019470214844,
225.5,54.470184326171875,,23.433750152587891,
225.59999999999999,53.018943786621094,,23.574275970458984,
225.69999999999999,47.436267852783203,,23.214019775390625,
225.80000000000001,40.639968872070312,,22.810329437255859,
225.90000000000001,32.021953582763672,,21.182796478271484,
226,21.431480407714844,,17.626235961914062,
226.09999999999999,13.786918640136719,,14.077339172363281,
226.19999999999999,10.033622741699219,,11.900482177734375,
226.30000000000001,8.3192214965820312,,10.806938171386719,
226.40000000000001,7.6600265502929688,,11.054779052734375,
226.5,8.771453857421875,,11.655197143554688,
226.59999999999999,12.672935485839844,,10.91680908203125,
226.69999999999999,18.595428466796875,,9.2918243408203125,
226.80000000000001,27.108688354492188,,8.5815353393554688,
226.90000000000001,38.882129669189453,,10.298492431640625,
227,49.120010375976562,,13.41815185546875,
227.09999999999999,54.375648498535156,,14.598556518554688,
227.19999999999999,54.730792999267578,,13.673652648925781,
227.30000000000001,50.517597198486328,,13.420707702636719,
227.40000000000001,43.713634490966797,,16.070243835449219,
227.5,35.60406494140625,,20.758663177490234,
227.59999999999999,25.803085327148438,,25.495635986328125,
227.69999999999999,16.142627716064453,,29.075191497802734,
227.80000000000001,10.43731689453125,,31.476890563964844,
227.90000000000001,8.4980697631835938,,33.955238342285156,
228,8.1480331420898438,,37.269073486328125,
228.09999999999999,7.2231216430664062,,39.624782562255859,
228.19999999999999,5.6364669799804688,,34.959354400634766,
228.30000000000001,5.21234130859375,,24.979526519775391,
228.40000000000001,6.5434951782226562,,18.162784576416016,
228.5,9.801116943359375,,15.863288879394531,
228.59999999999999,14.014312744140625,,15.983367919921875,
228.69999999999999,18.462570190429688,,15.876060485839844,
228.80000000000001,23.881725311279297,,13.474357604980469,
228.90000000000001,31.720462799072266,,10.569328308105469,
229,42.034999847412109,,9.4042434692382812,
229.09999999999999,53.41241455078125,,9.5396575927734375,
229.19999999999999,64.994224548339844,,9.70062255859375,
229.30000000000001,73.829414367675781,,9.2279510498046875,
229.40000000000001,78.047721862792969,,9.0414352416992188,
229.5,79.366104125976562,,9.7542800903320312,
229.59999999999999,79.552619934082031,,11.473793029785156,
229.69999999999999,77.21734619140625,,15.610343933105469,
229.80000000000001,67.46746826171875,,21.223674774169922,
229.90000000000001,52.955066680908203,,23.323883056640625,
230,40.892913818359375,23.588277816772461,22.644256591796875,15.479875564575195
230.09999999999999,33.646934509277344,,22.963630676269531,
230.19999999999999,27.923732757568359,,22.613594055175781,
230.30000000000001,19.862709045410156,,20.730560302734375,
230.40000000000001,12.253921508789062,,16.785636901855469,
230.5,7.8823165893554688,,12.309280395507812,
230.59999999999999,6.16790771484375,,10.145195007324219,
230.69999999999999,5.8076553344726562,,9.452789306640625,
230.80000000000001,5.9405136108398438,,9.9356842041015625,
230.90000000000001,7.0902633666992188,,11.019004821777344,
231,9.967193603515625,,10.957687377929688,
231.09999999999999,15.184501647949219,,9.562652587890625,
231.19999999999999,24.551132202148438,,9.4502334594726562,
231.30000000000001,38.268928527832031,,12.069107055664062,
231.40000000000001,50.142013549804688,,15.36761474609375,
231.5,55.946971893310547,,16.956825256347656,
231.59999999999999,56.772239685058594,,16.811187744140625,
231.69999999999999,52.620361328125,,17.478046417236328,
231.80000000000001,45.256851196289062,,20.148021697998047,
231.90000000000001,36.472763061523438,,23.132259368896484,
232,25.657447814941406,,22.485843658447266,
232.09999999999999,15.675064086914062,,18.027370452880859,
232.19999999999999,10.480751037597656,,13.947036743164062,
232.30000000000001,8.9247512817382812,,12.051223754882812,
232.40000000000001,8.7586822509765625,,11.514678955078125,
232.5,8.5185089111328125,,10.950019836425781,
232.59999999999999,7.5373916625976562,,9.5422134399414062,
232.69999999999999,8.5619430541992188,,7.8431396484375,
232.80000000000001,13.171165466308594,,7.7818222045898438,
232.90000000000001,20.675197601318359,,10.538665771484375,
233,30.220680236816406,,15.224533081054688,
233.09999999999999,39.012432098388672,,19.476055145263672,
233.19999999999999,44.934921264648438,,20.574703216552734,
233.30000000000001,49.135345458984375,,20.646244049072266,
233.40000000000001,51.519157409667969,,23.083713531494141,
233.5,50.440948486328125,,25.664264678955078,
233.59999999999999,42.267501831054688,,23.839996337890625,
233.69999999999999,28.347862243652344,,18.188335418701172,
233.80000000000001,17.793159484863281,,13.65576171875,
233.90000000000001,12.563072204589844,,11.997573852539062,
234,9.8317794799804688,,12.403816223144531,
234.09999999999999,7.943634033203125,,12.746185302734375,
234.19999999999999,6.5153884887695312,,11.330718994140625,
234.30000000000001,8.0662765502929688,,8.900909423828125,
234.40000000000001,13.283584594726562,,8.8881378173828125,
234.5,22.637439727783203,,12.971023559570312,
234.59999999999999,35.307682037353516,,15.970596313476562,
234.69999999999999,45.047344207763672,,15.932273864746094,
234.80000000000001,50.328529357910156,,16.093238830566406,
234.90000000000001,54.253005981445312,,18.254764556884766,
235,55.826889038085938,,22.932968139648438,
235.09999999999999,52.178348541259766,,24.647373199462891,
235.19999999999999,42.505119323730469,,20.380523681640625,
235.30000000000001,29.686683654785156,,15.778968811035156,
235.40000000000001,19.699188232421875,,14.22808837890625,
235.5,14.303031921386719,,13.852500915527344,
235.59999999999999,11.707145690917969,,11.788063049316406,
235.69999999999999,10.110275268554688,,9.279052734375,
235.80000000000001,8.2425689697265625,,8.4384536743164062,
235.90000000000001,8.6692581176757812,,8.9980010986328125,
236,13.60040283203125,,11.006233215332031,
236.09999999999999,21.411037445068359,,13.415596008300781,
236.19999999999999,29.482284545898438,,14.286849975585938,
236.30000000000001,36.089511871337891,,15.342063903808594,
236.40000000000001,41.196956634521484,,19.338085174560547,
236.5,46.478141784667969,,23.111820220947266,
236.59999999999999,49.153228759765625,,23.191024780273438,
236.69999999999999,43.636981964111328,,19.67279052734375,
236.80000000000001,32.974967956542969,,16.100898742675781,
236.90000000000001,24.241977691650391,,15.352287292480469,
237,18.725734710693359,,14.792739868164062,
237.09999999999999,13.927444458007812,,12.638877868652344,
237.19999999999999,9.563507080078125,,10.27294921875,
237.30000000000001,7.207794189453125,,9.2305068969726562,
237.40000000000001,6.9752883911132812,,9.5192184448242188,
237.5,9.755126953125,,9.4962234497070312,
237.59999999999999,15.828365325927734,,8.7552719116210938,
237.69999999999999,22.933818817138672,,8.8319244384765625,
237.80000000000001,30.220680236816406,,10.832489013671875,
237.90000000000001,38.894901275634766,,14.304733276367188,
238,48.006034851074219,,17.633899688720703,
238.09999999999999,52.582038879394531,,18.873073577880859,
238.19999999999999,47.970260620117188,,19.741775512695312,
238.30000000000001,37.425777435302734,,23.53594970703125,
238.40000000000001,28.398963928222656,,26.957096099853516,
238.5,22.422817230224609,,26.676044464111328,
238.59999999999999,16.308704376220703,,21.422966003417969,
238.69999999999999,10.383659362792969,,16.468818664550781,
238.80000000000001,7.1643600463867188,,14.429931640625,
238.90000000000001,6.1985702514648438,,14.371162414550781,
239,6.1117019653320312,,13.387489318847656,
239.09999999999999,6.2471160888671875,,11.001121520996094,
239.19999999999999,7.7724456787109375,,9.14874267578125,
239.30000000000001,11.937095642089844,,9.3761367797851562,
239.40000000000001,19.985347747802734,,10.009780883789062,
239.5,31.286113739013672,,10.313827514648438,
239.59999999999999,40.86480712890625,,10.835044860839844,
239.69999999999999,47.5435791015625,,11.966911315917969,
239.80000000000001,54.945411682128906,,14.88983154296875,
239.90000000000001,61.69061279296875,,19.271656036376953,
240,60.676277160644531,30.241935729980469,22.240566253662109,23.828433990478516
240.09999999999999,50.397514343261719,,22.802665710449219,
240.19999999999999,38.166728973388672,,23.308555603027344,
240.30000000000001,28.672348022460938,,23.837440490722656,
240.40000000000001,21.377822875976562,,21.596706390380859,
240.5,15.485992431640625,,16.977264404296875,
240.59999999999999,10.238021850585938,,13.517791748046875,
240.69999999999999,6.6686859130859375,,12.173866271972656,
240.80000000000001,5.552154541015625,,11.956687927246094,
240.90000000000001,5.7846603393554688,,12.028228759765625,
241,7.1669158935546875,,11.121208190917969,
241.09999999999999,10.406654357910156,,9.4553451538085938,
241.19999999999999,15.590747833251953,,9.5882034301757812,
241.30000000000001,23.110115051269531,,12.391036987304688,
241.40000000000001,33.271347045898438,,14.992027282714844,
241.5,43.3482666015625,,15.372726440429688,
241.59999999999999,49.802200317382812,,15.395721435546875,
241.69999999999999,51.874301910400391,,17.705440521240234,
241.80000000000001,49.242652893066406,,22.197128295898438,
241.90000000000001,41.447349548339844,,26.911106109619141,
242,31.495624542236328,,26.632610321044922,
242.09999999999999,22.072784423828125,,21.044826507568359,
242.19999999999999,14.811477661132812,,16.588905334472656,
242.30000000000001,10.434761047363281,,14.470809936523438,
242.40000000000001,8.26556396484375,,12.27606201171875,
242.5,7.1413650512695312,,10.150306701660156,
242.59999999999999,5.937957763671875,,9.3301467895507812,
242.69999999999999,6.7172317504882812,,9.59075927734375,
242.80000000000001,11.13482666015625,,10.091537475585938,
242.90000000000001,18.311824798583984,,11.110984802246094,
243,25.895065307617188,,12.592887878417969,
243.09999999999999,32.515068054199219,,12.7742919921875,
243.19999999999999,38.680282592773438,,13.906158447265625,
243.30000000000001,45.913486480712891,,17.996711730957031,
243.40000000000001,54.715461730957031,,21.170021057128906,
243.5,56.882102966308594,,21.612033843994141,
243.59999999999999,47.888504028320312,,21.826656341552734,
243.69999999999999,36.789585113525391,,22.414306640625,
243.80000000000001,29.806770324707031,,22.35809326171875,
243.90000000000001,24.431049346923828,,21.364200592041016,
244,17.448234558105469,,18.2930908203125,
244.09999999999999,10.465415954589844,,14.039016723632812,
244.19999999999999,6.53582763671875,,11.887702941894531,
244.30000000000001,5.4474029541015625,,11.770172119140625,
244.40000000000001,6.4131927490234375,,10.942352294921875,
244.5,9.581390380859375,,9.141082763671875,
244.59999999999999,13.886566162109375,,7.9478988647460938,
244.69999999999999,19.829494476318359,,8.5687637329101562,
244.80000000000001,29.168018341064453,,11.951583862304688,
244.90000000000001,39.906684875488281,,16.532691955566406,
245,47.722427368164062,,18.321193695068359,
245.09999999999999,51.961174011230469,,17.983936309814453,
245.19999999999999,52.2166748046875,,19.660015106201172,
245.30000000000001,48.100566864013672,,24.241130828857422,
245.40000000000001,43.363597869873047,,25.876331329345703,
245.5,35.389442443847656,,21.440849304199219,
245.59999999999999,23.199539184570312,,16.440711975097656,
245.69999999999999,14.977546691894531,,14.302177429199219,
245.80000000000001,12.151718139648438,,13.773292541503906,
245.90000000000001,10.337669372558594,,13.295509338378906,
246,8.0228424072265625,,11.849380493164062,
246.09999999999999,6.4464035034179688,,9.5064468383789062,
246.19999999999999,7.7724456787109375,,8.2877120971679688,
246.30000000000001,12.741920471191406,,8.7476119995117188,
246.40000000000001,21.326725006103516,,10.49267578125,
246.5,30.179798126220703,,11.966911315917969,
246.59999999999999,36.881565093994141,,12.2965087890625,
246.69999999999999,43.677864074707031,,13.446258544921875,
246.80000000000001,51.181900024414062,,17.158668518066406,
246.90000000000001,54.830436706542969,,22.117923736572266,
247,49.408729553222656,,25.112384796142578,
247.09999999999999,37.527976989746094,,25.094501495361328,
247.19999999999999,25.670223236083984,,24.350994110107422,
247.30000000000001,17.381805419921875,,24.379100799560547,
247.40000000000001,13.097068786621094,,23.027503967285156,
247.5,10.623832702636719,,19.210334777832031,
247.59999999999999,7.6344757080078125,,14.588340759277344,
247.69999999999999,5.0539321899414062,,11.499343872070312,
247.80000000000001,4.2669906616210938,,10.865707397460938,
247.90000000000001,6.1653518676757812,,10.91680908203125,
248,10.708145141601562,,10.334266662597656,
248.09999999999999,16.370025634765625,,9.0439910888671875,
248.19999999999999,22.87249755859375,,8.4691162109375,
248.30000000000001,31.585048675537109,,11.164642333984375,
248.40000000000001,43.041667938232422,,15.842842102050781,
248.5,53.422630310058594,,18.717220306396484,
248.59999999999999,58.696151733398438,,19.573146820068359,
248.69999999999999,59.11517333984375,,20.605365753173828,
248.80000000000001,55.949527740478516,,24.34588623046875,
248.90000000000001,50.361740112304688,,27.925437927246094,
249,40.908241271972656,,25.638713836669922,
249.09999999999999,27.647792816162109,,19.496494293212891,
249.19999999999999,15.897350311279297,,14.320068359375,
249.30000000000001,9.5124053955078125,,12.02056884765625,
249.40000000000001,7.0749359130859375,,11.371597290039062,
249.5,5.994171142578125,,10.459457397460938,
249.59999999999999,6.121917724609375,,8.8983535766601562,
249.69999999999999,8.035614013671875,,7.3806838989257812,
249.80000000000001,12.941215515136719,,7.3576889038085938,
249.90000000000001,21.413593292236328,,10.002113342285156,
250,31.585048675537109,33.519554138183594,14.016021728515625,26.986507415771484
250.09999999999999,41.202068328857422,,16.637451171875,
250.19999999999999,50.693893432617188,,17.268535614013672,
250.30000000000001,59.674716949462891,,18.221549987792969,
250.40000000000001,62.848026275634766,,22.077045440673828,
250.5,57.2193603515625,,25.546733856201172,
250.59999999999999,43.744293212890625,,23.433750152587891,
250.69999999999999,27.507266998291016,,18.111686706542969,
250.80000000000001,16.377689361572266,,14.435043334960938,
250.90000000000001,10.897216796875,,13.390045166015625,
251,7.5987091064453125,,12.927589416503906,
251.09999999999999,5.3656387329101562,,11.920921325683594,
251.19999999999999,3.99871826171875,,10.037887573242188,
251.30000000000001,4.5480422973632812,,7.9376754760742188,
251.40000000000001,8.881317138671875,,7.49310302734375,
251.5,17.320484161376953,,8.4997787475585938,
251.59999999999999,28.087253570556641,,10.042999267578125,
251.69999999999999,37.499874114990234,,11.269393920898438,
251.80000000000001,44.835277557373047,,11.979682922363281,
251.90000000000001,52.354644775390625,,14.240859985351562,
252,57.592391967773438,,18.415729522705078,
252.09999999999999,54.600486755371094,,23.293224334716797,
252.19999999999999,43.900146484375,,27.10528564453125,
252.30000000000001,32.249347686767578,,26.985198974609375,
252.40000000000001,23.909828186035156,,24.080165863037109,
252.5,18.5494384765625,,21.415298461914062,
252.59999999999999,14.26214599609375,,18.185779571533203,
252.69999999999999,9.8777694702148438,,14.156547546386719,
252.80000000000001,6.1704635620117188,,11.409919738769531,
252.90000000000001,4.4151763916015625,,10.285720825195312,
253,4.392181396484375,,10.3087158203125,
253.09999999999999,5.920074462890625,,10.523338317871094,
253.19999999999999,9.5507278442382812,,10.487564086914062,
253.30000000000001,15.427230834960938,,9.6776275634765625,
253.40000000000001,23.621112823486328,,8.5253219604492188,
253.5,34.234584808349609,,8.9954452514648438,
253.59999999999999,47.408161163330078,,11.719078063964844,
253.69999999999999,60.226596832275391,,14.067123413085938,
253.80000000000001,64.800048828125,,14.345611572265625,
253.90000000000001,58.576065063476562,,15.574569702148438,
254,48.545135498046875,,20.413738250732422,
254.09999999999999,38.644512176513672,,26.647941589355469,
254.19999999999999,27.440837860107422,,31.658294677734375,
254.30000000000001,16.911685943603516,,29.703720092773438,
254.40000000000001,10.355552673339844,,20.996280670166016,
254.5,7.4045257568359375,,16.001258850097656,
254.59999999999999,6.4336318969726562,,15.766197204589844,
254.69999999999999,6.2036819458007812,,15.209205627441406,
254.80000000000001,5.608367919921875,,12.802398681640625,
254.90000000000001,4.8137588500976562,,10.137527465820312,
255,5.4346237182617188,,9.66485595703125,
255.09999999999999,8.9707412719726562,,10.1988525390625,
255.19999999999999,15.567756652832031,,11.427803039550781,
255.30000000000001,24.093788146972656,,14.118217468261719,
255.40000000000001,33.667373657226562,,15.538803100585938,
255.5,44.418811798095703,,16.111122131347656,
255.59999999999999,56.529510498046875,,19.713668823242188,
255.69999999999999,67.035675048828125,,24.808338165283203,
255.80000000000001,65.806716918945312,,25.700035095214844,
255.90000000000001,51.521713256835938,,21.499614715576172,
256,36.930107116699219,,17.048805236816406,
256.10000000000002,29.357089996337891,,15.2398681640625,
256.19999999999999,24.632892608642578,,14.309844970703125,
256.30000000000001,17.560653686523438,,13.05023193359375,
256.39999999999998,11.13482666015625,,10.904029846191406,
256.5,8.7280197143554688,,8.2161712646484375,
256.60000000000002,8.2962265014648438,,6.8058090209960938,
256.69999999999999,10.071952819824219,,7.8227005004882812,
256.80000000000001,16.382797241210938,,10.232063293457031,
256.89999999999998,24.793857574462891,,11.655197143554688,
257,33.222805023193359,,12.263290405273438,
257.10000000000002,43.143867492675781,,14.560234069824219,
257.19999999999999,53.997505187988281,,19.785209655761719,
257.30000000000001,59.11517333984375,,24.861995697021484,
257.39999999999998,52.916740417480469,,27.956100463867188,
257.5,41.025772094726562,,24.854328155517578,
257.60000000000002,29.658576965332031,,18.336524963378906,
257.69999999999999,19.957244873046875,,15.801963806152344,
257.80000000000001,13.866127014160156,,15.296073913574219,
257.89999999999998,10.529296875,,13.701751708984375,
258,7.649810791015625,,10.709854125976562,
258.10000000000002,5.3554229736328125,,8.7987136840820312,
258.19999999999999,4.55059814453125,,9.388916015625,
258.30000000000001,6.4310760498046875,,10.497787475585938,
258.39999999999998,11.418434143066406,,11.849380493164062,
258.5,18.707847595214844,,14.138656616210938,
258.60000000000002,27.923732757568359,,14.59600830078125,
258.69999999999999,38.120738983154297,,14.8336181640625,
258.80000000000001,48.532363891601562,,18.229213714599609,
258.89999999999998,56.445198059082031,,23.229351043701172,
259,53.047046661376953,,26.706703186035156,
259.10000000000002,39.602638244628906,,29.795700073242188,
259.19999999999999,27.241550445556641,,34.328269958496094,
259.30000000000001,19.857597351074219,,35.350269317626953,
259.39999999999998,14.92645263671875,,29.846797943115234,
259.5,10.192031860351562,,22.738788604736328,
259.60000000000002,6.8935317993164062,,17.503593444824219,
259.69999999999999,5.856201171875,,13.60211181640625,
259.80000000000001,6.0018310546875,,11.593879699707031,
259.89999999999998,7.925750732421875,,11.662864685058594,
260,12.810905456542969,35.294116973876953,11.287277221679688,35.003433227539062
260.10000000000002,18.886699676513672,,9.838592529296875,
260.19999999999999,25.88995361328125,,8.5636520385742188,
260.30000000000001,35.412437438964844,,9.1206436157226562,
260.39999999999998,46.904827117919922,,12.115097045898438,
260.5,58.266914367675781,,15.899055480957031,
260.60000000000002,69.542129516601562,,18.425949096679688,
260.69999999999999,77.513725280761719,,18.374851226806641,
260.80000000000001,78.096267700195312,,17.940498352050781,
260.89999999999998,69.419486999511719,,21.108699798583984,
261,53.759895324707031,,26.062843322753906,
261.10000000000002,35.688377380371094,,26.609615325927734,
261.19999999999999,20.698192596435547,,23.24212646484375,
261.30000000000001,12.616729736328125,,21.517501831054688,
261.39999999999998,8.7177963256835938,,23.857879638671875,
261.5,6.8552017211914062,,26.954540252685547,
261.60000000000002,5.4448471069335938,,27.207485198974609,
261.69999999999999,4.6068038940429688,,24.999965667724609,
261.80000000000001,5.902191162109375,,22.304439544677734,
261.89999999999998,9.73724365234375,,22.163913726806641,
262,17.05987548828125,,24.054615020751953,
262.10000000000002,27.650348663330078,,23.027503967285156,
262.19999999999999,37.157505035400391,,18.589469909667969,
262.30000000000001,44.388153076171875,,14.851509094238281,
262.39999999999998,51.733779907226562,,13.709419250488281,
262.5,59.736038208007812,,13.742637634277344,
262.60000000000002,63.854698181152344,,12.912261962890625,
262.69999999999999,61.693168640136719,,11.767623901367188,
262.80000000000001,58.683380126953125,,10.433914184570312,
262.89999999999998,58.095726013183594,,9.618865966796875,
263,58.969535827636719,,11.757400512695312,
263.10000000000002,61.386566162109375,,16.06768798828125,
263.19999999999999,62.137737274169922,,18.750434875488281,
263.30000000000001,58.435543060302734,,19.999828338623047,
263.39999999999998,54.132923126220703,,22.861431121826172,
263.5,50.131790161132812,,27.902442932128906,
263.60000000000002,43.984462738037109,,32.948570251464844,
263.69999999999999,33.005626678466797,,32.475894927978516,
263.80000000000001,20.409477233886719,,25.687259674072266,
263.89999999999998,12.534965515136719,,18.847526550292969,
264,8.8378829956054688,,14.629219055175781,
264.10000000000002,7.3304367065429688,,13.175422668457031,
264.19999999999999,6.9931716918945312,,12.843276977539062,
264.30000000000001,7.1107025146484375,,11.02667236328125,
264.39999999999998,8.5389480590820312,,9.2994918823242188,
264.5,12.803245544433594,,8.826812744140625,
264.60000000000002,21.104438781738281,,9.4323501586914062,
264.69999999999999,32.136928558349609,,11.282173156738281,
264.80000000000001,42.6865234375,,14.023681640625,
264.89999999999998,52.763442993164062,,15.715095520019531,
265,62.702392578125,,15.528579711914062,
265.10000000000002,69.0311279296875,,16.65533447265625,
265.19999999999999,67.623321533203125,,21.839431762695312,
265.30000000000001,57.410987854003906,,27.03118896484375,
265.39999999999998,41.769279479980469,,29.248928070068359,
265.5,28.125579833984375,,31.481998443603516,
265.60000000000002,19.323604583740234,,32.69818115234375,
265.69999999999999,13.592742919921875,,30.056308746337891,
265.80000000000001,9.7755661010742188,,25.503299713134766,
265.89999999999998,7.0774917602539062,,20.942626953125,
266,5.7310028076171875,,16.057464599609375,
266.10000000000002,5.5955886840820312,,12.232627868652344,
266.19999999999999,7.1950225830078125,,11.039443969726562,
266.30000000000001,12.256477355957031,,10.955131530761719,
266.39999999999998,19.944469451904297,,10.060882568359375,
266.5,27.085693359375,,8.9085769653320312,
266.60000000000002,34.329116821289062,,8.2161712646484375,
266.69999999999999,44.589996337890625,,8.7143936157226562,
266.80000000000001,56.445198059082031,,11.905593872070312,
266.89999999999998,65.052993774414062,,16.162223815917969,
267,70.454261779785156,,18.193443298339844,
267.10000000000002,73.068023681640625,,17.907283782958984,
267.19999999999999,68.113883972167969,,18.584362030029297,
267.30000000000001,58.049736022949219,,23.16802978515625,
267.39999999999998,46.368278503417969,,29.499320983886719,
267.5,31.378093719482422,,33.135086059570312,
267.60000000000002,18.265834808349609,,33.334373474121094,
267.69999999999999,11.645828247070312,,31.229053497314453,
267.80000000000001,8.8046722412109375,,27.238143920898438,
267.89999999999998,6.8705368041992188,,22.565048217773438,
268,5.4346237182617188,,18.091243743896484,
268.10000000000002,4.7882080078125,,14.166763305664062,
268.19999999999999,6.185791015625,,11.228515625,
268.30000000000001,11.055625915527344,,10.002113342285156,
268.39999999999998,20.141204833984375,,10.170745849609375,
268.5,31.127704620361328,,10.114532470703125,
268.60000000000002,39.758491516113281,,9.0899810791015625,
268.69999999999999,47.030021667480469,,8.7501678466796875,
268.80000000000001,56.332778930664062,,10.870819091796875,
268.89999999999998,66.956466674804688,,14.70587158203125,
269,73.98016357421875,,19.276763916015625,
269.10000000000002,75.59747314453125,,22.851211547851562,
269.19999999999999,72.626014709472656,,23.929420471191406,
269.30000000000001,64.294158935546875,,24.468524932861328,
269.39999999999998,52.911632537841797,,26.650493621826172,
269.5,39.518321990966797,,26.773136138916016,
269.60000000000002,25.332962036132812,,22.235454559326172,
269.69999999999999,15.429786682128906,,16.772865295410156,
269.80000000000001,11.047958374023438,,13.763076782226562,
269.89999999999998,8.9911880493164062,,12.804946899414062,
270,7.4811782836914062,33.035099029541016,12.360382080078125,32.899246215820312
270.10000000000002,6.5434951782226562,,12.005233764648438,
270.19999999999999,7.5859375,,10.827377319335938,
270.30000000000001,11.952430725097656,,8.9801177978515625,
270.39999999999998,19.494789123535156,,8.7884902954101562,
270.5,31.687248229980469,,11.647537231445312,
270.60000000000002,46.534351348876953,,15.244972229003906,
270.69999999999999,58.054847717285156,,17.143341064453125,
270.80000000000001,64.273719787597656,,18.178115844726562,
270.89999999999998,66.350929260253906,,20.135246276855469,
271,64.381027221679688,,24.213024139404297,
271.10000000000002,57.579616546630859,,28.441551208496094,
271.19999999999999,44.758628845214844,,28.168163299560547,
271.30000000000001,29.4771728515625,,22.641700744628906,
271.39999999999998,18.748729705810547,,16.341072082519531,
271.5,13.058746337890625,,12.697639465332031,
271.60000000000002,10.051506042480469,,11.931137084960938,
271.69999999999999,8.3498764038085938,,11.553001403808594,
271.80000000000001,7.151580810546875,,9.7645034790039062,
271.89999999999998,8.0943756103515625,,8.073089599609375,
272,12.499198913574219,,7.3781280517578125,
272.10000000000002,20.539783477783203,,8.2902679443359375,
272.19999999999999,30.371421813964844,,11.21063232421875,
272.30000000000001,39.28326416015625,,14.695648193359375,
272.39999999999998,46.769412994384766,,16.525032043457031,
272.5,54.161026000976562,,16.747314453125,
272.60000000000002,60.5306396484375,,18.027370452880859,
272.69999999999999,61.838802337646484,,22.350429534912109,
272.80000000000001,53.282108306884766,,26.18548583984375,
272.89999999999998,36.646503448486328,,24.126155853271484,
273,22.433040618896484,,19.631908416748047,
273.10000000000002,15.199836730957031,,16.903167724609375,
273.19999999999999,11.5947265625,,16.108566284179688,
273.30000000000001,8.5900497436523438,,15.618003845214844,
273.39999999999998,6.0503768920898438,,14.166763305664062,
273.5,5.0896987915039062,,11.98223876953125,
273.60000000000002,6.0657119750976562,,9.40679931640625,
273.69999999999999,9.8982086181640625,,7.8840179443359375,
273.80000000000001,17.634750366210938,,8.78082275390625,
273.89999999999998,26.830192565917969,,11.266838073730469,
274,34.589729309082031,,12.452362060546875,
274.10000000000002,41.107532501220703,,13.172866821289062,
274.19999999999999,48.491485595703125,,15.487701416015625,
274.30000000000001,55.967414855957031,,20.122470855712891,
274.39999999999998,55.543281555175781,,26.062843322753906,
274.5,45.384601593017578,,30.641403198242188,
274.60000000000002,33.475749969482422,,27.894779205322266,
274.69999999999999,24.142333984375,,20.544044494628906,
274.80000000000001,18.304157257080078,,15.960372924804688,
274.89999999999998,15.130851745605469,,13.760520935058594,
275,11.272796630859375,,12.253067016601562,
275.10000000000002,7.281890869140625,,10.168190002441406,
275.19999999999999,5.2813262939453125,,8.2085037231445312,
275.30000000000001,5.4550628662109375,,7.3628005981445312,
275.39999999999998,8.6539230346679688,,9.2764968872070312,
275.5,14.216156005859375,,13.757965087890625,
275.60000000000002,21.004795074462891,,17.85107421875,
275.69999999999999,29.392860412597656,,19.476055145263672,
275.80000000000001,39.119743347167969,,19.754550933837891,
275.89999999999998,50.328529357910156,,22.368316650390625,
276,60.627731323242188,,26.992866516113281,
276.10000000000002,58.742141723632812,,27.112949371337891,
276.19999999999999,42.6124267578125,,21.785774230957031,
276.30000000000001,26.048362731933594,,17.296638488769531,
276.39999999999998,16.860584259033203,,15.160659790039062,
276.5,12.621841430664062,,14.314956665039062,
276.60000000000002,9.563507080078125,,13.824394226074219,
276.69999999999999,6.7146759033203125,,12.447250366210938,
276.80000000000001,5.6211395263671875,,10.1988525390625,
276.89999999999998,8.6079330444335938,,8.1548538208007812,
277,16.477333068847656,,8.4640045166015625,
277.10000000000002,27.900737762451172,,10.87847900390625,
277.19999999999999,39.048202514648438,,12.858604431152344,
277.30000000000001,47.387722015380859,,13.571449279785156,
277.39999999999998,54.104820251464844,,14.708427429199219,
277.5,59.582736968994141,,18.612464904785156,
277.60000000000002,59.909774780273438,,25.677040100097656,
277.69999999999999,51.462947845458984,,32.36602783203125,
277.80000000000001,38.133514404296875,,30.368019104003906,
277.89999999999998,26.296199798583984,,22.153694152832031,
278,17.747169494628906,,17.322189331054688,
278.10000000000002,12.695930480957031,,15.536247253417969,
278.19999999999999,9.8190078735351562,,13.65576171875,
278.30000000000001,7.299774169921875,,10.819717407226562,
278.39999999999998,5.4984970092773438,,8.7706069946289062,
278.5,5.4933929443359375,,8.3566970825195312,
278.60000000000002,8.5670547485351562,,8.8804702758789062,
278.69999999999999,14.469100952148438,,10.628089904785156,
278.80000000000001,22.243968963623047,,13.213752746582031,
278.89999999999998,31.378093719482422,,14.348167419433594,
279,41.383472442626953,,14.15399169921875,
279.10000000000002,53.340873718261719,,16.512252807617188,
279.19999999999999,65.99578857421875,,22.973850250244141,
279.30000000000001,67.482795715332031,,29.491653442382812,
279.39999999999998,53.361312866210938,,31.41046142578125,
279.5,37.527976989746094,,26.525299072265625,
279.60000000000002,26.957942962646484,,19.851638793945312,
279.69999999999999,18.764057159423828,,18.264984130859375,
279.80000000000001,11.878334045410156,,17.937946319580078,
279.89999999999998,7.2231216430664062,,14.912826538085938,
280,5.2685470581054688,33.264034271240234,11.123764038085938,33.264034271240234
280.10000000000002,4.7498855590820312,,8.6913986206054688,
280.19999999999999,5.9073028564453125,,9.3173751831054688,
280.30000000000001,10.521629333496094,,12.554557800292969,
280.39999999999998,17.504444122314453,,16.042137145996094,
280.5,24.798969268798828,,17.720771789550781,
280.60000000000002,34.076171875,,18.638015747070312,
280.69999999999999,46.168987274169922,,21.231338500976562,
280.80000000000001,59.048744201660156,,27.189598083496094,
280.89999999999998,66.971794128417969,,31.793708801269531,
281,62.86846923828125,,27.945880889892578,
281.10000000000002,48.777641296386719,,19.751995086669922,
281.19999999999999,35.261692047119141,,14.685432434082031,
281.30000000000001,25.343185424804688,,12.848388671875,
281.39999999999998,16.0838623046875,,12.217300415039062,
281.5,9.065277099609375,,11.289833068847656,
281.60000000000002,5.6236953735351562,,9.1845169067382812,
281.69999999999999,6.20623779296875,,7.5595321655273438,
281.80000000000001,10.76690673828125,,7.2963714599609375,
281.89999999999998,19.085987091064453,,10.188629150390625,
282,29.548713684082031,,15.955268859863281,
282.10000000000002,39.975669860839844,,20.613029479980469,
282.19999999999999,50.446060180664062,,21.88031005859375,
282.30000000000001,60.919002532958984,,21.755115509033203,
282.39999999999998,66.647308349609375,,24.793010711669922,
282.5,61.320137023925781,,30.086971282958984,
282.60000000000002,44.832721710205078,,28.651058197021484,
282.69999999999999,26.922172546386719,,20.789325714111328,
282.80000000000001,16.099193572998047,,15.344619750976562,
282.89999999999998,10.940650939941406,,12.912261962890625,
283,7.8950881958007812,,12.201972961425781,
283.10000000000002,5.5214920043945312,,12.503463745117188,
283.19999999999999,4.2414398193359375,,11.8544921875,
283.30000000000001,5.5112762451171875,,9.33270263671875,
283.39999999999998,10.562507629394531,,7.2810440063476562,
283.5,20.470798492431641,,9.342926025390625,
283.60000000000002,34.561622619628906,,13.280181884765625,
283.69999999999999,47.645778656005859,,15.135108947753906,
283.80000000000001,56.084941864013672,,15.850509643554688,
283.89999999999998,61.774925231933594,,17.125457763671875,
284,66.545112609863281,,20.694789886474609,
284.10000000000002,64.5777587890625,,25.55950927734375,
284.19999999999999,51.789985656738281,,25.702590942382812,
284.30000000000001,35.039409637451172,,20.048374176025391,
284.39999999999998,22.32061767578125,,13.947036743164062,
284.5,15.087417602539062,,10.635757446289062,
284.60000000000002,11.587066650390625,,9.9740142822265625,
284.69999999999999,9.1751480102539062,,9.86669921875,
284.80000000000001,6.31610107421875,,8.4767837524414062,
284.89999999999998,4.8393096923828125,,7.27337646484375,
285,6.8271026611328125,,8.7195053100585938,
285.10000000000002,12.463432312011719,,13.571449279785156,
285.19999999999999,20.417144775390625,,19.751995086669922,
285.30000000000001,29.047931671142578,,23.839996337890625,
285.39999999999998,36.999092102050781,,24.192584991455078,
285.5,44.255294799804688,,23.763343811035156,
285.60000000000002,51.1129150390625,,23.354545593261719,
285.69999999999999,52.707233428955078,,20.809764862060547,
285.80000000000001,42.576656341552734,,16.588905334472656,
285.89999999999998,26.439277648925781,,12.546897888183594,
286,15.056755065917969,,10.362373352050781,
286.10000000000002,9.9058761596679688,,9.8896942138671875,
286.19999999999999,7.2563400268554688,,9.8462600708007812,
286.30000000000001,5.1791229248046875,,9.8104934692382812,
286.39999999999998,4.6527938842773438,,10.597427368164062,
286.5,7.815887451171875,,11.307723999023438,
286.60000000000002,16.321479797363281,,11.966911315917969,
286.69999999999999,30.399528503417969,,15.298629760742188,
286.80000000000001,45.798511505126953,,20.288543701171875,
286.89999999999998,55.854991912841797,,23.827220916748047,
287,58.266914367675781,,25.855888366699219,
287.10000000000002,53.989845275878906,,28.063407897949219,
287.19999999999999,44.469913482666016,,29.982215881347656,
287.30000000000001,32.423088073730469,,27.468093872070312,
287.39999999999998,20.450359344482422,,21.382083892822266,
287.5,11.535964965820312,,15.140220642089844,
287.60000000000002,7.2333450317382812,,10.477348327636719,
287.69999999999999,5.495941162109375,,8.7987136840820312,
287.80000000000001,5.0411529541015625,,9.2662734985351562,
287.89999999999998,6.4591827392578125,,9.6904067993164062,
288,10.025962829589844,,9.4144668579101562,
288.10000000000002,15.422119140625,,10.193740844726562,
288.19999999999999,23.820404052734375,,12.81005859375,
288.30000000000001,35.885112762451172,,17.662006378173828,
288.39999999999998,48.230873107910156,,24.961639404296875,
288.5,57.068618774414062,,31.487110137939453,
288.60000000000002,62.515876770019531,,30.794704437255859,
288.69999999999999,63.627304077148438,,22.912528991699219,
288.80000000000001,57.364997863769531,,16.637451171875,
288.89999999999998,43.744293212890625,,14.555122375488281,
289,27.198112487792969,,12.684867858886719,
289.10000000000002,14.716941833496094,,10.117088317871094,
289.19999999999999,8.7126922607421875,,8.3745803833007812,
289.30000000000001,6.4055252075195312,,8.0398788452148438,
289.39999999999998,5.6645736694335938,,8.9213485717773438,
289.5,7.3406524658203125,,11.795722961425781,
289.60000000000002,12.2947998046875,,15.158103942871094,
289.69999999999999,20.325164794921875,,16.356399536132812,
289.80000000000001,32.075607299804688,,16.852073669433594,
289.89999999999998,47.533359527587891,,20.22467041015625,
290,63.795932769775391,34.883720397949219,25.825229644775391,35.864978790283203
290.10000000000002,69.230415344238281,,29.550418853759766,
290.19999999999999,56.202472686767578,,25.659152984619141,
290.30000000000001,37.257148742675781,,18.137233734130859,
290.39999999999998,24.461708068847656,,14.583229064941406,
290.5,15.981662750244141,,13.502464294433594,
290.60000000000002,9.525177001953125,,12.656761169433594,
290.69999999999999,5.83831787109375,,11.02667236328125,
290.80000000000001,4.8929672241210938,,8.7118377685546875,
290.89999999999998,5.9302978515625,,7.0766372680664062,
291,9.9901885986328125,,6.9897689819335938,
291.10000000000002,17.910690307617188,,9.0184402465820312,
291.19999999999999,27.315643310546875,,11.959243774414062,
291.30000000000001,36.396114349365234,,12.971023559570312,
291.39999999999998,45.144432067871094,,13.206085205078125,
291.5,54.80999755859375,,15.495368957519531,
291.60000000000002,63.461227416992188,,20.802101135253906,
291.69999999999999,61.412117004394531,,27.772140502929688,
291.80000000000001,47.017246246337891,,30.850914001464844,
291.89999999999998,32.03472900390625,,25.199253082275391,
292,21.945034027099609,,17.304306030273438,
292.10000000000002,15.654624938964844,,13.783515930175781,
292.19999999999999,11.321342468261719,,12.398704528808594,
292.30000000000001,7.2333450317382812,,10.771171569824219,
292.39999999999998,4.4279556274414062,,8.6658477783203125,
292.5,3.44683837890625,,7.3168106079101562,
292.60000000000002,4.75244140625,,6.9923248291015625,
292.69999999999999,8.9400863647460938,,7.8380279541015625,
292.80000000000001,15.153846740722656,,11.128868103027344,
292.89999999999998,22.622108459472656,,14.971588134765625,
293,31.464962005615234,,15.978263854980469,
293.10000000000002,41.756504058837891,,16.665557861328125,
293.19999999999999,53.63214111328125,,20.306430816650391,
293.30000000000001,62.084083557128906,,27.135944366455078,
293.39999999999998,55.727241516113281,,32.598533630371094,
293.5,37.581634521484375,,28.04296875,
293.60000000000002,23.041130065917969,,19.570590972900391,
293.69999999999999,15.646957397460938,,15.188766479492188,
293.80000000000001,10.945762634277344,,13.101333618164062,
293.89999999999998,7.2129058837890625,,13.01190185546875,
294,5.036041259765625,,13.065559387207031,
294.10000000000002,4.8316421508789062,,11.0445556640625,
294.19999999999999,6.2445602416992188,,8.4205703735351562,
294.30000000000001,10.63916015625,,7.4879989624023438,
294.39999999999998,18.948017120361328,,8.4537887573242188,
294.5,28.797542572021484,,11.225959777832031,
294.60000000000002,39.122299194335938,,13.167762756347656,
294.69999999999999,50.295310974121094,,13.482025146484375,
294.80000000000001,61.631847381591797,,14.340507507324219,
294.89999999999998,70.666328430175781,,17.467826843261719,
295,67.579887390136719,,24.718914031982422,
295.10000000000002,50.747547149658203,,32.230613708496094,
295.19999999999999,32.936641693115234,,28.597404479980469,
295.30000000000001,21.58477783203125,,18.487270355224609,
295.39999999999998,16.060867309570312,,13.223968505859375,
295.5,13.040855407714844,,11.910697937011719,
295.60000000000002,9.7295761108398438,,11.404808044433594,
295.69999999999999,6.4412918090820312,,10.035331726074219,
295.80000000000001,4.7115631103515625,,8.04498291015625,
295.89999999999998,4.91851806640625,,6.9437789916992188,
296,8.1199264526367188,,9.3122634887695312,
296.10000000000002,14.341354370117188,,14.670097351074219,
296.19999999999999,22.241413116455078,,21.704013824462891,
296.30000000000001,30.877311706542969,,25.038288116455078,
296.39999999999998,39.500438690185547,,23.293224334716797,
296.5,50.126682281494141,,21.141914367675781,
296.60000000000002,61.115737915039062,,20.595146179199219,
296.69999999999999,59.012969970703125,,18.173004150390625,
296.80000000000001,41.120307922363281,,12.746185302734375,
296.89999999999998,23.163768768310547,,9.0363235473632812,
297,13.697494506835938,,7.8814620971679688,
297.10000000000002,9.9109878540039062,,8.6556320190429688,
297.19999999999999,7.9104156494140625,,10.794166564941406,
297.30000000000001,6.2931060791015625,,12.306724548339844,
297.39999999999998,7.0570526123046875,,12.431922912597656,
297.5,11.553848266601562,,15.449378967285156,
297.60000000000002,20.984352111816406,,21.341205596923828,
297.69999999999999,37.244373321533203,,23.822109222412109,
297.80000000000001,53.205459594726562,,22.572715759277344,
297.89999999999998,58.961872100830078,,19.077476501464844,
298,54.005172729492188,,16.292526245117188,
298.10000000000002,44.638542175292969,,15.983367919921875,
298.19999999999999,33.105274200439453,,14.317512512207031,
298.30000000000001,19.959800720214844,,10.845268249511719,
298.39999999999998,10.869110107421875,,8.4358978271484375,
298.5,7.1924667358398438,,8.5534286499023438,
298.60000000000002,6.454071044921875,,9.3097076416015625,
298.69999999999999,8.7459030151367188,,9.9663467407226562,
298.80000000000001,14.065414428710938,,10.582099914550781,
298.89999999999998,21.0150146484375,,12.500907897949219,
299,29.819541931152344,,17.937946319580078,
299.10000000000002,41.299156188964844,,24.202804565429688,
299.19999999999999,50.987716674804688,,26.346450805664062,
299.30000000000001,53.509502410888672,,24.813449859619141,
299.39999999999998,46.797519683837891,,23.127151489257812,
299.5,35.772693634033203,,21.476619720458984,
299.60000000000002,28.054039001464844,,17.526588439941406,
299.69999999999999,21.329277038574219,,12.743629455566406,
299.80000000000001,13.176277160644531,,10.071098327636719,
299.89999999999998,7.2972183227539062,,9.526885986328125,
300,5.2225570678710938,38.054969787597656,10.117088317871094,38.48895263671875
300.10000000000002,5.8970794677734375,,10.055770874023438,
300.19999999999999,9.11126708984375,,9.4553451538085938,
300.30000000000001,14.6505126953125,,10.416023254394531,
300.39999999999998,21.781513214111328,,14.744194030761719,
300.5,32.236572265625,,19.407070159912109,
300.60000000000002,46.570121765136719,,20.5006103515625,
300.69999999999999,57.738029479980469,,20.809764862060547,
300.80000000000001,59.127944946289062,,23.837440490722656,
300.89999999999998,52.395523071289062,,26.423099517822266,
301,43.711078643798828,,24.391876220703125,
301.10000000000002,32.691364288330078,,18.93695068359375,
301.19999999999999,19.464130401611328,,13.760520935058594,
301.30000000000001,10.774574279785156,,11.379257202148438,
301.39999999999998,7.4914016723632812,,11.162086486816406,
301.5,6.599700927734375,,10.410919189453125,
301.60000000000002,6.454071044921875,,8.45123291015625,
301.69999999999999,7.6523666381835938,,7.6515121459960938,
301.80000000000001,12.156829833984375,,10.505447387695312,
301.89999999999998,20.690528869628906,,16.39727783203125,
302,32.182918548583984,,21.085704803466797,
302.10000000000002,42.004337310791016,,21.484283447265625,
302.19999999999999,48.844070434570312,,20.894081115722656,
302.30000000000001,54.776782989501953,,23.372428894042969,
302.39999999999998,56.414535522460938,,24.570724487304688,
302.5,49.776649475097656,,21.315654754638672,
302.60000000000002,35.223369598388672,,16.241424560546875,
302.69999999999999,20.992019653320312,,12.322052001953125,
302.80000000000001,13.344902038574219,,11.420143127441406,
302.89999999999998,9.8368911743164062,,11.880043029785156,
303,7.8465423583984375,,11.87237548828125,
303.10000000000002,6.2190093994140625,,11.379257202148438,
303.19999999999999,6.9292984008789062,,11.8544921875,
303.30000000000001,12.338233947753906,,15.170883178710938,
303.39999999999998,23.204647064208984,,21.228786468505859,
303.5,37.022087097167969,,25.089389801025391,
303.60000000000002,46.36572265625,,24.243686676025391,
303.69999999999999,50.497158050537109,,22.092376708984375,
303.80000000000001,53.381752014160156,,20.063705444335938,
303.89999999999998,52.262664794921875,,18.926731109619141,
304,42.576656341552734,,17.324745178222656,
304.10000000000002,27.139347076416016,,13.272514343261719,
304.19999999999999,14.88812255859375,,9.4834518432617188,
304.30000000000001,9.7525711059570312,,8.4256820678710938,
304.39999999999998,8.6079330444335938,,9.3838043212890625,
304.5,9.195587158203125,,10.737953186035156,
304.60000000000002,11.599838256835938,,11.075218200683594,
304.69999999999999,16.173290252685547,,10.71240234375,
304.80000000000001,23.991588592529297,,12.705307006835938,
304.89999999999998,35.118614196777344,,19.593585968017578,
305,45.995246887207031,,27.049076080322266,
305.10000000000002,51.766990661621094,,28.193714141845703,
305.19999999999999,51.005599975585938,,23.857879638671875,
305.30000000000001,44.983467102050781,,19.051925659179688,
305.39999999999998,36.835575103759766,,17.296638488769531,
305.5,27.612022399902344,,16.611900329589844,
305.60000000000002,17.42779541015625,,13.410484313964844,
305.69999999999999,9.8828811645507812,,9.8692550659179688,
305.80000000000001,6.397857666015625,,8.30303955078125,
305.89999999999998,5.6313629150390625,,8.48699951171875,
306,7.1796875,,10.582099914550781,
306.10000000000002,10.710700988769531,,13.134544372558594,
306.19999999999999,15.102745056152344,,13.755409240722656,
306.30000000000001,21.561782836914062,,14.171875,
306.39999999999998,33.148708343505859,,18.367183685302734,
306.5,47.724983215332031,,24.708694458007812,
306.60000000000002,56.831001281738281,,25.114940643310547,
306.69999999999999,54.835548400878906,,19.123466491699219,
306.80000000000001,44.559337615966797,,14.458038330078125,
306.89999999999998,34.656158447265625,,12.955696105957031,
307,26.819972991943359,,13.05023193359375,
307.10000000000002,17.264274597167969,,12.861160278320312,
307.19999999999999,8.9988479614257812,,10.80438232421875,
307.30000000000001,5.2992095947265625,,9.1180877685546875,
307.39999999999998,4.9977188110351562,,10.569328308105469,
307.5,7.7673416137695312,,15.117225646972656,
307.60000000000002,13.311691284179688,,19.253768920898438,
307.69999999999999,19.134532928466797,,19.48883056640625,
307.80000000000001,25.120899200439453,,19.082584381103516,
307.89999999999998,33.427204132080078,,20.825096130371094,
308,43.928253173828125,,21.619701385498047,
308.10000000000002,48.417388916015625,,20.771438598632812,
308.19999999999999,38.590858459472656,,18.264984130859375,
308.30000000000001,23.447372436523438,,13.384933471679688,
308.39999999999998,14.527870178222656,,9.40679931640625,
308.5,11.106727600097656,,8.6275253295898438,
308.60000000000002,9.3821029663085938,,9.3352584838867188,
308.69999999999999,7.5092849731445312,,9.859039306640625,
308.80000000000001,7.317657470703125,,10.232063293457031,
308.89999999999998,11.865562438964844,,10.978126525878906,
309,21.181087493896484,,13.377273559570312,
309.10000000000002,32.259567260742188,,19.774990081787109,
309.19999999999999,39.845363616943359,,27.95098876953125,
309.30000000000001,43.813278198242188,,27.989315032958984,
309.39999999999998,47.704544067382812,,20.196563720703125,
309.5,48.302413940429688,,15.025245666503906,
309.60000000000002,43.803058624267578,,13.962364196777344,
309.69999999999999,34.252468109130859,,12.587776184082031,
309.80000000000001,21.038009643554688,,9.7721633911132812,
309.89999999999998,11.252357482910156,,7.7077255249023438,
310,7.12603759765625,39.943939208984375,6.4583282470703125,40.197460174560547
310.10000000000002,5.9226303100585938,,6.5043182373046875,
310.19999999999999,6.6482467651367188,,10.173301696777344,
310.30000000000001,9.5456161499023438,,14.971588134765625,
310.39999999999998,14.808921813964844,,15.740646362304688,
310.5,22.353832244873047,,15.163215637207031,
310.60000000000002,33.723583221435547,,20.229778289794922,
310.69999999999999,49.002483367919922,,26.272354125976562,
310.80000000000001,56.411979675292969,,23.640705108642578,
310.89999999999998,46.465366363525391,,16.890396118164062,
311,31.125148773193359,,12.672088623046875,
311.10000000000002,21.523460388183594,,11.047111511230469,
311.19999999999999,14.688835144042969,,11.131423950195312,
311.30000000000001,8.5568313598632812,,11.001121520996094,
311.39999999999998,4.4560623168945312,,9.1461868286132812,
311.5,2.7799758911132812,,8.1599578857421875,
311.60000000000002,3.510711669921875,,10.485008239746094,
311.69999999999999,8.0969314575195312,,13.635322570800781,
311.80000000000001,17.208065032958984,,15.175987243652344,
311.89999999999998,26.1658935546875,,17.268535614013672,
312,32.69647216796875,,19.074920654296875,
312.10000000000002,41.636417388916016,,16.328292846679688,
312.19999999999999,50.808868408203125,,11.1927490234375,
312.30000000000001,48.136337280273438,,7.9836654663085938,
312.39999999999998,33.422092437744141,,6.1747283935546875,
312.5,19.323604583740234,,4.3172378540039062,
312.60000000000002,11.615165710449219,,2.886444091796875,
312.69999999999999,8.3064422607421875,,1.9078750610351562,
312.80000000000001,6.730010986328125,,1.57061767578125,
312.89999999999998,5.6518020629882812,,3.2109222412109375,
313,6.9931716918945312,,6.325469970703125,
313.10000000000002,12.445541381835938,,8.0628738403320312,
313.19999999999999,21.919483184814453,,9.0899810791015625,
313.30000000000001,34.037849426269531,,10.661308288574219,
313.39999999999998,45.256851196289062,,13.106437683105469,
313.5,49.597797393798828,,15.193878173828125,
313.60000000000002,43.240959167480469,,14.547462463378906,
313.69999999999999,29.257442474365234,,11.706298828125,
313.80000000000001,16.625522613525391,,7.9530029296875,
313.89999999999998,10.082168579101562,,5.203826904296875,
314,6.7402267456054688,,4.301910400390625,
314.10000000000002,5.2506637573242188,,4.08984375,
314.19999999999999,4.7473297119140625,,4.5190887451171875,
314.30000000000001,4.522491455078125,,6.1031875610351562,
314.39999999999998,5.516387939453125,,7.27337646484375,
314.5,8.74334716796875,,9.1512985229492188,
314.60000000000002,13.687271118164062,,11.024116516113281,
314.69999999999999,19.423248291015625,,11.629653930664062,
314.80000000000001,25.187328338623047,,12.761512756347656,
314.89999999999998,29.93707275390625,,13.561233520507812,
315,31.564609527587891,,13.778404235839844,
315.10000000000002,26.682003021240234,,11.956687927246094,
315.19999999999999,18.0716552734375,,10.881034851074219,
315.30000000000001,11.285575866699219,,11.269393920898438,
315.39999999999998,7.2307891845703125,,11.003677368164062,
315.5,4.8214263916015625,,11.24639892578125,
315.60000000000002,3.3012008666992188,,11.300056457519531,
315.69999999999999,3.0559158325195312,,11.174858093261719,
315.80000000000001,4.1980056762695312,,11.637313842773438,
315.89999999999998,5.9354019165039062,,11.74462890625,
316,8.275787353515625,,11.841712951660156,
316.10000000000002,12.266693115234375,,12.112548828125,
316.19999999999999,16.944900512695312,,12.201972961425781,
316.30000000000001,21.244964599609375,,12.408927917480469,
316.39999999999998,24.206207275390625,,12.705307006835938,
316.5,24.982929229736328,,12.789619445800781,
316.60000000000002,24.236869812011719,,11.747177124023438,
316.69999999999999,23.041130065917969,,9.7926025390625,
316.80000000000001,21.56689453125,,7.613189697265625,
316.89999999999998,20.261287689208984,,6.3101425170898438,
317,19.492233276367188,,5.9243392944335938,
317.10000000000002,18.322044372558594,,5.791473388671875,
317.19999999999999,17.486560821533203,,5.7173843383789062,
317.30000000000001,17.394580841064453,,6.7751541137695312,
317.39999999999998,17.029212951660156,,8.4614486694335938,
317.5,15.95611572265625,,9.84881591796875,
317.60000000000002,14.808921813964844,,11.223403930664062,
317.69999999999999,13.917221069335938,,12.597991943359375,
317.80000000000001,13.569747924804688,,13.430923461914062,
317.89999999999998,13.8763427734375,,12.242851257324219,
318,12.672935485839844,,10.32659912109375,
318.10000000000002,9.599273681640625,,8.9162368774414062,
318.19999999999999,6.6329193115234375,,7.4726638793945312,
318.30000000000001,4.632354736328125,,6.2948074340820312,
318.39999999999998,3.3165283203125,,5.5104293823242188,
318.5,2.424835205078125,,4.99176025390625,
318.60000000000002,2.0645828247070312,,4.80780029296875,
318.69999999999999,2.4810409545898438,,5.1195144653320312,
318.80000000000001,3.70233154296875,,6.335693359375,
318.89999999999998,5.10247802734375,,8.0015487670898438,
319,6.8807525634765625,,9.55499267578125,
319.10000000000002,9.581390380859375,,11.1927490234375,
319.19999999999999,12.900337219238281,,12.641433715820312,
319.30000000000001,15.204940795898438,,13.300621032714844,
319.39999999999998,13.475212097167969,,12.094657897949219,
319.5,8.9119796752929688,,10.186073303222656,
319.60000000000002,5.5317153930664062,,8.8370361328125,
319.69999999999999,3.8377532958984375,,7.3730239868164062,
319.80000000000001,2.9153976440429688,,6.4404449462890625,
319.89999999999998,2.37884521484375,,6.1849441528320312,
320,2.000701904296875,40.990608215332031,6.197723388671875,41.095890045166016
320.10000000000002,1.8499603271484375,,6.0725250244140625,
320.19999999999999,2.3277435302734375,,6.049530029296875,
320.30000000000001,3.4519424438476562,,6.9003448486328125,
320.39999999999998,4.8852996826171875,,8.274932861328125,
320.5,6.8475418090820312,,9.6674118041992188,
320.60000000000002,9.507293701171875,,11.177413940429688,
320.69999999999999,12.49664306640625,,13.01190185546875,
320.80000000000001,14.257041931152344,,16.065132141113281,
320.89999999999998,12.468536376953125,,17.258316040039062,
321,8.3243331909179688,,14.88983154296875,
321.10000000000002,5.018157958984375,,11.379257202148438,
321.19999999999999,3.3165283203125,,9.11297607421875,
321.30000000000001,2.6496734619140625,,8.3720245361328125,
321.39999999999998,2.3456268310546875,,7.1737289428710938,
321.5,2.1591110229492188,,4.9432144165039062,
321.60000000000002,2.0952377319335938,,3.9391021728515625,
321.69999999999999,2.5653610229492188,,4.634063720703125,
321.80000000000001,4.1647872924804688,,6.1287384033203125,
321.89999999999998,6.7044601440429688,,7.9121246337890625,
322,9.92120361328125,,9.9918975830078125,
322.10000000000002,13.181381225585938,,12.439582824707031,
322.19999999999999,16.073642730712891,,15.012474060058594,
322.30000000000001,19.783504486083984,,17.128013610839844,
322.39999999999998,22.080448150634766,,15.62567138671875,
322.5,19.014450073242188,,12.932701110839844,
322.60000000000002,13.337242126464844,,11.139091491699219,
322.69999999999999,9.5226211547851562,,9.0925369262695312,
322.80000000000001,6.6661376953125,,7.3679122924804688,
322.89999999999998,3.822418212890625,,6.3689041137695312,
323,2.3456268310546875,,5.8451309204101562,
323.10000000000002,2.01092529296875,,5.423553466796875,
323.19999999999999,2.8413009643554688,,6.1389541625976562,
323.30000000000001,5.3809661865234375,,8.5534286499023438,
323.39999999999998,9.5430679321289062,,9.930572509765625,
323.5,16.768604278564453,,10.487564086914062,
323.60000000000002,23.759082794189453,,14.212753295898438,
323.69999999999999,28.562484741210938,,18.819419860839844,
323.80000000000001,31.595268249511719,,19.680454254150391,
323.89999999999998,29.282993316650391,,16.517364501953125,
324,22.803512573242188,,12.0384521484375,
324.10000000000002,15.731273651123047,,8.5534286499023438,
324.19999999999999,9.9033203125,,5.589630126953125,
324.30000000000001,5.994171142578125,,4.651947021484375,
324.39999999999998,3.7202224731445312,,5.9166717529296875,
324.5,2.5219268798828125,,8.1625137329101562,
324.60000000000002,2.2153244018554688,,9.618865966796875,
324.69999999999999,3.492828369140625,,10.628089904785156,
324.80000000000001,7.4173049926757812,,12.82794189453125,
324.89999999999998,14.954551696777344,,14.682876586914062,
325,25.404502868652344,,15.814743041992188,
325.10000000000002,34.076171875,,16.706436157226562,
325.19999999999999,38.429893493652344,,17.582801818847656,
325.30000000000001,37.070632934570312,,18.339080810546875,
325.39999999999998,30.069934844970703,,17.963493347167969,
325.5,20.240848541259766,,15.308853149414062,
325.60000000000002,11.012191772460938,,11.905593872070312,
325.69999999999999,6.1551361083984375,,9.8896942138671875,
325.80000000000001,4.3129806518554688,,9.1257476806640625,
325.89999999999998,3.4596099853515625,,8.9034652709960938,
326,3.7048873901367188,,8.7425003051757812,
326.10000000000002,5.5955886840820312,,9.2535018920898438,
326.19999999999999,9.5737228393554688,,10.924468994140625,
326.30000000000001,15.521766662597656,,13.607223510742188,
326.39999999999998,22.68853759765625,,17.204658508300781,
326.5,29.331539154052734,,20.137798309326172,
326.60000000000002,33.302009582519531,,22.654476165771484,
326.69999999999999,33.015850067138672,,25.878883361816406,
326.80000000000001,28.687679290771484,,26.425655364990234,
326.89999999999998,22.491802215576172,,22.268669128417969,
327,15.394012451171875,,17.950721740722656,
327.10000000000002,8.8889846801757812,,15.221977233886719,
327.19999999999999,5.110137939453125,,13.0323486328125,
327.30000000000001,3.5899124145507812,,11.588768005371094,
327.39999999999998,3.2041091918945312,,10.735397338867188,
327.5,3.620574951171875,,10.157974243164062,
327.60000000000002,5.7233428955078125,,9.6980667114257812,
327.69999999999999,9.6350479125976562,,9.7057342529296875,
327.80000000000001,14.699050903320312,,10.942352294921875,
327.89999999999998,21.163204193115234,,13.126876831054688,
328,28.820537567138672,,15.814743041992188,
328.10000000000002,36.677162170410156,,19.220554351806641,
328.19999999999999,43.9742431640625,,23.145034790039062,
328.30000000000001,45.6298828125,,26.900886535644531,
328.39999999999998,37.584186553955078,,30.04864501953125,
328.5,25.700881958007812,,28.620399475097656,
328.60000000000002,15.572860717773438,,22.613594055175781,
328.69999999999999,9.065277099609375,,18.300754547119141,
328.80000000000001,6.231781005859375,,15.763641357421875,
328.89999999999998,4.6272430419921875,,13.561233520507812,
329,3.2041091918945312,,11.673088073730469,
329.10000000000002,2.5193710327148438,,10.408363342285156,
329.19999999999999,3.1351242065429688,,10.21673583984375,
329.30000000000001,5.5266036987304688,,10.1988525390625,
329.39999999999998,9.8292236328125,,10.873367309570312,
329.5,15.836029052734375,,12.125320434570312,
329.60000000000002,23.751419067382812,,12.90203857421875,
329.69999999999999,33.488521575927734,,14.194869995117188,
329.80000000000001,43.366153717041016,,16.783088684082031,
329.89999999999998,50.594245910644531,,19.749439239501953,
330,49.314193725585938,30.843042373657227,21.341205596923828,30.949106216430664
330.10000000000002,38.501434326171875,,20.219558715820312,
330.19999999999999,26.475048065185547,,18.339080810546875,
330.30000000000001,16.904018402099609,,18.277759552001953,
330.39999999999998,10.059173583984375,,18.839859008789062,
330.5,6.4591827392578125,,18.676342010498047,
330.60000000000002,4.62213134765625,,17.570026397705078,
330.69999999999999,3.7048873901367188,,16.716651916503906,
330.80000000000001,3.288421630859375,,17.429500579833984,
330.89999999999998,3.9552764892578125,,18.556255340576172,
331,6.1244735717773438,,19.251216888427734,
331.10000000000002,9.7730178833007812,,18.576694488525391,
331.19999999999999,15.29437255859375,,17.416725158691406,
331.30000000000001,22.387050628662109,,16.525032043457031,
331.39999999999998,29.714790344238281,,14.756973266601562,
331.5,34.559066772460938,,12.876487731933594,
331.60000000000002,34.16815185546875,,11.28472900390625,
331.69999999999999,31.245231628417969,,10.257614135742188,
331.80000000000001,29.891082763671875,,10.196296691894531,
331.89999999999998,29.709678649902344,,10.901473999023438,
332,29.515499114990234,,11.887702941894531,
332.10000000000002,28.462837219238281,,13.075782775878906,
332.19999999999999,27.382072448730469,,15.574569702148438,
332.30000000000001,26.853187561035156,,19.220554351806641,
332.39999999999998,26.876182556152344,,21.987621307373047,
332.5,26.812309265136719,,20.876194000244141,
332.60000000000002,24.742759704589844,,17.646675109863281,
332.69999999999999,20.749294281005859,,15.669105529785156,
332.80000000000001,15.700614929199219,,13.773292541503906,
332.89999999999998,10.429649353027344,,12.094657897949219,
333,6.0989227294921875,,11.108428955078125,
333.10000000000002,3.510711669921875,,10.403251647949219,
333.19999999999999,2.6215667724609375,,10.086433410644531,
333.30000000000001,3.1402359008789062,,10.03277587890625,
333.39999999999998,5.2276687622070312,,10.875923156738281,
333.5,8.3805389404296875,,12.324607849121094,
333.60000000000002,12.987205505371094,,14.312400817871094,
333.69999999999999,20.072219848632812,,17.567470550537109,
333.80000000000001,28.317203521728516,,21.481731414794922,
333.89999999999998,34.883552551269531,,24.747020721435547,
334,33.713363647460938,,26.147159576416016,
334.10000000000002,24.645668029785156,,24.338218688964844,
334.19999999999999,15.460441589355469,,20.832759857177734,
334.30000000000001,9.7730178833007812,,17.743766784667969,
334.39999999999998,6.7376708984375,,14.552566528320312,
334.5,4.73455810546875,,12.010345458984375,
334.60000000000002,3.3497467041015625,,10.71240234375,
334.69999999999999,2.8183059692382812,,9.9561233520507812,
334.80000000000001,3.4059524536132812,,9.5652084350585938,
334.89999999999998,5.54193115234375,,9.2151718139648438,
335,9.1649246215820312,,9.1794052124023438,
335.10000000000002,14.627517700195312,,10.873367309570312,
335.19999999999999,22.325729370117188,,14.128440856933594,
335.30000000000001,31.945304870605469,,17.350296020507812,
335.39999999999998,41.288936614990234,,19.307426452636719,
335.5,47.104118347167969,,20.469951629638672,
335.60000000000002,44.840389251708984,,21.709125518798828,
335.69999999999999,34.998527526855469,,20.980949401855469,
335.80000000000001,24.024803161621094,,18.188335418701172,
335.89999999999998,14.81402587890625,,15.160659790039062,
336,8.63348388671875,,12.636322021484375,
336.10000000000002,5.7744369506835938,,11.35626220703125,
336.19999999999999,4.6834564208984375,,10.431358337402344,
336.30000000000001,4.1954498291015625,,9.325042724609375,
336.39999999999998,3.7815399169921875,,8.900909423828125,
336.5,4.1520156860351562,,9.9842300415039062,
336.60000000000002,6.7248992919921875,,12.462577819824219,
336.69999999999999,11.658607482910156,,16.297637939453125,
336.80000000000001,18.516223907470703,,20.079036712646484,
336.89999999999998,26.385623931884766,,22.204795837402344,
337,33.542179107666016,,23.653480529785156,
337.10000000000002,37.4615478515625,,23.1859130859375,
337.19999999999999,34.461978912353516,,20.010051727294922,
337.30000000000001,25.693218231201172,,16.113677978515625,
337.39999999999998,16.589752197265625,,12.712966918945312,
337.5,10.010627746582031,,10.643417358398438,
337.60000000000002,6.5026168823242188,,9.905029296875,
337.69999999999999,5.0130462646484375,,9.6827392578125,
337.80000000000001,4.4228439331054688,,9.2611618041992188,
337.89999999999998,5.5674819946289062,,9.0056686401367188,
338,9.1342620849609375,,9.820709228515625,
338.10000000000002,14.545753479003906,,11.678192138671875,
338.19999999999999,21.648654937744141,,14.496360778808594,
338.30000000000001,29.622810363769531,,17.283866882324219,
338.39999999999998,36.319461822509766,,19.266544342041016,
338.5,41.038547515869141,,21.14447021484375,
338.60000000000002,40.788158416748047,,22.588043212890625,
338.69999999999999,33.347999572753906,,22.414306640625,
338.80000000000001,23.102447509765625,,19.706005096435547,
338.89999999999998,14.305587768554688,,15.80963134765625,
339,8.8072280883789062,,12.761512756347656,
339.10000000000002,6.3927459716796875,,10.944908142089844,
339.19999999999999,5.3094329833984375,,9.838592529296875,
339.30000000000001,4.650238037109375,,8.9060211181640625,
339.39999999999998,4.5889205932617188,,8.2800445556640625,
339.5,6.1270294189453125,,8.5917587280273438,
339.60000000000002,9.8547744750976562,,10.469680786132812,
339.69999999999999,16.060867309570312,,13.913818359375,
339.80000000000001,23.756526947021484,,17.953273773193359,
339.89999999999998,31.097042083740234,,21.239006042480469,
340,37.619956970214844,28.767122268676758,23.030059814453125,28.68852424621582
340.10000000000002,41.761611938476562,,23.247234344482422,
340.19999999999999,39.564311981201172,,21.353981018066406,
340.30000000000001,31.454742431640625,,18.009483337402344,
340.39999999999998,21.640987396240234,,14.841285705566406,
340.5,13.022972106933594,,12.352714538574219,
340.60000000000002,7.9001998901367188,,10.771171569824219,
340.69999999999999,5.7233428955078125,,9.8718109130859375,
340.80000000000001,4.6809005737304688,,9.4400177001953125,
340.89999999999998,4.8214263916015625,,9.286712646484375,
341,7.0391616821289062,,9.9433517456054688,
341.10000000000002,11.31878662109375,,12.253067016601562,
341.19999999999999,17.501888275146484,,15.336952209472656,
341.30000000000001,25.731544494628906,,17.874069213867188,
341.39999999999998,34.635719299316406,,19.614025115966797,
341.5,41.641529083251953,,20.77655029296875,
341.60000000000002,43.407032012939453,,22.531833648681641,
341.69999999999999,37.668502807617188,,22.628925323486328,
341.80000000000001,28.570148468017578,,19.376411437988281,
341.89999999999998,19.949577331542969,,15.814743041992188,
342,12.409774780273438,,13.246963500976562,
342.10000000000002,7.7545623779296875,,11.698638916015625,
342.19999999999999,5.7054519653320312,,10.459457397460938,
342.30000000000001,4.8852996826171875,,9.1666336059570312,
342.39999999999998,4.8265380859375,,8.423126220703125,
342.5,6.270111083984375,,8.26727294921875,
342.60000000000002,10.427093505859375,,8.81915283203125,
342.69999999999999,17.241279602050781,,10.451797485351562,
342.80000000000001,25.292083740234375,,12.733413696289062,
342.89999999999998,32.964748382568359,,14.509132385253906,
343,39.086528778076172,,16.233757019042969,
343.10000000000002,42.065658569335938,,19.345748901367188,
343.19999999999999,38.907676696777344,,22.470516204833984,
343.30000000000001,30.356094360351562,,21.458736419677734,
343.39999999999998,20.772289276123047,,17.434608459472656,
343.5,13.201828002929688,,14.772300720214844,
343.60000000000002,8.78167724609375,,13.221412658691406,
343.69999999999999,6.3288726806640625,,11.726737976074219,
343.80000000000001,4.872528076171875,,10.564216613769531,
343.89999999999998,3.9961624145507812,,9.6827392578125,
344,3.7432174682617188,,9.1180877685546875,
344.10000000000002,4.80609130859375,,9.2100677490234375,
344.19999999999999,7.5552749633789062,,10.283164978027344,
344.30000000000001,12.080177307128906,,11.76251220703125,
344.39999999999998,17.790603637695312,,12.891822814941406,
344.5,24.604789733886719,,15.045684814453125,
344.60000000000002,31.587604522705078,,18.433616638183594,
344.69999999999999,36.536640167236328,,21.839431762695312,
344.80000000000001,35.325569152832031,,23.260009765625,
344.89999999999998,27.226219177246094,,21.443405151367188,
345,18.467678070068359,,18.666118621826172,
345.10000000000002,12.46087646484375,,15.804519653320312,
345.19999999999999,8.8327713012695312,,12.746185302734375,
345.30000000000001,6.7248992919921875,,10.546333312988281,
345.39999999999998,5.1459121704101562,,9.3480377197265625,
345.5,4.1750106811523438,,8.9468994140625,
345.60000000000002,4.576141357421875,,8.67095947265625,
345.69999999999999,7.0161666870117188,,8.7884902954101562,
345.80000000000001,11.168045043945312,,10.104316711425781,
345.89999999999998,16.367469787597656,,12.143203735351562,
346,22.427928924560547,,14.713539123535156,
346.10000000000002,28.513938903808594,,17.199550628662109,
346.19999999999999,34.484973907470703,,18.839859008789062,
346.30000000000001,37.484542846679688,,19.680454254150391,
346.39999999999998,34.942317962646484,,20.089256286621094,
346.5,28.703006744384766,,19.3968505859375,
346.60000000000002,21.480022430419922,,17.350296020507812,
346.69999999999999,15.240715026855469,,14.902603149414062,
346.80000000000001,10.202255249023438,,12.411483764648438,
346.89999999999998,6.9088592529296875,,10.679191589355469,
347,5.3477554321289062,,9.4451217651367188,
347.10000000000002,4.6272430419921875,,8.1420745849609375,
347.19999999999999,5.1510162353515625,,7.5263214111328125,
347.30000000000001,7.4019775390625,,7.539093017578125,
347.39999999999998,11.362220764160156,,7.9300079345703125,
347.5,17.156963348388672,,9.1206436157226562,
347.60000000000002,24.104007720947266,,11.202964782714844,
347.69999999999999,30.895198822021484,,13.131988525390625,
347.80000000000001,36.058853149414062,,14.787628173828125,
347.89999999999998,37.292919158935547,,17.659450531005859,
348,32.709247589111328,,21.009056091308594,
348.10000000000002,25.33807373046875,,24.417423248291016,
348.19999999999999,18.636310577392578,,27.945880889892578,
348.30000000000001,12.524749755859375,,31.903575897216797,
348.39999999999998,8.2630081176757812,,37.286960601806641,
348.5,6.13214111328125,,40.759204864501953,
348.60000000000002,4.780548095703125,,36.765739440917969,
348.69999999999999,3.9808273315429688,,27.107841491699219,
348.80000000000001,3.6895599365234375,,20.122470855712891,
348.89999999999998,4.14434814453125,,17.168891906738281,
349,6.0324935913085938,,14.606224060058594,
349.10000000000002,9.691253662109375,,11.984794616699219,
349.19999999999999,14.653060913085938,,10.341934204101562,
349.30000000000001,21.262847900390625,,10.002113342285156,
349.39999999999998,29.914077758789062,,9.838592529296875,
349.5,39.178508758544922,,9.5984268188476562,
349.60000000000002,48.596237182617188,,9.3480377197265625,
349.69999999999999,57.439094543457031,,8.6658477783203125,
349.80000000000001,64.886917114257812,,8.6045303344726562,
349.89999999999998,70.323959350585938,,10.3828125,
350,72.886619567871094,26.655895233154297,12.684867858886719,24.839006423950195
350.10000000000002,68.905929565429688,,13.980247497558594,
350.19999999999999,53.039382934570312,,15.216873168945312,
350.30000000000001,34.042957305908203,,17.912395477294922,
350.39999999999998,20.84893798828125,,21.747451782226562,
350.5,12.450653076171875,,23.418418884277344,
350.60000000000002,7.86187744140625,,20.924739837646484,
350.69999999999999,5.3528671264648438,,17.036033630371094,
350.80000000000001,4.4356231689453125,,14.547462463378906,
350.89999999999998,4.356414794921875,,12.6260986328125,
351,4.4279556274414062,,10.615318298339844,
351.10000000000002,4.3589706420898438,,9.2560577392578125,
351.19999999999999,3.9348373413085938,,8.313262939453125,
351.30000000000001,3.9220657348632812,,8.2953720092773438,
351.39999999999998,5.47039794921875,,9.6163101196289062,
351.5,8.78167724609375,,11.823829650878906,
351.60000000000002,13.728157043457031,,13.834617614746094,
351.69999999999999,20.271507263183594,,15.232200622558594,
351.80000000000001,27.944171905517578,,17.866405487060547,
351.89999999999998,35.123722076416016,,21.067821502685547,
352,38.17950439453125,,22.43218994140625,
352.10000000000002,32.601940155029297,,20.048374176025391,
352.19999999999999,22.351280212402344,,16.249092102050781,
352.30000000000001,14.724601745605469,,14.859169006347656,
352.39999999999998,9.9007644653320312,,14.240859985351562,
352.5,7.06982421875,,13.16009521484375,
352.60000000000002,5.350311279296875,,11.974578857421875,
352.69999999999999,3.952728271484375,,10.755844116210938,
352.80000000000001,3.8326416015625,,9.8641433715820312,
352.89999999999998,5.6875686645507812,,9.3173751831054688,
353,9.6963653564453125,,10.071098327636719,
353.10000000000002,15.143623352050781,,11.841712951660156,
353.19999999999999,21.459583282470703,,13.7681884765625,
353.30000000000001,28.687679290771484,,17.043693542480469,
353.39999999999998,35.141609191894531,,21.445960998535156,
353.5,38.521873474121094,,24.861995697021484,
353.60000000000002,36.526416778564453,,22.902309417724609,
353.69999999999999,29.571708679199219,,17.738655090332031,
353.80000000000001,22.159652709960938,,14.534683227539062,
353.89999999999998,17.011329650878906,,12.293952941894531,
354,13.855903625488281,,10.477348327636719,
354.10000000000002,10.846115112304688,,9.14874267578125,
354.19999999999999,7.685577392578125,,8.6173019409179688,
354.30000000000001,5.76422119140625,,9.1691818237304688,
354.39999999999998,5.276214599609375,,11.075218200683594,
354.5,7.5706024169921875,,14.248527526855469,
354.60000000000002,12.7725830078125,,16.683441162109375,
354.69999999999999,19.489677429199219,,18.305866241455078,
354.80000000000001,27.221107482910156,,20.756111145019531,
354.89999999999998,36.043521881103516,,21.681018829345703,
355,44.086662292480469,,18.990604400634766,
355.10000000000002,41.983898162841797,,15.334403991699219,
355.19999999999999,30.624366760253906,,12.789619445800781,
355.30000000000001,19.949577331542969,,11.087989807128906,
355.39999999999998,11.863006591796875,,10.170745849609375,
355.5,7.243560791015625,,9.84881591796875,
355.60000000000002,5.1944580078125,,9.710845947265625,
355.69999999999999,4.3231964111328125,,10.523338317871094,
355.80000000000001,5.3375320434570312,,12.7001953125,
355.89999999999998,9.1087112426757812,,15.163215637207031,
356,16.002105712890625,,17.064132690429688,
356.10000000000002,24.017139434814453,,18.346744537353516,
356.19999999999999,31.746013641357422,,19.59869384765625,
356.30000000000001,38.828472137451172,,21.305435180664062,
356.39999999999998,41.058986663818359,,21.175128936767578,
356.5,35.593841552734375,,18.489826202392578,
356.60000000000002,25.514369964599609,,15.577125549316406,
356.69999999999999,15.611190795898438,,12.950584411621094,
356.80000000000001,9.4383087158203125,,11.0087890625,
356.89999999999998,7.0902633666992188,,9.8232650756835938,
357,6.3646469116210938,,9.0823135375976562,
357.10000000000002,6.1755752563476562,,9.3173751831054688,
357.19999999999999,7.8363265991210938,,10.791610717773438,
357.30000000000001,12.123611450195312,,13.793731689453125,
357.39999999999998,18.337375640869141,,17.810195922851562,
357.5,25.866958618164062,,20.79443359375,
357.60000000000002,32.834442138671875,,21.826656341552734,
357.69999999999999,37.678722381591797,,22.143474578857422,
357.80000000000001,39.449337005615234,,21.1265869140625,
357.89999999999998,35.690933227539062,,18.369739532470703,
358,27.629909515380859,,16.037025451660156,
358.10000000000002,19.065547943115234,,13.908706665039062,
358.19999999999999,11.83489990234375,,11.61431884765625,
358.30000000000001,7.3713150024414062,,10.505447387695312,
358.39999999999998,5.3170928955078125,,10.191184997558594,
358.5,4.9415130615234375,,9.9918975830078125,
358.60000000000002,6.5511627197265625,,10.163078308105469,
358.69999999999999,9.9595260620117188,,10.957687377929688,
358.80000000000001,15.450225830078125,,13.170318603515625,
358.89999999999998,23.687541961669922,,15.911827087402344,
359,33.051616668701172,,17.866405487060547,
359.10000000000002,40.724281311035156,,19.026374816894531,
359.19999999999999,45.159763336181641,,20.068813323974609,
359.30000000000001,43.164306640625,,20.007495880126953,
359.39999999999998,34.520744323730469,,18.009483337402344,
359.5,24.576683044433594,,15.817298889160156,
359.60000000000002,15.894794464111328,,13.609771728515625,
359.69999999999999,9.3488845825195312,,11.384368896484375,
359.80000000000001,6.16790771484375,,10.168190002441406,
359.89999999999998,5.1689071655273438,,9.4119110107421875,
360,4.8955230712890625,24.657533645629883,8.8165969848632812,6.1475410461425781
360.10000000000002,5.6671295166015625,,9.1053085327148438,
360.19999999999999,8.1812515258789062,,10.758392333984375,
360.30000000000001,13.214599609375,,13.811622619628906,
360.39999999999998,20.230628967285156,,17.725879669189453,
360.5,28.189453125,,21.729564666748047,
360.60000000000002,35.248916625976562,,23.796558380126953,
360.69999999999999,39.600082397460938,,22.968738555908203,
360.80000000000001,37.757926940917969,,19.989608764648438,
360.89999999999998,29.574264526367188,,16.295082092285156,
361,20.754402160644531,,13.4718017578125,
361.10000000000002,12.997421264648438,,11.440582275390625,
361.19999999999999,7.34576416015625,,9.9459075927734375,
361.30000000000001,4.9517288208007812,,9.4246826171875,
361.39999999999998,4.1647872924804688,,9.4911117553710938,
361.5,4.2414398193359375,,10.014892578125,
361.60000000000002,5.9073028564453125,,11.016448974609375,
361.69999999999999,9.305450439453125,,12.493240356445312,
361.80000000000001,14.492095947265625,,14.641998291015625,
361.89999999999998,22.174983978271484,,17.0411376953125,
362,30.974403381347656,,19.887409210205078,
362.10000000000002,37.106403350830078,,21.790885925292969,
362.19999999999999,37.832023620605469,,23.111820220947266,
362.30000000000001,32.106269836425781,,23.985630035400391,
362.39999999999998,22.5965576171875,,21.614589691162109,
362.5,14.642845153808594,,17.874069213867188,
362.60000000000002,9.2287979125976562,,14.567901611328125,
362.69999999999999,5.7437820434570312,,12.058891296386719,
362.80000000000001,4.4049606323242188,,10.855484008789062,
362.89999999999998,4.1698989868164062,,9.8360443115234375,
363,5.1970062255859375,,8.9366836547851562,
363.10000000000002,7.7979965209960938,,8.4435653686523438,
363.19999999999999,11.914100646972656,,8.808929443359375,
363.30000000000001,18.040992736816406,,10.380256652832031,
363.39999999999998,25.562911987304688,,13.139656066894531,
363.5,33.590724945068359,,16.310409545898438,
363.60000000000002,40.228614807128906,,18.482158660888672,
363.69999999999999,44.676868438720703,,20.467395782470703,
363.80000000000001,44.950252532958984,,23.873210906982422,
363.89999999999998,38.005764007568359,,25.899326324462891,
364,27.481719970703125,,22.90997314453125,
364.10000000000002,17.851924896240234,,17.386066436767578,
364.19999999999999,11.047958374023438,,13.333831787109375,
364.30000000000001,7.4965057373046875,,11.693527221679688,
364.39999999999998,5.662017822265625,,10.1988525390625,
364.5,4.706451416015625,,8.2953720092773438,
364.60000000000002,4.3078689575195312,,7.8175888061523438,
364.69999999999999,5.1408004760742188,,8.1318588256835938,
364.80000000000001,8.3166656494140625,,8.5738677978515625,
364.89999999999998,14.254486083984375,,9.4323501586914062,
365,22.440704345703125,,11.701187133789062,
365.10000000000002,31.071495056152344,,13.487136840820312,
365.19999999999999,40.139186859130859,,15.503028869628906,
365.30000000000001,49.449607849121094,,18.058029174804688,
365.39999999999998,53.356201171875,,20.70245361328125,
365.5,46.863948822021484,,21.055046081542969,
365.60000000000002,32.0526123046875,,18.132125854492188,
365.69999999999999,17.333259582519531,,16.006362915039062,
365.80000000000001,9.0729446411132812,,14.808067321777344,
365.89999999999998,5.5751495361328125,,13.415596008300781,
366,3.5030441284179688,,11.238739013671875,
366.10000000000002,2.2970809936523438,,9.7185134887695312,
366.19999999999999,2.1872177124023438,,9.4374618530273438,
366.30000000000001,2.85662841796875,,9.5652084350585938,
366.39999999999998,4.7549972534179688,,9.8360443115234375,
366.5,8.8072280883789062,,10.758392333984375,
366.60000000000002,15.27392578125,,12.426811218261719,
366.69999999999999,23.360504150390625,,13.745193481445312,
366.80000000000001,31.411308288574219,,16.946601867675781,
366.89999999999998,37.969993591308594,,19.547595977783203,
367,39.053314208984375,,22.268669128417969,
367.10000000000002,32.236572265625,,22.089820861816406,
367.19999999999999,23.467815399169922,,19.355968475341797,
367.30000000000001,16.295928955078125,,17.038581848144531,
367.39999999999998,10.5650634765625,,15.308853149414062,
367.5,7.3483200073242188,,12.991462707519531,
367.60000000000002,5.6722412109375,,10.955131530761719,
367.69999999999999,4.7090072631835938,,10.055770874023438,
367.80000000000001,4.6246871948242188,,8.9673385620117188,
367.89999999999998,5.9175186157226562,,8.3848037719726562,
368,9.0243988037109375,,8.716949462890625,
368.10000000000002,13.470100402832031,,10.25250244140625,
368.19999999999999,19.548442840576172,,12.748741149902344,
368.30000000000001,26.945167541503906,,15.022689819335938,
368.39999999999998,34.530963897705078,,18.175559997558594,
368.5,41.043659210205078,,21.744895935058594,
368.60000000000002,41.559768676757812,,23.331550598144531,
368.69999999999999,34.556514739990234,,21.923744201660156,
368.80000000000001,25.271644592285156,,18.106575012207031,
368.89999999999998,17.412464141845703,,15.211761474609375,
369,11.76080322265625,,11.969467163085938,
369.10000000000002,7.9819564819335938,,9.9740142822265625,
369.19999999999999,5.746337890625,,9.2713851928710938,
369.30000000000001,4.5889205932617188,,8.9852218627929688,
369.39999999999998,4.3334197998046875,,8.762939453125,
369.5,6.068267822265625,,9.434906005859375,
369.60000000000002,9.8522186279296875,,10.651084899902344,
369.69999999999999,15.166618347167969,,12.250518798828125,
369.80000000000001,21.868385314941406,,14.455482482910156,
369.89999999999998,30.021389007568359,,17.087127685546875,
370,37.612293243408203,34.136547088623047,19.606361389160156,7.792208194732666
370.10000000000002,40.501998901367188,,20.270660400390625,
370.19999999999999,36.511089324951172,,18.009483337402344,
370.30000000000001,27.790874481201172,,15.178543090820312,
370.39999999999998,18.994007110595703,,13.538238525390625,
370.5,12.529861450195312,,12.010345458984375,
370.60000000000002,8.2451248168945312,,10.469680786132812,
370.69999999999999,5.7233428955078125,,9.2739410400390625,
370.80000000000001,4.5608139038085938,,8.773162841796875,
370.89999999999998,4.4790573120117188,,8.3618087768554688,
371,6.22412109375,,8.9954452514648438,
371.10000000000002,9.8343353271484375,,10.776283264160156,
371.19999999999999,14.525314331054688,,12.725746154785156,
371.30000000000001,20.547447204589844,,15.308853149414062,
371.39999999999998,28.6314697265625,,18.732551574707031,
371.5,36.830463409423828,,21.721900939941406,
371.60000000000002,38.590858459472656,,24.029064178466797,
371.69999999999999,31.858432769775391,,26.305568695068359,
371.80000000000001,22.795848846435547,,24.826225280761719,
371.89999999999998,15.88201904296875,,20.158241271972656,
372,11.035186767578125,,16.535247802734375,
372.10000000000002,7.3125457763671875,,14.271522521972656,
372.19999999999999,4.908294677734375,,11.954132080078125,
372.30000000000001,3.914398193359375,,10.29083251953125,
372.39999999999998,4.0779190063476562,,9.562652587890625,
372.5,6.160247802734375,,9.268829345703125,
372.60000000000002,10.163932800292969,,8.9392318725585938,
372.69999999999999,15.097633361816406,,8.6658477783203125,
372.80000000000001,21.393154144287109,,8.5176620483398438,
372.89999999999998,29.760780334472656,,8.9392318725585938,
373,38.496322631835938,,10.375144958496094,
373.10000000000002,45.714199066162109,,11.675643920898438,
373.19999999999999,49.912063598632812,,13.249519348144531,
373.30000000000001,46.927822113037109,,16.0855712890625,
373.39999999999998,36.968433380126953,,19.915515899658203,
373.5,26.638568878173828,,22.920196533203125,
373.60000000000002,18.048660278320312,,22.87420654296875,
373.69999999999999,11.106727600097656,,20.554264068603516,
373.80000000000001,7.243560791015625,,17.848518371582031,
373.89999999999998,5.6594619750976562,,15.301185607910156,
374,4.8750762939453125,,13.149871826171875,
374.10000000000002,4.024261474609375,,11.621986389160156,
374.19999999999999,3.2322158813476562,,10.781387329101562,
374.30000000000001,2.994598388671875,,10.10687255859375,
374.39999999999998,3.7738723754882812,,9.6290817260742188,
374.5,6.1270294189453125,,9.4042434692382812,
374.60000000000002,9.673370361328125,,9.8437042236328125,
374.69999999999999,14.773147583007812,,11.793167114257812,
374.80000000000001,22.205642700195312,,14.18975830078125,
374.89999999999998,31.421527862548828,,16.39727783203125,
375,39.114631652832031,,18.213886260986328,
375.10000000000002,40.330814361572266,,19.195003509521484,
375.19999999999999,34.392993927001953,,20.454620361328125,
375.30000000000001,25.902729034423828,,20.232334136962891,
375.39999999999998,18.498340606689453,,17.432056427001953,
375.5,12.688270568847656,,14.486137390136719,
375.60000000000002,8.5006256103515625,,12.439582824707031,
375.69999999999999,6.1653518676757812,,11.407363891601562,
375.80000000000001,5.2659912109375,,10.413467407226562,
375.89999999999998,5.0488204956054688,,9.470672607421875,
376,5.449951171875,,8.96478271484375,
376.10000000000002,6.8015518188476562,,8.59686279296875,
376.19999999999999,10.043846130371094,,8.6888427734375,
376.30000000000001,15.922897338867188,,9.4246826171875,
376.39999999999998,24.236869812011719,,11.379257202148438,
376.5,32.987743377685547,,13.441146850585938,
376.60000000000002,38.991992950439453,,14.695648193359375,
376.69999999999999,41.3988037109375,,16.995147705078125,
376.80000000000001,38.141178131103516,,20.237445831298828,
376.89999999999998,30.243675231933594,,23.454189300537109,
377,21.876049041748047,,23.129703521728516,
377.10000000000002,14.911117553710938,,19.312534332275391,
377.19999999999999,10.245689392089844,,16.941497802734375,
377.30000000000001,7.3483200073242188,,15.482589721679688,
377.39999999999998,5.7616653442382812,,13.964920043945312,
377.5,4.6170272827148438,,12.337387084960938,
377.60000000000002,3.7559890747070312,,11.016448974609375,
377.69999999999999,3.7151107788085938,,10.387924194335938,
377.80000000000001,5.1050262451171875,,9.6776275634765625,
377.89999999999998,8.9324188232421875,,9.1104202270507812,
378,14.188056945800781,,9.2151718139648438,
378.10000000000002,20.322608947753906,,10.579544067382812,
378.19999999999999,28.197116851806641,,12.94036865234375,
378.30000000000001,36.28369140625,,15.9373779296875,
378.39999999999998,43.097877502441406,,18.788761138916016,
378.5,43.877151489257812,,19.751995086669922,
378.60000000000002,35.928546905517578,,20.59259033203125,
378.69999999999999,25.493927001953125,,21.88031005859375,
378.80000000000001,17.724174499511719,,21.223674774169922,
378.89999999999998,12.793022155761719,,19.12091064453125,
379,8.8940963745117188,,16.17755126953125,
379.10000000000002,5.9890594482421875,,13.809066772460938,
379.19999999999999,4.7396621704101562,,12.419143676757812,
379.30000000000001,4.264434814453125,,11.637313842773438,
379.39999999999998,4.3768539428710938,,11.570884704589844,
379.5,5.3656387329101562,,10.975570678710938,
379.60000000000002,7.539947509765625,,10.14263916015625,
379.69999999999999,11.408210754394531,,10.168190002441406,
379.80000000000001,18.046104431152344,,11.601547241210938,
379.89999999999998,26.390731811523438,,13.057891845703125,
380,33.189586639404297,37.974681854248047,13.543342590332031,38.243625640869141
380.10000000000002,38.437557220458984,,15.306297302246094,
380.19999999999999,40.849479675292969,,19.253768920898438,
380.30000000000001,37.512649536132812,,23.459300994873047,
380.39999999999998,30.366313934326172,,23.060718536376953,
380.5,21.408485412597656,,18.742771148681641,
380.60000000000002,13.730712890625,,15.561798095703125,
380.69999999999999,9.73724365234375,,13.152427673339844,
380.80000000000001,7.9921798706054688,,11.266838073730469,
380.89999999999998,7.1822433471679688,,10.083877563476562,
381,5.966064453125,,9.1231918334960938,
381.10000000000002,4.9134063720703125,,8.883026123046875,
381.19999999999999,5.810211181640625,,9.0899810791015625,
381.30000000000001,9.2058029174804688,,10.270393371582031,
381.39999999999998,14.157394409179688,,12.109992980957031,
381.5,19.553554534912109,,13.732414245605469,
381.60000000000002,25.933387756347656,,16.26953125,
381.69999999999999,33.547286987304688,,19.550151824951172,
381.80000000000001,40.637413024902344,,21.635028839111328,
381.89999999999998,39.692062377929688,,19.85675048828125,
382,29.891082763671875,,16.310409545898438,
382.10000000000002,19.977684020996094,,14.266410827636719,
382.19999999999999,12.964210510253906,,12.613327026367188,
382.30000000000001,8.8659896850585938,,11.187637329101562,
382.39999999999998,6.592041015625,,10.124755859375,
382.5,5.0028305053710938,,9.3556976318359375,
382.60000000000002,4.4892730712890625,,9.2305068969726562,
382.69999999999999,5.294097900390625,,9.2458343505859375,
382.80000000000001,8.5108413696289062,,10.048103332519531,
382.89999999999998,13.125175476074219,,11.83660888671875,
383,18.189182281494141,,13.681312561035156,
383.10000000000002,25.059577941894531,,15.842842102050781,
383.19999999999999,32.397537231445312,,18.507709503173828,
383.30000000000001,36.490646362304688,,20.802101135253906,
383.39999999999998,33.460418701171875,,20.321758270263672,
383.5,25.573135375976562,,17.314525604248047,
383.60000000000002,17.491668701171875,,15.027801513671875,
383.69999999999999,11.523185729980469,,13.865272521972656,
383.80000000000001,8.495513916015625,,12.59033203125,
383.89999999999998,6.5613784790039062,,10.929580688476562,
384,5.0692596435546875,,9.40679931640625,
384.10000000000002,4.3538589477539062,,8.6581878662109375,
384.19999999999999,4.4356231689453125,,8.8140411376953125,
384.30000000000001,5.966064453125,,10.295944213867188,
384.39999999999998,9.8675460815429688,,12.59033203125,
384.5,16.234607696533203,,15.296073913574219,
384.60000000000002,23.868949890136719,,18.175559997558594,
384.69999999999999,30.690799713134766,,20.400966644287109,
384.80000000000001,34.546295166015625,,22.496063232421875,
384.89999999999998,32.834442138671875,,22.626369476318359,
385,25.601238250732422,,20.117359161376953,
385.10000000000002,17.908134460449219,,17.449939727783203,
385.19999999999999,12.867118835449219,,14.759529113769531,
385.30000000000001,9.5124053955078125,,12.352714538574219,
385.39999999999998,7.0723800659179688,,10.758392333984375,
385.5,5.5010528564453125,,10.055770874023438,
385.60000000000002,4.8571929931640625,,10.030220031738281,
385.69999999999999,5.792327880859375,,9.92291259765625,
385.80000000000001,8.9630813598632812,,10.612762451171875,
385.89999999999998,13.746040344238281,,12.132987976074219,
386,20.422252655029297,,13.929153442382812,
386.10000000000002,27.962059020996094,,16.21331787109375,
386.19999999999999,34.145156860351562,,18.901180267333984,
386.30000000000001,38.652179718017578,,22.2303466796875,
386.39999999999998,38.220382690429688,,23.589603424072266,
386.5,31.125148773193359,,20.689678192138672,
386.60000000000002,21.975692749023438,,16.941497802734375,
386.69999999999999,14.405227661132812,,14.659881591796875,
386.80000000000001,9.3999862670898438,,13.12432861328125,
386.89999999999998,6.5843734741210938,,11.32049560546875,
387,5.2276687622070312,,8.8217086791992188,
387.10000000000002,4.9593963623046875,,7.2554931640625,
387.19999999999999,5.4729461669921875,,7.0561981201171875,
387.30000000000001,7.391754150390625,,7.3500289916992188,
387.39999999999998,10.733695983886719,,8.0526504516601562,
387.5,15.989330291748047,,9.654632568359375,
387.60000000000002,23.319622039794922,,11.384368896484375,
387.69999999999999,30.953964233398438,,12.779403686523438,
387.80000000000001,38.041534423828125,,14.611335754394531,
387.89999999999998,41.245502471923828,,17.191886901855469,
388,36.728263854980469,,21.264556884765625,
388.10000000000002,28.07958984375,,26.280021667480469,
388.19999999999999,20.197414398193359,,28.980655670166016,
388.30000000000001,14.372016906738281,,25.9095458984375,
388.39999999999998,11.119499206542969,,19.915515899658203,
388.5,9.157257080078125,,16.016586303710938,
388.60000000000002,6.8781967163085938,,13.97003173828125,
388.69999999999999,5.092254638671875,,12.521347045898438,
388.80000000000001,4.558258056640625,,11.144203186035156,
388.89999999999998,5.1612396240234375,,9.6980667114257812,
389,7.4173049926757812,,8.9596786499023438,
389.10000000000002,11.472091674804688,,8.883026123046875,
389.19999999999999,17.53765869140625,,9.2483901977539062,
389.30000000000001,25.348293304443359,,10.975570678710938,
389.39999999999998,34.022518157958984,,13.916374206542969,
389.5,43.545001983642578,,16.522476196289062,
389.60000000000002,52.538604736328125,,18.714664459228516,
389.69999999999999,56.585723876953125,,21.908416748046875,
389.80000000000001,50.773097991943359,,26.129276275634766,
389.89999999999998,38.271484375,,30.370574951171875,
390,26.646232604980469,37.267078399658203,35.296615600585938,30.633083343505859
390.10000000000002,17.471229553222656,,40.248203277587891,
390.19999999999999,10.751579284667969,,39.995258331298828,
390.30000000000001,6.9267425537109375,,31.004215240478516,
390.39999999999998,4.9057388305664062,,20.817428588867188,
390.5,3.8377532958984375,,17.125457763671875,
390.60000000000002,3.7943115234375,,16.289970397949219,
390.69999999999999,5.5112762451171875,,14.376274108886719,
390.80000000000001,9.7500228881835938,,12.097213745117188,
390.89999999999998,16.025100708007812,,10.49267578125,
391,23.301738739013672,,9.9203567504882812,
391.10000000000002,31.291221618652344,,10.145195007324219,
391.19999999999999,40.553096771240234,,10.359817504882812,
391.30000000000001,50.325973510742188,,10.520782470703125,
391.39999999999998,58.903106689453125,,10.1988525390625,
391.5,66.84149169921875,,9.6725234985351562,
391.60000000000002,73.780868530273438,,9.7951583862304688,
391.69999999999999,74.968948364257812,,9.8053817749023438,
391.80000000000001,65.178184509277344,,9.7415084838867188,
391.89999999999998,48.907947540283203,,9.9893417358398438,
392,35.655162811279297,,10.025108337402344,
392.10000000000002,26.242542266845703,,9.7874984741210938,
392.19999999999999,18.023109436035156,,9.912689208984375,
392.30000000000001,11.865562438964844,,10.3087158203125,
392.39999999999998,8.551727294921875,,10.666412353515625,
392.5,7.19757080078125,,11.7803955078125,
392.60000000000002,7.0621566772460938,,14.067123413085938,
392.69999999999999,7.3048858642578125,,16.844406127929688,
392.80000000000001,7.5450515747070312,,19.652351379394531,
392.89999999999998,7.575714111328125,,22.603374481201172,
393,7.3866424560546875,,25.761356353759766,
393.10000000000002,7.4428558349609375,,29.228488922119141,
393.19999999999999,7.6191482543945312,,31.142185211181641,
393.30000000000001,7.9487457275390625,,28.436439514160156,
393.39999999999998,8.3498764038085938,,22.794998168945312,
393.5,8.4648513793945312,,17.812751770019531,
393.60000000000002,8.2681198120117188,,14.498916625976562,
393.69999999999999,8.163360595703125,,12.776847839355469,
393.80000000000001,8.4623031616210938,,12.002677917480469,
393.89999999999998,9.5788345336914062,,11.315383911132812,
394,13.135391235351562,,10.576988220214844,
394.10000000000002,19.778392791748047,,9.986785888671875,
394.19999999999999,28.608474731445312,,9.2662734985351562,
394.30000000000001,37.653171539306641,,8.7782669067382812,
394.39999999999998,45.875164031982422,,9.0158843994140625,
394.5,53.208015441894531,,10.094093322753906,
394.60000000000002,59.117729187011719,,12.155982971191406,
394.69999999999999,62.265487670898438,,15.474922180175781,
394.80000000000001,58.74725341796875,,19.529708862304688,
394.89999999999998,48.805747985839844,,22.715793609619141,
395,36.978652954101562,,22.590599060058594,
395.10000000000002,26.163337707519531,,19.077476501464844,
395.19999999999999,18.388473510742188,,15.819847106933594,
395.30000000000001,13.452217102050781,,14.087562561035156,
395.39999999999998,9.5660629272460938,,12.646537780761719,
395.5,6.4770660400390625,,11.509567260742188,
395.60000000000002,4.73455810546875,,10.691963195800781,
395.69999999999999,3.988494873046875,,9.7159576416015625,
395.80000000000001,4.14434814453125,,9.0261077880859375,
395.89999999999998,5.810211181640625,,9.0465469360351562,
396,9.047393798828125,,10.025108337402344,
396.10000000000002,14.257041931152344,,11.874931335449219,
396.19999999999999,22.254188537597656,,14.588340759277344,
396.30000000000001,31.784339904785156,,18.341636657714844,
396.39999999999998,39.766159057617188,,22.015724182128906,
396.5,41.005332946777344,,23.668811798095703,
396.60000000000002,33.961196899414062,,21.389751434326172,
396.69999999999999,24.114227294921875,,17.304306030273438,
396.80000000000001,16.122188568115234,,14.736534118652344,
396.89999999999998,10.483306884765625,,13.080886840820312,
397,7.0928192138671875,,11.793167114257812,
397.10000000000002,5.6671295166015625,,11.335823059082031,
397.19999999999999,4.9236221313476562,,11.363929748535156,
397.30000000000001,4.8265380859375,,10.911697387695312,
397.39999999999998,6.4591827392578125,,9.8079376220703125,
397.5,9.9186477661132812,,8.9264602661132812,
397.60000000000002,15.204940795898438,,9.1896286010742188,
397.69999999999999,23.273632049560547,,10.513114929199219,
397.80000000000001,32.821666717529297,,12.189193725585938,
397.89999999999998,40.979782104492188,,13.929153442382812,
398,44.311504364013672,,16.116233825683594,
398.10000000000002,39.786598205566406,,19.166900634765625,
398.19999999999999,30.632034301757812,,22.490955352783203,
398.30000000000001,21.8607177734375,,23.257453918457031,
398.39999999999998,14.99798583984375,,20.395854949951172,
398.5,10.347892761230469,,16.525032043457031,
398.60000000000002,7.4888458251953125,,13.568893432617188,
398.69999999999999,5.937957763671875,,11.76251220703125,
398.80000000000001,5.074371337890625,,10.6766357421875,
398.89999999999998,4.4356231689453125,,10.06854248046875,
399,4.3487472534179688,,9.509002685546875,
399.10000000000002,5.884307861328125,,8.8293685913085938,
399.19999999999999,9.1240463256835938,,8.8370361328125,
399.30000000000001,13.406227111816406,,9.8794784545898438,
399.39999999999998,18.815158843994141,,11.759956359863281,
399.5,25.407058715820312,,13.811622619628906,
399.60000000000002,32.77056884765625,,15.428932189941406,
399.69999999999999,39.372688293457031,,17.662006378173828,
399.80000000000001,40.438121795654297,,19.187339782714844,
399.89999999999998,33.475749969482422,,17.051361083984375,
400,23.301738739013672,28.32097053527832,12.79217529296875,8.379887580871582
400.10000000000002,15.240715026855469,,9.6239776611328125,
400.19999999999999,10.337669372558594,,7.5186538696289062,
400.30000000000001,7.4786224365234375,,5.2063827514648438,
400.39999999999998,5.8025436401367188,,3.0525131225585938,
400.5,4.7115631103515625,,1.8899917602539062,
400.60000000000002,4.430511474609375,,2.876220703125,
400.69999999999999,6.231781005859375,,4.7669219970703125,
400.80000000000001,9.9339828491210938,,5.5359725952148438,
400.89999999999998,15.25604248046875,,6.7189407348632812,
401,22.312953948974609,,9.3301467895507812,
401.10000000000002,30.156803131103516,,11.795722961425781,
401.19999999999999,37.855018615722656,,13.505020141601562,
401.30000000000001,42.293052673339844,,14.537239074707031,
401.39999999999998,37.832023620605469,,12.868827819824219,
401.5,26.099464416503906,,9.4195785522460938,
401.60000000000002,15.662288665771484,,7.4062347412109375,
401.69999999999999,10.1971435546875,,6.6320724487304688,
401.80000000000001,7.8414306640625,,6.3842391967773438,
401.89999999999998,6.4566268920898438,,6.6167373657226562,
402,5.516387939453125,,6.3280258178710938,
402.10000000000002,5.311981201171875,,6.675506591796875,
402.19999999999999,6.913970947265625,,7.9019088745117188,
402.30000000000001,9.6350479125976562,,8.85491943359375,
402.39999999999998,12.580955505371094,,10.255058288574219,
402.5,16.137519836425781,,12.191749572753906,
402.60000000000002,19.630203247070312,,14.386497497558594,
402.69999999999999,22.042125701904297,,13.223968505859375,
402.80000000000001,22.933818817138672,,10.837600708007812,
402.89999999999998,19.862709045410156,,9.7721633911132812,
403,13.671943664550781,,8.3439178466796875,
403.10000000000002,8.7382431030273438,,7.5416488647460938,
403.19999999999999,5.8127670288085938,,6.9386672973632812,
403.30000000000001,4.356414794921875,,6.5477523803710938,
403.39999999999998,3.8122024536132812,,6.4148941040039062,
403.5,3.472381591796875,,6.445556640625,
403.60000000000002,3.4570541381835938,,7.0740890502929688,
403.69999999999999,4.5071563720703125,,8.3515853881835938,
403.80000000000001,6.4387359619140625,,9.3403701782226562,
403.89999999999998,9.0780563354492188,,10.385368347167969,
404,13.007644653320312,,11.208076477050781,
404.10000000000002,16.671512603759766,,11.404808044433594,
404.19999999999999,17.361362457275391,,10.71240234375,
404.30000000000001,13.965766906738281,,9.3224868774414062,
404.39999999999998,9.5558395385742188,,8.2110595703125,
404.5,6.8833084106445312,,7.1941680908203125,
404.60000000000002,4.964508056640625,,6.3229141235351562,
404.69999999999999,3.7099990844726562,,5.7787017822265625,
404.80000000000001,3.0916900634765625,,5.497650146484375,
404.89999999999998,2.5219268798828125,,5.3980026245117188,
405,2.2357635498046875,,5.479766845703125,
405.10000000000002,2.828521728515625,,5.7940292358398438,
405.19999999999999,3.8428573608398438,,6.7547073364257812,
405.30000000000001,5.0079421997070312,,8.2723770141601562,
405.39999999999998,6.4131927490234375,,9.5677642822265625,
405.5,7.9742965698242188,,10.546333312988281,
405.60000000000002,8.9503021240234375,,11.399703979492188,
405.69999999999999,8.0100631713867188,,12.35015869140625,
405.80000000000001,5.8945236206054688,,12.868827819824219,
405.89999999999998,4.29254150390625,,12.089553833007812,
406,3.26287841796875,,10.592323303222656,
406.10000000000002,2.6062393188476562,,9.1461868286132812,
406.19999999999999,2.2996368408203125,,8.0526504516601562,
406.30000000000001,2.0671310424804688,,7.5697555541992188,
406.39999999999998,1.8576278686523438,,6.785369873046875,
406.5,1.7963027954101562,,6.0801925659179688,
406.60000000000002,2.131011962890625,,6.3612442016601562,
406.69999999999999,2.994598388671875,,6.8134765625,
406.80000000000001,3.970611572265625,,7.3628005981445312,
406.89999999999998,4.926177978515625,,8.6121978759765625,
407,6.2215652465820312,,11.195297241210938,
407.10000000000002,7.869537353515625,,13.226524353027344,
407.19999999999999,9.5941619873046875,,12.334831237792969,
407.30000000000001,10.3453369140625,,10.686859130859375,
407.39999999999998,8.8378829956054688,,10.094093322753906,
407.5,6.4566268920898438,,9.3301467895507812,
407.60000000000002,4.742218017578125,,8.2596054077148438,
407.69999999999999,3.5950241088867188,,7.6183013916015625,
407.80000000000001,3.0584716796875,,7.7077255249023438,
407.89999999999998,2.6496734619140625,,7.4956588745117188,
408,2.092681884765625,,7.0843048095703125,
408.10000000000002,1.8882827758789062,,6.877349853515625,
408.19999999999999,2.2280960083007812,,7.5135421752929688,
408.30000000000001,3.142791748046875,,8.6198577880859375,
408.39999999999998,4.7268905639648438,,10.385368347167969,
408.5,7.2103500366210938,,12.081886291503906,
408.60000000000002,9.6401519775390625,,12.064002990722656,
408.69999999999999,10.209922790527344,,11.698638916015625,
408.80000000000001,10.255912780761719,,11.481460571289062,
408.89999999999998,9.62738037109375,,11.984794616699219,
409,7.7187957763671875,,12.475357055664062,
409.10000000000002,6.0733718872070312,,13.024681091308594,
409.19999999999999,4.8188705444335938,,12.909706115722656,
409.30000000000001,4.4535064697265625,,12.403816223144531,
409.39999999999998,4.4611663818359375,,13.027236938476562,
409.5,3.6359024047851562,,13.119216918945312,
409.60000000000002,3.5234832763671875,,13.203529357910156,
409.69999999999999,4.95428466796875,,14.70587158203125,
409.80000000000001,6.9855117797851562,,17.00537109375,
409.89999999999998,10.227806091308594,,17.230209350585938,
410,13.901893615722656,28.409091949462891,14.28173828125,30.133930206298828
410.10000000000002,14.985214233398438,,11.844268798828125,
410.19999999999999,14.791030883789062,,11.33837890625,
410.30000000000001,15.618854522705078,,12.439582824707031,
410.39999999999998,15.677619934082031,,11.519783020019531,
410.5,15.010765075683594,,8.3260345458984375,
410.60000000000002,15.049087524414062,,7.3704681396484375,
410.69999999999999,16.750717163085938,,8.4640045166015625,
410.80000000000001,19.724739074707031,,10.502899169921875,
410.89999999999998,21.055892944335938,,12.0384521484375,
411,20.217853546142578,,12.879043579101562,
411.10000000000002,18.391029357910156,,15.178543090820312,
411.19999999999999,18.260723114013672,,19.131130218505859,
411.30000000000001,22.545459747314453,,21.612033843994141,
411.39999999999998,23.202095031738281,,20.398410797119141,
411.5,17.220840454101562,,15.973152160644531,
411.60000000000002,11.352005004882812,,12.728302001953125,
411.69999999999999,7.7315673828125,,10.592323303222656,
411.80000000000001,6.4770660400390625,,9.3531417846679688,
411.89999999999998,5.4065170288085938,,9.0720977783203125,
412,3.6691207885742188,,8.9443435668945312,
412.10000000000002,3.6231307983398438,,8.5789794921875,
412.19999999999999,5.9456253051757812,,8.543212890625,
412.30000000000001,9.8701019287109375,,9.8181533813476562,
412.39999999999998,14.407783508300781,,11.923477172851562,
412.5,19.157527923583984,,14.284294128417969,
412.60000000000002,25.309967041015625,,16.938941955566406,
412.69999999999999,32.476741790771484,,19.744331359863281,
412.80000000000001,36.355232238769531,,22.787334442138672,
412.89999999999998,31.418972015380859,,24.404651641845703,
413,21.002239227294922,,22.455184936523438,
413.10000000000002,12.632057189941406,,18.213886260986328,
413.19999999999999,7.60382080078125,,15.390609741210938,
413.30000000000001,5.08203125,,13.722198486328125,
413.39999999999998,4.098358154296875,,12.442138671875,
413.5,3.8198623657226562,,11.093101501464844,
413.60000000000002,4.1239089965820312,,9.8692550659179688,
413.69999999999999,5.8766403198242188,,9.2253952026367188,
413.80000000000001,9.4485321044921875,,8.8421478271484375,
413.89999999999998,14.333686828613281,,8.48699951171875,
414,20.708412170410156,,8.762939453125,
414.10000000000002,28.575260162353516,,10.341934204101562,
414.19999999999999,36.945438385009766,,12.370597839355469,
414.30000000000001,44.186309814453125,,14.222976684570312,
414.39999999999998,47.597232818603516,,16.080459594726562,
414.5,43.570552825927734,,18.185779571533203,
414.60000000000002,34.081283569335938,,21.093368530273438,
414.69999999999999,25.028919219970703,,22.907421112060547,
414.80000000000001,17.734394073486328,,20.796989440917969,
414.89999999999998,11.472091674804688,,16.877616882324219,
415,7.0340576171875,,13.801399230957031,
415.10000000000002,4.8265380859375,,11.461021423339844,
415.19999999999999,3.8275299072265625,,9.9714584350585938,
415.30000000000001,3.1836700439453125,,9.4860076904296875,
415.39999999999998,2.9613876342773438,,9.325042724609375,
415.5,3.6129074096679688,,8.865142822265625,
415.60000000000002,5.8868560791015625,,8.4077987670898438,
415.69999999999999,10.015739440917969,,9.0261077880859375,
415.80000000000001,15.493659973144531,,11.333267211914062,
415.89999999999998,21.648654937744141,,13.413040161132812,
416,27.790874481201172,,14.544906616210938,
416.10000000000002,34.1502685546875,,15.99359130859375,
416.19999999999999,37.262256622314453,,17.935390472412109,
416.30000000000001,31.96063232421875,,20.171016693115234,
416.39999999999998,21.745742797851562,,20.618141174316406,
416.5,13.314247131347656,,18.275203704833984,
416.60000000000002,8.6641464233398438,,15.55157470703125,
416.69999999999999,6.7274551391601562,,13.257186889648438,
416.80000000000001,5.6926803588867188,,11.294944763183594,
416.89999999999998,4.7396621704101562,,10.321487426757812,
417,3.8275299072265625,,10.096649169921875,
417.10000000000002,3.4212875366210938,,9.8743667602539062,
417.19999999999999,4.5352630615234375,,9.4681167602539062,
417.30000000000001,7.6344757080078125,,9.2279510498046875,
417.39999999999998,11.489974975585938,,9.710845947265625,
417.5,15.092521667480469,,11.197853088378906,
417.60000000000002,18.779388427734375,,13.407928466796875,
417.69999999999999,23.181652069091797,,15.773857116699219,
417.80000000000001,27.778099060058594,,17.963493347167969,
417.89999999999998,28.419403076171875,,19.989608764648438,
418,23.621112823486328,,21.297771453857422,
418.10000000000002,16.533542633056641,,19.938510894775391,
418.19999999999999,10.158821105957031,,17.268535614013672,
418.30000000000001,6.4055252075195312,,15.285858154296875,
418.39999999999998,4.6757888793945312,,13.41815185546875,
418.5,3.77642822265625,,11.667976379394531,
418.60000000000002,3.22454833984375,,10.201408386230469,
418.69999999999999,2.8924026489257812,,9.18707275390625,
418.80000000000001,3.0738067626953125,,8.5585403442382812,
418.89999999999998,4.4330673217773438,,8.2059478759765625,
419,7.3789825439453125,,8.6658477783203125,
419.10000000000002,11.957542419433594,,10.045547485351562,
419.19999999999999,17.711399078369141,,11.767623901367188,
419.30000000000001,23.449928283691406,,13.773292541503906,
419.39999999999998,28.644245147705078,,16.458602905273438,
419.5,31.822662353515625,,20.178680419921875,
419.60000000000002,29.543601989746094,,23.160366058349609,
419.69999999999999,23.13055419921875,,22.621261596679688,
419.80000000000001,16.495220184326172,,19.384075164794922,
419.89999999999998,10.690261840820312,,16.052352905273438,
420,6.581817626953125,15.831133842468262,13.507575988769531,16.271186828613281
420.10000000000002,4.4202880859375,,11.831497192382812,
420.19999999999999,3.4519424438476562,,10.610206604003906,
420.30000000000001,3.0610275268554688,,9.5830917358398438,
420.39999999999998,3.2858734130859375,,8.6607437133789062,
420.5,4.7320022583007812,,8.055206298828125,
420.60000000000002,7.2588958740234375,,8.5994186401367188,
420.69999999999999,10.649375915527344,,10.183517456054688,
420.80000000000001,15.276481628417969,,12.291397094726562,
420.89999999999998,21.4927978515625,,14.933265686035156,
421,28.680011749267578,,17.64923095703125,
421.10000000000002,33.764461517333984,,20.173568725585938,
421.19999999999999,33.033733367919922,,20.891525268554688,
421.30000000000001,26.176113128662109,,18.707000732421875,
421.39999999999998,17.864700317382812,,15.738090515136719,
421.5,11.732696533203125,,13.520347595214844,
421.60000000000002,7.7085723876953125,,11.851936340332031,
421.69999999999999,5.2915420532226562,,10.336822509765625,
421.80000000000001,4.0472564697265625,,9.0874252319335938,
421.89999999999998,3.4979324340820312,,8.349029541015625,
422,3.5439224243164062,,7.7945938110351562,
422.10000000000002,4.9517288208007812,,7.76904296875,
422.19999999999999,7.60382080078125,,8.9775619506835938,
422.30000000000001,11.316230773925781,,10.868263244628906,
422.39999999999998,16.919349670410156,,13.034896850585938,
422.5,23.940486907958984,,15.656333923339844,
422.60000000000002,30.1031494140625,,18.548591613769531,
422.69999999999999,31.682140350341797,,21.042270660400391,
422.80000000000001,26.952835083007812,,21.313098907470703,
422.89999999999998,19.839714050292969,,17.932834625244141,
423,14.044975280761719,,14.049232482910156,
423.10000000000002,9.755126953125,,12.385932922363281,
423.19999999999999,6.8552017211914062,,11.757400512695312,
423.30000000000001,5.148468017578125,,10.891258239746094,
423.39999999999998,4.3053131103515625,,9.5141067504882812,
423.5,3.8556365966796875,,8.3081512451171875,
423.60000000000002,4.4202880859375,,7.7767105102539062,
423.69999999999999,6.7223434448242188,,8.1855087280273438,
423.80000000000001,10.317230224609375,,9.7696075439453125,
423.89999999999998,15.307144165039062,,12.112548828125,
424,21.587333679199219,,14.764633178710938,
424.10000000000002,28.319759368896484,,17.651786804199219,
424.19999999999999,33.861553192138672,,20.066261291503906,
424.30000000000001,34.873332977294922,,20.531269073486328,
424.39999999999998,29.088813781738281,,18.397846221923828,
424.5,21.0150146484375,,15.44171142578125,
424.60000000000002,15.36590576171875,,13.30828857421875,
424.69999999999999,11.607505798339844,,11.647537231445312,
424.80000000000001,8.7867813110351562,,10.244842529296875,
424.89999999999998,6.5690460205078125,,9.1231918334960938,
425,5.0258255004882812,,8.2366104125976562,
425.10000000000002,4.4151763916015625,,8.28515625,
425.19999999999999,5.6518020629882812,,9.388916015625,
425.30000000000001,8.8532180786132812,,11.353713989257812,
425.39999999999998,13.076629638671875,,14.003242492675781,
425.5,18.224952697753906,,16.683441162109375,
425.60000000000002,24.060573577880859,,18.893516540527344,
425.69999999999999,28.697898864746094,,20.084144592285156,
425.80000000000001,28.899742126464844,,18.632904052734375,
425.89999999999998,24.313518524169922,,15.709983825683594,
426,18.391029357910156,,13.809066772460938,
426.10000000000002,13.500762939453125,,12.189193725585938,
426.19999999999999,10.018295288085938,,10.564216613769531,
426.30000000000001,7.777557373046875,,9.600982666015625,
426.39999999999998,6.287994384765625,,8.7603836059570312,
426.5,5.1050262451171875,,7.9530029296875,
426.60000000000002,5.4065170288085938,,8.1395187377929688,
426.69999999999999,8.0151748657226562,,9.1794052124023438,
426.80000000000001,12.149162292480469,,10.886146545410156,
426.89999999999998,17.374137878417969,,12.917373657226562,
427,22.977252960205078,,15.094230651855469,
427.10000000000002,27.767879486083984,,18.037590026855469,
427.19999999999999,30.151695251464844,,20.602809906005859,
427.30000000000001,27.290092468261719,,19.900184631347656,
427.39999999999998,20.953693389892578,,16.757537841796875,
427.5,15.199836730957031,,14.194869995117188,
427.60000000000002,10.460311889648438,,12.48046875,
427.69999999999999,7.1771316528320312,,11.363929748535156,
427.80000000000001,5.478057861328125,,10.341934204101562,
427.89999999999998,4.5454864501953125,,9.2483901977539062,
428,3.9654998779296875,,8.4665603637695312,
428.10000000000002,4.5914764404296875,,8.3158187866210938,
428.19999999999999,6.7044601440429688,,9.0056686401367188,
428.30000000000001,9.8879928588867188,,10.564216613769531,
428.39999999999998,14.489547729492188,,12.79217529296875,
428.5,21.009902954101562,,15.663993835449219,
428.60000000000002,28.784767150878906,,18.428504943847656,
428.69999999999999,33.956089019775391,,20.234889984130859,
428.80000000000001,31.802223205566406,,21.190460205078125,
428.89999999999998,24.282859802246094,,19.637020111083984,
429,16.898910522460938,,16.200546264648438,
429.10000000000002,11.487419128417969,,13.650657653808594,
429.19999999999999,8.1378173828125,,12.189193725585938,
429.30000000000001,6.0452728271484375,,10.927024841308594,
429.39999999999998,4.7320022583007812,,9.728729248046875,
429.5,4.1187973022460938,,8.6505203247070312,
429.60000000000002,4.274658203125,,7.6234130859375,
429.69999999999999,6.0146102905273438,,7.181396484375,
429.80000000000001,9.2441329956054688,,7.7281646728515625,
429.89999999999998,13.866127014160156,,9.417022705078125,
430,20.271507263183594,24.070022583007812,11.880043029785156,32.727272033691406
430.10000000000002,27.307979583740234,,14.429931640625,
430.19999999999999,33.519184112548828,,17.158668518066406,
430.30000000000001,36.138057708740234,,20.158241271972656,
430.39999999999998,31.855876922607422,,22.462848663330078,
430.5,23.580234527587891,,21.895641326904297,
430.60000000000002,16.400684356689453,,18.344188690185547,
430.69999999999999,11.3009033203125,,15.137664794921875,
430.80000000000001,7.97174072265625,,13.052787780761719,
430.89999999999998,6.13214111328125,,11.021560668945312,
431,5.08203125,,9.4451217651367188,
431.10000000000002,4.228668212890625,,8.4001312255859375,
431.19999999999999,3.8300857543945312,,7.6489639282226562,
431.30000000000001,5.0794830322265625,,7.355133056640625,
431.39999999999998,8.1352615356445312,,7.4726638793945312,
431.5,12.353561401367188,,8.0296554565429688,
431.60000000000002,17.982227325439453,,9.4885635375976562,
431.69999999999999,24.533248901367188,,11.859603881835938,
431.80000000000001,30.74700927734375,,14.739082336425781,
431.89999999999998,35.174823760986328,,17.526588439941406,
432,33.999523162841797,,19.974281311035156,
432.10000000000002,26.720329284667969,,22.296775817871094,
432.19999999999999,18.431907653808594,,23.017284393310547,
432.30000000000001,12.115951538085938,,20.201675415039062,
432.39999999999998,7.9027557373046875,,16.197990417480469,
432.5,5.5853729248046875,,13.52801513671875,
432.60000000000002,4.4611663818359375,,11.72418212890625,
432.69999999999999,3.7892074584960938,,9.7568359375,
432.80000000000001,3.584808349609375,,7.8303680419921875,
432.89999999999998,3.9859390258789062,,6.7010574340820312,
433,5.6466903686523438,,6.1491775512695312,
433.10000000000002,9.0627212524414062,,5.9038925170898438,
433.19999999999999,13.881454467773438,,6.0265350341796875,
433.30000000000001,19.640422821044922,,6.8671340942382812,
433.39999999999998,25.105567932128906,,8.7425003051757812,
433.5,29.193569183349609,,11.256622314453125,
433.60000000000002,32.351547241210938,,13.683868408203125,
433.69999999999999,33.445087432861328,,16.10345458984375,
433.80000000000001,29.331539154052734,,18.620128631591797,
433.89999999999998,21.840278625488281,,21.267108917236328,
434,15.202392578125,,21.287551879882812,
434.10000000000002,10.286567687988281,,17.725879669189453,
434.19999999999999,7.225677490234375,,14.435043334960938,
434.30000000000001,5.6875686645507812,,12.462577819824219,
434.39999999999998,4.6349105834960938,,10.730293273925781,
434.5,3.9220657348632812,,9.3378143310546875,
434.60000000000002,3.7329940795898438,,8.2647171020507812,
434.69999999999999,4.0370407104492188,,7.3628005981445312,
434.80000000000001,5.3809661865234375,,6.9258956909179688,
434.89999999999998,8.1940231323242188,,6.9463348388671875,
435,12.442985534667969,,7.5850830078125,
435.10000000000002,17.568317413330078,,9.342926025390625,
435.19999999999999,22.445812225341797,,11.826385498046875,
435.30000000000001,26.960498809814453,,14.458038330078125,
435.39999999999998,30.994842529296875,,17.416725158691406,
435.5,30.943744659423828,,20.605365753173828,
435.60000000000002,25.041694641113281,,24.149150848388672,
435.69999999999999,17.910690307617188,,26.443538665771484,
435.80000000000001,12.412330627441406,,23.520618438720703,
435.89999999999998,8.5057373046875,,18.104019165039062,
436,6.5102767944335938,,14.606224060058594,
436.10000000000002,5.5853729248046875,,12.357826232910156,
436.19999999999999,4.8265380859375,,10.684303283691406,
436.30000000000001,4.356414794921875,,9.3071517944335938,
436.39999999999998,4.8188705444335938,,8.0756454467773438,
436.5,6.8935317993164062,,7.2478256225585938,
436.60000000000002,10.80523681640625,,6.8160324096679688,
436.69999999999999,17.105865478515625,,6.6985015869140625,
436.80000000000001,24.589458465576172,,6.951446533203125,
436.89999999999998,30.905418395996094,,7.71539306640625,
437,36.286247253417969,,9.5038909912109375,
437.10000000000002,41.884254455566406,,12.010345458984375,
437.19999999999999,45.376937866210938,,14.930709838867188,
437.30000000000001,41.255722045898438,,18.006931304931641,
437.39999999999998,31.120037078857422,,20.753555297851562,
437.5,21.170867919921875,,22.32232666015625,
437.60000000000002,13.763923645019531,,20.733116149902344,
437.69999999999999,9.3948745727539062,,16.836738586425781,
437.80000000000001,7.30999755859375,,13.86016845703125,
437.89999999999998,5.9149627685546875,,12.0001220703125,
438,4.7268905639648438,,10.449241638183594,
438.10000000000002,3.90673828125,,9.11297607421875,
438.19999999999999,3.4800491333007812,,7.9427871704101562,
438.30000000000001,3.8096466064453125,,7.0843048095703125,
438.39999999999998,5.7386703491210938,,6.6039657592773438,
438.5,9.471527099609375,,6.9437789916992188,
438.60000000000002,14.139511108398438,,8.5483169555664062,
438.69999999999999,19.459018707275391,,11.317939758300781,
438.80000000000001,25.225654602050781,,14.215309143066406,
438.89999999999998,30.831321716308594,,16.83929443359375,
439,34.188594818115234,,19.731555938720703,
439.10000000000002,31.761344909667969,,23.053054809570312,
439.19999999999999,24.333957672119141,,26.162490844726562,
439.30000000000001,16.72772216796875,,26.024520874023438,
439.39999999999998,11.4107666015625,,21.336093902587891,
439.5,8.37542724609375,,16.634895324707031,
439.60000000000002,6.6175918579101562,,14.327728271484375,
439.69999999999999,5.120361328125,,13.246963500976562,
439.80000000000001,4.0549240112304688,,12.342498779296875,
439.89999999999998,3.8709640502929688,,10.587211608886719,
440,5.2685470581054688,36.613273620605469,8.9698944091796875,36.506797790527344
440.10000000000002,8.9426422119140625,,8.165069580078125,
440.19999999999999,14.716941833496094,,7.6821746826171875,
440.30000000000001,21.778957366943359,,7.5109939575195312,
440.39999999999998,29.185905456542969,,7.7767105102539062,
440.5,36.299022674560547,,8.0705337524414062,
440.60000000000002,43.085102081298828,,8.1011962890625,
440.69999999999999,48.741874694824219,,8.4180145263671875,
440.80000000000001,49.010147094726562,,9.6674118041992188,
440.89999999999998,40.967006683349609,,11.346046447753906,
441,29.615142822265625,,12.511123657226562,
441.10000000000002,20.961357116699219,,13.717086791992188,
441.19999999999999,15.682727813720703,,15.198982238769531,
441.30000000000001,12.041854858398438,,16.634895324707031,
441.39999999999998,8.7918930053710938,,18.824531555175781,
441.5,6.5256118774414062,,21.583930969238281,
441.60000000000002,5.4857254028320312,,23.413311004638672,
441.69999999999999,4.8597488403320312,,24.52984619140625,
441.80000000000001,4.43817138671875,,24.154258728027344,
441.89999999999998,4.2976531982421875,,20.51849365234375,
442,4.3410873413085938,,16.642562866210938,
442.10000000000002,4.6272430419921875,,14.6138916015625,
442.19999999999999,5.4652862548828125,,13.264846801757812,
442.30000000000001,7.1490325927734375,,12.18408203125,
442.39999999999998,9.5737228393554688,,11.177413940429688,
442.5,12.292243957519531,,10.334266662597656,
442.60000000000002,15.718498229980469,,9.6265335083007812,
442.69999999999999,20.179527282714844,,9.0235519409179688,
442.80000000000001,25.340629577636719,,8.5636520385742188,
442.89999999999998,32.042392730712891,,8.2033920288085938,
443,39.543872833251953,,8.0398788452148438,
443.10000000000002,45.387157440185547,,8.04498291015625,
443.19999999999999,49.268203735351562,,7.9683380126953125,
443.30000000000001,49.791976928710938,,8.0986404418945312,
443.39999999999998,43.695747375488281,,8.2544937133789062,
443.5,33.174259185791016,,8.0500946044921875,
443.60000000000002,23.68243408203125,,7.8763580322265625,
443.69999999999999,16.211612701416016,,7.7869338989257812,
443.80000000000001,10.782241821289062,,7.7000579833984375,
443.89999999999998,7.9001998901367188,,7.6796188354492188,
444,6.415740966796875,,7.6157455444335938,
444.10000000000002,5.3758621215820312,,7.7128372192382812,
444.19999999999999,4.5786972045898438,,8.1165237426757812,
444.30000000000001,4.0677032470703125,,8.1625137329101562,
444.39999999999998,3.8326416015625,,7.9964370727539062,
444.5,3.9731674194335938,,8.1395187377929688,
444.60000000000002,4.3436431884765625,,8.2059478759765625,
444.69999999999999,4.6476821899414062,,8.4793319702148438,
444.80000000000001,5.0667037963867188,,9.48089599609375,
444.89999999999998,5.570037841796875,,11.358818054199219,
445,5.6594619750976562,,13.852500915527344,
445.10000000000002,5.5393829345703125,,16.747314453125,
445.19999999999999,5.3733062744140625,,19.984500885009766,
445.30000000000001,5.0488204956054688,,22.342765808105469,
445.39999999999998,4.9491729736328125,,23.640705108642578,
445.5,5.2097854614257812,,22.478179931640625,
445.60000000000002,5.6185836791992188,,18.236881256103516,
445.69999999999999,5.9711761474609375,,14.680320739746094,
445.80000000000001,5.8255386352539062,,13.315948486328125,
445.89999999999998,5.50616455078125,,12.723190307617188,
446,5.6288070678710938,,12.0384521484375,
446.10000000000002,5.9149627685546875,,11.095657348632812,
446.19999999999999,6.9267425537109375,,10.119644165039062,
446.30000000000001,9.3591079711914062,,9.5882034301757812,
446.39999999999998,13.403671264648438,,9.2586135864257812,
446.5,18.932689666748047,,8.699066162109375,
446.60000000000002,25.248649597167969,,8.1267471313476562,
446.69999999999999,32.200801849365234,,7.71539306640625,
446.80000000000001,38.348133087158203,,7.9019088745117188,
446.89999999999998,42.640533447265625,,8.8600311279296875,
447,42.591987609863281,,10.426246643066406,
447.10000000000002,36.217262268066406,,12.57244873046875,
447.19999999999999,27.890518188476562,,14.072227478027344,
447.30000000000001,21.198974609375,,15.219429016113281,
447.39999999999998,15.567756652832031,,16.992591857910156,
447.5,11.0428466796875,,18.791316986083984,
447.60000000000002,8.283447265625,,20.538936614990234,
447.69999999999999,6.8271026611328125,,22.89208984375,
447.80000000000001,6.0503768920898438,,24.256458282470703,
447.89999999999998,5.2838821411132812,,21.964626312255859,
448,4.4611663818359375,,17.825523376464844,
448.10000000000002,3.8275299072265625,,14.836174011230469,
448.19999999999999,3.454498291015625,,13.249519348144531,
448.30000000000001,3.9425048828125,,12.411483764648438,
448.39999999999998,5.3043212890625,,11.6322021484375,
448.5,7.3202133178710938,,10.533554077148438,
448.60000000000002,10.772018432617188,,9.498779296875,
448.69999999999999,15.22027587890625,,8.7961578369140625,
448.80000000000001,19.780948638916016,,8.3924636840820312,
448.89999999999998,24.410610198974609,,8.2493820190429688,
449,29.142467498779297,,8.30303955078125,
449.10000000000002,34.214141845703125,,8.0015487670898438,
449.19999999999999,40.38702392578125,,7.521209716796875,
449.30000000000001,43.866931915283203,,7.4547805786132812,
449.39999999999998,39.564311981201172,,7.6949539184570312,
449.5,30.815994262695312,,8.0628738403320312,
449.60000000000002,22.867389678955078,,8.653076171875,
449.69999999999999,17.011329650878906,,9.6955184936523438,
449.80000000000001,12.900337219238281,,11.279617309570312,
449.89999999999998,9.7449111938476562,,13.277626037597656,
450,7.2129058837890625,31.960227966308594,15.316513061523438,31.555221557617188
450.10000000000002,5.5010528564453125,,17.306861877441406,
450.19999999999999,4.5557022094726562,,18.793869018554688,
450.30000000000001,4.044708251953125,,19.943618774414062,
450.39999999999998,3.7968673706054688,,21.729564666748047,
450.5,3.7943115234375,,24.422534942626953,
450.60000000000002,3.7917633056640625,,26.977535247802734,
450.69999999999999,3.7917633056640625,,26.451206207275391,
450.80000000000001,3.9629440307617188,,21.995285034179688,
450.89999999999998,4.1494598388671875,,17.419281005859375,
451,4.6451263427734375,,15.847953796386719,
451.10000000000002,6.0963668823242188,,15.863288879394531,
451.19999999999999,8.5619430541992188,,14.994583129882812,
451.30000000000001,12.029075622558594,,13.257186889648438,
451.39999999999998,16.464557647705078,,11.739517211914062,
451.5,21.377822875976562,,11.072662353515625,
451.60000000000002,26.262985229492188,,10.714958190917969,
451.69999999999999,30.547718048095703,,10.260169982910156,
451.80000000000001,34.520744323730469,,9.8896942138671875,
451.89999999999998,39.173397064208984,,9.4962234497070312,
452,44.901706695556641,,9.0720977783203125,
452.10000000000002,50.15478515625,,8.7399444580078125,
452.19999999999999,50.673454284667969,,8.4691162109375,
452.30000000000001,44.536342620849609,,8.30303955078125,
452.39999999999998,35.315349578857422,,8.7859344482421875,
452.5,26.776538848876953,,9.9893417358398438,
452.60000000000002,20.123317718505859,,11.167198181152344,
452.69999999999999,14.775703430175781,,12.355270385742188,
452.80000000000001,10.322341918945312,,13.944480895996094,
452.89999999999998,7.4249725341796875,,15.891387939453125,
453,5.8255386352539062,,18.206218719482422,
453.10000000000002,4.7498855590820312,,20.842979431152344,
453.19999999999999,4.0574798583984375,,22.271224975585938,
453.30000000000001,3.748321533203125,,20.883861541748047,
453.39999999999998,3.546478271484375,,18.500045776367188,
453.5,3.3574066162109375,,17.0411376953125,
453.60000000000002,3.3318634033203125,,15.727867126464844,
453.69999999999999,3.454498291015625,,13.801399230957031,
453.80000000000001,3.9450607299804688,,12.048667907714844,
453.89999999999998,5.2532196044921875,,10.906585693359375,
454,7.12603759765625,,9.9816741943359375,
454.10000000000002,9.2339096069335938,,9.2943801879882812,
454.19999999999999,11.819572448730469,,8.9366836547851562,
454.30000000000001,15.309700012207031,,8.5815353393554688,
454.39999999999998,19.717075347900391,,8.239166259765625,
454.5,24.497478485107422,,8.1625137329101562,
454.60000000000002,29.081150054931641,,8.2442779541015625,
454.69999999999999,31.705135345458984,,8.7884902954101562,
454.80000000000001,29.801658630371094,,10.21673583984375,
454.89999999999998,24.750423431396484,,12.153427124023438,
455,19.436023712158203,,14.284294128417969,
455.10000000000002,14.504875183105469,,16.604232788085938,
455.19999999999999,10.628936767578125,,18.870521545410156,
455.30000000000001,8.1505889892578125,,21.118919372558594,
455.39999999999998,6.7504501342773438,,23.150146484375,
455.5,5.8894119262695312,,24.793010711669922,
455.60000000000002,5.2455520629882812,,26.668380737304688,
455.69999999999999,4.742218017578125,,28.145168304443359,
455.80000000000001,4.1571273803710938,,26.3873291015625,
455.89999999999998,3.676788330078125,,21.716789245605469,
456,3.6818923950195312,,17.618568420410156,
456.10000000000002,4.2772064208984375,,15.408493041992188,
456.19999999999999,5.5904769897460938,,13.834617614746094,
456.30000000000001,7.8772048950195312,,12.191749572753906,
456.39999999999998,11.612617492675781,,11.123764038085938,
456.5,17.177402496337891,,10.421134948730469,
456.60000000000002,23.922603607177734,,9.8564834594726562,
456.69999999999999,30.729122161865234,,9.5141067504882812,
456.80000000000001,37.085964202880859,,9.1972885131835938,
456.89999999999998,42.369701385498047,,9.00311279296875,
457,46.2916259765625,,9.1794052124023438,
457.10000000000002,49.562026977539062,,9.3531417846679688,
457.19999999999999,51.876857757568359,,9.3148193359375,
457.30000000000001,49.947830200195312,,9.7415084838867188,
457.39999999999998,42.034999847412109,,10.847824096679688,
457.5,31.894203186035156,,12.263290405273438,
457.60000000000002,22.668098449707031,,13.959808349609375,
457.69999999999999,15.151290893554688,,15.712539672851562,
457.80000000000001,10.112831115722656,,17.518924713134766,
457.89999999999998,7.2461166381835938,,19.557815551757812,
458,5.6007003784179688,,21.264556884765625,
458.10000000000002,4.6527938842773438,,21.394859313964844,
458.19999999999999,4.3231964111328125,,18.837306976318359,
458.30000000000001,4.2695465087890625,,15.761085510253906,
458.39999999999998,4.2669906616210938,,14.166763305664062,
458.5,4.3691864013671875,,12.927589416503906,
458.60000000000002,4.3436431884765625,,11.754844665527344,
458.69999999999999,4.3334197998046875,,10.809494018554688,
458.80000000000001,5.24810791015625,,10.201408386230469,
458.89999999999998,7.1132583618164062,,10.007225036621094,
459,9.5583953857421875,,10.004669189453125,
459.10000000000002,12.718925476074219,,10.0506591796875,
459.19999999999999,16.579532623291016,,10.037887573242188,
459.30000000000001,20.989463806152344,,9.9101333618164062,
459.39999999999998,25.672779083251953,,10.124755859375,
459.5,29.880863189697266,,10.9346923828125,
459.60000000000002,30.943744659423828,,12.217300415039062,
459.69999999999999,26.750988006591797,,13.8780517578125,
459.80000000000001,20.445247650146484,,15.467262268066406,
459.89999999999998,15.169174194335938,,17.020698547363281,
460,10.746467590332031,26.621160507202148,18.880741119384766,26.38701057434082
460.10000000000002,7.6089324951171875,,20.809764862060547,
460.19999999999999,5.9992828369140625,,22.324878692626953,
460.30000000000001,5.258331298828125,,22.749008178710938,
460.39999999999998,4.73455810546875,,20.595146179199219,
460.5,4.2261123657226562,,17.145896911621094,
460.60000000000002,3.8454132080078125,,15.132553100585938,
460.69999999999999,3.6640090942382812,,14.309844970703125,
460.80000000000001,3.6588973999023438,,13.4718017578125,
460.89999999999998,4.2669906616210938,,12.102325439453125,
461,5.7769927978515625,,11.031784057617188,
461.10000000000002,8.1761398315429688,,11.052223205566406,
461.19999999999999,11.492530822753906,,11.404808044433594,
461.30000000000001,15.284149169921875,,11.788063049316406,
461.39999999999998,19.221405029296875,,12.329719543457031,
461.5,23.227642059326172,,12.357826232910156,
461.60000000000002,26.991157531738281,,11.966911315917969,
461.69999999999999,30.302436828613281,,12.222412109375,
461.80000000000001,31.86865234375,,12.715522766113281,
461.89999999999998,29.175682067871094,,12.725746154785156,
462,23.751419067382812,,13.929153442382812,
462.10000000000002,19.206073760986328,,16.550582885742188,
462.19999999999999,15.805370330810547,,18.635459899902344,
462.30000000000001,12.649940490722656,,19.200115203857422,
462.39999999999998,10.036178588867188,,18.262428283691406,
462.5,8.3064422607421875,,16.325736999511719,
462.60000000000002,7.86187744140625,,13.993026733398438,
462.69999999999999,9.599273681640625,,12.127876281738281,
462.80000000000001,13.439437866210938,,11.312828063964844,
462.89999999999998,18.161079406738281,,11.32049560546875,
463,21.612884521484375,,11.882598876953125,
463.10000000000002,22.356388092041016,,12.278617858886719,
463.19999999999999,21.847942352294922,,13.091110229492188,
463.30000000000001,22.014019012451172,,14.825958251953125,
463.39999999999998,22.450923919677734,,16.182662963867188,
463.5,24.395278930664062,,16.8214111328125,
463.60000000000002,28.209892272949219,,16.4892578125,
463.69999999999999,32.108821868896484,,14.848953247070312,
463.80000000000001,34.791572570800781,,12.896926879882812,
463.89999999999998,34.492637634277344,,10.993453979492188,
464,30.506839752197266,,9.3991317749023438,
464.10000000000002,24.548580169677734,,8.716949462890625,
464.19999999999999,19.729850769042969,,8.6888427734375,
464.30000000000001,17.749725341796875,,9.1461868286132812,
464.39999999999998,18.595428466796875,,10.29083251953125,
464.5,20.805503845214844,,11.650093078613281,
464.60000000000002,22.346168518066406,,12.59033203125,
464.69999999999999,24.042690277099609,,13.571449279785156,
464.80000000000001,28.002937316894531,,15.119781494140625,
464.89999999999998,33.148708343505859,,17.409061431884766,
465,36.362899780273438,,19.149013519287109,
465.10000000000002,35.854454040527344,,18.5869140625,
465.19999999999999,31.661697387695312,,17.628791809082031,
465.30000000000001,25.529697418212891,,16.944053649902344,
465.39999999999998,19.055328369140625,,15.321624755859375,
465.5,13.551856994628906,,13.561233520507812,
465.60000000000002,10.169036865234375,,11.94647216796875,
465.69999999999999,8.7561264038085938,,10.71240234375,
465.80000000000001,9.3131179809570312,,10.114532470703125,
465.89999999999998,11.385215759277344,,9.7721633911132812,
466,14.188056945800781,,9.5294418334960938,
466.10000000000002,17.394580841064453,,9.4936676025390625,
466.19999999999999,20.920478820800781,,9.3684768676757812,
466.30000000000001,24.962490081787109,,9.2943801879882812,
466.39999999999998,29.372417449951172,,9.73895263671875,
466.5,31.77667236328125,,10.661308288574219,
466.60000000000002,28.881858825683594,,11.619430541992188,
466.69999999999999,22.678318023681641,,12.930145263671875,
466.80000000000001,16.186065673828125,,14.5040283203125,
466.89999999999998,10.457756042480469,,16.123893737792969,
467,6.9446258544921875,,17.725879669189453,
467.10000000000002,5.294097900390625,,19.118354797363281,
467.19999999999999,4.6834564208984375,,20.771438598632812,
467.30000000000001,4.4560623168945312,,22.337654113769531,
467.39999999999998,4.2388839721679688,,22.013168334960938,
467.5,4.03448486328125,,19.327865600585938,
467.60000000000002,3.8709640502929688,,16.481597900390625,
467.69999999999999,3.6282424926757812,,14.935821533203125,
467.80000000000001,3.5873565673828125,,14.248527526855469,
467.89999999999998,4.1596832275390625,,13.819282531738281,
468,5.2557754516601562,,13.096221923828125,
468.10000000000002,6.75811767578125,,12.199417114257812,
468.19999999999999,9.121490478515625,,11.611763000488281,
468.30000000000001,12.747032165527344,,11.1927490234375,
468.39999999999998,17.458454132080078,,10.796722412109375,
468.5,22.356388092041016,,10.523338317871094,
468.60000000000002,27.124019622802734,,10.285720825195312,
468.69999999999999,32.108821868896484,,10.157974243164062,
468.80000000000001,35.816127777099609,,10.293388366699219,
468.89999999999998,35.340896606445312,,10.482452392578125,
469,30.527278900146484,,10.451797485351562,
469.10000000000002,24.221538543701172,,10.354705810546875,
469.19999999999999,18.741062164306641,,10.393028259277344,
469.30000000000001,14.48443603515625,,10.487564086914062,
469.39999999999998,11.001968383789062,,11.049667358398438,
469.5,8.1327056884765625,,12.209632873535156,
469.60000000000002,6.0529327392578125,,13.354278564453125,
469.69999999999999,4.8239822387695312,,14.452926635742188,
469.80000000000001,4.1034698486328125,,15.796852111816406,
469.89999999999998,3.6512374877929688,,17.452495574951172,
470,3.4136199951171875,25.641025543212891,19.261436462402344,23.354564666748047
470.10000000000002,3.3139724731445312,,20.819984436035156,
470.19999999999999,3.3778533935546875,,22.332546234130859,
470.30000000000001,3.4647216796875,,24.391876220703125,
470.39999999999998,3.3012008666992188,,25.6514892578125,
470.5,2.9741592407226562,,22.80010986328125,
470.60000000000002,2.7646484375,,18.316085815429688,
470.69999999999999,2.8515167236328125,,15.804519653320312,
470.80000000000001,3.4647216796875,,13.903602600097656,
470.89999999999998,4.6911163330078125,,12.201972961425781,
471,6.3416519165039062,,10.998565673828125,
471.10000000000002,8.3089981079101562,,10.275497436523438,
471.19999999999999,10.613609313964844,,10.081321716308594,
471.30000000000001,13.41644287109375,,9.86669921875,
471.39999999999998,16.927013397216797,,9.5805435180664062,
471.5,21.030342102050781,,9.654632568359375,
471.60000000000002,25.690662384033203,,9.8155975341796875,
471.69999999999999,30.74700927734375,,9.838592529296875,
471.80000000000001,35.568294525146484,,9.8079376220703125,
471.89999999999998,38.304698944091797,,9.66485595703125,
472,34.967868804931641,,9.6265335083007812,
472.10000000000002,26.710109710693359,,9.7363967895507812,
472.19999999999999,18.638862609863281,,9.7670516967773438,
472.30000000000001,12.611618041992188,,9.8743667602539062,
472.39999999999998,8.6590347290039062,,9.9356842041015625,
472.5,6.3493118286132812,,9.7926025390625,
472.60000000000002,5.2608871459960938,,9.66485595703125,
472.69999999999999,4.798431396484375,,9.6674118041992188,
472.80000000000001,4.4994964599609375,,9.7210617065429688,
472.89999999999998,4.4458389282226562,,9.8079376220703125,
473,4.7882080078125,,9.654632568359375,
473.10000000000002,5.2072296142578125,,9.3812484741210938,
473.19999999999999,5.4065170288085938,,9.0925369262695312,
473.30000000000001,5.4141845703125,,8.7987136840820312,
473.39999999999998,5.2711029052734375,,8.8319244384765625,
473.5,5.2429962158203125,,9.0925369262695312,
473.60000000000002,5.4218521118164062,,9.5243301391601562,
473.69999999999999,5.5547103881835938,,10.745620727539062,
473.80000000000001,5.679901123046875,,12.010345458984375,
473.89999999999998,5.6594619750976562,,11.874931335449219,
474,5.403961181640625,,10.955131530761719,
474.10000000000002,5.2659912109375,,10.037887573242188,
474.19999999999999,5.3554229736328125,,8.8702468872070312,
474.30000000000001,5.4908370971679688,,7.8354721069335938,
474.39999999999998,5.5240478515625,,7.9197921752929688,
474.5,5.276214599609375,,7.8482513427734375,
474.60000000000002,5.0385971069335938,,6.1261825561523438,
474.69999999999999,5.0437088012695312,,4.5522994995117188,
474.80000000000001,5.1561279296875,,4.5395278930664062,
474.89999999999998,5.4448471069335938,,5.921783447265625,
475,6.086151123046875,,8.0782012939453125,
475.10000000000002,7.8823165893554688,,9.7517242431640625,
475.19999999999999,11.988197326660156,,10.439018249511719,
475.30000000000001,15.861579895019531,,10.691963195800781,
475.39999999999998,16.610195159912109,,12.125320434570312,
475.5,15.871799468994141,,15.400833129882812,
475.60000000000002,13.590187072753906,,17.094795227050781,
475.69999999999999,9.62738037109375,,15.311408996582031,
475.80000000000001,6.5332717895507812,,11.082878112792969,
475.89999999999998,4.7192230224609375,,7.8278121948242188,
476,3.96038818359375,,6.9105682373046875,
476.10000000000002,3.380401611328125,,6.42767333984375,
476.19999999999999,2.5602493286132812,,6.38934326171875,
476.30000000000001,2.48870849609375,,6.1619491577148438,
476.39999999999998,2.9792709350585938,,5.83746337890625,
476.5,4.8776321411132812,,5.0684127807617188,
476.60000000000002,8.6641464233398438,,4.871673583984375,
476.69999999999999,12.780250549316406,,5.8681259155273438,
476.80000000000001,16.870803833007812,,7.0766372680664062,
476.89999999999998,22.031902313232422,,8.037322998046875,
477,26.996269226074219,,9.3122634887695312,
477.10000000000002,25.966602325439453,,10.766059875488281,
477.19999999999999,17.754833221435547,,12.127876281738281,
477.30000000000001,9.9416427612304688,,13.778404235839844,
477.39999999999998,6.3135452270507812,,13.331283569335938,
477.5,4.77032470703125,,11.765068054199219,
477.60000000000002,3.9041824340820312,,9.930572509765625,
477.69999999999999,3.4493865966796875,,8.6735153198242188,
477.80000000000001,3.1683425903320312,,8.4001312255859375,
477.89999999999998,2.9894866943359375,,7.5876388549804688,
478,2.8259658813476562,,7.2427139282226562,
478.10000000000002,2.9281692504882812,,6.9667739868164062,
478.19999999999999,3.6972274780273438,,6.5962982177734375,
478.30000000000001,5.240447998046875,,6.509429931640625,
478.39999999999998,7.7622299194335938,,6.0239791870117188,
478.5,11.888557434082031,,5.6151809692382812,
478.60000000000002,17.621974945068359,,7.209503173828125,
478.69999999999999,22.721752166748047,,9.0158843994140625,
478.80000000000001,24.188323974609375,,10.152862548828125,
478.89999999999998,20.309833526611328,,11.407363891601562,
479,13.751152038574219,,12.999130249023438,
479.10000000000002,8.5363922119140625,,12.723190307617188,
479.19999999999999,5.6492462158203125,,11.407363891601562,
479.30000000000001,4.4509506225585938,,10.224403381347656,
479.39999999999998,3.8198623657226562,,8.8447036743164062,
479.5,3.2603225708007812,,7.5569839477539062,
479.60000000000002,2.7901992797851562,,6.7393798828125,
479.69999999999999,2.4478302001953125,,6.2309341430664062,
479.80000000000001,2.350738525390625,,5.8119125366210938,
479.89999999999998,2.682891845703125,,5.5640792846679688,
480,3.4851608276367188,24.115756988525391,5.3954544067382812,24.0577392578125
480.10000000000002,4.7958755493164062,,5.2191543579101562,
480.19999999999999,6.6610260009765625,,5.1246185302734375,
480.30000000000001,8.8123321533203125,,5.1195144653320312,
480.39999999999998,10.531852722167969,,5.185943603515625,
480.5,11.551292419433594,,5.515533447265625,
480.60000000000002,10.746467590332031,,6.3229141235351562,
480.69999999999999,8.3933181762695312,,7.2299423217773438,
480.80000000000001,6.3212127685546875,,8.147186279296875,
480.89999999999998,4.7217788696289062,,9.0925369262695312,
481,3.6691207885742188,,9.8718109130859375,
481.10000000000002,3.2015533447265625,,10.520782470703125,
481.19999999999999,3.0329208374023438,,10.607650756835938,
481.30000000000001,2.912841796875,,9.73895263671875,
481.39999999999998,2.7723159790039062,,8.5202178955078125,
481.5,2.590911865234375,,7.5467605590820312,
481.60000000000002,2.4197235107421875,,6.7930374145507812,
481.69999999999999,2.2945327758789062,,6.2539291381835938,
481.80000000000001,2.2025527954101562,,5.91156005859375,
481.89999999999998,2.2127685546875,,5.65350341796875,
482,2.4325027465820312,,5.4082260131835938,
482.10000000000002,2.884735107421875,,5.2523727416992188,
482.19999999999999,3.4238433837890625,,5.1552810668945312,
482.30000000000001,3.9476165771484375,,5.1246185302734375,
482.39999999999998,4.4969406127929688,,5.2165985107421875,
482.5,5.1229171752929688,,5.4388885498046875,
482.60000000000002,5.7028961181640625,,5.9779891967773438,
482.69999999999999,5.8970794677734375,,6.785369873046875,
482.80000000000001,5.368194580078125,,7.6183013916015625,
482.89999999999998,4.576141357421875,,8.3924636840820312,
483,4.0472564697265625,,9.1385269165039062,
483.10000000000002,3.6180191040039062,,9.7619476318359375,
483.19999999999999,3.234771728515625,,10.201408386230469,
483.30000000000001,2.9358367919921875,,10.091537475585938,
483.39999999999998,2.65478515625,,9.1845169067382812,
483.5,2.4299468994140625,,8.17529296875,
483.60000000000002,2.3277435302734375,,7.4726638793945312,
483.69999999999999,2.2613143920898438,,7.025543212890625,
483.80000000000001,2.19488525390625,,6.8696823120117188,
483.89999999999998,2.1897735595703125,,6.8441390991210938,
484,2.3277435302734375,,6.7751541137695312,
484.10000000000002,2.6956634521484375,,6.7521591186523438,
484.19999999999999,3.2271041870117188,,7.1072998046875,
484.30000000000001,3.74066162109375,,8.6965103149414062,
484.39999999999998,4.2261123657226562,,10.7864990234375,
484.5,4.73455810546875,,11.621986389160156,
484.60000000000002,5.2251129150390625,,12.253067016601562,
484.69999999999999,5.7310028076171875,,13.5101318359375,
484.80000000000001,5.9583969116210938,,14.616447448730469,
484.89999999999998,5.4525070190429688,,15.858177185058594,
485,4.5889205932617188,,17.725879669189453,
485.10000000000002,3.7994232177734375,,18.742771148681641,
485.19999999999999,3.1402359008789062,,19.997276306152344,
485.30000000000001,2.6752243041992188,,21.228786468505859,
485.39999999999998,2.41461181640625,,22.051494598388672,
485.5,2.3558502197265625,,23.35198974609375,
485.60000000000002,2.6650009155273438,,21.683574676513672,
485.69999999999999,3.3471908569335938,,16.793304443359375,
485.80000000000001,4.6016921997070312,,13.538238525390625,
485.89999999999998,6.4182968139648438,,12.94036865234375,
486,8.9043121337890625,,11.972023010253906,
486.10000000000002,11.972869873046875,,10.413467407226562,
486.19999999999999,15.120628356933594,,9.6520767211914062,
486.30000000000001,18.677188873291016,,8.9596786499023438,
486.39999999999998,22.903160095214844,,8.4486770629882812,
486.5,27.006488800048828,,8.6786270141601562,
486.60000000000002,29.832317352294922,,8.8063735961914062,
486.69999999999999,31.986183166503906,,7.9862213134765625,
486.80000000000001,34.625499725341797,,7.2401580810546875,
486.89999999999998,37.484542846679688,,7.1405181884765625,
487,39.273044586181641,,7.117523193359375,
487.10000000000002,36.766590118408203,,7.2043914794921875,
487.19999999999999,29.341758728027344,,7.319366455078125,
487.30000000000001,21.426368713378906,,7.01531982421875,
487.39999999999998,15.733829498291016,,7.263153076171875,
487.5,11.382667541503906,,7.439453125,
487.60000000000002,8.8353271484375,,7.0868606567382812,
487.69999999999999,8.0023956298828125,,7.1277389526367188,
487.80000000000001,7.6063766479492188,,7.0102081298828125,
487.89999999999998,7.6089324951171875,,6.7342681884765625,
488,6.2803268432617188,,6.6320724487304688,
488.10000000000002,4.55059814453125,,6.8262481689453125,
488.19999999999999,4.2210006713867188,,7.907012939453125,
488.30000000000001,4.116241455078125,,9.4425735473632812,
488.39999999999998,3.7943115234375,,11.169754028320312,
488.5,3.4315032958984375,,12.531562805175781,
488.60000000000002,3.2909774780273438,,11.821273803710938,
488.69999999999999,3.37274169921875,,10.375144958496094,
488.80000000000001,3.5132675170898438,,9.1538543701171875,
488.89999999999998,3.8760757446289062,,8.3055953979492188,
489,4.2669906616210938,,8.2826004028320312,
489.10000000000002,4.5914764404296875,,8.5176620483398438,
489.19999999999999,4.8393096923828125,,8.3975753784179688,
489.30000000000001,4.8852996826171875,,7.6719589233398438,
489.39999999999998,4.73455810546875,,7.3679122924804688,
489.5,4.2005615234375,,7.0945281982421875,
489.60000000000002,4.7013397216796875,,6.8875732421875,
489.69999999999999,6.1423568725585938,,7.3985671997070312,
489.80000000000001,7.4173049926757812,,7.4420089721679688,
489.89999999999998,9.323333740234375,,6.7828140258789062,
490,10.925315856933594,16.666667938232422,6.5119857788085938,16.653450012207031
490.10000000000002,10.120491027832031,,7.6208572387695312,
490.19999999999999,7.5603866577148438,,11.169754028320312,
490.30000000000001,5.792327880859375,,15.837738037109375,
490.39999999999998,5.24810791015625,,15.75341796875,
490.5,5.3017654418945312,,15.10955810546875,
490.60000000000002,5.83831787109375,,14.961372375488281,
490.69999999999999,6.3646469116210938,,13.663429260253906,
490.80000000000001,6.4847259521484375,,12.099769592285156,
490.89999999999998,6.712127685546875,,10.464569091796875,
491,6.5869293212890625,,9.3122634887695312,
491.10000000000002,5.7693328857421875,,8.6121978759765625,
491.19999999999999,5.3758621215820312,,8.5406570434570312,
491.30000000000001,5.3809661865234375,,9.1257476806640625,
491.39999999999998,5.3758621215820312,,9.4297943115234375,
491.5,6.7530059814453125,,9.9765625,
491.60000000000002,9.7525711059570312,,11.169754028320312,
491.69999999999999,13.411331176757812,,12.360382080078125,
491.80000000000001,17.026660919189453,,14.008354187011719,
491.89999999999998,19.642978668212891,,15.204093933105469,
492,20.194858551025391,,15.906723022460938,
492.10000000000002,18.758949279785156,,17.135673522949219,
492.19999999999999,15.641849517822266,,18.441280364990234,
492.30000000000001,11.288131713867188,,19.644683837890625,
492.39999999999998,7.8133316040039062,,20.965621948242188,
492.5,5.65435791015625,,21.134250640869141,
492.60000000000002,4.2261123657226562,,19.074920654296875,
492.69999999999999,3.564361572265625,,17.117790222167969,
492.80000000000001,3.7099990844726562,,15.847953796386719,
492.89999999999998,4.8852996826171875,,14.460586547851562,
493,7.151580810546875,,13.530570983886719,
493.10000000000002,9.535400390625,,12.631210327148438,
493.19999999999999,11.403106689453125,,11.61431884765625,
493.30000000000001,13.743484497070312,,11.098213195800781,
493.39999999999998,16.622970581054688,,10.962799072265625,
493.5,19.443687438964844,,10.990898132324219,
493.60000000000002,22.502025604248047,,11.0445556640625,
493.69999999999999,25.585906982421875,,11.164642333984375,
493.80000000000001,28.296764373779297,,11.563217163085938,
493.89999999999998,30.394416809082031,,12.439582824707031,
494,30.310104370117188,,13.903602600097656,
494.10000000000002,26.602798461914062,,15.541358947753906,
494.19999999999999,21.372714996337891,,16.923606872558594,
494.30000000000001,16.551429748535156,,17.920059204101562,
494.39999999999998,12.151718139648438,,19.289539337158203,
494.5,8.7407913208007812,,21.336093902587891,
494.60000000000002,6.7172317504882812,,21.7142333984375,
494.69999999999999,5.626251220703125,,19.680454254150391,
494.80000000000001,4.9593963623046875,,17.539363861083984,
494.89999999999998,4.5710372924804688,,16.410057067871094,
495,4.3231964111328125,,15.801963806152344,
495.10000000000002,4.2516632080078125,,14.491249084472656,
495.19999999999999,4.6016921997070312,,12.743629455566406,
495.30000000000001,5.5138320922851562,,11.404808044433594,
495.39999999999998,7.1873550415039062,,10.431358337402344,
495.5,9.8317794799804688,,10.030220031738281,
495.60000000000002,13.36279296875,,10.045547485351562,
495.69999999999999,17.468673706054688,,10.104316711425781,
495.80000000000001,21.965473175048828,,10.083877563476562,
495.89999999999998,26.620681762695312,,10.035331726074219,
496,30.236007690429688,,10.060882568359375,
496.10000000000002,30.144027709960938,,10.408363342285156,
496.19999999999999,25.808193206787109,,11.588768005371094,
496.30000000000001,20.790172576904297,,13.37982177734375,
496.39999999999998,16.824813842773438,,14.810623168945312,
496.5,12.951431274414062,,15.942489624023438,
496.60000000000002,8.9068679809570312,,17.478046417236328,
496.69999999999999,5.9456253051757812,,19.143905639648438,
496.80000000000001,4.80609130859375,,20.722896575927734,
496.89999999999998,4.6272430419921875,,21.576263427734375,
497,4.5940322875976562,,19.7647705078125,
497.10000000000002,4.4151763916015625,,16.76519775390625,
497.19999999999999,4.1852264404296875,,15.142776489257812,
497.30000000000001,3.9910507202148438,,14.3558349609375,
497.39999999999998,3.9629440307617188,,13.640434265136719,
497.5,4.264434814453125,,13.190757751464844,
497.60000000000002,5.3094329833984375,,12.677200317382812,
497.69999999999999,7.8286590576171875,,11.711410522460938,
497.80000000000001,11.492530822753906,,10.84271240234375,
497.89999999999998,15.133407592773438,,10.242286682128906,
498,18.536663055419922,,9.9203567504882812,
498.10000000000002,22.417709350585938,,9.859039306640625,
498.19999999999999,26.842967987060547,,9.9356842041015625,
498.30000000000001,31.326992034912109,,10.173301696777344,
498.39999999999998,33.217693328857422,,10.929580688476562,
498.5,29.543601989746094,,12.194305419921875,
498.60000000000002,22.982364654541016,,13.793731689453125,
498.69999999999999,17.008773803710938,,16.256752014160156,
498.80000000000001,12.287132263183594,,19.136241912841797,
498.89999999999998,9.287567138671875,,21.619701385498047,
499,7.6217041015625,,23.681583404541016,
499.10000000000002,6.323760986328125,,24.839000701904297,
499.19999999999999,5.0845870971679688,,25.171150207519531,
499.30000000000001,4.1290206909179688,,25.825229644775391,
499.39999999999998,3.6180191040039062,,26.806350708007812,
499.5,3.712554931640625,,26.722034454345703,
499.60000000000002,4.3180923461914062,,23.786338806152344,
499.69999999999999,5.074371337890625,,19.166900634765625,
499.80000000000001,6.029937744140625,,16.174995422363281,
499.89999999999998,7.575714111328125,,15.150444030761719,
500,9.949310302734375,13.595166206359863,14.562789916992188,14.452856063842773
500.10000000000002,13.176277160644531,,13.921485900878906,
500.19999999999999,17.657745361328125,,13.936813354492188,
500.30000000000001,22.959369659423828,,14.455482482910156,
500.39999999999998,28.232887268066406,,13.97003173828125,
500.5,33.041397094726562,,12.396148681640625,
500.60000000000002,36.373119354248047,,11.095657348632812,
500.69999999999999,38.118183135986328,,10.076210021972656,
500.80000000000001,39.413566589355469,,9.5958709716796875,
500.89999999999998,40.992557525634766,,10.081321716308594,
501,41.779499053955078,,10.996009826660156,
501.10000000000002,39.066089630126953,,12.051223754882812,
501.19999999999999,33.056728363037109,,13.387489318847656,
501.30000000000001,26.722885131835938,,14.938377380371094,
501.39999999999998,21.505573272705078,,17.087127685546875,
501.5,17.047100067138672,,19.711116790771484,
501.60000000000002,13.112396240234375,,21.831764221191406,
501.69999999999999,10.483306884765625,,23.620265960693359,
501.80000000000001,9.1725921630859375,,25.079170227050781,
501.89999999999998,7.9870681762695312,,25.342334747314453,
502,6.35186767578125,,24.770015716552734,
502.10000000000002,4.8776321411132812,,22.777114868164062,
502.19999999999999,4.0114898681640625,,19.179676055908203,
502.30000000000001,3.9552764892578125,,16.047248840332031,
502.39999999999998,4.75244140625,,14.202537536621094,
502.5,6.0069427490234375,,13.16009521484375,
502.60000000000002,7.6242599487304688,,12.253067016601562,
502.69999999999999,9.6324920654296875,,11.509567260742188,
502.80000000000001,12.131278991699219,,10.942352294921875,
502.89999999999998,15.577972412109375,,10.990898132324219,
503,20.133537292480469,,11.376708984375,
503.10000000000002,25.3201904296875,,11.297500610351562,
503.19999999999999,30.072486877441406,,11.095657348632812,
503.30000000000001,33.680149078369141,,10.704742431640625,
503.39999999999998,35.675601959228516,,10.280609130859375,
503.5,35.846786499023438,,10.081321716308594,
503.60000000000002,33.457862854003906,,9.905029296875,
503.69999999999999,28.861419677734375,,9.8513717651367188,
503.80000000000001,23.863838195800781,,9.8462600708007812,
503.89999999999998,19.154972076416016,,9.6239776611328125,
504,14.793586730957031,,9.600982666015625,
504.10000000000002,10.853782653808594,,10.237174987792969,
504.19999999999999,7.833770751953125,,11.565773010253906,
504.30000000000001,6.2726669311523438,,13.538238525390625,
504.39999999999998,5.828094482421875,,15.768753051757812,
504.5,5.7054519653320312,,17.736099243164062,
504.60000000000002,5.35797119140625,,19.790321350097656,
504.69999999999999,4.7320022583007812,,21.675910949707031,
504.80000000000001,4.1009140014648438,,22.370868682861328,
504.89999999999998,3.6078033447265625,,22.232898712158203,
505,3.4519424438476562,,22.623813629150391,
505.10000000000002,3.6359024047851562,,23.546169281005859,
505.19999999999999,4.044708251953125,,24.138931274414062,
505.30000000000001,4.3129806518554688,,23.019840240478516,
505.39999999999998,4.3104248046875,,19.828643798828125,
505.5,4.6272430419921875,,16.4534912109375,
505.60000000000002,5.6696853637695312,,14.036460876464844,
505.69999999999999,7.5373916625976562,,12.825393676757812,
505.80000000000001,10.465415954589844,,12.452362060546875,
505.89999999999998,14.257041931152344,,12.306724548339844,
506,17.984783172607422,,12.010345458984375,
506.10000000000002,21.730415344238281,,11.765068054199219,
506.19999999999999,25.593574523925781,,11.609207153320312,
506.30000000000001,28.416847229003906,,11.32049560546875,
506.39999999999998,29.929409027099609,,10.962799072265625,
506.5,31.270782470703125,,10.778839111328125,
506.60000000000002,32.711803436279297,,10.819717407226562,
506.69999999999999,33.935649871826172,,10.617874145507812,
506.80000000000001,33.473194122314453,,10.175857543945312,
506.89999999999998,30.338207244873047,,10.002113342285156,
507,26.122459411621094,,10.155418395996094,
507.10000000000002,21.881160736083984,,10.518226623535156,
507.19999999999999,18.224952697753906,,11.2642822265625,
507.30000000000001,15.636737823486328,,12.370597839355469,
507.39999999999998,13.311691284179688,,13.921485900878906,
507.5,10.853782653808594,,15.952713012695312,
507.60000000000002,9.0397262573242188,,17.810195922851562,
507.69999999999999,7.8746490478515625,,19.000823974609375,
507.80000000000001,6.8986358642578125,,19.718780517578125,
507.89999999999998,5.9226303100585938,,20.33453369140625,
508,5.1689071655273438,,20.855754852294922,
508.10000000000002,4.8316421508789062,,21.269664764404297,
508.19999999999999,4.642578125,,20.733116149902344,
508.30000000000001,4.7013397216796875,,18.612464904785156,
508.39999999999998,5.1944580078125,,16.272087097167969,
508.5,5.9456253051757812,,14.616447448730469,
508.60000000000002,6.9982833862304688,,13.456474304199219,
508.69999999999999,8.5747222900390625,,12.697639465332031,
508.80000000000001,10.789901733398438,,11.984794616699219,
508.89999999999998,13.746040344238281,,11.358818054199219,
509,17.366474151611328,,10.921913146972656,
509.10000000000002,21.025234222412109,,10.372589111328125,
509.19999999999999,23.741199493408203,,9.9254684448242188,
509.30000000000001,25.317634582519531,,9.9152450561523438,
509.39999999999998,26.628349304199219,,10.410919189453125,
509.5,28.046375274658203,,10.720069885253906,
509.60000000000002,28.932956695556641,,10.617874145507812,
509.69999999999999,28.212448120117188,,10.367477416992188,
509.80000000000001,25.455604553222656,,10.091537475585938,
509.89999999999998,22.024238586425781,,10.173301696777344,
510,18.682300567626953,18.567638397216797,10.845268249511719,18.567638397216797
510.10000000000002,15.263710021972656,,11.611763000488281,
510.19999999999999,12.537521362304688,,12.255622863769531,
510.30000000000001,10.169036865234375,,13.223968505859375,
510.39999999999998,7.999847412109375,,14.358390808105469,
510.5,6.8168792724609375,,15.510696411132812,
510.60000000000002,6.3390960693359375,,17.00537109375,
510.69999999999999,6.0784835815429688,,18.972721099853516,
510.80000000000001,5.9047470092773438,,20.418849945068359,
510.89999999999998,5.8050994873046875,,19.905296325683594,
511,5.4627304077148438,,18.075916290283203,
511.10000000000002,4.982391357421875,,16.762641906738281,
511.19999999999999,4.6374664306640625,,15.858177185058594,
511.30000000000001,4.4330673217773438,,14.675209045410156,
511.39999999999998,4.7549972534179688,,13.272514343261719,
511.5,5.7616653442382812,,12.403816223144531,
511.60000000000002,7.1592483520507812,,11.936248779296875,
511.69999999999999,8.9426422119140625,,11.248954772949219,
511.80000000000001,11.290687561035156,,10.51055908203125,
511.89999999999998,14.239151000976562,,9.7645034790039062,
512,17.724174499511719,,9.3761367797851562,
512.10000000000002,21.617992401123047,,9.1921768188476562,
512.20000000000005,25.128562927246094,,8.9315719604492188,
512.29999999999995,27.024372100830078,,8.826812744140625,
512.39999999999998,26.36773681640625,,8.8114852905273438,
512.5,23.656883239746094,,9.0235519409179688,
512.60000000000002,20.682865142822266,,9.9765625,
512.70000000000005,17.146743774414062,,11.657752990722656,
512.79999999999995,13.002532958984375,,13.326171875,
512.89999999999998,9.7500228881835938,,14.603668212890625,
513,7.6523666381835938,,15.784080505371094,
513.10000000000002,6.2675552368164062,,17.242984771728516,
513.20000000000005,5.4755020141601562,,18.740215301513672,
513.29999999999995,5.1944580078125,,20.117359161376953,
513.39999999999998,5.0488204956054688,,21.075485229492188,
513.5,4.9006271362304688,,20.689678192138672,
513.60000000000002,4.6349105834960938,,18.535816192626953,
513.70000000000005,4.2669906616210938,,15.819847106933594,
513.79999999999995,4.1111373901367188,,14.008354187011719,
513.89999999999998,4.2516632080078125,,12.922477722167969,
514,5.0590362548828125,,12.219856262207031,
514.10000000000002,7.0212783813476562,,11.494232177734375,
514.20000000000005,9.6963653564453125,,10.589767456054688,
514.29999999999995,12.596290588378906,,9.8896942138671875,
514.39999999999998,15.690395355224609,,9.7619476318359375,
514.5,18.730842590332031,,9.9740142822265625,
514.60000000000002,21.628211975097656,,9.9918975830078125,
514.70000000000005,24.806632995605469,,9.8564834594726562,
514.79999999999995,28.432178497314453,,9.5830917358398438,
514.89999999999998,31.421527862548828,,9.2943801879882812,
515,31.901866912841797,,9.1615219116210938,
515.10000000000002,29.009609222412109,,8.9903335571289062,
515.20000000000005,24.058017730712891,,9.0158843994140625,
515.29999999999995,19.08343505859375,,9.7415084838867188,
515.39999999999998,14.747596740722656,,10.904029846191406,
515.5,11.02496337890625,,11.984794616699219,
515.60000000000002,8.3498764038085938,,13.208641052246094,
515.70000000000005,6.9957275390625,,14.887275695800781,
515.79999999999995,6.931854248046875,,17.051361083984375,
515.89999999999998,7.30999755859375,,19.412181854248047,
516,6.913970947265625,,20.725448608398438,
516.10000000000002,6.0018310546875,,19.585918426513672,
516.20000000000005,5.1919021606445312,,16.808631896972656,
516.29999999999995,4.5173797607421875,,14.394157409667969,
516.39999999999998,4.1647872924804688,,12.830497741699219,
516.5,4.1980056762695312,,11.867263793945312,
516.60000000000002,4.4739456176757812,,11.205520629882812,
516.70000000000005,5.1919021606445312,,10.416023254394531,
516.79999999999995,6.5307159423828125,,9.59075927734375,
516.89999999999998,8.3166656494140625,,8.9724502563476562,
517,10.488410949707031,,8.6581878662109375,
517.10000000000002,13.217155456542969,,8.6147537231445312,
517.20000000000005,16.334255218505859,,8.773162841796875,
517.29999999999995,19.637870788574219,,9.2381668090820312,
517.39999999999998,22.944038391113281,,10.239730834960938,
517.5,24.735092163085938,,11.8544921875,
517.60000000000002,23.255748748779297,,13.722198486328125,
517.70000000000005,19.395145416259766,,15.395721435546875,
517.79999999999995,15.327583312988281,,16.918502807617188,
517.89999999999998,11.748031616210938,,18.459163665771484,
518,8.8736572265625,,19.734111785888672,
518.10000000000002,7.1055908203125,,20.536380767822266,
518.20000000000005,6.0989227294921875,,20.429069519042969,
518.29999999999995,5.460174560546875,,18.681449890136719,
518.39999999999998,5.0845870971679688,,16.238868713378906,
518.5,4.9159622192382812,,14.550018310546875,
518.60000000000002,4.9210662841796875,,13.328727722167969,
518.70000000000005,5.240447998046875,,12.104881286621094,
518.79999999999995,6.0784835815429688,,11.041999816894531,
518.89999999999998,7.4173049926757812,,10.29083251953125,
519,9.4945220947265625,,9.894805908203125,
519.10000000000002,12.440437316894531,,9.66485595703125,
519.20000000000005,16.073642730712891,,9.5396575927734375,
519.29999999999995,19.926582336425781,,9.562652587890625,
519.39999999999998,23.306850433349609,,9.3582534790039062,
519.5,25.88995361328125,,9.2100677490234375,
519.60000000000002,27.581363677978516,,9.2994918823242188,
519.70000000000005,27.530261993408203,,9.2253952026367188,
519.79999999999995,24.995704650878906,,9.141082763671875,
519.89999999999998,21.227077484130859,,9.1206436157226562,
520,17.634750366210938,23.346303939819336,9.2611618041992188,23.364486694335938
520.10000000000002,13.562080383300781,,9.9075775146484375,
520.20000000000005,9.4842987060546875,,10.921913146972656,
520.29999999999995,6.967620849609375,,12.122764587402344,
520.39999999999998,5.6594619750976562,,13.213752746582031,
520.5,4.9006271362304688,,14.176986694335938,
520.60000000000002,4.5914764404296875,,15.145332336425781,
520.70000000000005,4.6630172729492188,,15.181098937988281,
520.79999999999995,4.9747238159179688,,14.294517517089844,
520.89999999999998,5.0385971069335938,,13.052787780761719,
521,4.9772796630859375,,11.913253784179688,
521.10000000000002,5.1535720825195312,,11.041999816894531,
521.20000000000005,5.184234619140625,,10.239730834960938,
521.29999999999995,5.010498046875,,9.894805908203125,
521.39999999999998,4.8648605346679688,,9.8539276123046875,
521.5,5.0590362548828125,,9.9152450561523438,
521.60000000000002,5.8587570190429688,,9.8079376220703125,
521.70000000000005,7.3585357666015625,,9.5600967407226562,
521.79999999999995,9.7116928100585938,,9.4783401489257812,
521.89999999999998,12.57073974609375,,9.417022705078125,
522,15.342910766601562,,9.5217742919921875,
522.10000000000002,17.3358154296875,,10.380256652832031,
522.20000000000005,17.317928314208984,,11.8902587890625,
522.29999999999995,15.077194213867188,,13.083442687988281,
522.39999999999998,11.832344055175781,,14.322616577148438,
522.5,9.1087112426757812,,15.991035461425781,
522.60000000000002,7.649810791015625,,17.383510589599609,
522.70000000000005,6.8449859619140625,,18.821975708007812,
522.79999999999995,6.3007659912109375,,20.682014465332031,
522.89999999999998,5.9277420043945312,,22.823104858398438,
523,5.587921142578125,,24.757240295410156,
523.10000000000002,5.1612396240234375,,24.4378662109375,
523.20000000000005,4.6783447265625,,21.563491821289062,
523.29999999999995,4.3870773315429688,,18.916511535644531,
523.39999999999998,4.43817138671875,,17.332408905029297,
523.5,5.1791229248046875,,15.694656372070312,
523.60000000000002,6.8552017211914062,,14.021133422851562,
523.70000000000005,9.2926712036132812,,12.825393676757812,
523.79999999999995,12.115951538085938,,12.012901306152344,
523.89999999999998,15.611190795898438,,11.108428955078125,
524,19.92913818359375,,10.173301696777344,
524.10000000000002,24.287967681884766,,9.3863601684570312,
524.20000000000005,28.421958923339844,,8.6173019409179688,
524.29999999999995,32.277454376220703,,8.2647171020507812,
524.39999999999998,35.961761474609375,,8.3081512451171875,
524.5,39.109523773193359,,8.3796920776367188,
524.60000000000002,39.066089630126953,,8.532989501953125,
524.70000000000005,34.773689270019531,,8.81915283203125,
524.79999999999995,29.599815368652344,,9.1334152221679688,
524.89999999999998,25.046802520751953,,9.3633651733398438,
525,19.803943634033203,,9.5013351440429688,
525.10000000000002,14.469100952148438,,9.7082901000976562,
525.20000000000005,10.552291870117188,,9.95867919921875,
525.29999999999995,7.9972915649414062,,10.014892578125,
525.39999999999998,6.3569793701171875,,9.7900543212890625,
525.5,5.61602783203125,,9.5473251342773438,
525.60000000000002,5.2148971557617188,,9.4911117553710938,
525.70000000000005,4.8393096923828125,,9.5192184448242188,
525.79999999999995,4.7090072631835938,,9.5396575927734375,
525.89999999999998,4.7728805541992188,,9.5217742919921875,
526,4.88018798828125,,9.3505935668945312,
526.10000000000002,5.1612396240234375,,9.1436386108398438,
526.20000000000005,5.4984970092773438,,9.102752685546875,
526.29999999999995,5.736114501953125,,8.975006103515625,
526.39999999999998,5.9890594482421875,,8.8165969848632812,
526.5,6.3212127685546875,,8.8906936645507812,
526.60000000000002,6.6533584594726562,,9.0695419311523438,
526.70000000000005,6.913970947265625,,9.2177276611328125,
526.79999999999995,6.8858642578125,,9.3020477294921875,
526.89999999999998,6.4872817993164062,,9.434906005859375,
527,6.1168060302734375,,10.155418395996094,
527.10000000000002,6.0401611328125,,11.570884704589844,
527.20000000000005,6.2598876953125,,13.45391845703125,
527.29999999999995,6.482177734375,,15.730422973632812,
527.39999999999998,6.4464035034179688,,18.142345428466797,
527.5,6.20623779296875,,20.112251281738281,
527.60000000000002,5.90985107421875,,21.80621337890625,
527.70000000000005,5.7872161865234375,,23.088825225830078,
527.79999999999995,5.9788360595703125,,21.548160552978516,
527.89999999999998,6.3672027587890625,,17.544475555419922,
528,6.6252517700195312,,14.404380798339844,
528.10000000000002,6.5537109375,,12.797286987304688,
528.20000000000005,6.4285202026367188,,12.010345458984375,
528.29999999999995,6.6252517700195312,,11.611763000488281,
528.39999999999998,7.299774169921875,,11.300056457519531,
528.5,8.8148880004882812,,10.993453979492188,
528.60000000000002,11.438873291015625,,10.594879150390625,
528.70000000000005,15.189613342285156,,10.211624145507812,
528.79999999999995,19.596988677978516,,10.007225036621094,
528.89999999999998,24.019695281982422,,9.7491683959960938,
529,28.161350250244141,,9.498779296875,
529.10000000000002,31.922309875488281,,9.4681167602539062,
529.20000000000005,34.59228515625,,9.4757843017578125,
529.29999999999995,33.296897888183594,,9.73895263671875,
529.39999999999998,27.836864471435547,,10.482452392578125,
529.5,22.103443145751953,,11.440582275390625,
529.60000000000002,17.954124450683594,,12.597991943359375,
529.70000000000005,14.847244262695312,,14.092666625976562,
529.79999999999995,12.026527404785156,,15.669105529785156,
529.89999999999998,9.5839462280273438,,17.186775207519531,
530,7.97174072265625,19.12181282043457,18.604801177978516,19.203413009643555
530.10000000000002,7.0825958251953125,,19.813316345214844,
530.20000000000005,6.5716018676757812,,19.729000091552734,
530.29999999999995,6.1295852661132812,,17.357959747314453,
530.39999999999998,5.5955886840820312,,14.542350769042969,
530.5,5.13824462890625,,13.088554382324219,
530.60000000000002,4.9006271362304688,,12.7359619140625,
530.70000000000005,4.8112030029296875,,12.544342041015625,
530.79999999999995,5.28643798828125,,11.974578857421875,
530.89999999999998,6.673797607421875,,11.4482421875,
531,8.735687255859375,,11.266838073730469,
531.10000000000002,11.474647521972656,,11.195297241210938,
531.20000000000005,14.831916809082031,,11.0445556640625,
531.29999999999995,18.245395660400391,,10.745620727539062,
531.39999999999998,21.487689971923828,,10.479904174804688,
531.5,24.356952667236328,,10.237174987792969,
531.60000000000002,26.602798461914062,,9.802825927734375,
531.70000000000005,27.108688354492188,,9.4400177001953125,
531.79999999999995,24.645668029785156,,9.0823135375976562,
531.89999999999998,20.917922973632812,,8.7118377685546875,
532,17.841705322265625,,8.5662078857421875,
532.10000000000002,15.621410369873047,,8.589202880859375,
532.20000000000005,13.523757934570312,,8.5202178955078125,
532.29999999999995,11.0428466796875,,8.3260345458984375,
532.39999999999998,9.019287109375,,8.3081512451171875,
532.5,7.759674072265625,,8.4307937622070312,
532.60000000000002,6.8552017211914062,,8.4691162109375,
532.70000000000005,6.1091461181640625,,8.7654953002929688,
532.79999999999995,5.5036087036132812,,9.6699676513671875,
532.89999999999998,5.24810791015625,,10.525894165039062,
533,5.13824462890625,,11.6322021484375,
533.10000000000002,4.9159622192382812,,13.106437683105469,
533.20000000000005,4.816314697265625,,14.059455871582031,
533.29999999999995,4.8137588500976562,,14.468254089355469,
533.39999999999998,4.7038955688476562,,14.585784912109375,
533.5,4.4739456176757812,,13.574005126953125,
533.60000000000002,4.2261123657226562,,11.984794616699219,
533.70000000000005,3.9808273315429688,,10.303604125976562,
533.79999999999995,3.8070907592773438,,8.3439178466796875,
533.89999999999998,3.9118423461914062,,7.1686172485351562,
534,4.2158889770507812,,6.9616622924804688,
534.10000000000002,4.6860122680664062,,7.025543212890625,
534.20000000000005,5.6824569702148438,,7.3525772094726562,
534.29999999999995,7.2563400268554688,,7.6438522338867188,
534.39999999999998,8.9988479614257812,,7.9887771606445312,
534.5,11.244697570800781,,8.0194320678710938,
534.60000000000002,14.461441040039062,,8.1241912841796875,
534.70000000000005,17.949012756347656,,8.4818878173828125,
534.79999999999995,20.611324310302734,,8.8395919799804688,
534.89999999999998,21.393154144287109,,9.88458251953125,
535,18.919914245605469,,10.237174987792969,
535.10000000000002,15.207496643066406,,9.2892684936523438,
535.20000000000005,12.27691650390625,,7.9836654663085938,
535.29999999999995,8.9707412719726562,,7.0536422729492188,
535.39999999999998,6.3186569213867188,,6.5017623901367188,
535.5,5.3988571166992188,,6.9131240844726562,
535.60000000000002,4.890411376953125,,7.7486038208007812,
535.70000000000005,4.2491073608398438,,7.8456954956054688,
535.79999999999995,3.6818923950195312,,7.5467605590820312,
535.89999999999998,3.3650741577148438,,7.2299423217773438,
536,4.5071563720703125,,7.153289794921875,
536.10000000000002,6.3033218383789062,,7.7434921264648438,
536.20000000000005,7.63958740234375,,8.9264602661132812,
536.29999999999995,8.7203521728515625,,10.221847534179688,
536.39999999999998,9.8777694702148438,,10.49267578125,
536.5,10.526741027832031,,9.3812484741210938,
536.60000000000002,9.1981430053710938,,8.3107070922851562,
536.70000000000005,7.6881332397460938,,7.401123046875,
536.79999999999995,7.0468292236328125,,6.7470474243164062,
536.89999999999998,5.9532928466796875,,6.4941024780273438,
537,5.120361328125,,6.0469741821289062,
537.10000000000002,4.7396621704101562,,5.9013442993164062,
537.20000000000005,4.0906982421875,,5.8936767578125,
537.29999999999995,3.8300857543945312,,5.7122726440429688,
537.39999999999998,4.5608139038085938,,5.663726806640625,
537.5,5.7284469604492188,,6.1849441528320312,
537.60000000000002,6.8909759521484375,,6.2258224487304688,
537.70000000000005,8.4163131713867188,,6.5503082275390625,
537.79999999999995,10.278907775878906,,7.8201446533203125,
537.89999999999998,10.986640930175781,,8.7603836059570312,
538,9.8266677856445312,,9.5677642822265625,
538.10000000000002,7.9742965698242188,,10.543777465820312,
538.20000000000005,6.7427825927734375,,12.178977966308594,
538.29999999999995,6.27777099609375,,12.948028564453125,
538.39999999999998,5.9149627685546875,,14.956260681152344,
538.5,5.61602783203125,,18.362075805664062,
538.60000000000002,5.5266036987304688,,21.831764221191406,
538.70000000000005,5.5189361572265625,,24.246238708496094,
538.79999999999995,5.0692596435546875,,25.224803924560547,
538.89999999999998,4.190338134765625,,22.897201538085938,
539,3.326751708984375,,18.740215301513672,
539.10000000000002,3.086578369140625,,15.063568115234375,
539.20000000000005,3.6052474975585938,,13.30828857421875,
539.29999999999995,4.8367538452148438,,12.462577819824219,
539.39999999999998,6.8194351196289062,,10.891258239746094,
539.5,9.4970779418945312,,10.014892578125,
539.60000000000002,13.061302185058594,,9.2586135864257812,
539.70000000000005,17.317928314208984,,8.4614486694335938,
539.79999999999995,21.615440368652344,,8.1267471313476562,
539.89999999999998,26.978382110595703,,8.0858688354492188,
540,34.513076782226562,17.341039657592773,7.025543212890625,15.032211303710938
540.10000000000002,41.661968231201172,,5.8936767578125,
540.20000000000005,46.856281280517578,,6.509429931640625,
540.29999999999995,48.386726379394531,,6.6908340454101562,
540.39999999999998,42.581768035888672,,5.9038925170898438,
540.5,31.127704620361328,,5.9831008911132812,
540.60000000000002,20.506568908691406,,6.2283782958984375,
540.70000000000005,13.418998718261719,,6.4557723999023438,
540.79999999999995,9.065277099609375,,7.0766372680664062,
540.89999999999998,6.53582763671875,,6.8875732421875,
541,5.000274658203125,,6.8109207153320312,
541.10000000000002,4.2107772827148438,,7.5518722534179688,
541.20000000000005,3.8122024536132812,,7.4777755737304688,
541.29999999999995,3.8122024536132812,,7.1967239379882812,
541.39999999999998,4.1034698486328125,,7.2043914794921875,
541.5,3.8811874389648438,,7.3985671997070312,
541.60000000000002,3.1402359008789062,,8.1344070434570312,
541.70000000000005,2.9383926391601562,,7.82525634765625,
541.79999999999995,2.994598388671875,,7.6438522338867188,
541.89999999999998,2.7672042846679688,,8.9775619506835938,
542,2.6854476928710938,,9.2764968872070312,
542.10000000000002,2.5781326293945312,,8.9826736450195312,
542.20000000000005,2.7263259887695312,,9.0516586303710938,
542.29999999999995,3.2015533447265625,,8.4282379150390625,
542.39999999999998,3.3420791625976562,,7.7664871215820312,
542.5,3.1300125122070312,,7.6004180908203125,
542.60000000000002,2.8872909545898438,,7.4036788940429688,
542.70000000000005,2.5730209350585938,,7.337249755859375,
542.79999999999995,2.2510910034179688,,8.0807571411132812,
542.89999999999998,2.1591110229492188,,8.3745803833007812,
543,2.4784927368164062,,8.1344070434570312,
543.10000000000002,3.1836700439453125,,7.8967971801757812,
543.20000000000005,3.7253265380859375,,7.6106338500976562,
543.29999999999995,4.1673431396484375,,7.7409439086914062,
543.39999999999998,4.8290863037109375,,8.3873519897460938,
543.5,5.3656387329101562,,8.136962890625,
543.60000000000002,5.1637954711914062,,7.3500289916992188,
543.70000000000005,4.2695465087890625,,8.6377487182617188,
543.79999999999995,3.3548583984375,,9.86669921875,
543.89999999999998,2.9639358520507812,,10.145195007324219,
544,2.7953109741210938,,11.1927490234375,
544.10000000000002,2.6982192993164062,,11.35626220703125,
544.20000000000005,2.6956634521484375,,10.599983215332031,
544.29999999999995,2.9971542358398438,,10.147750854492188,
544.39999999999998,3.5439224243164062,,9.6137542724609375,
544.5,3.7892074584960938,,9.5524368286132812,
544.60000000000002,3.656341552734375,,9.8181533813476562,
544.70000000000005,3.270538330078125,,9.2764968872070312,
544.79999999999995,3.0712509155273438,,8.9136886596679688,
544.89999999999998,2.9843826293945312,,8.9520111083984375,
545,3.050811767578125,,9.2841567993164062,
545.10000000000002,3.8019790649414062,,10.104316711425781,
545.20000000000005,4.8776321411132812,,11.238739013671875,
545.29999999999995,6.3646469116210938,,11.616874694824219,
545.39999999999998,8.4341964721679688,,11.420143127441406,
545.5,9.8190078735351562,,11.348602294921875,
545.60000000000002,9.27734375,,11.036888122558594,
545.70000000000005,7.7724456787109375,,10.449241638183594,
545.79999999999995,6.7683334350585938,,9.8258209228515625,
545.89999999999998,6.3723068237304688,,9.279052734375,
546,6.1372528076171875,,8.7552719116210938,
546.10000000000002,5.5904769897460938,,8.6965103149414062,
546.20000000000005,5.0718154907226562,,8.3158187866210938,
546.29999999999995,4.8137588500976562,,7.5748672485351562,
546.39999999999998,4.688568115234375,,7.7588272094726562,
546.5,5.2353363037109375,,9.2713851928710938,
546.60000000000002,6.3365402221679688,,10.73284912109375,
546.70000000000005,7.2946624755859375,,11.39459228515625,
546.79999999999995,8.3626556396484375,,12.375709533691406,
546.89999999999998,9.0346221923828125,,13.640434265136719,
547,8.5031814575195312,,14.894943237304688,
547.10000000000002,7.2333450317382812,,16.844406127929688,
547.20000000000005,6.1117019653320312,,18.671230316162109,
547.29999999999995,5.4576187133789062,,18.75299072265625,
547.39999999999998,5.110137939453125,,17.000259399414062,
547.5,4.9466171264648438,,14.792739868164062,
547.60000000000002,4.890411376953125,,13.671096801757812,
547.70000000000005,4.9159622192382812,,12.794731140136719,
547.79999999999995,5.06414794921875,,10.937248229980469,
547.89999999999998,5.644134521484375,,10.03277587890625,
548,7.041717529296875,,10.301048278808594,
548.10000000000002,9.1802520751953125,,10.564216613769531,
548.20000000000005,12.016304016113281,,11.440582275390625,
548.29999999999995,14.934112548828125,,12.2965087890625,
548.39999999999998,17.928573608398438,,12.600547790527344,
548.5,21.778957366943359,,12.751296997070312,
548.60000000000002,25.918060302734375,,12.894378662109375,
548.70000000000005,28.746444702148438,,12.692527770996094,
548.79999999999995,28.616138458251953,,12.265846252441406,
548.89999999999998,25.754539489746094,,11.759956359863281,
549,21.234745025634766,,11.146759033203125,
549.10000000000002,16.362358093261719,,10.663864135742188,
549.20000000000005,12.527305603027344,,9.95867919921875,
549.29999999999995,9.4357528686523438,,9.0720977783203125,
549.39999999999998,7.7826690673828125,,9.1666336059570312,
549.5,8.5210647583007812,,9.562652587890625,
549.60000000000002,11.104171752929688,,9.5882034301757812,
549.70000000000005,14.420562744140625,,10.464569091796875,
549.79999999999995,17.782939910888672,,11.805946350097656,
549.89999999999998,19.114093780517578,,12.015457153320312,
550,18.040992736816406,9.9173555374145508,11.095657348632812,9.9091653823852539
550.10000000000002,17.790603637695312,,10.237174987792969,
550.20000000000005,19.154972076416016,,9.4195785522460938,
550.29999999999995,20.153980255126953,,8.6786270141601562,
550.39999999999998,19.438579559326172,,8.3541412353515625,
550.5,18.449794769287109,,8.3643569946289062,
550.60000000000002,17.880027770996094,,8.5713119506835938,
550.70000000000005,16.242275238037109,,9.0465469360351562,
550.79999999999995,14.328582763671875,,9.9331283569335938,
550.89999999999998,13.6923828125,,10.454353332519531,
551,14.027091979980469,,10.4569091796875,
551.10000000000002,15.026092529296875,,10.21673583984375,
551.20000000000005,17.379249572753906,,9.9663467407226562,
551.29999999999995,20.877044677734375,,9.4221267700195312,
551.39999999999998,21.709972381591797,,9.2177276611328125,
551.5,19.719627380371094,,8.8625869750976562,
551.60000000000002,18.194293975830078,,7.6642913818359375,
551.70000000000005,17.041988372802734,,7.135406494140625,
551.79999999999995,15.869243621826172,,7.1405181884765625,
551.89999999999998,15.29437255859375,,7.4650039672851562,
552,15.825809478759766,,8.1216354370117188,
552.10000000000002,17.430347442626953,,8.441009521484375,
552.20000000000005,20.031337738037109,,8.3209228515625,
552.29999999999995,22.678318023681641,,7.6975021362304688,
552.39999999999998,24.686550140380859,,6.7061691284179688,
552.5,25.35595703125,,6.1875,
552.60000000000002,24.474483489990234,,6.5681991577148438,
552.70000000000005,23.383499145507812,,6.8926773071289062,
552.79999999999995,21.656318664550781,,6.7598190307617188,
552.89999999999998,19.395145416259766,,6.6141891479492188,
553,17.693515777587891,,6.7342681884765625,
553.10000000000002,16.737945556640625,,7.0970840454101562,
553.20000000000005,16.702175140380859,,7.1149673461914062,
553.29999999999995,17.381805419921875,,6.5988540649414062,
553.39999999999998,18.950572967529297,,6.2718124389648438,
553.5,21.528568267822266,,6.1517333984375,
553.60000000000002,24.30841064453125,,6.5222091674804688,
553.70000000000005,26.260429382324219,,7.3602447509765625,
553.79999999999995,25.560359954833984,,8.2544937133789062,
553.89999999999998,22.356388092041016,,8.9341278076171875,
554,18.253059387207031,,9.1385269165039062,
554.10000000000002,15.281593322753906,,8.550872802734375,
554.20000000000005,13.958106994628906,,7.411346435546875,
554.29999999999995,12.698486328125,,6.8134765625,
554.39999999999998,12.11083984375,,6.7393798828125,
554.5,12.591178894042969,,6.665283203125,
554.60000000000002,13.952995300292969,,6.4557723999023438,
554.70000000000005,15.756824493408203,,6.1823883056640625,
554.79999999999995,16.502883911132812,,6.1619491577148438,
554.89999999999998,16.129852294921875,,6.2028274536132812,
555,16.088973999023438,,6.1542892456054688,
555.10000000000002,18.291385650634766,,6.0623092651367188,
555.20000000000005,22.32061767578125,,6.1082992553710938,
555.29999999999995,25.376399993896484,,6.6065216064453125,
555.39999999999998,26.822528839111328,,7.7767105102539062,
555.5,26.536369323730469,,8.9698944091796875,
555.60000000000002,24.737648010253906,,10.109428405761719,
555.70000000000005,22.509689331054688,,10.929580688476562,
555.79999999999995,20.386482238769531,,11.116096496582031,
555.89999999999998,18.884143829345703,,10.398139953613281,
556,17.494224548339844,,9.6725234985351562,
556.10000000000002,16.134963989257812,,8.7118377685546875,
556.20000000000005,15.05419921875,,8.22894287109375,
556.29999999999995,14.057746887207031,,7.577423095703125,
556.39999999999998,13.155838012695312,,7.1686172485351562,
556.5,12.540077209472656,,6.8926773071289062,
556.60000000000002,12.621841430664062,,6.8747940063476562,
556.70000000000005,13.52630615234375,,6.9003448486328125,
556.79999999999995,15.455337524414062,,6.987213134765625,
556.89999999999998,18.033329010009766,,7.071533203125,
557,20.659870147705078,,7.0868606567382812,
557.10000000000002,23.406494140625,,7.0102081298828125,
557.20000000000005,25.619125366210938,,6.9821090698242188,
557.29999999999995,25.856739044189453,,7.2835922241210938,
557.39999999999998,23.925159454345703,,8.0858688354492188,
557.5,21.020122528076172,,9.6495285034179688,
557.60000000000002,18.268390655517578,,10.3087158203125,
557.70000000000005,15.968887329101562,,10.543777465820312,
557.79999999999995,14.019424438476562,,10.814605712890625,
557.89999999999998,12.511970520019531,,10.737953186035156,
558,11.57684326171875,,9.9101333618164062,
558.10000000000002,11.168045043945312,,8.5789794921875,
558.20000000000005,11.109275817871094,,7.8201446533203125,
558.29999999999995,11.203811645507812,,6.7163848876953125,
558.39999999999998,11.193595886230469,,6.5630874633789062,
558.5,11.477195739746094,,6.8364715576171875,
558.60000000000002,11.993309020996094,,6.7342681884765625,
558.70000000000005,12.782806396484375,,6.5196533203125,
558.79999999999995,14.676055908203125,,6.4787673950195312,
558.89999999999998,17.540214538574219,,6.9156723022460938,
559,19.706855773925781,,7.75115966796875,
559.10000000000002,20.383930206298828,,8.3260345458984375,
559.20000000000005,20.900039672851562,,9.7926025390625,
559.29999999999995,20.999683380126953,,11.696083068847656,
559.39999999999998,19.855045318603516,,12.59033203125,
559.5,17.466117858886719,,11.841712951660156,
559.60000000000002,14.402671813964844,,10.03277587890625,
559.70000000000005,11.717369079589844,,8.2902679443359375,
559.79999999999995,9.7142486572265625,,7.4241180419921875,
559.89999999999998,8.5926055908203125,,7.0459823608398438,
560,7.8439865112304688,14.0625,6.491546630859375,7.009345531463623
560.10000000000002,7.1362533569335938,,6.0801925659179688,
560.20000000000005,6.7862167358398438,,5.9371109008789062,
560.29999999999995,7.27166748046875,,6.1772842407226562,
560.39999999999998,8.8787612915039062,,6.1849441528320312,
560.5,11.753135681152344,,6.2207183837890625,
560.60000000000002,15.784927368164062,,6.8875732421875,
560.70000000000005,20.294502258300781,,7.5799789428710938,
560.79999999999995,23.288963317871094,,8.791046142578125,
560.89999999999998,21.508129119873047,,9.9612350463867188,
561,15.603523254394531,,9.2816085815429688,
561.10000000000002,10.077056884765625,,9.894805908203125,
561.20000000000005,6.6482467651367188,,12.181533813476562,
561.29999999999995,4.466278076171875,,13.883163452148438,
561.39999999999998,3.3241958618164062,,15.193878173828125,
561.5,3.0073776245117188,,17.567470550537109,
561.60000000000002,3.0303726196289062,,18.001819610595703,
561.70000000000005,2.9486083984375,,16.210762023925781,
561.79999999999995,2.8770675659179688,,13.632766723632812,
561.89999999999998,2.8617401123046875,,12.559669494628906,
562,3.1351242065429688,,12.176422119140625,
562.10000000000002,4.0881423950195312,,11.11865234375,
562.20000000000005,5.2992095947265625,,10.193740844726562,
562.29999999999995,6.6712417602539062,,9.1078643798828125,
562.39999999999998,8.4623031616210938,,8.19317626953125,
562.5,10.498634338378906,,7.9785537719726562,
562.60000000000002,13.480316162109375,,7.6489639282226562,
562.70000000000005,17.312820434570312,,6.7725982666015625,
562.79999999999995,20.800392150878906,,6.0725250244140625,
562.89999999999998,24.190879821777344,,6.5426483154296875,
563,27.877742767333984,,6.8364715576171875,
563.10000000000002,28.823093414306641,,6.4992141723632812,
563.20000000000005,23.636444091796875,,6.7010574340820312,
563.29999999999995,16.048095703125,,6.859466552734375,
563.39999999999998,9.9774169921875,,7.025543212890625,
563.5,6.454071044921875,,7.439453125,
563.60000000000002,5.1254730224609375,,7.0204315185546875,
563.70000000000005,3.932281494140625,,7.5748672485351562,
563.79999999999995,2.8387451171875,,8.7092819213867188,
563.89999999999998,2.2153244018554688,,8.8523635864257812,
564,1.8806228637695312,,9.4655685424804688,
564.10000000000002,1.7963027954101562,,10.025108337402344,
564.20000000000005,1.9444961547851562,,10.955131530761719,
564.29999999999995,2.0722427368164062,,12.186637878417969,
564.39999999999998,2.0901260375976562,,12.081886291503906,
564.5,2.1054611206054688,,13.070671081542969,
564.60000000000002,2.2153244018554688,,14.26385498046875,
564.70000000000005,2.2332077026367188,,12.86627197265625,
564.79999999999995,2.1029052734375,,11.8902587890625,
564.89999999999998,2.0441360473632812,,11.353713989257812,
565,2.0518035888671875,,10.648529052734375,
565.10000000000002,2.1999969482421875,,10.278053283691406,
565.20000000000005,2.5858001708984375,,9.2662734985351562,
565.29999999999995,3.15045166015625,,7.5518722534179688,
565.39999999999998,4.0370407104492188,,7.3244781494140625,
565.5,5.3630828857421875,,7.7434921264648438,
565.60000000000002,7.0289459228515625,,7.2657089233398438,
565.70000000000005,9.3003387451171875,,7.2069473266601562,
565.79999999999995,12.062294006347656,,7.153289794921875,
565.89999999999998,14.880462646484375,,6.9003448486328125,
566,17.765052795410156,,6.8875732421875,
566.10000000000002,18.309268951416016,,6.8364715576171875,
566.20000000000005,15.465553283691406,,6.1159591674804688,
566.29999999999995,11.719924926757812,,5.9601058959960938,
566.39999999999998,8.3575439453125,,6.9591140747070312,
566.5,6.3212127685546875,,8.1318588256835938,
566.60000000000002,5.403961181640625,,9.3199310302734375,
566.70000000000005,4.3998489379882812,,10.10687255859375,
566.79999999999995,3.3139724731445312,,10.638313293457031,
566.89999999999998,2.5858001708984375,,11.238739013671875,
567,2.258758544921875,,11.900482177734375,
567.10000000000002,2.1029052734375,,12.554557800292969,
567.20000000000005,2.1795578002929688,,12.919921875,
567.29999999999995,2.4043960571289062,,13.898490905761719,
567.39999999999998,2.644561767578125,,15.336952209472656,
567.5,2.8872909545898438,,15.75341796875,
567.60000000000002,3.0712509155273438,,15.582237243652344,
567.70000000000005,3.068695068359375,,14.463142395019531,
567.79999999999995,3.0840225219726562,,12.654205322265625,
567.89999999999998,3.3599624633789062,,11.72418212890625,
568,3.9220657348632812,,11.816162109375,
568.10000000000002,4.9670562744140625,,11.94647216796875,
568.20000000000005,6.0989227294921875,,11.024116516113281,
568.29999999999995,7.2767791748046875,,9.6393051147460938,
568.39999999999998,8.8889846801757812,,8.681182861328125,
568.5,10.700477600097656,,8.136962890625,
568.60000000000002,12.228370666503906,,8.00921630859375,
568.70000000000005,13.431777954101562,,7.9964370727539062,
568.79999999999995,15.056755065917969,,7.7843780517578125,
568.89999999999998,17.182514190673828,,7.6336288452148438,
569,18.866260528564453,,7.6336288452148438,
569.10000000000002,19.088542938232422,,7.6106338500976562,
569.20000000000005,17.323040008544922,,7.5160980224609375,
569.29999999999995,14.315803527832031,,7.7741546630859375,
569.39999999999998,11.160377502441406,,8.4077987670898438,
569.5,8.1352615356445312,,9.0363235473632812,
569.60000000000002,5.4908370971679688,,9.5371017456054688,
569.70000000000005,3.8326416015625,,10.035331726074219,
569.79999999999995,3.0610275268554688,,10.543777465820312,
569.89999999999998,2.5679168701171875,,11.131423950195312,
570,2.131011962890625,15.803337097167969,11.788063049316406,14.851485252380371
570.10000000000002,1.908721923828125,,12.064002990722656,
570.20000000000005,1.8320770263671875,,11.759956359863281,
570.29999999999995,1.7017669677734375,,11.139091491699219,
570.39999999999998,1.5637969970703125,,10.530998229980469,
570.5,1.4718170166015625,,10.242286682128906,
570.60000000000002,1.4079437255859375,,9.9612350463867188,
570.70000000000005,1.3926162719726562,,9.1053085327148438,
570.79999999999995,1.5612411499023438,,8.0015487670898438,
570.89999999999998,1.9623794555664062,,7.033203125,
571,2.6292343139648438,,6.2820358276367188,
571.10000000000002,3.5260391235351562,,5.7787017822265625,
571.20000000000005,4.4969406127929688,,5.4031143188476562,
571.29999999999995,5.3911895751953125,,5.0914077758789062,
571.39999999999998,6.3212127685546875,,4.779693603515625,
571.5,7.2103500366210938,,4.485870361328125,
571.60000000000002,7.6651382446289062,,4.238037109375,
571.70000000000005,7.5169525146484375,,3.990203857421875,
571.79999999999995,6.9574050903320312,,3.7014846801757812,
571.89999999999998,6.333984375,,3.4051055908203125,
572,5.5087203979492188,,3.1777114868164062,
572.10000000000002,4.51226806640625,,3.0218582153320312,
572.20000000000005,3.7253265380859375,,2.9017715454101562,
572.29999999999995,3.2322158813476562,,2.774017333984375,
572.39999999999998,2.9639358520507812,,2.5951690673828125,
572.5,2.8387451171875,,2.388214111328125,
572.60000000000002,2.7263259887695312,,2.1761474609375,
572.70000000000005,2.6496734619140625,,1.9691925048828125,
572.79999999999995,2.6496734619140625,,1.7775726318359375,
572.89999999999998,2.6062393188476562,,1.5808334350585938,
573,2.516815185546875,,1.3534393310546875,
573.10000000000002,2.4325027465820312,,1.1618194580078125,
573.20000000000005,2.3405227661132812,,1.05450439453125,
573.29999999999995,2.222991943359375,,1.0059585571289062,
573.39999999999998,2.1693344116210938,,0.9778594970703125,
573.5,2.1974411010742188,,0.94719696044921875,
573.60000000000002,2.2255477905273438,,0.8296661376953125,
573.70000000000005,2.2204360961914062,,0.76068115234375,
573.79999999999995,2.2127685546875,,0.82711029052734375,
573.89999999999998,2.1795578002929688,,0.862884521484375,
574,2.1412277221679688,,0.83733367919921875,
574.10000000000002,2.166778564453125,,0.82199859619140625,
574.20000000000005,2.2255477905273438,,0.83733367919921875,
574.29999999999995,2.2740859985351562,,0.85521697998046875,
574.39999999999998,2.2894210815429688,,0.8756561279296875,
574.5,2.2919769287109375,,0.89609527587890625,
574.60000000000002,2.276641845703125,,0.91909027099609375,
574.70000000000005,2.2562026977539062,,0.9395294189453125,
574.79999999999995,2.2485427856445312,,0.97530364990234375,
574.89999999999998,2.258758544921875,,1.0161819458007812,
575,2.286865234375,,1.0340652465820312,
575.10000000000002,2.3302993774414062,,1.0340652465820312,
575.20000000000005,2.314971923828125,,1.0340652465820312,
575.29999999999995,2.2510910034179688,,1.0442886352539062,
575.39999999999998,2.2357635498046875,,1.0570602416992188,
575.5,2.2664260864257812,,1.0749435424804688,
575.60000000000002,2.2791976928710938,,1.0851669311523438,
575.70000000000005,2.2383193969726562,,1.0877227783203125,
575.79999999999995,2.1565628051757812,,1.1056060791015625,
575.89999999999998,2.0773544311523438,,1.1592636108398438,
576,2.0236968994140625,,1.2435760498046875,
576.10000000000002,1.9879302978515625,,1.294677734375,
576.20000000000005,1.9674911499023438,,1.3100051879882812,
576.29999999999995,1.9291610717773438,,1.4198684692382812,
576.39999999999998,1.8525161743164062,,1.5936126708984375,
576.5,1.7886428833007812,,1.6932525634765625,
576.60000000000002,1.7605361938476562,,1.7571334838867188,
576.70000000000005,1.7554244995117188,,1.8158950805664062,
576.79999999999995,1.7681961059570312,,1.88232421875,
576.89999999999998,1.7860870361328125,,1.9257583618164062,
577,1.763092041015625,,1.8976593017578125,
577.10000000000002,1.7222061157226562,,1.8797683715820312,
577.20000000000005,1.7094345092773438,,1.8695526123046875,
577.29999999999995,1.7349853515625,,1.8388900756835938,
577.39999999999998,1.80908203125,,1.8056793212890625,
577.5,1.9674911499023438,,1.7571334838867188,
577.60000000000002,2.1233444213867188,,1.71624755859375,
577.70000000000005,2.131011962890625,,1.68048095703125,
577.79999999999995,2.0901260375976562,,1.6498184204101562,
577.89999999999998,2.1872177124023438,,1.6472625732421875,
578,2.41461181640625,,1.6549301147460938,
578.10000000000002,2.5653610229492188,,1.66259765625,
578.20000000000005,2.5321426391601562,,1.6574859619140625,
578.29999999999995,2.3532943725585938,,1.6396026611328125,
578.39999999999998,2.1437835693359375,,1.6370468139648438,
578.5,2.0160369873046875,,1.64471435546875,
578.60000000000002,1.9751510620117188,,1.6600418090820312,
578.70000000000005,1.982818603515625,,1.6932525634765625,
578.79999999999995,2.0083694458007812,,1.7213592529296875,
578.89999999999998,1.9879302978515625,,1.7213592529296875,
579,1.9189453125,,1.7111434936523438,
579.10000000000002,1.8474044799804688,,1.708587646484375,
579.20000000000005,1.7886428833007812,,1.7213592529296875,
579.29999999999995,1.75286865234375,,1.744354248046875,
579.39999999999998,1.7298736572265625,,1.7315826416015625,
579.5,1.6966629028320312,,1.6600418090820312,
579.60000000000002,1.6532211303710938,,1.5936126708984375,
579.70000000000005,1.6123428344726562,,1.57061767578125,
579.79999999999995,1.579132080078125,,1.578277587890625,
579.89999999999998,1.5612411499023438,,1.6779251098632812,
580,1.5459136962890625,27.379400253295898,1.9589767456054688,20.91633415222168
580.10000000000002,1.540802001953125,,2.41632080078125,
580.20000000000005,1.5254745483398438,,2.93243408203125,
580.29999999999995,1.4845962524414062,,3.7628021240234375,
580.39999999999998,1.4437179565429688,,5.0173110961914062,
580.5,1.4053878784179688,,6.4711074829101562,
580.60000000000002,1.4079437255859375,,7.7026138305664062,
580.70000000000005,1.4462661743164062,,8.45123291015625,
580.79999999999995,1.45904541015625,,9.00311279296875,
580.89999999999998,1.4360504150390625,,9.3940277099609375,
581,1.4641571044921875,,9.5805435180664062,
581.10000000000002,1.505035400390625,,9.70062255859375,
581.20000000000005,1.5178070068359375,,9.7491683959960938,
581.29999999999995,1.5535812377929688,,9.95867919921875,
581.39999999999998,1.6276779174804688,,10.150306701660156,
581.5,1.7656478881835938,,10.385368347167969,
581.60000000000002,2.039031982421875,,10.801834106445312,
581.70000000000005,2.4171676635742188,,10.771171569824219,
581.79999999999995,2.7314376831054688,,9.509002685546875,
581.89999999999998,3.0303726196289062,,7.871246337890625,
582,3.4391708374023438,,7.34747314453125,
582.10000000000002,4.0574798583984375,,7.4036788940429688,
582.20000000000005,4.964508056640625,,7.5927505493164062,
582.29999999999995,6.0324935913085938,,8.3081512451171875,
582.39999999999998,7.4121932983398438,,8.9954452514648438,
582.5,9.1751480102539062,,9.0337677001953125,
582.60000000000002,11.109275817871094,,8.441009521484375,
582.70000000000005,12.925880432128906,,7.5007705688476562,
582.79999999999995,14.714385986328125,,6.7547073364257812,
582.89999999999998,16.881023406982422,,6.4685516357421875,
583,19.711963653564453,,6.3842391967773438,
583.10000000000002,21.886268615722656,,6.2769241333007812,
583.20000000000005,21.411037445068359,,6.2590408325195312,
583.29999999999995,17.857032775878906,,6.35357666015625,
583.39999999999998,13.186492919921875,,6.5222091674804688,
583.5,9.535400390625,,6.9667739868164062,
583.60000000000002,7.0161666870117188,,7.7281646728515625,
583.70000000000005,5.2813262939453125,,8.48699951171875,
583.79999999999995,4.2005615234375,,8.9801177978515625,
583.89999999999998,3.5873565673828125,,9.4246826171875,
584,3.0814666748046875,,10.301048278808594,
584.10000000000002,2.7339859008789062,,11.141647338867188,
584.20000000000005,2.5576934814453125,,11.851936340332031,
584.29999999999995,2.4401626586914062,,12.319503784179688,
584.39999999999998,2.3354110717773438,,12.462577819824219,
584.5,2.1923294067382812,,11.956687927246094,
584.60000000000002,2.0620269775390625,,11.205520629882812,
584.70000000000005,2.0160369873046875,,10.546333312988281,
584.79999999999995,2.01092529296875,,9.9433517456054688,
584.89999999999998,2.0696868896484375,,9.4246826171875,
585,2.2357635498046875,,8.8242568969726562,
585.10000000000002,2.4273910522460938,,8.274932861328125,
585.20000000000005,2.7058868408203125,,7.8559188842773438,
585.29999999999995,3.2194366455078125,,7.5416488647460938,
585.39999999999998,4.062591552734375,,7.337249755859375,
585.5,5.2046737670898438,,7.27337646484375,
585.60000000000002,6.333984375,,7.2682647705078125,
585.70000000000005,7.2486724853515625,,7.1916122436523438,
585.79999999999995,8.017730712890625,,7.1941680908203125,
585.89999999999998,8.5159530639648438,,7.3781280517578125,
586,8.1505889892578125,,7.6540679931640625,
586.10000000000002,7.097930908203125,,7.9146804809570312,
586.20000000000005,5.9073028564453125,,8.0424270629882812,
586.29999999999995,4.5710372924804688,,8.1599578857421875,
586.39999999999998,3.3497467041015625,,8.3566970825195312,
586.5,2.5883560180664062,,8.681182861328125,
586.60000000000002,2.2562026977539062,,9.250946044921875,
586.70000000000005,2.1463394165039062,,9.9484634399414062,
586.79999999999995,2.0952377319335938,,10.597427368164062,
586.89999999999998,2.02880859375,,11.141647338867188,
587,1.9853744506835938,,11.575996398925781,
587.10000000000002,1.9904861450195312,,12.010345458984375,
587.20000000000005,1.9623794555664062,,12.442138671875,
587.29999999999995,1.9240570068359375,,12.746185302734375,
587.39999999999998,1.93682861328125,,13.055343627929688,
587.5,1.964935302734375,,13.461585998535156,
587.60000000000002,1.9955978393554688,,13.857612609863281,
587.70000000000005,2.0313644409179688,,14.00579833984375,
587.79999999999995,2.0824661254882812,,13.351722717285156,
587.89999999999998,2.1284561157226562,,12.278617858886719,
588,2.2127685546875,,11.489128112792969,
588.10000000000002,2.4095077514648438,,10.755844116210938,
588.20000000000005,2.700775146484375,,9.894805908203125,
588.29999999999995,3.0380325317382812,,8.9954452514648438,
588.39999999999998,3.4033966064453125,,8.2059478759765625,
588.5,3.7968673706054688,,7.56719970703125,
588.60000000000002,4.2158889770507812,,7.071533203125,
588.70000000000005,4.5633697509765625,,6.79559326171875,
588.79999999999995,4.8699722290039062,,6.6499557495117188,
588.89999999999998,5.2378921508789062,,6.5477523803710938,
589,5.6518020629882812,,6.5452041625976562,
589.10000000000002,6.0887069702148438,,6.6269607543945312,
589.20000000000005,6.4029693603515625,,6.6857223510742188,
589.29999999999995,6.1474685668945312,,6.6729507446289062,
589.39999999999998,5.3809661865234375,,6.6627273559570312,
589.5,4.5199356079101562,,6.7061691284179688,
589.60000000000002,3.6537933349609375,,6.7010574340820312,
589.70000000000005,2.9562759399414062,,6.6857223510742188,
589.79999999999995,2.5321426391601562,,6.693389892578125,
589.89999999999998,2.2894210815429688,,6.6780624389648438,
590,2.138671875,10.752687454223633,6.6601791381835938,13.77199649810791
590.10000000000002,2.0262527465820312,,6.7598190307617188,
590.20000000000005,1.9291610717773438,,7.19927978515625,
590.29999999999995,1.8244094848632812,,7.8686904907226562,
590.39999999999998,1.7503128051757812,,8.607086181640625,
590.5,1.75286865234375,,9.3633651733398438,
590.60000000000002,1.7886428833007812,,10.073654174804688,
590.70000000000005,1.8218536376953125,,10.737953186035156,
590.79999999999995,1.8448486328125,,11.417587280273438,
590.89999999999998,1.8525161743164062,,12.058891296386719,
591,1.8474044799804688,,12.549453735351562,
591.10000000000002,1.7963027954101562,,12.97613525390625,
591.20000000000005,1.770751953125,,13.464141845703125,
591.29999999999995,1.8116378784179688,,13.929153442382812,
591.39999999999998,1.8525161743164062,,14.1361083984375,
591.5,1.8780670166015625,,13.660873413085938,
591.60000000000002,1.8857269287109375,,12.437026977539062,
591.70000000000005,1.9266128540039062,,11.527450561523438,
591.79999999999995,2.0058135986328125,,10.702186584472656,
591.89999999999998,2.1616668701171875,,9.9740142822265625,
592,2.4350509643554688,,9.0695419311523438,
592.10000000000002,2.7544326782226562,,8.4077987670898438,
592.20000000000005,3.1019058227539062,,7.8456954956054688,
592.29999999999995,3.4621658325195312,,7.4343414306640625,
592.39999999999998,3.7840957641601562,,7.1481781005859375,
592.5,4.1136932373046875,,6.9846572875976562,
592.60000000000002,4.540374755859375,,6.79559326171875,
592.70000000000005,5.0411529541015625,,6.70361328125,
592.79999999999995,5.5495986938476562,,6.6985015869140625,
592.89999999999998,5.955841064453125,,6.7317123413085938,
593,5.8510894775390625,,6.6831741333007812,
593.10000000000002,5.1535720825195312,,6.5962982177734375,
593.20000000000005,4.374298095703125,,6.565643310546875,
593.29999999999995,3.7048873901367188,,7.5748672485351562,
593.39999999999998,3.104461669921875,,8.2468338012695312,
593.5,2.6292343139648438,,8.0500946044921875,
593.60000000000002,2.314971923828125,,7.8278121948242188,
593.70000000000005,2.1335678100585938,,7.1584014892578125,
593.79999999999995,2.0032577514648438,,6.2258224487304688,
593.89999999999998,1.9112777709960938,,5.6943893432617188,
594,1.8525161743164062,,5.4925384521484375,
594.10000000000002,1.8116378784179688,,5.9013442993164062,
594.20000000000005,1.798858642578125,,6.7444915771484375,
594.29999999999995,1.8141860961914062,,7.5825271606445312,
594.39999999999998,1.816741943359375,,8.2442779541015625,
594.5,1.80908203125,,9.1436386108398438,
594.60000000000002,1.8397369384765625,,10.168190002441406,
594.70000000000005,1.9317169189453125,,10.789054870605469,
594.79999999999995,2.1361160278320312,,10.95257568359375,
594.89999999999998,2.3251876831054688,,11.11865234375,
595,2.3711776733398438,,11.57855224609375,
595.10000000000002,2.258758544921875,,12.316947937011719,
595.20000000000005,2.1693344116210938,,12.835609436035156,
595.29999999999995,2.2204360961914062,,12.529006958007812,
595.39999999999998,2.2664260864257812,,11.8902587890625,
595.5,2.3941726684570312,,11.501899719238281,
595.60000000000002,2.6190109252929688,,10.960243225097656,
595.70000000000005,2.8949508666992188,,9.9535675048828125,
595.79999999999995,3.2194366455078125,,8.7961578369140625,
595.89999999999998,3.5618133544921875,,7.807373046875,
596,4.2056732177734375,,7.117523193359375,
596.10000000000002,5.1612396240234375,,6.6780624389648438,
596.20000000000005,5.9328460693359375,,6.3407974243164062,
596.29999999999995,6.436187744140625,,6.141510009765625,
596.39999999999998,6.9369659423828125,,6.0853042602539062,
596.5,7.4632949829101562,,6.0853042602539062,
596.60000000000002,7.8286590576171875,,6.0929641723632812,
596.70000000000005,8.2093582153320312,,6.0853042602539062,
596.79999999999995,8.04583740234375,,6.0878524780273438,
596.89999999999998,6.8475418090820312,,6.0393142700195312,
597,5.3196487426757812,,6.067413330078125,
597.10000000000002,4.0830307006835938,,6.2871475219726562,
597.20000000000005,3.26287841796875,,6.6295166015625,
597.29999999999995,2.7390975952148438,,7.043426513671875,
597.39999999999998,2.4631576538085938,,,
597.5,2.3021926879882812,,,
597.60000000000002,2.138671875,,,
597.70000000000005,1.9674911499023438,,,
597.79999999999995,1.8397369384765625,,,
597.89999999999998,1.7733078002929688,,,
598,1.7579803466796875,,,
598.10000000000002,1.7605361938476562,,,
598.20000000000005,1.7579803466796875,,,
598.29999999999995,1.7349853515625,,,
598.39999999999998,1.671112060546875,,,
598.5,1.6455612182617188,,,
598.60000000000002,1.724761962890625,,,
598.70000000000005,1.8499603271484375,,,
598.79999999999995,1.9521560668945312,,,
