Datensatz 1:Zeit(s),Datensatz 1:Kraft(N),Datensatz 1:Atmungsrate(bpm),Datensatz 1:Force 2(N),Datensatz 1:Respiration Rate 2(bpm)
0,7.8916854858398438,22.556390762329102,6.4693984985351562,21.85792350769043
0.10000000000000001,7.8278121948242188,,6.4336318969726562,
0.20000000000000001,7.7997055053710938,,6.4566268920898438,
0.29999999999999999,8.0654220581054688,,6.821990966796875,
0.40000000000000002,8.8217086791992188,,7.447967529296875,
0.5,9.9561233520507812,,8.15570068359375,
0.59999999999999998,11.041999816894531,,9.0065155029296875,
0.69999999999999996,11.8902587890625,,9.931427001953125,
0.80000000000000004,12.605659484863281,,10.843559265136719,
0.90000000000000002,13.188201904296875,,11.620277404785156,
1,13.576560974121094,,12.225814819335938,
1.1000000000000001,13.82183837890625,,12.683158874511719,
1.2,13.663429260253906,,12.678047180175781,
1.3,13.101333618164062,,12.12872314453125,
1.3999999999999999,12.57244873046875,,11.262580871582031,
1.5,11.519783020019531,,10.258460998535156,
1.6000000000000001,10.51055908203125,,9.3539962768554688,
1.7,9.7312850952148438,,8.5900497436523438,
1.8,9.22283935546875,,7.8593215942382812,
1.8999999999999999,8.6939544677734375,,7.299774169921875,
2,8.3337020874023438,,6.9625167846679688,
2.1000000000000001,8.0577621459960938,,6.7325668334960938,
2.2000000000000002,7.889129638671875,,6.5894851684570312,
2.2999999999999998,7.8278121948242188,,6.5128326416015625,
2.3999999999999999,7.9249038696289062,,6.620147705078125,
2.5,8.1855087280273438,,6.7964401245117188,
2.6000000000000001,8.4486770629882812,,6.8935317993164062,
2.7000000000000002,8.6913986206054688,,7.1643600463867188,
2.7999999999999998,9.1794052124023438,,7.7392349243164062,
2.8999999999999999,10.564216613769531,,8.6590347290039062,
3,11.900482177734375,,10.074501037597656,
3.1000000000000001,13.165206909179688,,11.970314025878906,
3.2000000000000002,14.248527526855469,,14.0986328125,
3.2999999999999998,15.168327331542969,,16.196285247802734,
3.3999999999999999,16.001258850097656,,18.007778167724609,
3.5,16.657890319824219,,19.323604583740234,
3.6000000000000001,17.145896911621094,,20.243404388427734,
3.7000000000000002,17.179107666015625,,20.222965240478516,
3.7999999999999998,16.328292846679688,,18.725734710693359,
3.8999999999999999,14.99969482421875,,16.467113494873047,
4,13.67620849609375,,14.090965270996094,
4.0999999999999996,12.429367065429688,,12.144050598144531,
4.2000000000000002,11.33837890625,,10.848670959472656,
4.2999999999999998,10.495231628417969,,9.7679061889648438,
4.4000000000000004,9.7696075439453125,,8.89154052734375,
4.5,9.2049560546875,,8.201690673828125,
4.5999999999999996,8.8804702758789062,,7.7622299194335938,
4.7000000000000002,8.7118377685546875,,7.631927490234375,
4.7999999999999998,8.7016220092773438,,7.5501632690429688,
4.9000000000000004,8.6147537231445312,,7.45562744140625,
5,8.3899078369140625,,7.2154617309570312,
5.0999999999999996,8.2621612548828125,,6.9011917114257812,
5.2000000000000002,8.1318588256835938,,7.1107025146484375,
5.2999999999999998,8.0782012939453125,,8.3013381958007812,
5.4000000000000004,8.48699951171875,,10.092391967773438,
5.5,9.0925369262695312,,12.361228942871094,
5.5999999999999996,9.5856475830078125,,14.839576721191406,
5.7000000000000002,9.9944534301757812,,16.707283020019531,
5.7999999999999998,10.316383361816406,,17.949012756347656,
5.9000000000000004,10.656196594238281,,18.360370635986328,
6,10.707298278808594,,17.369029998779297,
6.0999999999999996,10.293388366699219,,15.409347534179688,
6.2000000000000002,9.7082901000976562,,13.30657958984375,
6.2999999999999998,9.1717376708984375,,11.438873291015625,
6.4000000000000004,8.7603836059570312,,9.9441986083984375,
6.5,8.3285903930664062,,8.937530517578125,
6.5999999999999996,7.9325637817382812,,8.367767333984375,
6.7000000000000002,7.6745071411132812,,7.9640731811523438,
6.7999999999999998,7.411346435546875,,7.5373916625976562,
6.9000000000000004,7.2554931640625,,7.2767791748046875,
7,7.5160980224609375,,7.6523666381835938,
7.0999999999999996,7.8559188842773438,,8.3779830932617188,
7.2000000000000002,7.9402313232421875,,8.6743621826171875,
7.2999999999999998,7.9223480224609375,,8.6002731323242188,
7.4000000000000004,8.0858688354492188,,8.8353271484375,
7.5,8.734832763671875,,9.6401519775390625,
7.5999999999999996,9.876922607421875,,11.293235778808594,
7.7000000000000002,11.162086486816406,,13.763923645019531,
7.7999999999999998,12.375709533691406,,16.150295257568359,
7.9000000000000004,12.853492736816406,,18.299049377441406,
8,12.840721130371094,,19.609764099121094,
8.0999999999999996,12.620986938476562,,18.817714691162109,
8.1999999999999993,12.209632873535156,,16.980670928955078,
8.3000000000000007,12.86627197265625,,15.266265869140625,
8.4000000000000004,12.362937927246094,,14.0245361328125,
8.5,11.282173156738281,,13.263145446777344,
8.5999999999999996,10.983238220214844,,12.389335632324219,
8.6999999999999993,10.111984252929688,,11.627944946289062,
8.8000000000000007,9.81304931640625,,11.280464172363281,
8.9000000000000004,10.004669189453125,,11.224250793457031,
9,10.122200012207031,,11.058181762695312,
9.0999999999999996,10.357261657714844,,11.206367492675781,
9.1999999999999993,11.090545654296875,,12.215591430664062,
9.3000000000000007,11.698638916015625,,14.001541137695312,
9.4000000000000004,12.0384521484375,,16.053203582763672,
9.5,12.449806213378906,,17.348590850830078,
9.5999999999999996,12.79217529296875,,17.420127868652344,
9.6999999999999993,13.300621032714844,,16.939788818359375,
9.8000000000000007,14.317512512207031,,16.35980224609375,
9.9000000000000004,14.125885009765625,,15.925453186035156,
10,12.825393676757812,19.000703811645508,15.465553283691406,19.135364532470703
10.1,11.568328857421875,,14.699050903320312,
10.199999999999999,10.863151550292969,,14.050086975097656,
10.300000000000001,11.28472900390625,,13.838020324707031,
10.4,12.171310424804688,,15.654624938964844,
10.5,12.965911865234375,,18.230064392089844,
10.6,13.08599853515625,,19.272502899169922,
10.699999999999999,12.692527770996094,,19.369594573974609,
10.800000000000001,12.431922912597656,,18.288829803466797,
10.9,12.235183715820312,,16.464557647705078,
11,11.657752990722656,,14.688835144042969,
11.1,11.103317260742188,,13.304023742675781,
11.199999999999999,10.426246643066406,,12.141502380371094,
11.300000000000001,9.710845947265625,,10.904876708984375,
11.4,9.1717376708984375,,10.0872802734375,
11.5,8.8625869750976562,,9.7040328979492188,
11.6,8.8804702758789062,,9.6478195190429688,
11.699999999999999,8.9545669555664062,,9.783233642578125,
11.800000000000001,9.233062744140625,,10.409210205078125,
11.9,9.8641433715820312,,12.161941528320312,
12,11.200408935546875,,15.575416564941406,
12.1,12.659317016601562,,19.786060333251953,
12.199999999999999,13.597000122070312,,22.938930511474609,
12.300000000000001,14.519355773925781,,24.515365600585938,
12.4,15.359947204589844,,24.727428436279297,
12.5,15.25775146484375,,22.941482543945312,
12.6,14.105445861816406,,19.37725830078125,
12.699999999999999,12.86627197265625,,16.832477569580078,
12.800000000000001,12.255622863769531,,15.777263641357422,
12.9,11.757400512695312,,14.259597778320312,
13,10.520782470703125,,12.580955505371094,
13.1,9.5882034301757812,,11.68670654296875,
13.199999999999999,9.5371017456054688,,11.520637512207031,
13.300000000000001,10.150306701660156,,12.021415710449219,
13.4,11.310272216796875,,13.677055358886719,
13.5,12.86627197265625,,16.354694366455078,
13.6,14.920494079589844,,19.826938629150391,
13.699999999999999,16.611900329589844,,23.015579223632812,
13.800000000000001,17.179107666015625,,23.845954895019531,
13.9,16.450935363769531,,22.560787200927734,
14,14.979255676269531,,20.404369354248047,
14.1,13.594444274902344,,17.8876953125,
14.199999999999999,12.529006958007812,,15.406791687011719,
14.300000000000001,11.892814636230469,,13.396003723144531,
14.4,11.274505615234375,,11.942207336425781,
14.5,10.707298278808594,,10.963645935058594,
14.6,10.318939208984375,,10.378547668457031,
14.699999999999999,10.063438415527344,,10.064285278320312,
14.800000000000001,9.9203567504882812,,9.8701019287109375,
14.9,9.7568359375,,9.5865020751953125,
15,9.6290817260742188,,9.3616561889648438,
15.1,9.608642578125,,9.3846511840820312,
15.199999999999999,9.5958709716796875,,9.2645721435546875,
15.300000000000001,9.434906005859375,,8.8762130737304688,
15.4,9.24072265625,,8.6181564331054688,
15.5,9.1257476806640625,,8.5031814575195312,
15.6,9.158966064453125,,8.6411514282226562,
15.699999999999999,9.5064468383789062,,9.5941619873046875,
15.800000000000001,10.32659912109375,,11.306015014648438,
15.9,11.5223388671875,,13.242706298828125,
16,12.7742919921875,,15.046531677246094,
16.100000000000001,13.829505920410156,,16.735389709472656,
16.199999999999999,14.698204040527344,,18.403804779052734,
16.300000000000001,15.365058898925781,,19.737514495849609,
16.399999999999999,15.784080505371094,,20.501457214355469,
16.5,15.689544677734375,,20.105434417724609,
16.600000000000001,14.88983154296875,,18.311824798583984,
16.699999999999999,13.757965087890625,,16.030208587646484,
16.800000000000001,12.57244873046875,,13.78436279296875,
16.899999999999999,11.466133117675781,,11.860450744628906,
17,10.671524047851562,,10.54718017578125,
17.100000000000001,10.132423400878906,,9.70147705078125,
17.199999999999999,9.7363967895507812,,9.1904754638671875,
17.300000000000001,9.4834518432617188,,8.8659896850585938,
17.399999999999999,9.2739410400390625,,8.6079330444335938,
17.5,9.1640777587890625,,8.4341964721679688,
17.600000000000001,9.0772018432617188,,8.219573974609375,
17.699999999999999,8.9468994140625,,8.0228424072265625,
17.800000000000001,8.8344802856445312,,7.907867431640625,
17.899999999999999,8.8038177490234375,,7.8286590576171875,
18,9.010772705078125,,8.163360595703125,
18.100000000000001,9.6571884155273438,,9.2543487548828125,
18.199999999999999,10.720069885253906,,10.889549255371094,
18.300000000000001,11.857048034667969,,12.524749755859375,
18.399999999999999,12.807502746582031,,14.065414428710938,
18.5,13.594444274902344,,15.562644958496094,
18.600000000000001,14.322616577148438,,16.850364685058594,
18.699999999999999,14.979255676269531,,17.913242340087891,
18.800000000000001,15.400833129882812,,18.562213897705078,
18.899999999999999,15.229644775390625,,18.224952697753906,
19,14.634330749511719,,16.924457550048828,
19.100000000000001,13.691535949707031,,15.023536682128906,
19.199999999999999,12.503463745117188,,13.035751342773438,
19.300000000000001,11.432914733886719,,11.464424133300781,
19.399999999999999,10.546333312988281,,10.286567687988281,
19.5,9.905029296875,,9.4868545532226562,
19.600000000000001,9.48089599609375,,9.0065155029296875,
19.699999999999999,9.2126235961914062,,8.7407913208007812,
19.800000000000001,9.0950927734375,,8.5261764526367188,
19.899999999999999,8.9826736450195312,,8.2221298217773438,
20,8.8574752807617188,21.216407775878906,8.0023956298828125,19.06779670715332
20.100000000000001,8.7987136840820312,,7.9308624267578125,
20.199999999999999,8.7527236938476562,,7.8950881958007812,
20.300000000000001,8.7297286987304688,,7.9053115844726562,
20.399999999999999,8.7884902954101562,,8.0560531616210938,
20.5,9.1921768188476562,,8.7280197143554688,
20.600000000000001,10.132423400878906,,9.9825210571289062,
20.699999999999999,11.162086486816406,,11.385215759277344,
20.800000000000001,11.995018005371094,,12.859451293945312,
20.899999999999999,12.748741149902344,,14.277481079101562,
21,13.438591003417969,,15.493659973144531,
21.100000000000001,14.090118408203125,,16.582088470458984,
21.199999999999999,14.644546508789062,,17.435459136962891,
21.300000000000001,14.831062316894531,,17.690959930419922,
21.399999999999999,14.516799926757812,,17.0777587890625,
21.5,14.04412841796875,,15.951004028320312,
21.600000000000001,13.448806762695312,,14.647956848144531,
21.699999999999999,12.666976928710938,,13.344902038574219,
21.800000000000001,11.83660888671875,,12.144050598144531,
21.899999999999999,11.034332275390625,,10.996856689453125,
22,10.377700805664062,,9.9697494506835938,
22.100000000000001,9.8794784545898438,,9.2083587646484375,
22.199999999999999,9.5473251342773438,,8.8762130737304688,
22.300000000000001,9.4757843017578125,,9.0499496459960938,
22.399999999999999,9.5728759765625,,9.3028945922851562,
22.5,9.6111984252929688,,9.231353759765625,
22.600000000000001,9.509002685546875,,9.0243988037109375,
22.699999999999999,9.3148193359375,,8.7561264038085938,
22.800000000000001,9.1257476806640625,,8.5312881469726562,
22.899999999999999,9.2560577392578125,,9.0039596557617188,
23,9.9382400512695312,,10.414321899414062,
23.100000000000001,10.911697387695312,,12.138946533203125,
23.199999999999999,11.918365478515625,,13.421554565429688,
23.300000000000001,12.730857849121094,,14.829360961914062,
23.399999999999999,13.367050170898438,,16.050647735595703,
23.5,13.934257507324219,,17.082870483398438,
23.600000000000001,14.383941650390625,,17.762500762939453,
23.699999999999999,14.537239074707031,,17.969455718994141,
23.800000000000001,14.199981689453125,,17.425239562988281,
23.899999999999999,13.576560974121094,,16.242275238037109,
24,12.7742919921875,,14.85235595703125,
24.100000000000001,11.831497192382812,,13.291252136230469,
24.199999999999999,10.983238220214844,,11.765914916992188,
24.300000000000001,10.352149963378906,,10.654487609863281,
24.399999999999999,9.8615875244140625,,9.8777694702148438,
24.5,9.5013351440429688,,9.2696762084960938,
24.600000000000001,9.2586135864257812,,8.8225555419921875,
24.699999999999999,9.1257476806640625,,8.4801864624023438,
24.800000000000001,9.0874252319335938,,8.1403656005859375,
24.899999999999999,8.9852218627929688,,7.7443466186523438,
25,8.8063735961914062,,7.4351882934570312,
25.100000000000001,8.6786270141601562,,7.5041732788085938,
25.199999999999999,8.6147537231445312,,7.82354736328125,
25.300000000000001,8.9136886596679688,,8.6692581176757812,
25.399999999999999,9.8615875244140625,,10.608497619628906,
25.5,10.794166564941406,,12.851791381835938,
25.600000000000001,11.330718994140625,,14.719497680664062,
25.699999999999999,11.892814636230469,,16.541210174560547,
25.800000000000001,12.477912902832031,,18.370590209960938,
25.899999999999999,13.147323608398438,,19.821830749511719,
26,13.908706665039062,,21.040565490722656,
26.100000000000001,14.619003295898438,,21.459583282470703,
26.199999999999999,14.682876586914062,,20.611324310302734,
26.300000000000001,13.903602600097656,,18.879032135009766,
26.399999999999999,13.213752746582031,,16.661293029785156,
26.5,12.595443725585938,,14.313247680664062,
26.600000000000001,11.821273803710938,,12.253921508789062,
26.699999999999999,10.865707397460938,,11.231918334960938,
26.800000000000001,10.518226623535156,,11.242141723632812,
26.899999999999999,10.283164978027344,,10.994300842285156,
27,8.9392318725585938,,10.100051879882812,
27.100000000000001,7.4087905883789062,,9.7525711059570312,
27.199999999999999,8.1574020385742188,,10.843559265136719,
27.300000000000001,10.495231628417969,,13.705162048339844,
27.399999999999999,12.741073608398438,,18.263278961181641,
27.5,14.708427429199219,,23.288963317871094,
27.600000000000001,16.512252807617188,,26.495487213134766,
27.699999999999999,17.439720153808594,,26.911952972412109,
27.800000000000001,15.761085510253906,,24.632892608642578,
27.899999999999999,13.244407653808594,,20.547447204589844,
28,11.660308837890625,,16.656185150146484,
28.100000000000001,10.76861572265625,,13.812469482421875,
28.199999999999999,10.193740844726562,,11.998420715332031,
28.300000000000001,9.84881591796875,,11.083732604980469,
28.399999999999999,9.5345535278320312,,10.513961791992188,
28.5,9.279052734375,,10.156265258789062,
28.600000000000001,9.1334152221679688,,10.046401977539062,
28.699999999999999,9.0337677001953125,,10.051506042480469,
28.800000000000001,8.9545669555664062,,9.9390869140625,
28.899999999999999,8.7961578369140625,,9.5890579223632812,
29,8.6275253295898438,,9.2390213012695312,
29.100000000000001,8.5483169555664062,,9.14959716796875,
29.199999999999999,8.589202880859375,,9.287567138671875,
29.300000000000001,8.8753585815429688,,9.84710693359375,
29.399999999999999,9.342926025390625,,10.902320861816406,
29.5,9.95867919921875,,12.287132263183594,
29.600000000000001,10.707298278808594,,13.9146728515625,
29.699999999999999,11.340934753417969,,15.388900756835938,
29.800000000000001,11.895370483398438,,16.676624298095703,
29.899999999999999,12.416587829589844,,17.8876953125,
30,12.81005859375,27.008310317993164,18.743618011474609,29.612754821777344
30.100000000000001,12.978691101074219,,19.185634613037109,
30.199999999999999,12.804946899414062,,19.037445068359375,
30.300000000000001,12.46002197265625,,18.270942687988281,
30.399999999999999,12.097213745117188,,17.116085052490234,
30.5,11.568328857421875,,15.3863525390625,
30.600000000000001,10.962799072265625,,13.480316162109375,
30.699999999999999,10.51055908203125,,12.103172302246094,
30.800000000000001,10.191184997558594,,11.211479187011719,
30.899999999999999,9.9356842041015625,,10.738807678222656,
31,9.654632568359375,,10.483306884765625,
31.100000000000001,9.3148193359375,,10.235466003417969,
31.199999999999999,8.9877777099609375,,10.018295288085938,
31.300000000000001,8.8293685913085938,,9.7781219482421875,
31.399999999999999,8.7476119995117188,,9.3080062866210938,
31.5,8.5687637329101562,,8.7152481079101562,
31.600000000000001,8.458892822265625,,8.3422164916992188,
31.699999999999999,8.4486770629882812,,8.0943756103515625,
31.800000000000001,8.441009521484375,,8.0023956298828125,
31.899999999999999,8.5559844970703125,,8.4163131713867188,
32,8.96478271484375,,9.8215560913085938,
32.100000000000001,9.77471923828125,,12.008636474609375,
32.200000000000003,10.653640747070312,,14.2442626953125,
32.299999999999997,11.330718994140625,,16.045539855957031,
32.399999999999999,11.729293823242188,,17.144187927246094,
32.5,12.1483154296875,,18.053768157958984,
32.600000000000001,12.889266967773438,,19.216293334960938,
32.700000000000003,13.648101806640625,,20.465690612792969,
32.799999999999997,14.118217468261719,,21.462139129638672,
32.899999999999999,13.967475891113281,,21.441699981689453,
33,13.377273559570312,,20.258735656738281,
33.100000000000001,12.615882873535156,,18.536663055419922,
33.200000000000003,11.72418212890625,,16.377689361572266,
33.299999999999997,10.932136535644531,,14.075637817382812,
33.399999999999999,10.331710815429688,,12.31268310546875,
33.5,9.838592529296875,,11.244697570800781,
33.600000000000001,9.4374618530273438,,10.680038452148438,
33.700000000000003,9.1155319213867188,,10.375991821289062,
33.799999999999997,8.8779144287109375,,10.166481018066406,
33.899999999999999,8.7220611572265625,,9.9799728393554688,
34,8.6326370239257812,,9.8215560913085938,
34.100000000000001,8.4793319702148438,,9.5405120849609375,
34.200000000000003,8.3234786987304688,,9.2390213012695312,
34.299999999999997,8.2493820190429688,,9.1342620849609375,
34.399999999999999,8.2033920288085938,,9.1189346313476562,
34.5,8.3796920776367188,,9.341217041015625,
34.600000000000001,8.7425003051757812,,10.151153564453125,
34.700000000000003,9.2892684936523438,,11.610061645507812,
34.799999999999997,9.9995574951171875,,13.597846984863281,
34.899999999999999,10.525894165039062,,15.779819488525391,
35,10.937248229980469,,17.706287384033203,
35.100000000000001,11.639869689941406,,19.354263305664062,
35.200000000000003,12.46002197265625,,21.411037445068359,
35.299999999999997,12.692527770996094,,23.654327392578125,
35.399999999999999,12.232627868652344,,23.649219512939453,
35.5,11.757400512695312,,21.630767822265625,
35.600000000000001,11.606658935546875,,19.842269897460938,
35.700000000000003,11.21063232421875,,18.258167266845703,
35.799999999999997,10.699630737304688,,16.656185150146484,
35.899999999999999,10.957687377929688,,16.704727172851562,
36,11.667976379394531,,19.538223266601562,
36.100000000000001,12.245407104492188,,23.432044982910156,
36.200000000000003,13.024681091308594,,26.773983001708984,
36.299999999999997,13.040008544921875,,28.570148468017578,
36.399999999999999,12.396148681640625,,29.060707092285156,
36.5,12.462577819824219,,29.145023345947266,
36.600000000000001,12.978691101074219,,28.391300201416016,
36.700000000000003,12.955696105957031,,26.408618927001953,
36.799999999999997,12.355270385742188,,23.301738739013672,
36.899999999999999,11.954132080078125,,20.935810089111328,
37,11.471237182617188,,19.875484466552734,
37.100000000000001,10.69451904296875,,18.516223907470703,
37.200000000000003,9.9663467407226562,,16.605083465576172,
37.299999999999997,9.2100677490234375,,14.254486083984375,
37.399999999999999,8.6581878662109375,,12.1466064453125,
37.5,8.7680511474609375,,11.053070068359375,
37.600000000000001,8.9622268676757812,,10.503746032714844,
37.700000000000003,9.0056686401367188,,9.9825210571289062,
37.799999999999997,9.3454818725585938,,9.839447021484375,
37.899999999999999,10.720069885253906,,11.139938354492188,
38,12.033340454101562,,13.5467529296875,
38.100000000000001,12.748741149902344,,15.953559875488281,
38.200000000000003,13.581672668457031,,17.90557861328125,
38.299999999999997,14.102890014648438,,19.609764099121094,
38.399999999999999,14.590896606445312,,21.265403747558594,
38.5,14.877052307128906,,22.090667724609375,
38.600000000000001,14.445259094238281,,21.490242004394531,
38.700000000000003,13.476913452148438,,19.719627380371094,
38.799999999999997,12.421699523925781,,17.307708740234375,
38.899999999999999,11.478904724121094,,14.860015869140625,
39,10.740509033203125,,13.002532958984375,
39.100000000000001,10.262725830078125,,11.796577453613281,
39.200000000000003,9.9178009033203125,,10.996856689453125,
39.299999999999997,9.654632568359375,,10.439872741699219,
39.399999999999999,9.5498809814453125,,10.166481018066406,
39.5,9.6623001098632812,,10.048957824707031,
39.600000000000001,9.7031784057617188,,9.7985610961914062,
39.700000000000003,9.6341934204101562,,9.5149612426757812,
39.799999999999997,9.7312850952148438,,9.5686111450195312,
39.899999999999999,10.334266662597656,,10.368331909179688,
40,11.376708984375,29.515108108520508,11.702041625976562,21.551725387573242
40.100000000000001,12.3680419921875,,13.068962097167969,
40.200000000000003,13.193313598632812,,14.397567749023438,
40.299999999999997,13.857612609863281,,15.47833251953125,
40.399999999999999,14.330284118652344,,16.242275238037109,
40.5,14.721199035644531,,16.919349670410156,
40.600000000000001,14.90771484375,,17.356254577636719,
40.700000000000003,14.603668212890625,,17.100753784179688,
40.799999999999997,13.954696655273438,,16.247383117675781,
40.899999999999999,13.218856811523438,,15.125740051269531,
41,12.462577819824219,,13.9146728515625,
41.100000000000001,11.683303833007812,,12.655052185058594,
41.200000000000003,10.924468994140625,,11.418434143066406,
41.299999999999997,10.377700805664062,,10.434761047363281,
41.399999999999999,10.073654174804688,,9.7142486572265625,
41.5,9.8718109130859375,,9.2620162963867188,
41.600000000000001,9.7338409423828125,,9.0831680297851562,
41.700000000000003,9.636749267578125,,8.9630813598632812,
41.799999999999997,9.55499267578125,,8.89154052734375,
41.899999999999999,9.5319976806640625,,8.9426422119140625,
42,9.4246826171875,,8.7867813110351562,
42.100000000000001,9.3097076416015625,,8.5261764526367188,
42.200000000000003,9.5575485229492188,,8.89154052734375,
42.299999999999997,10.27294921875,,9.9467544555664062,
42.399999999999999,11.21063232421875,,11.142494201660156,
42.5,12.127876281738281,,12.366340637207031,
42.600000000000001,13.019569396972656,,13.746040344238281,
42.700000000000003,13.893379211425781,,15.079750061035156,
42.799999999999997,14.562789916992188,,16.048095703125,
42.899999999999999,15.063568115234375,,16.717502593994141,
43,15.472373962402344,,17.284713745117188,
43.100000000000001,15.454483032226562,,17.448234558105469,
43.200000000000003,14.979255676269531,,16.919349670410156,
43.299999999999997,14.253631591796875,,15.968887329101562,
43.399999999999999,13.397712707519531,,14.911117553710938,
43.5,12.605659484863281,,13.878898620605469,
43.600000000000001,11.874931335449219,,12.798133850097656,
43.700000000000003,11.131423950195312,,11.645828247070312,
43.799999999999997,10.47479248046875,,10.728584289550781,
43.899999999999999,9.9484634399414062,,10.166481018066406,
44,9.509002685546875,,9.7065811157226562,
44.100000000000001,9.11297607421875,,9.0729446411132812,
44.200000000000003,8.7961578369140625,,8.4418563842773438,
44.299999999999997,8.6888427734375,,8.053497314453125,
44.399999999999999,8.7680511474609375,,7.8363265991210938,
44.5,8.8421478271484375,,7.7111282348632812,
44.600000000000001,8.7833786010742188,,7.86187744140625,
44.700000000000003,9.0158843994140625,,8.4393081665039062,
44.799999999999997,9.6597442626953125,,9.617156982421875,
44.899999999999999,10.433914184570312,,11.648384094238281,
45,12.250518798828125,,14.379676818847656,
45.100000000000001,14.128440856933594,,17.031768798828125,
45.200000000000003,14.774856567382812,,18.651638031005859,
45.299999999999997,14.866836547851562,,19.231624603271484,
45.399999999999999,14.703315734863281,,19.683860778808594,
45.5,14.486137390136719,,19.530559539794922,
45.600000000000001,14.010910034179688,,18.048660278320312,
45.700000000000003,13.298065185546875,,16.247383117675781,
45.799999999999997,12.633766174316406,,14.74249267578125,
45.899999999999999,11.933692932128906,,13.283584594726562,
46,11.105873107910156,,11.8170166015625,
46.100000000000001,10.329154968261719,,10.726028442382812,
46.200000000000003,9.9893417358398438,,10.332557678222656,
46.299999999999997,9.8615875244140625,,10.207366943359375,
46.399999999999999,9.7159576416015625,,10.102607727050781,
46.5,9.5345535278320312,,10.018295288085938,
46.600000000000001,9.5217742919921875,,10.125602722167969,
46.700000000000003,9.9203567504882812,,10.961090087890625,
46.799999999999997,10.625534057617188,,12.621841430664062,
46.899999999999999,11.591323852539062,,15.003097534179688,
47,12.580108642578125,,17.7037353515625,
47.100000000000001,13.456474304199219,,19.959800720214844,
47.200000000000003,14.041572570800781,,20.994575500488281,
47.299999999999997,13.911262512207031,,20.253623962402344,
47.399999999999999,13.221412658691406,,18.597984313964844,
47.5,12.416587829589844,,16.906574249267578,
47.600000000000001,11.749732971191406,,15.616298675537109,
47.700000000000003,11.013893127441406,,14.770591735839844,
47.799999999999997,10.43646240234375,,14.576416015625,
47.899999999999999,10.553993225097656,,15.754268646240234,
48,11.450798034667969,,17.407352447509766,
48.100000000000001,12.286285400390625,,17.951568603515625,
48.200000000000003,12.521347045898438,,17.044544219970703,
48.299999999999997,11.182525634765625,,15.069526672363281,
48.399999999999999,9.7312850952148438,,13.15838623046875,
48.5,10.469680786132812,,12.453208923339844,
48.600000000000001,11.895370483398438,,12.698486328125,
48.700000000000003,12.812614440917969,,13.551856994628906,
48.799999999999997,13.23419189453125,,15.130851745605469,
48.899999999999999,13.338943481445312,,16.921905517578125,
49,13.630218505859375,,18.940353393554688,
49.100000000000001,14.396713256835938,,22.233749389648438,
49.200000000000003,14.900047302246094,,25.856739044189453,
49.299999999999997,14.920494079589844,,28.611026763916016,
49.399999999999999,14.836174011230469,,30.920749664306641,
49.5,14.800407409667969,,32.343883514404297,
49.600000000000001,14.48358154296875,,31.503288269042969,
49.700000000000003,13.944480895996094,,29.497611999511719,
49.799999999999997,13.254631042480469,,26.186332702636719,
49.899999999999999,12.030784606933594,,21.909263610839844,
50,10.385368347167969,30.021444320678711,19.290390014648438,17.918088912963867
50.100000000000001,9.4885635375976562,,18.580097198486328,
50.200000000000003,9.4093551635742188,,17.389469146728516,
50.299999999999997,10.858039855957031,,15.843692779541016,
50.399999999999999,13.847389221191406,,16.007213592529297,
50.5,14.601112365722656,,15.958667755126953,
50.600000000000001,13.392601013183594,,14.63006591796875,
50.700000000000003,12.503463745117188,,13.449661254882812,
50.799999999999997,11.292388916015625,,13.127731323242188,
50.899999999999999,10.175857543945312,,13.789474487304688,
51,10.482452392578125,,15.4578857421875,
51.100000000000001,11.795722961425781,,17.310264587402344,
51.200000000000003,12.953140258789062,,19.507564544677734,
51.299999999999997,14.023681640625,,23.235309600830078,
51.399999999999999,14.99969482421875,,27.065254211425781,
51.5,15.896499633789062,,28.991722106933594,
51.600000000000001,16.514808654785156,,29.791439056396484,
51.700000000000003,16.279747009277344,,29.27532958984375,
51.799999999999997,15.188766479492188,,26.763763427734375,
51.899999999999999,13.599555969238281,,24.101451873779297,
52,12.725746154785156,,22.535240173339844,
52.100000000000001,12.894378662109375,,21.799400329589844,
52.200000000000003,12.909706115722656,,20.986907958984375,
52.299999999999997,12.753852844238281,,20.726299285888672,
52.399999999999999,12.848388671875,,21.684425354003906,
52.5,12.370597839355469,,20.636875152587891,
52.600000000000001,11.5223388671875,,17.765052795410156,
52.700000000000003,10.870819091796875,,15.394012451171875,
52.799999999999997,10.071098327636719,,13.235038757324219,
52.899999999999999,9.2637176513671875,,11.633056640625,
53,9.0465469360351562,,11.1910400390625,
53.100000000000001,9.6878509521484375,,12.210487365722656,
53.200000000000003,10.244842529296875,,14.257041931152344,
53.299999999999997,10.771171569824219,,16.988334655761719,
53.399999999999999,11.897926330566406,,20.787620544433594,
53.5,12.968467712402344,,24.579238891601562,
53.600000000000001,13.617439270019531,,26.283424377441406,
53.700000000000003,13.885711669921875,,26.102020263671875,
53.799999999999997,13.438591003417969,,24.505142211914062,
53.899999999999999,12.181533813476562,,21.824947357177734,
54,11.108428955078125,,20.192302703857422,
54.100000000000001,10.354705810546875,,19.709407806396484,
54.200000000000003,9.544769287109375,,19.157527923583984,
54.299999999999997,9.0950927734375,,19.131977081298828,
54.399999999999999,8.9162368774414062,,20.128429412841797,
54.5,8.6147537231445312,,21.030342102050781,
54.600000000000001,8.037322998046875,,21.025234222412109,
54.700000000000003,7.2835922241210938,,20.935810089111328,
54.799999999999997,6.5222091674804688,,21.564338684082031,
54.899999999999999,5.9984283447265625,,22.967033386230469,
55,5.8936767578125,,23.922603607177734,
55.100000000000001,5.8706817626953125,,24.165328979492188,
55.200000000000003,5.9038925170898438,,25.248649597167969,
55.299999999999997,6.251373291015625,,26.526149749755859,
55.399999999999999,6.8620223999023438,,28.273769378662109,
55.5,7.6949539184570312,,30.826213836669922,
55.600000000000001,8.1344070434570312,,32.397537231445312,
55.700000000000003,8.8319244384765625,,32.992855072021484,
55.799999999999997,10.354705810546875,,32.806339263916016,
55.899999999999999,11.731849670410156,,31.033168792724609,
56,12.112548828125,,28.215003967285156,
56.100000000000001,11.568328857421875,,25.483707427978516,
56.200000000000003,10.773727416992188,,23.000247955322266,
56.299999999999997,10.0506591796875,,20.721187591552734,
56.399999999999999,9.6878509521484375,,18.035884857177734,
56.5,9.5779876708984375,,15.243270874023438,
56.600000000000001,9.3556976318359375,,13.053634643554688,
56.700000000000003,9.102752685546875,,11.497642517089844,
56.799999999999997,8.9622268676757812,,10.549736022949219,
56.899999999999999,9.049102783203125,,10.238021850585938,
57,9.8283767700195312,,11.050514221191406,
57.100000000000001,11.133979797363281,,12.698486328125,
57.200000000000003,12.421699523925781,,14.734825134277344,
57.299999999999997,13.185646057128906,,16.990890502929688,
57.399999999999999,13.594444274902344,,18.986343383789062,
57.5,14.251083374023438,,20.836162567138672,
57.600000000000001,14.930709838867188,,22.264408111572266,
57.700000000000003,15.127449035644531,,22.366607666015625,
57.799999999999997,14.731422424316406,,20.700748443603516,
57.899999999999999,14.067123413085938,,18.403804779052734,
58,13.287841796875,,16.405792236328125,
58.100000000000001,12.426811218261719,,14.42822265625,
58.200000000000003,11.5606689453125,,12.683158874511719,
58.299999999999997,10.758392333984375,,11.48486328125,
58.399999999999999,10.14263916015625,,10.723472595214844,
58.5,9.6495285034179688,,10.102607727050781,
58.600000000000001,9.2432785034179688,,9.6529312133789062,
58.700000000000003,8.9622268676757812,,9.5021820068359375,
58.799999999999997,8.8038177490234375,,9.4587478637695312,
58.899999999999999,8.7143936157226562,,9.4102020263671875,
59,8.6454086303710938,,9.3897628784179688,
59.100000000000001,8.6658477783203125,,9.4076461791992188,
59.200000000000003,8.9954452514648438,,9.7168045043945312,
59.299999999999997,9.600982666015625,,10.427093505859375,
59.399999999999999,10.293388366699219,,11.413322448730469,
59.5,11.082878112792969,,12.68060302734375,
59.600000000000001,11.96435546875,,14.060302734375,
59.700000000000003,12.7742919921875,,15.353134155273438,
59.799999999999997,13.413040161132812,,16.505439758300781,
59.899999999999999,13.947036743164062,,17.578540802001953,
60,14.394157409667969,28.093645095825195,18.597984313964844,19.339242935180664
60.100000000000001,14.473365783691406,,18.986343383789062,
60.200000000000003,14.026237487792969,,18.324600219726562,
60.299999999999997,13.402816772460938,,17.251499176025391,
60.399999999999999,12.787063598632812,,16.237163543701172,
60.5,12.107437133789062,,15.18194580078125,
60.600000000000001,11.4124755859375,,14.032196044921875,
60.700000000000003,10.714958190917969,,12.900337219238281,
60.799999999999997,10.06854248046875,,11.937095642089844,
60.899999999999999,9.55499267578125,,11.216590881347656,
61,9.1998443603515625,,10.705589294433594,
61.100000000000001,9.0133285522460938,,10.314674377441406,
61.200000000000003,8.8140411376953125,,9.9007644653320312,
61.299999999999997,8.63519287109375,,9.5865020751953125,
61.399999999999999,8.5636520385742188,,9.4740829467773438,
61.5,8.550872802734375,,9.5507278442382812,
61.600000000000001,8.7297286987304688,,10.041290283203125,
61.700000000000003,9.3199310302734375,,10.955978393554688,
61.799999999999997,10.239730834960938,,12.121055603027344,
61.899999999999999,11.049667358398438,,13.470100402832031,
62,11.708854675292969,,14.977546691894531,
62.100000000000001,12.488128662109375,,16.487552642822266,
62.200000000000003,13.280181884765625,,17.621974945068359,
62.299999999999997,13.803955078125,,18.408912658691406,
62.399999999999999,14.192314147949219,,19.19329833984375,
62.5,14.332839965820312,,19.691524505615234,
62.600000000000001,14.016021728515625,,19.305717468261719,
62.700000000000003,13.487136840820312,,18.207069396972656,
62.799999999999997,12.853492736816406,,16.868247985839844,
62.899999999999999,12.13043212890625,,15.572860717773438,
63,11.340934753417969,,14.331130981445312,
63.100000000000001,10.599983215332031,,13.160942077636719,
63.200000000000003,10.007225036621094,,12.108283996582031,
63.299999999999997,9.4681167602539062,,11.101615905761719,
63.399999999999999,9.0261077880859375,,10.381103515625,
63.5,8.7884902954101562,,9.9799728393554688,
63.600000000000001,8.6913986206054688,,9.7423553466796875,
63.700000000000003,8.6632919311523438,,9.5047378540039062,
63.799999999999997,8.6862869262695312,,9.2747879028320312,
63.899999999999999,9.0235519409179688,,9.6043853759765625,
64,9.951019287109375,,10.6749267578125,
64.099999999999994,11.208076477050781,,12.0009765625,
64.200000000000003,12.247962951660156,,13.089401245117188,
64.299999999999997,13.024681091308594,,14.029647827148438,
64.400000000000006,13.82183837890625,,15.120628356933594,
64.5,14.644546508789062,,16.221832275390625,
64.599999999999994,15.434043884277344,,17.192733764648438,
64.700000000000003,15.8275146484375,,17.800823211669922,
64.799999999999997,15.444267272949219,,17.519775390625,
64.900000000000006,14.601112365722656,,16.380245208740234,
65,13.704307556152344,,14.992881774902344,
65.099999999999994,12.689971923828125,,13.521202087402344,
65.200000000000003,11.673088073730469,,12.123611450195312,
65.299999999999997,10.901473999023438,,11.070953369140625,
65.400000000000006,10.303604125976562,,10.332557678222656,
65.5,9.8283767700195312,,9.8241119384765625,
65.599999999999994,9.4681167602539062,,9.4842987060546875,
65.700000000000003,9.1615219116210938,,9.2517929077148438,
65.799999999999997,8.9366836547851562,,9.047393798828125,
65.900000000000006,8.81915283203125,,8.8481063842773438,
66,8.6684036254882812,,8.5108413696289062,
66.099999999999994,8.4716720581054688,,8.1224822998046875,
66.200000000000003,8.39501953125,,7.9921798706054688,
66.299999999999997,8.642852783203125,,8.283447265625,
66.400000000000006,9.3352584838867188,,9.103607177734375,
66.5,10.226959228515625,,10.281455993652344,
66.599999999999994,11.006233215332031,,11.717369079589844,
66.700000000000003,11.721633911132812,,13.332130432128906,
66.799999999999997,12.636322021484375,,14.844688415527344,
66.900000000000006,13.45391845703125,,15.930564880371094,
67,13.9879150390625,,16.748165130615234,
67.099999999999994,14.320068359375,,17.519775390625,
67.200000000000003,14.143768310546875,,17.616863250732422,
67.299999999999997,13.589332580566406,,16.883579254150391,
67.400000000000006,12.94036865234375,,15.887130737304688,
67.5,12.163642883300781,,14.844688415527344,
67.599999999999994,11.32049560546875,,13.799697875976562,
67.700000000000003,10.653640747070312,,12.836456298828125,
67.799999999999997,10.073654174804688,,11.750587463378906,
67.900000000000006,9.5013351440429688,,10.634048461914062,
68,9.1257476806640625,,9.931427001953125,
68.099999999999994,8.8855819702148438,,9.5405120849609375,
68.200000000000003,8.7501678466796875,,9.103607177734375,
68.299999999999997,8.7143936157226562,,8.5670547485351562,
68.400000000000006,8.6913986206054688,,8.1071548461914062,
68.5,8.6505203247070312,,7.8133316040039062,
68.599999999999994,8.6275253295898438,,7.7469024658203125,
68.700000000000003,8.6837387084960938,,7.8797607421875,
68.799999999999997,8.6505203247070312,,7.7545623779296875,
68.900000000000006,8.5355453491210938,,7.427520751953125,
69,8.550872802734375,,7.3764266967773438,
69.099999999999994,8.6147537231445312,,7.56549072265625,
69.200000000000003,8.6198577880859375,,7.71368408203125,
69.299999999999997,8.6505203247070312,,7.8031082153320312,
69.400000000000006,8.6735153198242188,,7.97174072265625,
69.5,8.6096420288085938,,8.063720703125,
69.599999999999994,8.5943069458007812,,8.1045989990234375,
69.700000000000003,8.5585403442382812,,8.053497314453125,
69.799999999999997,8.2493820190429688,,7.7673416137695312,
69.900000000000006,7.9606704711914062,,7.6370315551757812,
70,7.945343017578125,29.38960075378418,7.7928924560546875,22.944551467895508
70.099999999999994,8.0194320678710938,,8.0049514770507812,
70.200000000000003,8.1267471313476562,,8.421417236328125,
70.299999999999997,8.4282379150390625,,9.0882720947265625,
70.400000000000006,9.0005569458007812,,9.783233642578125,
70.5,9.5652084350585938,,10.378547668457031,
70.599999999999994,9.8871383666992188,,10.667266845703125,
70.700000000000003,10.191184997558594,,10.8231201171875,
70.799999999999997,10.84271240234375,,11.4490966796875,
70.900000000000006,12.058891296386719,,12.499198913574219,
71,13.604667663574219,,13.815025329589844,
71.099999999999994,14.994583129882812,,15.396568298339844,
71.200000000000003,15.962928771972656,,16.837589263916016,
71.299999999999997,16.665557861328125,,18.005222320556641,
71.400000000000006,17.151008605957031,,18.845817565917969,
71.5,17.304306030273438,,19.425804138183594,
71.599999999999994,17.345184326171875,,20.128429412841797,
71.700000000000003,17.672225952148438,,21.288398742675781,
71.799999999999997,18.38507080078125,,23.059013366699219,
71.900000000000006,19.256324768066406,,25.202659606933594,
72,20.232334136962891,,27.36163330078125,
72.099999999999994,21.246669769287109,,29.305988311767578,
72.200000000000003,22.018280029296875,,30.739341735839844,
72.299999999999997,22.723461151123047,,32.0526123046875,
72.400000000000006,23.53594970703125,,33.777236938476562,
72.5,24.098049163818359,,35.34600830078125,
72.599999999999994,23.686695098876953,,35.60406494140625,
72.700000000000003,21.967178344726562,,33.736358642578125,
72.799999999999997,19.808204650878906,,30.540054321289062,
72.900000000000006,17.912395477294922,,27.108688354492188,
73,16.333404541015625,,23.641551971435547,
73.099999999999994,14.953704833984375,,20.138648986816406,
73.200000000000003,13.561233520507812,,16.832477569580078,
73.299999999999997,12.38848876953125,,14.047531127929688,
73.400000000000006,11.496788024902344,,11.875778198242188,
73.5,10.574432373046875,,10.401542663574219,
73.599999999999994,9.6418609619140625,,9.6529312133789062,
73.700000000000003,8.8447036743164062,,9.3207778930664062,
73.799999999999997,8.2442779541015625,,9.0627212524414062,
73.900000000000006,7.7639389038085938,,8.8199996948242188,
74,7.38323974609375,,8.6207122802734375,
74.099999999999994,7.135406494140625,,8.4801864624023438,
74.200000000000003,6.9744415283203125,,8.3958663940429688,
74.299999999999997,6.8645782470703125,,8.3089981079101562,
74.400000000000006,6.79559326171875,,8.163360595703125,
74.5,6.6627273559570312,,7.9104156494140625,
74.599999999999994,6.5400924682617188,,7.703460693359375,
74.700000000000003,6.5043182373046875,,7.6523666381835938,
74.799999999999997,6.4813232421875,,7.657470703125,
74.900000000000006,6.4711074829101562,,7.6983566284179688,
75,6.5400924682617188,,7.815887451171875,
75.099999999999994,6.9488906860351562,,8.275787353515625,
75.200000000000003,8.0015487670898438,,9.1368179321289062,
75.299999999999997,9.6878509521484375,,10.166481018066406,
75.400000000000006,11.54022216796875,,11.459312438964844,
75.5,13.19586181640625,,13.038307189941406,
75.599999999999994,14.555122375488281,,14.645401000976562,
75.700000000000003,15.559242248535156,,16.122188568115234,
75.799999999999997,16.473930358886719,,17.680740356445312,
75.900000000000006,17.467826843261719,,19.407920837402344,
76,18.443836212158203,,21.160648345947266,
76.099999999999994,19.463279724121094,,22.910823822021484,
76.200000000000003,20.457176208496094,,24.604789733886719,
76.299999999999997,21.269664764404297,,26.117347717285156,
76.400000000000006,21.977401733398438,,27.466388702392578,
76.5,22.626369476318359,,28.692787170410156,
76.599999999999994,23.106708526611328,,29.719898223876953,
76.700000000000003,23.349433898925781,,30.345874786376953,
76.799999999999997,23.505290985107422,,30.782779693603516,
76.900000000000006,23.592159271240234,,31.171138763427734,
77,23.456745147705078,,31.186470031738281,
77.099999999999994,23.127151489257812,,30.943744659423828,
77.200000000000003,22.559940338134766,,30.453182220458984,
77.299999999999997,21.596706390380859,,29.395412445068359,
77.400000000000006,20.045818328857422,,27.609470367431641,
77.5,18.244544982910156,,25.082572937011719,
77.599999999999994,16.647666931152344,,21.824947357177734,
77.700000000000003,15.188766479492188,,18.207069396972656,
77.799999999999997,13.829505920410156,,14.949447631835938,
77.900000000000006,12.506011962890625,,12.356117248535156,
78,11.2642822265625,,10.513961791992188,
78.099999999999994,10.186073303222656,,9.4919662475585938,
78.200000000000003,9.233062744140625,,9.0141830444335938,
78.299999999999997,8.4384536743164062,,8.7331314086914062,
78.400000000000006,7.8124771118164062,,8.5185089111328125,
78.5,7.3806838989257812,,8.3345489501953125,
78.599999999999994,7.135406494140625,,8.1378173828125,
78.700000000000003,6.94122314453125,,7.8746490478515625,
78.799999999999997,6.7802581787109375,,7.6881332397460938,
78.900000000000006,6.6831741333007812,,7.6370315551757812,
79,6.5809707641601562,,7.6370315551757812,
79.099999999999994,6.509429931640625,,7.7162399291992188,
79.200000000000003,6.4659957885742188,,7.8031082153320312,
79.299999999999997,6.435333251953125,,7.8261032104492188,
79.400000000000006,6.4685516357421875,,7.8312149047851562,
79.5,6.5579757690429688,,7.8797607421875,
79.599999999999994,6.6780624389648438,,7.961517333984375,
79.700000000000003,6.8620223999023438,,8.0151748657226562,
79.799999999999997,7.4803314208984375,,8.3319931030273438,
79.900000000000006,8.7271728515625,,9.0320663452148438,
80,10.007225036621094,9.5087165832519531,9.6657028198242188,9.47119140625
80.099999999999994,11.006233215332031,,10.276351928710938,
80.200000000000003,11.98223876953125,,11.198707580566406,
80.299999999999997,13.206085205078125,,12.271804809570312,
80.400000000000006,14.565345764160156,,13.311691284179688,
80.5,15.761085510253906,,14.479324340820312,
80.599999999999994,16.808631896972656,,15.853912353515625,
80.700000000000003,17.713104248046875,,17.116085052490234,
80.799999999999997,18.282871246337891,,18.051212310791016,
80.900000000000006,18.75299072265625,,18.983787536621094,
81,19.368743896484375,,20.133537292480469,
81.099999999999994,19.981945037841797,,21.311393737792969,
81.200000000000003,20.454620361328125,,22.328285217285156,
81.299999999999997,20.646244049072266,,22.987472534179688,
81.400000000000006,20.615585327148438,,23.2225341796875,
81.5,20.70245361328125,,23.334953308105469,
81.599999999999994,21.231338500976562,,23.879169464111328,
81.700000000000003,21.931411743164062,,24.67633056640625,
81.799999999999997,23.09393310546875,,25.994709014892578,
81.900000000000006,24.524734497070312,,28.010604858398438,
82,25.664264678955078,,29.988174438476562,
82.099999999999994,26.788463592529297,,31.710243225097656,
82.200000000000003,27.764472961425781,,33.194698333740234,
82.299999999999997,28.295913696289062,,34.285682678222656,
82.400000000000006,28.091514587402344,,34.589729309082031,
82.5,26.862560272216797,,33.606052398681641,
82.599999999999994,24.624378204345703,,31.260562896728516,
82.700000000000003,22.092376708984375,,28.283988952636719,
82.799999999999997,20.278324127197266,,25.8720703125,
82.900000000000006,19.279319763183594,,24.321182250976562,
83,18.502601623535156,,23.010467529296875,
83.099999999999994,17.720771789550781,,21.709972381591797,
83.200000000000003,16.951713562011719,,20.437583923339844,
83.299999999999997,16.197990417480469,,19.239288330078125,
83.400000000000006,15.352287292480469,,17.885139465332031,
83.5,14.332839965820312,,16.191173553466797,
83.599999999999994,13.241851806640625,,13.9862060546875,
83.700000000000003,12.173866271972656,,11.5947265625,
83.799999999999997,11.11865234375,,9.9109878540039062,
83.900000000000006,10.14263916015625,,9.065277099609375,
84,9.37103271484375,,8.6309280395507812,
84.099999999999994,8.791046142578125,,8.403533935546875,
84.200000000000003,8.3439178466796875,,8.3038864135742188,
84.299999999999997,7.9862213134765625,,8.2553482055664062,
84.400000000000006,7.6975021362304688,,8.2246856689453125,
84.5,7.485443115234375,,8.1531448364257812,
84.599999999999994,7.3270339965820312,,8.035614013671875,
84.700000000000003,7.2324981689453125,,7.9053115844726562,
84.799999999999997,7.0689773559570312,,7.6600265502929688,
84.900000000000006,6.8569107055664062,,7.409637451171875,
85,6.7342681884765625,,7.3764266967773438,
85.099999999999994,6.6320724487304688,,7.41986083984375,
85.200000000000003,6.5503082275390625,,7.4684066772460938,
85.299999999999997,6.5477523803710938,,7.52972412109375,
85.400000000000006,6.6499557495117188,,7.6242599487304688,
85.5,7.0740890502929688,,7.9461898803710938,
85.599999999999994,8.1344070434570312,,8.5900497436523438,
85.700000000000003,9.8743667602539062,,9.3667678833007812,
85.799999999999997,11.857048034667969,,10.25335693359375,
85.900000000000006,13.374717712402344,,11.198707580566406,
86,14.432487487792969,,12.351005554199219,
86.099999999999994,15.446823120117188,,13.9146728515625,
86.200000000000003,16.4534912109375,,15.636737823486328,
86.299999999999997,17.357959747314453,,17.279605865478516,
86.400000000000006,18.142345428466797,,18.643974304199219,
86.5,18.783649444580078,,19.740070343017578,
86.599999999999994,19.215446472167969,,20.629207611083984,
86.700000000000003,19.501605987548828,,21.385490417480469,
86.799999999999997,19.790321350097656,,22.070228576660156,
86.900000000000006,19.976833343505859,,22.440704345703125,
87,20.050930023193359,,22.604225158691406,
87.099999999999994,20.22467041015625,,23.010467529296875,
87.200000000000003,20.482723236083984,,23.600673675537109,
87.299999999999997,20.707565307617188,,24.106563568115234,
87.400000000000006,20.894081115722656,,24.51025390625,
87.5,21.060153961181641,,24.821964263916016,
87.599999999999994,21.175128936767578,,25.04425048828125,
87.700000000000003,21.307991027832031,,25.294639587402344,
87.799999999999997,21.382083892822266,,25.340629577636719,
87.900000000000006,21.514945983886719,,25.327854156494141,
88,21.765335083007812,,25.662559509277344,
88.099999999999994,22.112815856933594,,26.2757568359375,
88.200000000000003,22.508838653564453,,27.019264221191406,
88.299999999999997,22.784778594970703,,27.714221954345703,
88.400000000000006,23.022396087646484,,28.207340240478516,
88.5,23.247234344482422,,28.513938903808594,
88.599999999999994,23.27789306640625,,28.639133453369141,
88.700000000000003,22.779670715332031,,28.197116851806641,
88.799999999999997,21.635028839111328,,26.733104705810547,
88.900000000000006,20.498054504394531,,24.706989288330078,
89,19.184783935546875,,22.908267974853516,
89.099999999999994,18.042701721191406,,21.285842895507812,
89.200000000000003,16.854621887207031,,19.642978668212891,
89.299999999999997,16.011474609375,,18.097202301025391,
89.400000000000006,15.244972229003906,,16.758384704589844,
89.5,14.624107360839844,,15.611190795898438,
89.599999999999994,13.883163452148438,,14.706718444824219,
89.700000000000003,13.185646057128906,,14.034751892089844,
89.799999999999997,12.620986938476562,,13.439437866210938,
89.900000000000006,12.015457153320312,,12.724037170410156,
90,11.478904724121094,11.221945762634277,11.732696533203125,11.221945762634277
90.099999999999994,10.617874145507812,,10.777130126953125,
90.200000000000003,9.9765625,,10.146041870117188,
90.299999999999997,9.5013351440429688,,9.645263671875,
90.400000000000006,9.010772705078125,,9.2441329956054688,
90.5,8.6377487182617188,,8.9400863647460938,
90.599999999999994,8.3234786987304688,,8.6769180297851562,
90.700000000000003,8.0296554565429688,,8.5006256103515625,
90.799999999999997,7.8686904907226562,,8.3958663940429688,
90.900000000000006,7.6438522338867188,,8.3549880981445312,
91,7.5160980224609375,,8.3141098022460938,
91.099999999999994,7.4420089721679688,,8.26556396484375,
91.200000000000003,7.3806838989257812,,8.0943756103515625,
91.299999999999997,7.2810440063476562,,7.869537353515625,
91.400000000000006,7.2657089233398438,,7.8465423583984375,
91.5,7.301483154296875,,8.0023956298828125,
91.599999999999994,7.38323974609375,,8.4367523193359375,
91.700000000000003,7.5901947021484375,,9.3897628784179688,
91.799999999999997,7.9734420776367188,,10.534400939941406,
91.900000000000006,8.8881378173828125,,11.72503662109375,
92,9.470672607421875,,12.946327209472656,
92.099999999999994,10.196296691894531,,13.965766906738281,
92.200000000000003,10.819717407226562,,14.849800109863281,
92.299999999999997,11.417587280273438,,15.399124145507812,
92.400000000000006,12.1483154296875,,15.590747833251953,
92.5,12.549453735351562,,15.986774444580078,
92.599999999999994,13.49224853515625,,16.796707153320312,
92.700000000000003,14.409492492675781,,17.7037353515625,
92.799999999999997,15.096786499023438,,18.582653045654297,
92.900000000000006,15.462150573730469,,19.410472869873047,
93,15.822402954101562,,20.169307708740234,
93.099999999999994,16.162223815917969,,20.935810089111328,
93.200000000000003,16.617012023925781,,21.720191955566406,
93.299999999999997,16.910835266113281,,22.353832244873047,
93.400000000000006,17.161224365234375,,22.698757171630859,
93.5,17.350296020507812,,23.064125061035156,
93.599999999999994,17.838298797607422,,23.728424072265625,
93.700000000000003,18.287979125976562,,24.520473480224609,
93.799999999999997,18.793869018554688,,25.315078735351562,
93.900000000000006,19.166900634765625,,26.058582305908203,
94,19.340641021728516,,26.684558868408203,
94.099999999999994,19.468391418457031,,27.157234191894531,
94.200000000000003,19.524600982666016,,27.356525421142578,
94.299999999999997,19.545040130615234,,27.366744995117188,
94.400000000000006,19.568035125732422,,27.422954559326172,
94.5,19.534820556640625,,27.45361328125,
94.599999999999994,19.266544342041016,,27.195560455322266,
94.700000000000003,18.592025756835938,,26.262985229492188,
94.799999999999997,17.603240966796875,,24.6201171875,
94.900000000000006,16.650222778320312,,22.619552612304688,
95,15.840293884277344,,20.498905181884766,
95.099999999999994,15.032913208007812,,18.352703094482422,
95.200000000000003,13.959808349609375,,16.255050659179688,
95.299999999999997,12.861160278320312,,14.361793518066406,
95.400000000000006,11.995018005371094,,12.818572998046875,
95.5,11.164642333984375,,11.748031616210938,
95.599999999999994,10.3828125,,11.132270812988281,
95.700000000000003,9.66485595703125,,10.84100341796875,
95.799999999999997,8.9980010986328125,,10.669822692871094,
95.900000000000006,8.41290283203125,,10.549736022949219,
96,7.93511962890625,,10.419425964355469,
96.099999999999994,7.5723114013671875,,10.17926025390625,
96.200000000000003,7.2197189331054688,,9.7806777954101562,
96.299999999999997,6.9207839965820312,,9.4204254150390625,
96.400000000000006,6.7317123413085938,,9.2850112915039062,
96.5,6.5400924682617188,,9.213470458984375,
96.599999999999994,6.3740158081054688,,9.1317062377929688,
96.700000000000003,6.2667083740234375,,9.0933837890625,
96.799999999999997,6.1849441528320312,,9.029510498046875,
96.900000000000006,6.1312942504882812,,8.919647216796875,
97,6.105743408203125,,8.8302230834960938,
97.099999999999994,6.0904083251953125,,8.7663421630859375,
97.200000000000003,6.0648574829101562,,8.6922531127929688,
97.299999999999997,6.0546417236328125,,8.6002731323242188,
97.400000000000006,6.0060958862304688,,8.3779830932617188,
97.5,5.8808975219726562,,8.1684722900390625,
97.599999999999994,5.7582626342773438,,8.19146728515625,
97.700000000000003,5.6611709594726562,,8.3473281860351562,
97.799999999999997,5.5564193725585938,,8.5542831420898438,
97.900000000000006,5.4772109985351562,,8.735687255859375,
98,5.3954544067382812,,8.8148880004882812,
98.099999999999994,5.28558349609375,,8.8046722412109375,
98.200000000000003,5.2089385986328125,,8.7612380981445312,
98.299999999999997,5.1731643676757812,,8.7203521728515625,
98.400000000000006,5.1501693725585938,,8.6845855712890625,
98.5,5.1450576782226562,,8.5338363647460938,
98.599999999999994,5.1041793823242188,,8.2425689697265625,
98.700000000000003,5.0633010864257812,,8.0509414672851562,
98.799999999999997,5.0633010864257812,,8.0305023193359375,
98.900000000000006,5.0300827026367188,,8.0407257080078125,
99,5.019866943359375,,8.0994873046875,
99.099999999999994,5.0735244750976562,,8.4086456298828125,
99.200000000000003,5.2242660522460938,,8.6079330444335938,
99.299999999999997,5.3443527221679688,,8.8532180786132812,
99.400000000000006,5.35968017578125,,9.5047378540039062,
99.5,5.45166015625,,10.107719421386719,
99.599999999999994,5.5819625854492188,,10.496078491210938,
99.700000000000003,5.7838134765625,,10.572731018066406,
99.799999999999997,6.0239791870117188,,10.370887756347656,
99.900000000000006,6.2309341430664062,,10.294235229492188,
100,6.877349853515625,10.958904266357422,10.677482604980469,10.958904266357422
100.09999999999999,8.39501953125,,11.216590881347656,
100.2,10.359817504882812,,11.587066650390625,
100.3,12.158538818359375,,12.213035583496094,
100.40000000000001,13.56378173828125,,13.23248291015625,
100.5,14.619003295898438,,14.359237670898438,
100.59999999999999,15.288414001464844,,15.319915771484375,
100.7,15.7176513671875,,16.201393127441406,
100.8,16.174995422363281,,17.379249572753906,
100.90000000000001,16.698768615722656,,18.840709686279297,
101,17.212326049804688,,20.383930206298828,
101.09999999999999,17.802528381347656,,21.955253601074219,
101.2,18.300754547119141,,23.472923278808594,
101.3,18.977828979492188,,24.727428436279297,
101.40000000000001,19.361080169677734,,25.504150390625,
101.5,19.67279052734375,,25.759647369384766,
101.59999999999999,19.994720458984375,,26.012592315673828,
101.7,20.316650390625,,26.55169677734375,
101.8,20.526161193847656,,26.914508819580078,
101.90000000000001,20.646244049072266,,27.026927947998047,
102,20.911964416503906,,27.325862884521484,
102.09999999999999,21.108699798583984,,27.737216949462891,
102.2,21.116363525390625,,27.877742767333984,
102.3,20.896636962890625,,27.417842864990234,
102.40000000000001,20.222114562988281,,26.211883544921875,
102.5,19.082584381103516,,24.218982696533203,
102.59999999999999,17.881736755371094,,21.610328674316406,
102.7,16.961936950683594,,18.909694671630859,
102.8,16.164772033691406,,16.35980224609375,
102.90000000000001,15.301185607910156,,14.108848571777344,
103,14.276626586914062,,12.430213928222656,
103.09999999999999,13.139656066894531,,11.451652526855469,
103.2,12.0001220703125,,10.761802673339844,
103.3,10.919357299804688,,10.008071899414062,
103.40000000000001,10.03277587890625,,9.4357528686523438,
103.5,9.342926025390625,,9.16748046875,
103.59999999999999,8.7220611572265625,,9.029510498046875,
103.7,8.2110595703125,,8.9528579711914062,
103.8,7.8303680419921875,,8.909423828125,
103.90000000000001,7.539093017578125,,8.81744384765625,
104,7.2605972290039062,,8.6641464233398438,
104.09999999999999,6.97955322265625,,8.4878463745117188,
104.2,6.70361328125,,8.2987823486328125,
104.3,6.4659957885742188,,8.0790481567382812,
104.40000000000001,6.3024749755859375,,7.8490982055664062,
104.5,6.2232742309570312,,7.657470703125,
104.59999999999999,6.1568374633789062,,7.3789825439453125,
104.7,6.0393142700195312,,7.08770751953125,
104.8,5.9243392944335938,,6.9650726318359375,
104.90000000000001,5.83746337890625,,6.8909759521484375,
105,5.80169677734375,,6.8526458740234375,
105.09999999999999,5.819580078125,,6.9011917114257812,
105.2,5.9601058959960938,,7.0723800659179688,
105.3,6.5962982177734375,,7.4862899780273438,
105.40000000000001,7.8278121948242188,,7.8286590576171875,
105.5,9.3480377197265625,,8.0662765502929688,
105.59999999999999,10.832489013671875,,8.5951614379882812,
105.7,12.158538818359375,,9.249237060546875,
105.8,13.213752746582031,,9.755126953125,
105.90000000000001,13.837173461914062,,10.404098510742188,
106,14.386497497558594,,11.456756591796875,
106.09999999999999,15.025245666503906,,12.759811401367188,
106.2,15.640998840332031,,14.157394409179688,
106.3,16.3052978515625,,15.692947387695312,
106.40000000000001,17.20721435546875,,17.366474151611328,
106.5,17.899620056152344,,19.001674652099609,
106.59999999999999,18.492382049560547,,20.532119750976562,
106.7,19.041706085205078,,21.886268615722656,
106.8,19.557815551757812,,22.949150085449219,
106.90000000000001,19.889965057373047,,23.536800384521484,
107,20.173568725585938,,23.912384033203125,
107.09999999999999,20.587478637695312,,24.538360595703125,
107.2,21.021831512451172,,25.248649597167969,
107.3,21.4945068359375,,25.938499450683594,
107.40000000000001,21.979953765869141,,26.648788452148438,
107.5,22.452629089355469,,27.328418731689453,
107.59999999999999,22.994289398193359,,28.066814422607422,
107.7,23.566608428955078,,28.892078399658203,
107.8,24.003513336181641,,29.492504119873047,
107.90000000000001,24.340774536132812,,29.801658630371094,
108,24.71380615234375,,30.236007690429688,
108.09999999999999,24.992298126220703,,30.752117156982422,
108.2,25.051063537597656,,31.020393371582031,
108.3,24.527290344238281,,30.741897583007812,
108.40000000000001,23.436305999755859,,29.380084991455078,
108.5,21.287551879882812,,27.208332061767578,
108.59999999999999,19.976833343505859,,24.855178833007812,
108.7,18.668674468994141,,22.054897308349609,
108.8,17.393730163574219,,19.022113800048828,
108.90000000000001,16.042137145996094,,16.773712158203125,
109,15.038017272949219,,15.284149169921875,
109.09999999999999,14.215309143066406,,14.131843566894531,
109.2,13.37982177734375,,13.298912048339844,
109.3,12.600547790527344,,12.624397277832031,
109.40000000000001,11.823829650878906,,12.003532409667969,
109.5,11.11865234375,,11.367332458496094,
109.59999999999999,10.536109924316406,,10.662155151367188,
109.7,10.004669189453125,,10.092391967773438,
109.8,9.4093551635742188,,9.5762786865234375,
109.90000000000001,8.8344802856445312,,9.0882720947265625,
110,8.3541412353515625,9.2879257202148438,8.8659896850585938,9.2951202392578125
110.09999999999999,7.981109619140625,,8.8072280883789062,
110.2,7.631072998046875,,8.7970046997070312,
110.3,7.2503814697265625,,8.7970046997070312,
110.40000000000001,6.895233154296875,,8.7918930053710938,
110.5,6.5886383056640625,,8.7484588623046875,
110.59999999999999,6.325469970703125,,8.63348388671875,
110.7,6.1185150146484375,,8.5823822021484375,
110.8,5.9805450439453125,,8.6130447387695312,
110.90000000000001,5.8681259155273438,,8.4546356201171875,
111,5.6739425659179688,,8.071380615234375,
111.09999999999999,5.4848785400390625,,7.7903366088867188,
111.2,5.387786865234375,,7.7520065307617188,
111.3,5.3060226440429688,,7.7647857666015625,
111.40000000000001,5.24981689453125,,7.7571182250976562,
111.5,5.239593505859375,,7.8005523681640625,
111.59999999999999,5.2625885009765625,,7.8414306640625,
111.7,5.3085784912109375,,7.8669815063476562,
111.8,5.3162460327148438,,7.9053115844726562,
111.90000000000001,5.313690185546875,,7.93341064453125,
112,5.3188018798828125,,7.8925323486328125,
112.09999999999999,5.277923583984375,,7.6625823974609375,
112.2,5.1808319091796875,,7.3866424560546875,
112.3,5.2089385986328125,,7.3202133178710938,
112.40000000000001,5.4567718505859375,,7.6012649536132812,
112.5,6.5298690795898438,,8.0151748657226562,
112.59999999999999,7.5339889526367188,,8.3805389404296875,
112.7,8.8574752807617188,,8.9937362670898438,
112.8,10.101760864257812,,9.9518661499023438,
112.90000000000001,11.21063232421875,,11.014747619628906,
113,12.299057006835938,,12.021415710449219,
113.09999999999999,13.241851806640625,,12.948875427246094,
113.2,13.798843383789062,,14.180389404296875,
113.3,14.276626586914062,,15.866687774658203,
113.40000000000001,15.25775146484375,,17.683292388916016,
113.5,16.346183776855469,,19.530559539794922,
113.59999999999999,17.360515594482422,,21.434032440185547,
113.7,18.571586608886719,,23.342617034912109,
113.8,19.675346374511719,,25.133674621582031,
113.90000000000001,20.735668182373047,,26.761207580566406,
114,21.698905944824219,,28.038707733154297,
114.09999999999999,22.345321655273438,,28.810317993164062,
114.2,22.756675720214844,,29.359642028808594,
114.3,23.191024780273438,,30.023944854736328,
114.40000000000001,23.689250946044922,,30.85687255859375,
114.5,24.144039154052734,,31.671916961669922,
114.59999999999999,24.458305358886719,,32.285118103027344,
114.7,24.729133605957031,,32.747573852539062,
114.8,24.987190246582031,,33.110382080078125,
114.90000000000001,25.112384796142578,,33.220249176025391,
115,25.240135192871094,,33.281566619873047,
115.09999999999999,25.521183013916016,,33.698032379150391,
115.2,25.883995056152344,,34.272907257080078,
115.3,26.274909973144531,,34.801792144775391,
115.40000000000001,26.622390747070312,,35.369003295898438,
115.5,27.000530242919922,,36.012863159179688,
115.59999999999999,27.434879302978516,,36.776809692382812,
115.7,27.782360076904297,,37.361904144287109,
115.8,27.991870880126953,,37.612293243408203,
115.90000000000001,28.257591247558594,,37.972549438476562,
116,28.633174896240234,,38.460552215576172,
116.09999999999999,28.995983123779297,,38.928119659423828,
116.2,29.340908050537109,,39.441673278808594,
116.3,29.616847991943359,,39.957782745361328,
116.40000000000001,29.808475494384766,,40.392131805419922,
116.5,29.913230895996094,,40.670627593994141,
116.59999999999999,29.920894622802734,,40.844367980957031,
116.7,29.862129211425781,,40.928684234619141,
116.8,29.895343780517578,,41.010444641113281,
116.90000000000001,30.063976287841797,,41.12286376953125,
117,30.281150817871094,,41.253166198730469,
117.09999999999999,30.513652801513672,,41.506114959716797,
117.2,30.166175842285156,,41.447349548339844,
117.3,29.156948089599609,,40.555652618408203,
117.40000000000001,27.687824249267578,,39.027763366699219,
117.5,25.595279693603516,,36.940326690673828,
117.59999999999999,23.364765167236328,,34.359779357910156,
117.7,21.410190582275391,,31.677028656005859,
117.8,19.787765502929688,,29.093921661376953,
117.90000000000001,18.528148651123047,,26.687114715576172,
118,17.478046417236328,,24.533248901367188,
118.09999999999999,16.670661926269531,,22.537792205810547,
118.2,15.942489624023438,,20.412033081054688,
118.3,15.267967224121094,,18.322044372558594,
118.40000000000001,14.769744873046875,,16.638298034667969,
118.5,14.268966674804688,,15.184501647949219,
118.59999999999999,13.798843383789062,,13.671943664550781,
118.7,13.203529357910156,,12.322906494140625,
118.8,12.426811218261719,,11.380111694335938,
118.90000000000001,11.537673950195312,,10.649375915527344,
119,10.628089904785156,,10.048957824707031,
119.09999999999999,9.8283767700195312,,9.6810379028320312,
119.2,9.1436386108398438,,9.4996261596679688,
119.3,8.5381011962890625,,9.4280929565429688,
119.40000000000001,7.907012939453125,,9.1930313110351562,
119.5,7.245269775390625,,8.7970046997070312,
119.59999999999999,6.6499557495117188,,8.5798263549804688,
119.7,6.1747283935546875,,8.5031814575195312,
119.8,5.8042526245117188,,8.4290847778320312,
119.90000000000001,5.5257568359375,,8.3166656494140625,
120,5.3647918701171875,7.9365081787109375,8.109710693359375,7.9365081787109375
120.09999999999999,5.3801193237304688,,7.7750015258789062,
120.2,5.4107818603515625,,7.465850830078125,
120.3,5.3341293334960938,,7.27166748046875,
120.40000000000001,5.2472610473632812,,7.1388092041015625,
120.5,5.193603515625,,6.9855117797851562,
120.59999999999999,5.0888519287109375,,6.7223434448242188,
120.7,4.9329986572265625,,6.5179443359375,
120.8,4.8307952880859375,,6.4770660400390625,
120.90000000000001,4.7388153076171875,,6.482177734375,
121,4.6928253173828125,,6.5256118774414062,
121.09999999999999,4.6953811645507812,,6.6226959228515625,
121.2,4.705596923828125,,6.712127685546875,
121.3,4.7234878540039062,,6.7708892822265625,
121.40000000000001,4.73370361328125,,6.804107666015625,
121.5,4.8103561401367188,,6.9395217895507812,
121.59999999999999,5.185943603515625,,7.1745758056640625,
121.7,5.9166717529296875,,7.3534317016601562,
121.8,7.1890640258789062,,7.5859375,
121.90000000000001,9.0005569458007812,,8.1122665405273438,
122,10.576988220214844,,9.0678329467773438,
122.09999999999999,11.598991394042969,,10.427093505859375,
122.2,12.329719543457031,,12.098060607910156,
122.3,12.996574401855469,,14.170166015625,
122.40000000000001,13.701751708984375,,16.589752197265625,
122.5,14.496360778808594,,19.004230499267578,
122.59999999999999,15.326736450195312,,21.329277038574219,
122.7,16.279747009277344,,23.815292358398438,
122.8,17.511260986328125,,26.697334289550781,
122.90000000000001,18.934394836425781,,29.622810363769531,
123,20.360084533691406,,32.14459228515625,
123.09999999999999,21.645248413085938,,34.318897247314453,
123.2,22.899753570556641,,36.291358947753906,
123.3,24.054615020751953,,37.939334869384766,
123.40000000000001,25.053619384765625,,39.441673278808594,
123.5,25.868663787841797,,41.219951629638672,
123.59999999999999,26.640274047851562,,43.095321655273438,
123.7,27.455318450927734,,44.676868438720703,
123.8,28.114509582519531,,45.747413635253906,
123.90000000000001,28.477321624755859,,46.237972259521484,
124,28.505424499511719,,46.258411407470703,
124.09999999999999,28.303581237792969,,45.683536529541016,
124.2,28.137504577636719,,44.983467102050781,
124.3,28.155387878417969,,44.998798370361328,
124.40000000000001,28.183494567871094,,45.1878662109375,
124.5,28.155387878417969,,45.152099609375,
124.59999999999999,28.152835845947266,,45.180202484130859,
124.7,28.260143280029297,,45.320728302001953,
124.8,28.635730743408203,,45.726974487304688,
124.90000000000001,29.392009735107422,,46.557346343994141,
125,30.288814544677734,,47.694320678710938,
125.09999999999999,30.853469848632812,,48.700992584228516,
125.2,31.206058502197266,,49.403617858886719,
125.3,31.607192993164062,,50.165008544921875,
125.40000000000001,31.929122924804688,,50.842082977294922,
125.5,32.230613708496094,,51.345417022705078,
125.59999999999999,32.376251220703125,,51.922847747802734,
125.7,32.36602783203125,,52.451732635498047,
125.8,32.337924957275391,,52.771106719970703,
125.90000000000001,32.368583679199219,,52.98828125,
126,32.235725402832031,,53.072597503662109,
126.09999999999999,31.727279663085938,,52.674018859863281,
126.2,31.206058502197266,,51.917739868164062,
126.3,30.746158599853516,,51.174232482910156,
126.40000000000001,30.130405426025391,,49.789421081542969,
126.5,29.246376037597656,,47.765861511230469,
126.59999999999999,27.450210571289062,,45.734638214111328,
126.7,25.117496490478516,,43.269062042236328,
126.8,23.188468933105469,,40.348697662353516,
126.90000000000001,21.392303466796875,,37.430889129638672,
127,19.718780517578125,,34.658714294433594,
127.09999999999999,18.333969116210938,,31.873764038085938,
127.2,17.125457763671875,,29.224227905273438,
127.3,16.254203796386719,,26.980937957763672,
127.40000000000001,15.804519653320312,,25.077465057373047,
127.5,15.727867126464844,,23.452484130859375,
127.59999999999999,15.983367919921875,,21.927150726318359,
127.7,16.374282836914062,,20.046669006347656,
127.8,16.28741455078125,,17.650077819824219,
127.90000000000001,15.490257263183594,,15.314811706542969,
128,14.440147399902344,,13.67449951171875,
128.09999999999999,13.390045166015625,,12.586067199707031,
128.19999999999999,12.357826232910156,,11.523185729980469,
128.30000000000001,11.376708984375,,10.43731689453125,
128.40000000000001,10.518226623535156,,9.62738037109375,
128.5,9.7159576416015625,,9.1828079223632812,
128.59999999999999,8.9162368774414062,,8.9758529663085938,
128.69999999999999,8.182952880859375,,8.7612380981445312,
128.80000000000001,7.5544281005859375,,8.55938720703125,
128.90000000000001,6.9999923706054688,,8.4571914672851562,
129,6.5349807739257812,,8.2962265014648438,
129.09999999999999,6.1006317138671875,,7.9564056396484375,
129.19999999999999,5.6790542602539062,,7.63958740234375,
129.30000000000001,5.3188018798828125,,7.5884857177734375,
129.40000000000001,4.99176025390625,,7.6165924072265625,
129.5,4.6953811645507812,,7.6165924072265625,
129.59999999999999,4.4424362182617188,,7.6242599487304688,
129.69999999999999,4.2533645629882812,,7.5246124267578125,
129.80000000000001,4.100067138671875,,7.3713150024414062,
129.90000000000001,3.9927520751953125,,7.2154617309570312,
130,3.9263229370117188,7.6726341247558594,7.0647125244140625,6.7567567825317383
130.09999999999999,3.859893798828125,,6.9369659423828125,
130.19999999999999,3.8036880493164062,,6.6763534545898438,
130.30000000000001,3.7730255126953125,,6.4285202026367188,
130.40000000000001,3.732147216796875,,6.3825302124023438,
130.5,3.6836013793945312,,6.379974365234375,
130.59999999999999,3.6708221435546875,,6.397857666015625,
130.69999999999999,3.6810455322265625,,6.4412918090820312,
130.80000000000001,3.6810455322265625,,6.46173095703125,
130.90000000000001,3.693817138671875,,6.46173095703125,
131,3.7628021240234375,,6.4872817993164062,
131.09999999999999,3.9365463256835938,,6.620147705078125,
131.19999999999999,4.266143798828125,,6.875640869140625,
131.30000000000001,4.7413711547851562,,7.1643600463867188,
131.40000000000001,5.3392410278320312,,7.56549072265625,
131.5,6.2258224487304688,,8.3882064819335938,
131.59999999999999,7.4547805786132812,,9.6248245239257812,
131.69999999999999,8.6326370239257812,,11.303459167480469,
131.80000000000001,9.5422134399414062,,13.355125427246094,
131.90000000000001,10.495231628417969,,15.3480224609375,
132,11.642425537109375,,17.164630889892578,
132.09999999999999,12.751296997070312,,18.741062164306641,
132.19999999999999,13.668540954589844,,20.256179809570312,
132.30000000000001,14.603668212890625,,22.083003997802734,
132.40000000000001,15.671661376953125,,24.201099395751953,
132.5,16.739646911621094,,26.421394348144531,
132.59999999999999,17.782089233398438,,28.784767150878906,
132.69999999999999,18.924175262451172,,31.319328308105469,
132.80000000000001,19.657459259033203,,33.669929504394531,
132.90000000000001,20.674350738525391,,35.358783721923828,
133,21.249225616455078,,36.562187194824219,
133.09999999999999,21.951850891113281,,37.768146514892578,
133.19999999999999,22.657028198242188,,39.089084625244141,
133.30000000000001,23.359653472900391,,40.530101776123047,
133.40000000000001,24.0699462890625,,41.986454010009766,
133.5,24.780235290527344,,43.455577850341797,
133.59999999999999,25.5416259765625,,44.827613830566406,
133.69999999999999,26.280021667480469,,45.821506500244141,
133.80000000000001,26.967315673828125,,46.496028900146484,
133.90000000000001,27.639278411865234,,47.354507446289062,
134,28.321464538574219,,48.596237182617188,
134.09999999999999,28.937221527099609,,49.863517761230469,
134.19999999999999,29.371570587158203,,50.923843383789062,
134.30000000000001,29.811031341552734,,51.915184020996094,
134.40000000000001,30.112518310546875,,52.788993835449219,
134.5,30.102298736572266,,53.008720397949219,
134.59999999999999,30.260707855224609,,52.990837097167969,
134.69999999999999,30.544315338134766,,53.432853698730469,
134.80000000000001,30.937786102294922,,54.199352264404297,
134.90000000000001,31.499885559082031,,55.443637847900391,
135,31.980224609375,,57.119716644287109,
135.09999999999999,32.516773223876953,,58.969535827636719,
135.19999999999999,32.818264007568359,,60.706939697265625,
135.30000000000001,32.928131103515625,,61.889900207519531,
135.40000000000001,32.572982788085938,,62.431564331054688,
135.5,31.719615936279297,,62.641071319580078,
135.59999999999999,31.392574310302734,,63.134185791015625,
135.69999999999999,31.4283447265625,,63.755050659179688,
135.80000000000001,31.497329711914062,,63.619636535644531,
135.90000000000001,31.609748840332031,,62.556755065917969,
136,31.714504241943359,,61.463218688964844,
136.09999999999999,31.70428466796875,,60.949661254882812,
136.19999999999999,31.361915588378906,,60.262367248535156,
136.30000000000001,30.756378173828125,,58.535186767578125,
136.40000000000001,30.148288726806641,,56.585723876953125,
136.5,29.392009735107422,,55.152366638183594,
136.59999999999999,27.884559631347656,,53.356201171875,
136.69999999999999,25.613162994384766,,50.68878173828125,
136.80000000000001,23.099044799804688,,47.272747039794922,
136.90000000000001,20.835315704345703,,43.427471160888672,
137,18.949726104736328,,39.569423675537109,
137.09999999999999,17.488265991210938,,35.844234466552734,
137.19999999999999,16.760093688964844,,32.257015228271484,
137.30000000000001,16.586349487304688,,28.743888854980469,
137.40000000000001,16.4534912109375,,25.41217041015625,
137.5,16.272087097167969,,22.438148498535156,
137.59999999999999,16.047248840332031,,19.734958648681641,
137.69999999999999,15.658882141113281,,17.524883270263672,
137.80000000000001,15.160659790039062,,15.874355316162109,
137.90000000000001,14.713539123535156,,14.377120971679688,
138,14.317512512207031,,12.839012145996094,
138.09999999999999,13.793731689453125,,11.500190734863281,
138.19999999999999,13.01190185546875,,10.513961791992188,
138.30000000000001,12.041007995605469,,9.7704620361328125,
138.40000000000001,11.098213195800781,,9.2850112915039062,
138.5,10.298492431640625,,9.0806121826171875,
138.59999999999999,9.4655685424804688,,8.8557662963867188,
138.69999999999999,8.59686279296875,,8.5644989013671875,
138.80000000000001,7.8405838012695312,,8.5082931518554688,
138.90000000000001,7.2299423217773438,,8.52362060546875,
139,6.7368240356445312,,8.4699630737304688,
139.09999999999999,6.335693359375,,8.3652114868164062,
139.19999999999999,6.0009841918945312,,8.2502365112304688,
139.30000000000001,5.72760009765625,,8.1710281372070312,
139.40000000000001,5.5334243774414062,,8.0943756103515625,
139.5,5.3903427124023438,,7.9870681762695312,
139.59999999999999,5.2421493530273438,,7.8720932006835938,
139.69999999999999,5.0786285400390625,,7.7520065307617188,
139.80000000000001,4.8895645141601562,,7.4607391357421875,
139.90000000000001,4.6800537109375,,7.1311416625976562,
140,4.4909820556640625,6.6079297065734863,6.9982833862304688,6.4516129493713379
140.09999999999999,4.3402328491210938,,6.875640869140625,
140.19999999999999,4.29168701171875,,6.6508026123046875,
140.30000000000001,4.2942428588867188,,6.4310760498046875,
140.40000000000001,4.2610321044921875,,6.3084335327148438,
140.5,4.22015380859375,,6.2598876953125,
140.59999999999999,4.1869354248046875,,6.2624435424804688,
140.69999999999999,4.18182373046875,,6.2854385375976562,
140.80000000000001,4.19970703125,,6.213897705078125,
140.90000000000001,4.1690521240234375,,6.012054443359375,
141,4.1230621337890625,,5.87408447265625,
141.09999999999999,4.1128387451171875,,5.8970794677734375,
141.19999999999999,4.1383895874023438,,6.0043869018554688,
141.30000000000001,4.2073745727539062,,6.196014404296875,
141.40000000000001,4.2865829467773438,,6.4029693603515625,
141.5,4.4245529174804688,,6.6150360107421875,
141.59999999999999,4.8001327514648438,,6.9088592529296875,
141.69999999999999,5.5283126831054688,,7.317657470703125,
141.80000000000001,6.3152542114257812,,7.78778076171875,
141.90000000000001,6.90545654296875,,8.3013381958007812,
142,7.5416488647460938,,8.9426422119140625,
142.09999999999999,8.6198577880859375,,9.6938095092773438,
142.19999999999999,10.137527465820312,,10.508857727050781,
142.30000000000001,11.616874694824219,,11.528297424316406,
142.40000000000001,12.743629455566406,,13.056190490722656,
142.5,13.586776733398438,,14.9443359375,
142.59999999999999,14.251083374023438,,16.829925537109375,
142.69999999999999,14.578117370605469,,18.822822570800781,
142.80000000000001,14.772300720214844,,21.354827880859375,
142.90000000000001,15.324180603027344,,24.377395629882812,
143,16.210762023925781,,27.256877899169922,
143.09999999999999,17.306861877441406,,29.750556945800781,
143.19999999999999,18.507709503173828,,31.86865234375,
143.30000000000001,19.611469268798828,,33.503852844238281,
143.40000000000001,20.564483642578125,,34.444091796875,
143.5,21.394859313964844,,35.527412414550781,
143.59999999999999,22.169025421142578,,37.722156524658203,
143.69999999999999,23.134815216064453,,40.606754302978516,
143.80000000000001,24.287120819091797,,43.560333251953125,
143.90000000000001,25.388324737548828,,46.2916259765625,
144,26.354114532470703,,48.62945556640625,
144.09999999999999,27.250919342041016,,50.410285949707031,
144.19999999999999,28.160499572753906,,51.833419799804688,
144.30000000000001,29.093074798583984,,53.512058258056641,
144.40000000000001,29.926006317138672,,55.752792358398438,
144.5,30.577529907226562,,58.013969421386719,
144.59999999999999,31.208614349365234,,59.863784790039062,
144.69999999999999,31.949565887451172,,61.514316558837891,
144.80000000000001,32.44012451171875,,63.113746643066406,
144.90000000000001,32.6419677734375,,64.483230590820312,
145,32.759498596191406,,65.129638671875,
145.09999999999999,33.06610107421875,,65.512893676757812,
145.19999999999999,33.812160491943359,,66.979461669921875,
145.30000000000001,34.890369415283203,,70.193649291992188,
145.40000000000001,36.137210845947266,,74.220329284667969,
145.5,37.330394744873047,,77.623588562011719,
145.59999999999999,38.334510803222656,,79.312446594238281,
145.69999999999999,39.060131072998047,,79.557723999023438,
145.80000000000001,39.532802581787109,,79.557723999023438,
145.90000000000001,39.726985931396484,,79.552619934082031,
146,39.471485137939453,,79.550064086914062,
146.09999999999999,39.134223937988281,,79.552619934082031,
146.19999999999999,38.919605255126953,,79.552619934082031,
146.30000000000001,38.653884887695312,,79.557723999023438,
146.40000000000001,38.784191131591797,,79.555168151855469,
146.5,39.121448516845703,,79.552619934082031,
146.59999999999999,39.215984344482422,,79.555168151855469,
146.69999999999999,38.960483551025391,,79.555168151855469,
146.80000000000001,38.865947723388672,,79.555168151855469,
146.90000000000001,39.259418487548828,,79.555168151855469,
147,39.650333404541016,,79.555168151855469,
147.09999999999999,39.747425079345703,,79.555168151855469,
147.19999999999999,39.4127197265625,,79.555168151855469,
147.30000000000001,38.076454162597656,,79.555168151855469,
147.40000000000001,35.112655639648438,,78.806556701660156,
147.5,31.402793884277344,,75.5438232421875,
147.59999999999999,28.063407897949219,,70.132331848144531,
147.69999999999999,25.288681030273438,,64.470451354980469,
147.80000000000001,23.206356048583984,,59.107505798339844,
147.90000000000001,21.609481811523438,,54.017948150634766,
148,20.324314117431641,,49.569694519042969,
148.09999999999999,19.432621002197266,,45.977363586425781,
148.19999999999999,18.824531555175781,,42.576656341552734,
148.30000000000001,18.415729522705078,,39.071197509765625,
148.40000000000001,18.183223724365234,,35.752254486083984,
148.5,17.963493347167969,,32.872768402099609,
148.59999999999999,17.792308807373047,,30.251338958740234,
148.69999999999999,17.616016387939453,,27.849639892578125,
148.80000000000001,17.283866882324219,,25.759647369384766,
148.90000000000001,16.885284423828125,,23.817848205566406,
149,16.430496215820312,,22.075340270996094,
149.09999999999999,15.939933776855469,,20.521900177001953,
149.19999999999999,15.495368957519531,,18.827934265136719,
149.30000000000001,14.984367370605469,,16.794155120849609,
149.40000000000001,14.44781494140625,,14.773147583007812,
149.5,14.054344177246094,,12.8466796875,
149.59999999999999,13.558677673339844,,11.114387512207031,
149.69999999999999,12.820281982421875,,9.801116943359375,
149.80000000000001,12.041007995605469,,8.845550537109375,
149.90000000000001,11.282173156738281,,8.3319931030273438,
150,10.530998229980469,5.5917987823486328,8.091827392578125,6.0851926803588867
150.09999999999999,9.8718109130859375,,7.925750732421875,
150.19999999999999,9.3275985717773438,,7.8414306640625,
150.30000000000001,8.865142822265625,,7.7724456787109375,
150.40000000000001,8.4435653686523438,,7.7060165405273438,
150.5,7.9657821655273438,,7.4965057373046875,
150.59999999999999,7.4982147216796875,,7.2614517211914062,
150.69999999999999,7.1584014892578125,,7.2282333374023438,
150.80000000000001,6.8696823120117188,,7.23590087890625,
150.90000000000001,6.601409912109375,,7.2665557861328125,
151,6.35357666015625,,7.2844467163085938,
151.09999999999999,6.1363983154296875,,7.2282333374023438,
151.19999999999999,5.9703292846679688,,7.1745758056640625,
151.30000000000001,5.8119125366210938,,7.12603759765625,
151.40000000000001,5.645843505859375,,7.0749359130859375,
151.5,5.5027618408203125,,7.0033950805664062,
151.59999999999999,5.331573486328125,,6.7402267456054688,
151.69999999999999,5.1348419189453125,,6.44384765625,
151.80000000000001,4.9713211059570312,,6.3697509765625,
151.90000000000001,4.7873611450195312,,6.2752227783203125,
152,4.6391677856445312,,6.0810394287109375,
152.09999999999999,4.5548553466796875,,5.9532928466796875,
152.19999999999999,4.4526519775390625,,5.8945236206054688,
152.30000000000001,4.3504562377929688,,5.8715286254882812,
152.40000000000001,4.2738037109375,,5.8970794677734375,
152.5,4.2252578735351562,,5.9073028564453125,
152.59999999999999,4.1894912719726562,,5.7795486450195312,
152.69999999999999,4.0975112915039062,,5.5904769897460938,
152.80000000000001,3.9876480102539062,,5.4857254028320312,
152.90000000000001,3.933990478515625,,5.47039794921875,
153,3.9186630249023438,,5.495941162109375,
153.09999999999999,3.9493179321289062,,5.5725936889648438,
153.19999999999999,4.0004196166992188,,5.6722412109375,
153.30000000000001,4.10772705078125,,5.79998779296875,
153.40000000000001,4.3504562377929688,,6.0529327392578125,
153.5,4.7745819091796875,,6.4489593505859375,
153.59999999999999,5.4031143188476562,,6.8092117309570312,
153.69999999999999,6.29736328125,,7.1285858154296875,
153.80000000000001,7.6285171508789062,,7.539947509765625,
153.90000000000001,9.4195785522460938,,8.091827392578125,
154,11.24639892578125,,9.0167312622070312,
154.09999999999999,12.728302001953125,,10.3070068359375,
154.19999999999999,13.936813354492188,,11.745475769042969,
154.30000000000001,15.040573120117188,,13.263145446777344,
154.40000000000001,16.0855712890625,,14.780815124511719,
154.5,16.969596862792969,,16.058315277099609,
154.59999999999999,17.707996368408203,,17.213172912597656,
154.69999999999999,18.528148651123047,,18.554550170898438,
154.80000000000001,19.509269714355469,,19.993015289306641,
154.90000000000001,20.577259063720703,,21.477470397949219,
155,21.635028839111328,,22.933818817138672,
155.09999999999999,22.621261596679688,,24.264972686767578,
155.19999999999999,23.472076416015625,,25.394283294677734,
155.30000000000001,24.008625030517578,,26.114791870117188,
155.40000000000001,24.305004119873047,,26.5338134765625,
155.5,24.417423248291016,,26.784202575683594,
155.59999999999999,24.123600006103516,,26.595134735107422,
155.69999999999999,23.183361053466797,,25.608901977539062,
155.80000000000001,21.624809265136719,,23.779521942138672,
155.90000000000001,19.925735473632812,,21.377822875976562,
156,18.438724517822266,,18.375698089599609,
156.09999999999999,17.365623474121094,,14.949447631835938,
156.19999999999999,16.333404541015625,,11.842567443847656,
156.30000000000001,15.267967224121094,,9.7040328979492188,
156.40000000000001,14.240859985351562,,8.6232681274414062,
156.5,12.935256958007812,,8.1786956787109375,
156.59999999999999,11.65264892578125,,7.9053115844726562,
156.69999999999999,10.587211608886719,,7.6651382446289062,
156.80000000000001,9.5882034301757812,,7.5450515747070312,
156.90000000000001,8.6300811767578125,,7.4990615844726562,
157,7.8124771118164062,,7.4684066772460938,
157.09999999999999,7.181396484375,,7.41986083984375,
157.19999999999999,6.7240524291992188,,7.3432083129882812,
157.30000000000001,6.3714599609375,,7.1081466674804688,
157.40000000000001,6.0393142700195312,,6.804107666015625,
157.5,5.7838134765625,,6.6610260009765625,
157.59999999999999,5.5947418212890625,,6.5792617797851562,
157.69999999999999,5.4133377075195312,,6.5537109375,
157.80000000000001,5.2728118896484375,,6.6048126220703125,
157.90000000000001,5.193603515625,,6.6482467651367188,
158,5.1373977661132812,,6.6814651489257812,
158.09999999999999,5.0862960815429688,,6.7351226806640625,
158.19999999999999,5.055633544921875,,6.783660888671875,
158.30000000000001,5.037750244140625,,6.7989959716796875,
158.40000000000001,5.0351943969726562,,6.6789093017578125,
158.5,4.99176025390625,,6.4387359619140625,
158.59999999999999,4.9381027221679688,,6.3084335327148438,
158.69999999999999,4.927886962890625,,6.287994384765625,
158.80000000000001,4.9508819580078125,,6.3109893798828125,
158.90000000000001,5.0760726928710938,,6.436187744140625,
159,5.2625885009765625,,6.6661376953125,
159.09999999999999,5.5410842895507812,,6.9957275390625,
159.19999999999999,6.0444183349609375,,7.373870849609375,
159.30000000000001,6.8236923217773438,,7.7673416137695312,
159.40000000000001,7.8840179443359375,,8.1684722900390625,
159.5,9.3761367797851562,,8.4827423095703125,
159.59999999999999,10.398139953613281,,8.8889846801757812,
159.69999999999999,11.325607299804688,,9.7116928100585938,
159.80000000000001,12.16619873046875,,10.861442565917969,
159.90000000000001,13.430923461914062,,12.041854858398438,
160,14.376274108886719,5.9347176551818848,13.109848022460938,6.036217212677002
160.09999999999999,14.958816528320312,,13.937667846679688,
160.19999999999999,15.227088928222656,,14.5380859375,
160.30000000000001,15.403388977050781,,15.03631591796875,
160.40000000000001,15.546463012695312,,15.417007446289062,
160.5,15.651222229003906,,15.629074096679688,
160.59999999999999,15.605232238769531,,15.531982421875,
160.69999999999999,15.538803100585938,,15.360801696777344,
160.80000000000001,15.605232238769531,,15.501327514648438,
160.90000000000001,15.725318908691406,,15.761932373046875,
161,15.858177185058594,,15.922897338867188,
161.09999999999999,15.947601318359375,,16.032764434814453,
161.19999999999999,16.006362915039062,,16.17584228515625,
161.30000000000001,16.077903747558594,,16.35980224609375,
161.40000000000001,16.210762023925781,,16.520767211914062,
161.5,16.223541259765625,,16.395572662353516,
161.59999999999999,16.162223815917969,,16.0838623046875,
161.69999999999999,16.031913757324219,,15.859024047851562,
161.80000000000001,15.830070495605469,,15.358245849609375,
161.90000000000001,15.416160583496094,,14.264701843261719,
162,14.790184020996094,,13.051078796386719,
162.09999999999999,14.309844970703125,,12.197708129882812,
162.19999999999999,13.995582580566406,,11.500190734863281,
162.30000000000001,13.824394226074219,,10.787345886230469,
162.40000000000001,13.43603515625,,10.025962829589844,
162.5,12.881599426269531,,9.2543487548828125,
162.59999999999999,12.396148681640625,,8.7612380981445312,
162.69999999999999,12.155982971191406,,8.5798263549804688,
162.80000000000001,11.903038024902344,,8.5006256103515625,
162.90000000000001,11.629653930664062,,8.4163131713867188,
163,11.279617309570312,,8.3345489501953125,
163.09999999999999,10.722625732421875,,8.2604522705078125,
163.19999999999999,9.7798309326171875,,8.1786956787109375,
163.30000000000001,9.14874267578125,,8.04583740234375,
163.40000000000001,8.313262939453125,,7.6651382446289062,
163.5,7.8354721069335938,,7.2129058837890625,
163.59999999999999,7.3960189819335938,,6.9931716918945312,
163.69999999999999,7.0689773559570312,,6.896087646484375,
163.80000000000001,6.92333984375,,6.8322067260742188,
163.90000000000001,6.7649307250976562,,6.8143234252929688,
164,6.675506591796875,,6.804107666015625,
164.09999999999999,6.527313232421875,,6.79388427734375,
164.19999999999999,6.42767333984375,,6.7989959716796875,
164.30000000000001,6.3663482666015625,,6.8194351196289062,
164.40000000000001,6.3280258178710938,,6.8066558837890625,
164.5,6.2181625366210938,,6.6252517700195312,
164.59999999999999,6.0929641723632812,,6.4310760498046875,
164.69999999999999,6.049530029296875,,6.3953018188476562,
164.80000000000001,6.0546417236328125,,6.39019775390625,
164.90000000000001,6.1645050048828125,,6.4668426513671875,
165,6.527313232421875,,6.6891326904296875,
165.09999999999999,7.2938156127929688,,6.988067626953125,
165.19999999999999,8.2774887084960938,,7.3687591552734375,
165.30000000000001,9.2764968872070312,,7.8772048950195312,
165.40000000000001,10.344482421875,,8.4852981567382812,
165.5,11.550445556640625,,9.1930313110351562,
165.59999999999999,12.564781188964844,,9.9007644653320312,
165.69999999999999,13.318504333496094,,10.769462585449219,
165.80000000000001,14.123329162597656,,11.942207336425781,
165.90000000000001,14.928153991699219,,13.148170471191406,
166,15.771308898925781,,14.338798522949219,
166.09999999999999,16.670661926269531,,15.575416564941406,
166.19999999999999,17.490821838378906,,16.714950561523438,
166.30000000000001,18.231769561767578,,17.744613647460938,
166.40000000000001,18.952281951904297,,18.730842590332031,
166.5,19.644683837890625,,19.581657409667969,
166.59999999999999,20.199119567871094,,20.090103149414062,
166.69999999999999,20.482723236083984,,20.299613952636719,
166.80000000000001,20.360084533691406,,20.268955230712891,
166.90000000000001,19.616580963134766,,19.648090362548828,
167,18.387626647949219,,18.296493530273438,
167.09999999999999,17.102462768554688,,16.602527618408203,
167.19999999999999,15.929718017578125,,14.847244262695312,
167.30000000000001,14.690536499023438,,13.076629638671875,
167.40000000000001,13.484580993652344,,11.500190734863281,
167.5,12.500907897949219,,10.291679382324219,
167.59999999999999,11.619430541992188,,9.4204254150390625,
167.69999999999999,10.699630737304688,,8.587493896484375,
167.80000000000001,9.8232650756835938,,7.8720932006835938,
167.90000000000001,9.1231918334960938,,7.5603866577148438,
168,8.5534286499023438,,7.4249725341796875,
168.09999999999999,8.073089599609375,,7.3432083129882812,
168.19999999999999,7.6387405395507812,,7.264007568359375,
168.30000000000001,7.27337646484375,,7.1694717407226562,
168.40000000000001,7.0127639770507812,,7.1004867553710938,
168.5,6.7904815673828125,,7.0289459228515625,
168.59999999999999,6.6141891479492188,,6.967620849609375,
168.69999999999999,6.5222091674804688,,6.8986358642578125,
168.80000000000001,6.3944549560546875,,6.7044601440429688,
168.90000000000001,6.2283782958984375,,6.4949493408203125,
169,6.0904083251953125,,6.4310760498046875,
169.09999999999999,5.9677734375,,6.3927459716796875,
169.19999999999999,5.9166717529296875,,6.35186767578125,
169.30000000000001,5.9243392944335938,,6.362091064453125,
169.40000000000001,6.0699691772460938,,6.4642868041992188,
169.5,6.5860824584960938,,6.7555618286132812,
169.59999999999999,7.5237655639648438,,7.2307891845703125,
169.69999999999999,8.681182861328125,,7.833770751953125,
169.80000000000001,9.8181533813476562,,8.5338363647460938,
169.90000000000001,10.881034851074219,,9.2415771484375,
170,12.002677917480469,7.1258902549743652,10.125602722167969,0
170.09999999999999,13.129432678222656,,11.344337463378906,
170.19999999999999,14.176986694335938,,12.739372253417969,
170.30000000000001,15.168327331542969,,14.180389404296875,
170.40000000000001,16.136672973632812,,15.600967407226562,
170.5,17.105018615722656,,16.955120086669922,
170.59999999999999,18.055473327636719,,18.270942687988281,
170.69999999999999,18.985496520996094,,19.512672424316406,
170.80000000000001,19.846530914306641,,20.506568908691406,
170.90000000000001,20.630916595458984,,21.405929565429688,
171,21.428073883056641,,22.443260192871094,
171.09999999999999,22.048938751220703,,23.437152862548828,
171.19999999999999,22.741344451904297,,24.3262939453125,
171.30000000000001,23.341770172119141,,25.179664611816406,
171.40000000000001,23.806781768798828,,25.910392761230469,
171.5,24.190029144287109,,26.400955200195312,
171.59999999999999,24.453193664550781,,26.62579345703125,
171.69999999999999,24.320335388183594,,26.339633941650391,
171.80000000000001,23.643260955810547,,25.394283294677734,
171.90000000000001,22.406639099121094,,24.004364013671875,
172,20.753555297851562,,22.295070648193359,
172.09999999999999,19.159236907958984,,20.350715637207031,
172.19999999999999,17.685001373291016,,18.186630249023438,
172.30000000000001,16.37939453125,,16.027652740478516,
172.40000000000001,15.252639770507812,,14.180389404296875,
172.5,14.174430847167969,,12.6627197265625,
172.59999999999999,13.328727722167969,,11.272796630859375,
172.69999999999999,12.559669494628906,,9.8649978637695312,
172.80000000000001,11.713966369628906,,8.74334716796875,
172.90000000000001,10.819717407226562,,8.1301498413085938,
173,9.9075775146484375,,7.8107757568359375,
173.09999999999999,9.0797576904296875,,7.60382080078125,
173.19999999999999,8.3975753784179688,,7.5118408203125,
173.30000000000001,7.8456954956054688,,7.4735107421875,
173.40000000000001,7.3730239868164062,,7.41986083984375,
173.5,6.9769973754882812,,7.373870849609375,
173.59999999999999,6.6448440551757812,,7.3329925537109375,
173.69999999999999,6.4072341918945312,,7.2129058837890625,
173.80000000000001,6.1951675415039062,,6.9369659423828125,
173.90000000000001,5.9958724975585938,,6.701904296875,
174,5.8808975219726562,,6.673797607421875,
174.09999999999999,5.7863693237304688,,6.6942367553710938,
174.19999999999999,5.7403793334960938,,6.71978759765625,
174.30000000000001,5.7148284912109375,,6.79388427734375,
174.40000000000001,5.6611709594726562,,6.8705368041992188,
174.5,5.6151809692382812,,6.9063034057617188,
174.59999999999999,5.5819625854492188,,6.9292984008789062,
174.69999999999999,5.571746826171875,,6.988067626953125,
174.80000000000001,5.61773681640625,,6.9701766967773438,
174.90000000000001,5.6943893432617188,,6.8807525634765625,
175,5.7889175415039062,,6.9650726318359375,
175.09999999999999,5.9371109008789062,,7.1924667358398438,
175.19999999999999,6.1568374633789062,,7.4249725341796875,
175.30000000000001,6.4685516357421875,,7.7622299194335938,
175.40000000000001,6.8517990112304688,,8.2476806640625,
175.5,7.355133056640625,,8.9400863647460938,
175.59999999999999,8.0526504516601562,,9.8420028686523438,
175.69999999999999,8.92901611328125,,10.843559265136719,
175.80000000000001,9.9893417358398438,,11.68670654296875,
175.90000000000001,10.973014831542969,,12.42254638671875,
176,11.826385498046875,,13.403671264648438,
176.09999999999999,12.672088623046875,,14.739936828613281,
176.19999999999999,13.604667663574219,,16.364913940429688,
176.30000000000001,14.785072326660156,,18.306713104248047,
176.40000000000001,15.847953796386719,,20.616432189941406,
176.5,16.693656921386719,,22.995140075683594,
176.59999999999999,17.616016387939453,,25.103012084960938,
176.69999999999999,18.540924072265625,,26.768875122070312,
176.80000000000001,19.48883056640625,,28.169013977050781,
176.90000000000001,20.490390777587891,,29.745449066162109,
177,21.532829284667969,,31.513507843017578,
177.09999999999999,22.869094848632812,,33.309673309326172,
177.19999999999999,24.003513336181641,,35.1441650390625,
177.30000000000001,25.140491485595703,,37.180500030517578,
177.40000000000001,26.320899963378906,,39.344581604003906,
177.5,27.437435150146484,,41.288936614990234,
177.59999999999999,28.408336639404297,,42.998233795166016,
177.69999999999999,29.320468902587891,,44.633434295654297,
177.80000000000001,30.199390411376953,,46.0718994140625,
177.90000000000001,30.948005676269531,,47.446487426757812,
178,31.479446411132812,,49.048473358154297,
178.09999999999999,31.862693786621094,,50.716888427734375,
178.19999999999999,32.031326293945312,,52.014827728271484,
178.30000000000001,32.067092895507812,,52.717453002929688,
178.40000000000001,32.138633728027344,,53.4302978515625,
178.5,32.248500823974609,,54.541725158691406,
178.59999999999999,32.547435760498047,,55.967414855957031,
178.69999999999999,32.966453552246094,,57.523406982421875,
178.80000000000001,33.060989379882812,,58.897994995117188,
178.90000000000001,32.859146118164062,,60.047744750976562,
179,32.675186157226562,,61.077411651611328,
179.09999999999999,32.905136108398438,,62.211830139160156,
179.19999999999999,33.124862670898438,,63.438232421875,
179.30000000000001,33.388031005859375,,64.554763793945312,
179.40000000000001,33.423801422119141,,65.382583618164062,
179.5,33.301158905029297,,65.837379455566406,
179.59999999999999,33.319046020507812,,66.414810180664062,
179.69999999999999,33.551548004150391,,67.590103149414062,
179.80000000000001,33.717624664306641,,69.192092895507812,
179.90000000000001,33.909248352050781,,70.676544189453125,
180,34.435581207275391,7.3469386100769043,72.025588989257812,0
180.09999999999999,34.946578979492188,,73.642898559570312,
180.19999999999999,35.432029724121094,,75.564262390136719,
180.30000000000001,35.986465454101562,,77.498397827148438,
180.40000000000001,36.195976257324219,,78.867874145507812,
180.5,36.106548309326172,,79.445304870605469,
180.59999999999999,36.206195831298828,,79.552619934082031,
180.69999999999999,36.530677795410156,,79.555168151855469,
180.80000000000001,36.995689392089844,,79.552619934082031,
180.90000000000001,37.598670959472656,,79.555168151855469,
181,38.298740386962891,,79.555168151855469,
181.09999999999999,38.983478546142578,,79.555168151855469,
181.19999999999999,39.724430084228516,,79.555168151855469,
181.30000000000001,40.447494506835938,,79.555168151855469,
181.40000000000001,40.90228271484375,,79.552619934082031,
181.5,41.193553924560547,,79.552619934082031,
181.59999999999999,41.374958038330078,,79.552619934082031,
181.69999999999999,41.487380981445312,,79.555168151855469,
181.80000000000001,41.610019683837891,,79.557723999023438,
181.90000000000001,41.745433807373047,,79.552619934082031,
182,41.860408782958984,,79.552619934082031,
182.09999999999999,42.034149169921875,,79.555168151855469,
182.19999999999999,42.049480438232422,,79.557723999023438,
182.30000000000001,41.745433807373047,,79.557723999023438,
182.40000000000001,41.336635589599609,,79.557723999023438,
182.5,40.743873596191406,,79.557723999023438,
182.59999999999999,39.928829193115234,,79.555168151855469,
182.69999999999999,38.835289001464844,,79.555168151855469,
182.80000000000001,36.898597717285156,,79.555168151855469,
182.90000000000001,33.270500183105469,,79.555168151855469,
183,28.676609039306641,,77.360427856445312,
183.09999999999999,24.833889007568359,,71.003585815429688,
183.19999999999999,22.107704162597656,,63.233833312988281,
183.30000000000001,20.176124572753906,,56.498851776123047,
183.40000000000001,18.719776153564453,,50.203330993652344,
183.5,17.518924713134766,,44.475021362304688,
183.59999999999999,16.760093688964844,,39.643516540527344,
183.69999999999999,16.399833679199219,,35.397109985351562,
183.80000000000001,16.134117126464844,,31.886539459228516,
183.90000000000001,16.190322875976562,,29.147579193115234,
184,16.461158752441406,,26.773983001708984,
184.09999999999999,16.328292846679688,,24.34417724609375,
184.19999999999999,15.671661376953125,,21.84283447265625,
184.30000000000001,14.680320739746094,,19.538223266601562,
184.40000000000001,13.548454284667969,,17.489112854003906,
184.5,12.503463745117188,,15.68017578125,
184.59999999999999,11.6705322265625,,13.82269287109375,
184.69999999999999,10.888702392578125,,11.888557434082031,
184.80000000000001,10.117088317871094,,10.452644348144531,
184.90000000000001,9.452789306640625,,9.62738037109375,
185,8.8038177490234375,,9.1138229370117188,
185.09999999999999,8.1676254272460938,,8.6845855712890625,
185.19999999999999,7.595306396484375,,8.2808914184570312,
185.30000000000001,7.1047439575195312,,7.9691848754882812,
185.40000000000001,6.6780624389648438,,7.7264556884765625,
185.5,6.2615966796875,,7.56549072265625,
185.59999999999999,5.91156005859375,,7.4735107421875,
185.69999999999999,5.645843505859375,,7.2946624755859375,
185.80000000000001,5.3775634765625,,6.988067626953125,
185.90000000000001,5.1450576782226562,,6.7274551391601562,
186,4.9764328002929688,,6.5843734741210938,
186.09999999999999,4.8129119873046875,,6.4770660400390625,
186.19999999999999,4.7004928588867188,,6.4131927490234375,
186.30000000000001,4.6391677856445312,,6.3953018188476562,
186.40000000000001,4.5752944946289062,,6.39019775390625,
186.5,4.5241928100585938,,6.3825302124023438,
186.59999999999999,4.5241928100585938,,6.3493118286132812,
186.69999999999999,4.5318603515625,,6.1985702514648438,
186.80000000000001,4.4603195190429688,,5.9430694580078125,
186.90000000000001,4.3887786865234375,,5.7897720336914062,
187,4.3683395385742188,,5.718231201171875,
187.09999999999999,4.3632278442382812,,5.7054519653320312,
187.19999999999999,4.3990020751953125,,5.7872161865234375,
187.30000000000001,4.43988037109375,,5.9073028564453125,
187.40000000000001,4.4909820556640625,,6.0043869018554688,
187.5,4.58807373046875,,6.0887069702148438,
187.59999999999999,4.6621627807617188,,6.0708160400390625,
187.69999999999999,4.6672744750976562,,6.0018310546875,
187.80000000000001,4.6493911743164062,,6.0094985961914062,
187.90000000000001,4.6417236328125,,6.0350494384765625,
188,4.6826019287109375,,6.1142578125,
188.09999999999999,4.7490386962890625,,6.2675552368164062,
188.19999999999999,4.84356689453125,,6.436187744140625,
188.30000000000001,4.9840927124023438,,6.60992431640625,
188.40000000000001,5.185943603515625,,6.6533584594726562,
188.5,5.4772109985351562,,6.5767059326171875,
188.59999999999999,5.8451309204101562,,6.6329193115234375,
188.69999999999999,6.2232742309570312,,6.8807525634765625,
188.80000000000001,6.5298690795898438,,7.1669158935546875,
188.90000000000001,6.8339157104492188,,7.3968658447265625,
189,7.2427139282226562,,7.6293716430664062,
189.09999999999999,7.7000579833984375,,7.9104156494140625,
189.19999999999999,8.1318588256835938,,8.2502365112304688,
189.30000000000001,8.4205703735351562,,8.4929580688476562,
189.40000000000001,8.6198577880859375,,8.7280197143554688,
189.5,8.9673385620117188,,9.27734375,
189.59999999999999,9.6776275634765625,,10.054061889648438,
189.69999999999999,10.87847900390625,,10.876777648925781,
189.80000000000001,12.31439208984375,,11.840011596679688,
189.90000000000001,13.60211181640625,,13.086845397949219,
190,14.664993286132812,5.6925997734069824,14.563636779785156,0
190.09999999999999,15.618003845214844,,16.055759429931641,
190.19999999999999,16.422828674316406,,17.246387481689453,
190.30000000000001,17.082023620605469,,18.276054382324219,
190.40000000000001,17.840854644775391,,19.499900817871094,
190.5,18.714664459228516,,20.841274261474609,
190.59999999999999,19.634464263916016,,22.157100677490234,
190.69999999999999,20.477615356445312,,23.360504150390625,
190.80000000000001,21.113811492919922,,24.293079376220703,
190.90000000000001,21.185348510742188,,24.451488494873047,
191,20.388191223144531,,23.467815399169922,
191.09999999999999,19.261436462402344,,21.8607177734375,
191.19999999999999,18.144901275634766,,20.049224853515625,
191.30000000000001,17.105018615722656,,18.1815185546875,
191.40000000000001,16.279747009277344,,16.513103485107422,
191.5,15.612892150878906,,15.013320922851562,
191.59999999999999,14.820846557617188,,13.789474487304688,
191.69999999999999,13.880607604980469,,12.867118835449219,
191.80000000000001,13.131988525390625,,12.059738159179688,
191.90000000000001,12.574996948242188,,11.285575866699219,
192,12.079330444335938,,10.552291870117188,
192.09999999999999,11.545333862304688,,9.9799728393554688,
192.19999999999999,11.034332275390625,,9.4408645629882812,
192.30000000000001,10.359817504882812,,8.7382431030273438,
192.40000000000001,9.4834518432617188,,8.1531448364257812,
192.5,8.6581878662109375,,7.86187744140625,
192.59999999999999,7.9504470825195312,,7.6191482543945312,
192.69999999999999,7.3653564453125,,7.4045257568359375,
192.80000000000001,6.9105682373046875,,7.2665557861328125,
192.90000000000001,6.5809707641601562,,7.1464767456054688,
193,6.3126983642578125,,7.0212783813476562,
193.09999999999999,6.1031875610351562,,6.9063034057617188,
193.19999999999999,5.9549942016601562,,6.8424301147460938,
193.30000000000001,5.865570068359375,,6.79388427734375,
193.40000000000001,5.8246917724609375,,6.638031005859375,
193.5,5.7352676391601562,,6.4285202026367188,
193.59999999999999,5.6330642700195312,,6.344207763671875,
193.69999999999999,5.607513427734375,,6.323760986328125,
193.80000000000001,5.61773681640625,,6.3033218383789062,
193.90000000000001,5.7965850830078125,,6.4285202026367188,
194,6.3842391967773438,,6.804107666015625,
194.09999999999999,7.4215621948242188,,7.3662033081054688,
194.19999999999999,8.6913986206054688,,8.0943756103515625,
194.30000000000001,9.86669921875,,8.9247512817382812,
194.40000000000001,10.65875244140625,,9.599273681640625,
194.5,11.031784057617188,,9.9007644653320312,
194.59999999999999,11.182525634765625,,10.028511047363281,
194.69999999999999,11.397148132324219,,10.342781066894531,
194.80000000000001,11.765068054199219,,10.792457580566406,
194.90000000000001,12.186637878417969,,11.219146728515625,
195,12.702751159667969,,11.781242370605469,
195.09999999999999,13.430923461914062,,12.524749755859375,
195.19999999999999,14.394157409667969,,13.36279296875,
195.30000000000001,15.426383972167969,,14.402671813964844,
195.40000000000001,16.392173767089844,,15.585639953613281,
195.5,17.276199340820312,,16.579532623291016,
195.59999999999999,17.927726745605469,,17.307708740234375,
195.69999999999999,18.344188690185547,,17.880027770996094,
195.80000000000001,18.502601623535156,,18.084430694580078,
195.90000000000001,18.022258758544922,,17.425239562988281,
196,17.053916931152344,,16.127300262451172,
196.09999999999999,16.090682983398438,,14.816581726074219,
196.19999999999999,15.260307312011719,,13.6566162109375,
196.30000000000001,14.550018310546875,,12.540077209472656,
196.40000000000001,13.918930053710938,,11.436317443847656,
196.5,13.134544372558594,,10.243133544921875,
196.59999999999999,12.127876281738281,,8.9937362670898438,
196.69999999999999,11.146759033203125,,8.1199264526367188,
196.80000000000001,10.283164978027344,,7.631927490234375,
196.90000000000001,9.5038909912109375,,7.3227691650390625,
197,8.7782669067382812,,7.1234817504882812,
197.09999999999999,8.147186279296875,,6.9752883911132812,
197.19999999999999,7.6617355346679688,,6.8628692626953125,
197.30000000000001,7.2963714599609375,,6.8015518188476562,
197.40000000000001,7.0536422729492188,,6.7223434448242188,
197.5,6.8543548583984375,,6.5051727294921875,
197.59999999999999,6.6448440551757812,,6.2726669311523438,
197.69999999999999,6.4966583251953125,,6.2011260986328125,
197.80000000000001,6.3918991088867188,,6.1806869506835938,
197.90000000000001,6.3382492065429688,,6.1883468627929688,
198,6.4532241821289062,,6.3033218383789062,
198.09999999999999,6.8824615478515625,,6.599700927734375,
198.19999999999999,7.6489639282226562,,7.08770751953125,
198.30000000000001,8.4333419799804688,,7.685577392578125,
198.40000000000001,9.1334152221679688,,8.2911148071289062,
198.5,9.7721633911132812,,8.8608779907226562,
198.59999999999999,10.508003234863281,,9.55328369140625,
198.69999999999999,11.553001403808594,,10.419425964355469,
198.80000000000001,12.669532775878906,,11.359672546386719,
198.90000000000001,13.696647644042969,,12.335678100585938,
199,14.598556518554688,,13.332130432128906,
199.09999999999999,15.388053894042969,,14.333686828613281,
199.19999999999999,16.095787048339844,,15.332695007324219,
199.30000000000001,16.754981994628906,,16.303592681884766,
199.40000000000001,17.332408905029297,,17.026660919189453,
199.5,17.863849639892578,,17.639858245849609,
199.59999999999999,18.461719512939453,,18.470233917236328,
199.69999999999999,19.128574371337891,,19.425804138183594,
199.80000000000001,19.851638793945312,,20.455467224121094,
199.90000000000001,20.538936614990234,,21.457027435302734,
200,21.190460205078125,5.6925997734069824,22.399822235107422,0
200.09999999999999,21.849651336669922,,23.388607025146484,
200.19999999999999,22.483291625976562,,24.298187255859375,
200.30000000000001,23.019840240478516,,24.847515106201172,
200.40000000000001,23.477184295654297,,25.192440032958984,
200.5,23.883430480957031,,25.624233245849609,
200.59999999999999,24.123600006103516,,25.948719024658203,
200.69999999999999,23.804225921630859,,25.757095336914062,
200.80000000000001,22.649364471435547,,24.689102172851562,
200.90000000000001,21.177684783935547,,23.166324615478516,
201,19.872081756591797,,21.794288635253906,
201.09999999999999,18.735103607177734,,20.534675598144531,
201.19999999999999,17.626235961914062,,18.884143829345703,
201.30000000000001,16.292526245117188,,16.518215179443359,
201.40000000000001,15.015022277832031,,14.075637817382812,
201.5,14.06201171875,,12.177268981933594,
201.59999999999999,13.226524353027344,,10.682594299316406,
201.69999999999999,12.434478759765625,,9.4613037109375,
201.80000000000001,11.604103088378906,,8.55938720703125,
201.90000000000001,10.755844116210938,,7.9053115844726562,
202,9.9944534301757812,,7.4402999877929688,
202.09999999999999,9.3224868774414062,,7.1771316528320312,
202.19999999999999,8.7373886108398438,,7.0340576171875,
202.30000000000001,8.2493820190429688,,6.8373184204101562,
202.40000000000001,7.7664871215820312,,6.5664901733398438,
202.5,7.3500289916992188,,6.3850860595703125,
202.59999999999999,7.0536422729492188,,6.3135452270507812,
202.69999999999999,6.8083648681640625,,6.2803268432617188,
202.80000000000001,6.6167373657226562,,6.2828826904296875,
202.90000000000001,6.4481124877929688,,6.3109893798828125,
203,6.3050308227539062,,6.3314285278320312,
203.09999999999999,6.1926116943359375,,6.3390960693359375,
203.19999999999999,6.123626708984375,,6.3365402221679688,
203.30000000000001,6.1082992553710938,,6.3314285278320312,
203.40000000000001,6.1389541625976562,,6.305877685546875,
203.5,6.141510009765625,,6.1755752563476562,
203.59999999999999,6.1134033203125,,6.047821044921875,
203.69999999999999,6.141510009765625,,6.0887069702148438,
203.80000000000001,6.2462692260742188,,6.2113418579101562,
203.90000000000001,6.4148941040039062,,6.3850860595703125,
204,6.6422882080078125,,6.5945968627929688,
204.09999999999999,6.94122314453125,,6.8245468139648438,
204.19999999999999,7.3065872192382812,,7.080047607421875,
204.30000000000001,7.7128372192382812,,7.4684066772460938,
204.40000000000001,8.2187271118164062,,8.1122665405273438,
204.5,9.049102783203125,,8.7740097045898438,
204.59999999999999,9.9791183471679688,,9.2824554443359375,
204.69999999999999,10.814605712890625,,9.931427001953125,
204.80000000000001,11.624542236328125,,10.991752624511719,
204.90000000000001,12.362937927246094,,12.307571411132812,
205,13.121772766113281,,13.751152038574219,
205.09999999999999,13.972587585449219,,15.381240844726562,
205.19999999999999,14.864280700683594,,17.238723754882812,
205.30000000000001,15.740646362304688,,19.269950866699219,
205.40000000000001,16.645118713378906,,21.278179168701172,
205.5,17.577690124511719,,23.102447509765625,
205.59999999999999,18.546035766601562,,24.962490081787109,
205.69999999999999,19.529708862304688,,27.111244201660156,
205.80000000000001,20.567039489746094,,29.543601989746094,
205.90000000000001,21.747451782226562,,32.152259826660156,
206,22.927860260009766,,34.605056762695312,
206.09999999999999,24.236019134521484,,36.695049285888672,
206.19999999999999,25.286125183105469,,38.440113067626953,
206.30000000000001,26.234031677246094,,39.822368621826172,
206.40000000000001,27.054183959960938,,41.038547515869141,
206.5,27.787467956542969,,42.640533447265625,
206.59999999999999,28.364898681640625,,44.776512145996094,
206.69999999999999,28.743038177490234,,47.047908782958984,
206.80000000000001,29.228488922119141,,49.316749572753906,
206.90000000000001,29.951553344726562,,51.743995666503906,
207,30.682285308837891,,54.242790222167969,
207.09999999999999,32.097755432128906,,56.44775390625,
207.19999999999999,33.224510192871094,,58.634834289550781,
207.30000000000001,34.098320007324219,,61.399341583251953,
207.40000000000001,34.936359405517578,,64.631416320800781,
207.5,35.700305938720703,,67.6693115234375,
207.59999999999999,36.538345336914062,,70.781303405761719,
207.69999999999999,37.246078491210938,,74.250991821289062,
207.80000000000001,37.598670959472656,,77.595489501953125,
207.90000000000001,37.731529235839844,,79.386543273925781,
208,38.045795440673828,,79.552619934082031,
208.09999999999999,38.086673736572266,,79.555168151855469,
208.19999999999999,37.953815460205078,,79.555168151855469,
208.30000000000001,37.892494201660156,,79.552619934082031,
208.40000000000001,37.631885528564453,,79.552619934082031,
208.5,37.304843902587891,,79.552619934082031,
208.59999999999999,37.437705993652344,,79.552619934082031,
208.69999999999999,37.690650939941406,,79.552619934082031,
208.80000000000001,37.920600891113281,,79.555168151855469,
208.90000000000001,38.740753173828125,,79.552619934082031,
209,39.675884246826172,,79.552619934082031,
209.09999999999999,40.388729095458984,,79.555168151855469,
209.19999999999999,40.97637939453125,,79.555168151855469,
209.30000000000001,41.321304321289062,,79.555168151855469,
209.40000000000001,41.293197631835938,,79.557723999023438,
209.5,40.973823547363281,,79.557723999023438,
209.59999999999999,40.886955261230469,,79.557723999023438,
209.69999999999999,41.198665618896484,,79.557723999023438,
209.80000000000001,41.658565521240234,,79.552619934082031,
209.90000000000001,41.937057495117188,,79.552619934082031,
210,41.579360961914062,4.3258833885192871,79.555168151855469,2.1723387241363525
210.09999999999999,40.616123199462891,,79.557723999023438,
210.19999999999999,39.514919281005859,,79.557723999023438,
210.30000000000001,38.635997772216797,,79.555168151855469,
210.40000000000001,37.762187957763672,,79.552619934082031,
210.5,36.507682800292969,,79.555168151855469,
210.59999999999999,34.685970306396484,,79.555168151855469,
210.69999999999999,31.855030059814453,,78.372207641601562,
210.80000000000001,28.311244964599609,,74.386405944824219,
210.90000000000001,25.321895599365234,,68.934036254882812,
211,23.35198974609375,,63.859806060791016,
211.09999999999999,21.734676361083984,,59.112617492675781,
211.19999999999999,20.171016693115234,,54.549385070800781,
211.30000000000001,18.959945678710938,,50.159896850585938,
211.40000000000001,18.157676696777344,,46.227752685546875,
211.5,17.639011383056641,,42.857707977294922,
211.59999999999999,17.191886901855469,,39.546428680419922,
211.69999999999999,16.714103698730469,,35.933658599853516,
211.80000000000001,16.302742004394531,,32.226352691650391,
211.90000000000001,15.960372924804688,,28.869083404541016,
212,15.549018859863281,,26.252761840820312,
212.09999999999999,15.099342346191406,,24.364620208740234,
212.19999999999999,14.7237548828125,,22.903160095214844,
212.30000000000001,14.383941650390625,,21.620548248291016,
212.40000000000001,13.898490905761719,,20.212745666503906,
212.5,13.349166870117188,,18.789608001708984,
212.59999999999999,12.991462707519531,,17.667964935302734,
212.69999999999999,12.730857849121094,,16.80181884765625,
212.80000000000001,12.437026977539062,,16.042984008789062,
212.90000000000001,12.153427124023438,,15.245826721191406,
213,11.839157104492188,,14.461441040039062,
213.09999999999999,11.499343872070312,,13.771591186523438,
213.19999999999999,11.200408935546875,,13.148170471191406,
213.30000000000001,10.888702392578125,,12.5145263671875,
213.40000000000001,10.569328308105469,,11.696929931640625,
213.5,10.260169982910156,,10.723472595214844,
213.59999999999999,9.8334884643554688,,9.7449111938476562,
213.69999999999999,9.3199310302734375,,9.0729446411132812,
213.80000000000001,8.8932418823242188,,8.74334716796875,
213.90000000000001,8.5125503540039062,,8.4980697631835938,
214,8.17529296875,,8.32177734375,
214.09999999999999,7.9197921752929688,,8.2349014282226562,
214.19999999999999,7.6668472290039062,,8.2119064331054688,
214.30000000000001,7.3806838989257812,,8.19146728515625,
214.40000000000001,7.0740890502929688,,8.0841598510742188,
214.5,6.7828140258789062,,7.8644256591796875,
214.59999999999999,6.5017623901367188,,7.483734130859375,
214.69999999999999,6.2028274536132812,,7.1004867553710938,
214.80000000000001,5.929443359375,,6.9292984008789062,
214.90000000000001,5.6790542602539062,,6.8475418090820312,
215,5.4465484619140625,,6.7708892822265625,
215.09999999999999,5.2677001953125,,6.64569091796875,
215.19999999999999,5.1348419189453125,,6.5230560302734375,
215.30000000000001,5.0147552490234375,,6.4770660400390625,
215.40000000000001,4.9074478149414062,,6.4489593505859375,
215.5,4.8512344360351562,,6.3927459716796875,
215.59999999999999,4.8026885986328125,,6.1806869506835938,
215.69999999999999,4.73370361328125,,5.9788360595703125,
215.80000000000001,4.69793701171875,,5.9711761474609375,
215.90000000000001,4.6902694702148438,,6.0018310546875,
216,4.726043701171875,,6.029937744140625,
216.09999999999999,4.7745819091796875,,6.104034423828125,
216.19999999999999,4.818023681640625,,6.2113418579101562,
216.30000000000001,4.8793411254882812,,6.3569793701171875,
216.40000000000001,4.963653564453125,,6.50006103515625,
216.5,5.0990676879882812,,6.5869293212890625,
216.59999999999999,5.2906951904296875,,6.6789093017578125,
216.69999999999999,5.65350341796875,,6.7862167358398438,
216.80000000000001,6.141510009765625,,6.9267425537109375,
216.90000000000001,6.5937423706054688,,7.16180419921875,
217,7.0510940551757812,,7.4888458251953125,
217.09999999999999,7.6361846923828125,,7.82354736328125,
217.19999999999999,8.2110595703125,,8.2246856689453125,
217.30000000000001,8.6658477783203125,,8.7101364135742188,
217.40000000000001,9.1231918334960938,,9.1981430053710938,
217.5,9.618865966796875,,9.5890579223632812,
217.59999999999999,10.313827514648438,,9.8828811645507812,
217.69999999999999,11.177413940429688,,10.360664367675781,
217.80000000000001,11.984794616699219,,11.030075073242188,
217.90000000000001,12.715522766113281,,11.732696533203125,
218,13.390045166015625,,12.389335632324219,
218.09999999999999,14.016021728515625,,12.964210510253906,
218.19999999999999,14.616447448730469,,13.495651245117188,
218.30000000000001,15.175987243652344,,13.9862060546875,
218.40000000000001,15.505584716796875,,14.369461059570312,
218.5,15.758529663085938,,14.734825134277344,
218.59999999999999,16.182662963867188,,15.33013916015625,
218.69999999999999,16.706436157226562,,16.071090698242188,
218.80000000000001,17.373291015625,,16.812038421630859,
218.90000000000001,18.147453308105469,,17.604087829589844,
219,18.878185272216797,,18.516223907470703,
219.09999999999999,19.511825561523438,,19.45135498046875,
219.19999999999999,20.04071044921875,,20.146312713623047,
219.30000000000001,20.628360748291016,,20.979244232177734,
219.40000000000001,21.504726409912109,,22.369163513183594,
219.5,22.582935333251953,,23.861282348632812,
219.59999999999999,22.787334442138672,,24.681438446044922,
219.69999999999999,21.893085479736328,,24.0682373046875,
219.80000000000001,20.296211242675781,,22.346168518066406,
219.90000000000001,18.714664459228516,,20.386482238769531,
220,17.511260986328125,6.4516129493713379,18.421688079833984,0
220.09999999999999,16.389617919921875,,16.421123504638672,
220.19999999999999,15.344619750976562,,14.555976867675781,
220.30000000000001,14.774856567382812,,12.918220520019531,
220.40000000000001,14.654769897460938,,11.277908325195312,
220.5,14.368606567382812,,9.8803253173828125,
220.59999999999999,13.642990112304688,,9.0371780395507812,
220.69999999999999,12.781951904296875,,8.6028213500976562,
220.80000000000001,11.805946350097656,,8.311553955078125,
220.90000000000001,10.937248229980469,,8.1352615356445312,
221,10.311271667480469,,8.0739364624023438,
221.09999999999999,9.8002700805664062,,7.887420654296875,
221.19999999999999,9.3505935668945312,,7.6625823974609375,
221.30000000000001,9.0363235473632812,,7.6191482543945312,
221.40000000000001,8.7527236938476562,,7.667694091796875,
221.5,8.4026870727539062,,7.6472549438476562,
221.59999999999999,8.04498291015625,,7.575714111328125,
221.69999999999999,7.7102813720703125,,7.5271682739257812,
221.80000000000001,7.3628005981445312,,7.4914016723632812,
221.90000000000001,7.025543212890625,,7.4684066772460938,
222,6.7904815673828125,,7.4428558349609375,
222.09999999999999,6.675506591796875,,7.409637451171875,
222.19999999999999,6.5707473754882812,,7.1796875,
222.30000000000001,6.4200057983398438,,6.8833084106445312,
222.40000000000001,6.2845916748046875,,6.8271026611328125,
222.5,6.1823883056640625,,6.8654251098632812,
222.59999999999999,6.1363983154296875,,6.8986358642578125,
222.69999999999999,6.1108474731445312,,6.94207763671875,
222.80000000000001,6.1031875610351562,,6.9727325439453125,
222.90000000000001,6.1619491577148438,,6.9804000854492188,
223,6.3689041137695312,,7.0774917602539062,
223.09999999999999,6.859466552734375,,7.3789825439453125,
223.19999999999999,7.7077255249023438,,7.7366790771484375,
223.30000000000001,8.6300811767578125,,8.0407257080078125,
223.40000000000001,9.6163101196289062,,8.569610595703125,
223.5,10.832489013671875,,9.4638595581054688,
223.59999999999999,12.097213745117188,,10.485862731933594,
223.69999999999999,13.298065185546875,,11.459312438964844,
223.80000000000001,14.381385803222656,,12.340789794921875,
223.90000000000001,15.273078918457031,,13.252922058105469,
224,16.057464599609375,,14.297920227050781,
224.09999999999999,16.800971984863281,,15.332695007324219,
224.19999999999999,17.447383880615234,,16.145183563232422,
224.30000000000001,18.012039184570312,,16.776268005371094,
224.40000000000001,18.632904052734375,,17.545322418212891,
224.5,19.32275390625,,18.518779754638672,
224.59999999999999,19.938510894775391,,19.428359985351562,
224.69999999999999,20.472503662109375,,20.169307708740234,
224.80000000000001,20.878749847412109,,20.769733428955078,
224.90000000000001,21.093368530273438,,21.204082489013672,
225,21.221118927001953,,21.411037445068359,
225.09999999999999,20.96051025390625,,20.999683380126953,
225.19999999999999,19.992164611816406,,19.985347747802734,
225.30000000000001,18.965053558349609,,18.838153839111328,
225.40000000000001,18.147453308105469,,17.739505767822266,
225.5,17.066688537597656,,16.668960571289062,
225.59999999999999,16.420272827148438,,15.552421569824219,
225.69999999999999,15.602676391601562,,14.407783508300781,
225.80000000000001,15.022689819335938,,13.316802978515625,
225.90000000000001,14.606224060058594,,12.284576416015625,
226,14.233192443847656,,11.206367492675781,
226.09999999999999,13.78607177734375,,10.217582702636719,
226.19999999999999,13.464141845703125,,9.5711669921875,
226.30000000000001,13.19586181640625,,9.2160263061523438,
226.40000000000001,12.876487731933594,,8.9860763549804688,
226.5,12.53411865234375,,8.7970046997070312,
226.59999999999999,12.263290405273438,,8.6360397338867188,
226.69999999999999,11.841712951660156,,8.4852981567382812,
226.80000000000001,11.489128112792969,,8.3498764038085938,
226.90000000000001,11.036888122558594,,8.063720703125,
227,10.592323303222656,,7.7264556884765625,
227.09999999999999,10.334266662597656,,7.6242599487304688,
227.19999999999999,9.9740142822265625,,7.6293716430664062,
227.30000000000001,9.7363967895507812,,7.631927490234375,
227.40000000000001,9.5345535278320312,,7.63958740234375,
227.5,9.3301467895507812,,7.6472549438476562,
227.59999999999999,9.1998443603515625,,7.6549224853515625,
227.69999999999999,9.0772018432617188,,7.67791748046875,
227.80000000000001,8.8957977294921875,,7.52972412109375,
227.90000000000001,8.681182861328125,,7.2665557861328125,
228,8.4818878173828125,,7.2026824951171875,
228.09999999999999,8.4461212158203125,,7.2537841796875,
228.19999999999999,8.3643569946289062,,7.2665557861328125,
228.30000000000001,8.1982879638671875,,7.264007568359375,
228.40000000000001,8.0705337524414062,,7.2588958740234375,
228.5,7.9504470825195312,,7.2410125732421875,
228.59999999999999,7.86102294921875,,7.2307891845703125,
228.69999999999999,7.8329238891601562,,7.1873550415039062,
228.80000000000001,7.8916854858398438,,7.080047607421875,
228.90000000000001,8.055206298828125,,7.1490325927734375,
229,8.6121978759765625,,7.5884857177734375,
229.09999999999999,9.5728759765625,,8.237457275390625,
229.19999999999999,10.847824096679688,,8.9298629760742188,
229.30000000000001,12.138092041015625,,9.70147705078125,
229.40000000000001,13.236747741699219,,10.63916015625,
229.5,14.22808837890625,,11.702041625976562,
229.59999999999999,15.181098937988281,,12.731704711914062,
229.69999999999999,16.052352905273438,,13.498207092285156,
229.80000000000001,16.614456176757812,,14.198272705078125,
229.90000000000001,17.122901916503906,,15.064422607421875,
230,17.751430511474609,6.4516129493713379,15.961223602294922,0
230.09999999999999,18.408065795898438,,16.832477569580078,
230.19999999999999,19.12091064453125,,17.724174499511719,
230.30000000000001,19.808204650878906,,18.633754730224609,
230.40000000000001,20.360084533691406,,19.456462860107422,
230.5,20.758663177490234,,19.993015289306641,
230.59999999999999,20.896636962890625,,20.146312713623047,
230.69999999999999,20.536380767822266,,19.778392791748047,
230.80000000000001,19.450504302978516,,18.789608001708984,
230.90000000000001,18.390178680419922,,17.588760375976562,
231,17.559806823730469,,16.645965576171875,
231.09999999999999,16.882728576660156,,15.869243621826172,
231.19999999999999,16.203102111816406,,15.066970825195312,
231.30000000000001,15.610343933105469,,14.26214599609375,
231.40000000000001,14.953704833984375,,13.298912048339844,
231.5,14.297073364257812,,12.333122253417969,
231.59999999999999,13.8780517578125,,11.643272399902344,
231.69999999999999,13.632766723632812,,11.139938354492188,
231.80000000000001,13.479469299316406,,10.705589294433594,
231.90000000000001,13.257186889648438,,10.304450988769531,
232,12.935256958007812,,9.92120361328125,
232.09999999999999,12.597991943359375,,9.6120529174804688,
232.19999999999999,12.268402099609375,,9.433197021484375,
232.30000000000001,11.862152099609375,,9.0703887939453125,
232.40000000000001,11.346046447753906,,8.4929580688476562,
232.5,10.860595703125,,8.0841598510742188,
232.59999999999999,10.336822509765625,,7.9104156494140625,
232.69999999999999,9.7185134887695312,,7.8439865112304688,
232.80000000000001,9.1538543701171875,,7.8005523681640625,
232.90000000000001,8.74505615234375,,7.759674072265625,
233,8.423126220703125,,7.7469024658203125,
233.09999999999999,8.1778488159179688,,7.759674072265625,
233.19999999999999,8.0245437622070312,,7.777557373046875,
233.30000000000001,7.7945938110351562,,7.6063766479492188,
233.40000000000001,7.521209716796875,,7.3534317016601562,
233.5,7.3525772094726562,,7.317657470703125,
233.59999999999999,7.245269775390625,,7.3483200073242188,
233.69999999999999,7.19927978515625,,7.3304367065429688,
233.80000000000001,7.1788406372070312,,7.3610916137695312,
233.90000000000001,7.1430740356445312,,7.4351882934570312,
234,7.1226272583007812,,7.4914016723632812,
234.09999999999999,7.1226272583007812,,7.5348358154296875,
234.19999999999999,7.1226272583007812,,7.4760665893554688,
234.30000000000001,7.0102081298828125,,7.2129058837890625,
234.40000000000001,6.8824615478515625,,6.9548492431640625,
234.5,6.841583251953125,,6.8986358642578125,
234.59999999999999,6.8211441040039062,,6.9267425537109375,
234.69999999999999,6.8441390991210938,,6.9701766967773438,
234.80000000000001,6.9310073852539062,,7.0315017700195312,
234.90000000000001,7.2401580810546875,,7.1694717407226562,
235,7.9581146240234375,,7.4454116821289062,
235.09999999999999,8.9698944091796875,,7.8184356689453125,
235.19999999999999,9.9101333618164062,,8.237457275390625,
235.30000000000001,10.5667724609375,,8.5644989013671875,
235.40000000000001,11.231071472167969,,8.9784088134765625,
235.5,12.140647888183594,,9.6784820556640625,
235.59999999999999,13.147323608398438,,10.503746032714844,
235.69999999999999,14.07989501953125,,11.369888305664062,
235.80000000000001,14.820846557617188,,12.253921508789062,
235.90000000000001,15.434043884277344,,13.099624633789062,
236,16.003807067871094,,13.930000305175781,
236.09999999999999,16.5633544921875,,14.765487670898438,
236.19999999999999,17.115234375,,15.485992431640625,
236.30000000000001,17.5572509765625,,16.058315277099609,
236.40000000000001,18.052921295166016,,16.737945556640625,
236.5,18.707000732421875,,17.650077819824219,
236.59999999999999,19.422401428222656,,18.689964294433594,
236.69999999999999,20.191455841064453,,19.809055328369141,
236.80000000000001,20.8685302734375,,20.912815093994141,
236.90000000000001,21.412746429443359,,21.876049041748047,
237,21.824100494384766,,22.624664306640625,
237.09999999999999,22.169025421142578,,23.145885467529297,
237.19999999999999,22.478179931640625,,23.411602020263672,
237.30000000000001,22.815441131591797,,23.690097808837891,
237.40000000000001,23.234458923339844,,24.247089385986328,
237.5,23.617710113525391,,24.972709655761719,
237.59999999999999,24.182365417480469,,25.790309906005859,
237.69999999999999,24.836444854736328,,26.633457183837891,
237.80000000000001,25.337223052978516,,27.384628295898438,
237.90000000000001,25.426651000976562,,27.824089050292969,
238,24.961639404296875,,27.497047424316406,
238.09999999999999,23.79400634765625,,26.188888549804688,
238.19999999999999,21.821544647216797,,23.996700286865234,
238.30000000000001,19.529708862304688,,21.439144134521484,
238.40000000000001,17.64923095703125,,19.091098785400391,
238.5,16.169883728027344,,17.136524200439453,
238.59999999999999,14.764633178710938,,15.669952392578125,
238.69999999999999,13.420707702636719,,14.576416015625,
238.80000000000001,12.255622863769531,,13.78436279296875,
238.90000000000001,11.205520629882812,,13.201828002929688,
239,10.226959228515625,,12.649940490722656,
239.09999999999999,9.3914718627929688,,12.072517395019531,
239.19999999999999,8.6607437133789062,,11.293235778808594,
239.30000000000001,7.9223480224609375,,10.634048461914062,
239.40000000000001,7.2222747802734375,,10.383659362792969,
239.5,6.6218490600585938,,10.163932800292969,
239.59999999999999,6.1261825561523438,,9.967193603515625,
239.69999999999999,5.7173843383789062,,9.8241119384765625,
239.80000000000001,5.3647918701171875,,9.5456161499023438,
239.90000000000001,5.0454177856445312,,9.3821029663085938,
240,4.7107086181640625,2.1536252498626709,9.4996261596679688,0
240.09999999999999,4.4015579223632812,,9.8241119384765625,
240.19999999999999,4.1256179809570312,,10.051506042480469,
240.30000000000001,3.77813720703125,,10.028511047363281,
240.40000000000001,3.3897781372070312,,10.043846130371094,
240.5,3.1572723388671875,,10.212471008300781,
240.59999999999999,2.9988632202148438,,10.432205200195312,
240.69999999999999,2.9145431518554688,,10.616165161132812,
240.80000000000001,2.8251190185546875,,10.664710998535156,
240.90000000000001,2.6973724365234375,,10.682594299316406,
241,2.5236282348632812,,10.703033447265625,
241.09999999999999,2.3396682739257812,,10.705589294433594,
241.19999999999999,2.1608200073242188,,10.513961791992188,
241.30000000000001,2.0662841796875,,10.020851135253906,
241.40000000000001,2.0713958740234375,,9.6324920654296875,
241.5,2.0356292724609375,,9.507293701171875,
241.59999999999999,1.874664306640625,,9.70147705078125,
241.69999999999999,1.66259765625,,10.133270263671875,
241.80000000000001,1.5220718383789062,,10.419425964355469,
241.90000000000001,1.4249801635742188,,10.531852722167969,
242,1.2997894287109375,,10.6749267578125,
242.09999999999999,1.1873626708984375,,10.728584289550781,
242.19999999999999,1.1311569213867188,,10.631492614746094,
242.30000000000001,1.1720352172851562,,10.355552673339844,
242.40000000000001,1.2589035034179688,,9.9620819091796875,
242.5,1.3202285766601562,,9.673370361328125,
242.59999999999999,1.3074493408203125,,9.5686111450195312,
242.69999999999999,1.23846435546875,,9.5737228393554688,
242.80000000000001,1.1822586059570312,,9.6043853759765625,
242.90000000000001,1.118377685546875,,9.4868545532226562,
243,1.0161819458007812,,9.2722320556640625,
243.09999999999999,0.9497528076171875,,9.1981430053710938,
243.19999999999999,0.95230865478515625,,9.2236862182617188,
243.30000000000001,0.9318695068359375,,9.3437728881835938,
243.40000000000001,0.888427734375,,9.4459762573242188,
243.5,0.880767822265625,,9.36932373046875,
243.59999999999999,0.8935394287109375,,9.1470413208007812,
243.69999999999999,0.91909027099609375,,8.6743621826171875,
243.80000000000001,0.98296356201171875,,8.1991348266601562,
243.90000000000001,1.0902786254882812,,8.017730712890625,
244,1.2001419067382812,,7.8899765014648438,
244.09999999999999,1.3381118774414062,,7.6523666381835938,
244.19999999999999,1.5041885375976562,,7.5118408203125,
244.30000000000001,1.7366943359375,,7.6165924072265625,
244.40000000000001,2.1454925537109375,,7.7341232299804688,
244.5,3.0269622802734375,,7.6165924072265625,
244.59999999999999,4.7643661499023438,,7.8312149047851562,
244.69999999999999,7.0638656616210938,,9.1342620849609375,
244.80000000000001,9.1385269165039062,,11.28302001953125,
244.90000000000001,10.722625732421875,,13.623397827148438,
245,11.862152099609375,,15.560089111328125,
245.09999999999999,12.577552795410156,,16.950008392333984,
245.19999999999999,12.963363647460938,,17.880027770996094,
245.30000000000001,13.144767761230469,,18.605648040771484,
245.40000000000001,13.441146850585938,,19.706855773925781,
245.5,13.944480895996094,,21.040565490722656,
245.59999999999999,14.537239074707031,,22.369163513183594,
245.69999999999999,15.237312316894531,,23.856174468994141,
245.80000000000001,16.011474609375,,25.414722442626953,
245.90000000000001,16.857177734375,,26.837860107421875,
246,17.641563415527344,,28.051483154296875,
246.09999999999999,18.377403259277344,,29.295768737792969,
246.19999999999999,19.220554351806641,,30.74700927734375,
246.30000000000001,20.125026702880859,,32.157367706298828,
246.40000000000001,21.060153961181641,,33.498744964599609,
246.5,21.982509613037109,,35.059848785400391,
246.59999999999999,22.902309417724609,,36.712932586669922,
246.69999999999999,23.885986328125,,38.187168121337891,
246.80000000000001,24.841556549072266,,39.362468719482422,
246.90000000000001,25.631050109863281,,40.461116790771484,
247,26.315788269042969,,41.728397369384766,
247.09999999999999,27.130836486816406,,42.939468383789062,
247.19999999999999,27.979095458984375,,44.071334838867188,
247.30000000000001,28.630619049072266,,45.236412048339844,
247.40000000000001,29.215713500976562,,46.404048919677734,
247.5,29.675613403320312,,47.461818695068359,
247.59999999999999,30.035869598388672,,48.238540649414062,
247.69999999999999,30.388458251953125,,48.557914733886719,
247.80000000000001,30.748714447021484,,48.718879699707031,
247.90000000000001,31.272491455078125,,49.219657897949219,
248,31.809040069580078,,50.02703857421875,
248.09999999999999,32.335369110107422,,51.266212463378906,
248.19999999999999,33.073764801025391,,52.97039794921875,
248.30000000000001,33.960350036621094,,54.789558410644531,
248.40000000000001,34.880149841308594,,56.429866790771484,
248.5,35.897041320800781,,57.717586517333984,
248.59999999999999,37.067230224609375,,58.913330078125,
248.69999999999999,37.900157928466797,,60.729934692382812,
248.80000000000001,38.125,,62.888908386230469,
248.90000000000001,38.206760406494141,,64.74383544921875,
249,38.625778198242188,,66.322830200195312,
249.09999999999999,39.389724731445312,,67.975914001464844,
249.19999999999999,39.893058776855469,,69.994361877441406,
249.30000000000001,39.905834197998047,,71.9744873046875,
249.40000000000001,39.859844207763672,,73.627571105957031,
249.5,39.703990936279297,,75.127357482910156,
249.59999999999999,39.578792572021484,,76.394638061523438,
249.69999999999999,39.992702484130859,,77.638923645019531,
249.80000000000001,40.897174835205078,,78.957298278808594,
249.90000000000001,41.750545501708984,,79.555168151855469,
250,42.419952392578125,4.9504947662353516,79.555168151855469,0
250.09999999999999,43.051040649414062,,79.555168151855469,
250.19999999999999,43.424068450927734,,79.557723999023438,
250.30000000000001,43.638690948486328,,79.557723999023438,
250.40000000000001,43.832870483398438,,79.555168151855469,
250.5,44.029605865478516,,79.555168151855469,
250.59999999999999,44.157352447509766,,79.555168151855469,
250.69999999999999,44.129249572753906,,79.555168151855469,
250.80000000000001,43.965728759765625,,79.555168151855469,
250.90000000000001,43.883968353271484,,79.552619934082031,
251,43.99383544921875,,79.555168151855469,
251.09999999999999,44.379638671875,,79.557723999023438,
251.19999999999999,44.928962707519531,,79.557723999023438,
251.30000000000001,45.294330596923828,,79.557723999023438,
251.40000000000001,45.450183868408203,,79.555168151855469,
251.5,45.511505126953125,,79.555168151855469,
251.59999999999999,45.406749725341797,,79.557723999023438,
251.69999999999999,45.056713104248047,,79.555168151855469,
251.80000000000001,44.826763153076172,,79.555168151855469,
251.90000000000001,44.83953857421875,,79.557723999023438,
252,44.619808197021484,,79.555168151855469,
252.09999999999999,44.126693725585938,,79.555168151855469,
252.19999999999999,43.996387481689453,,79.555168151855469,
252.30000000000001,44.239112854003906,,79.555168151855469,
252.40000000000001,44.193122863769531,,79.555168151855469,
252.5,43.937625885009766,,79.555168151855469,
252.59999999999999,43.677013397216797,,79.555168151855469,
252.69999999999999,43.252883911132812,,79.557723999023438,
252.80000000000001,42.634574890136719,,79.557723999023438,
252.90000000000001,41.816974639892578,,79.555168151855469,
253,41.305973052978516,,79.557723999023438,
253.09999999999999,41.413284301757812,,79.557723999023438,
253.19999999999999,41.686668395996094,,79.557723999023438,
253.30000000000001,41.80419921875,,79.557723999023438,
253.40000000000001,41.847633361816406,,79.555168151855469,
253.5,41.765872955322266,,79.552619934082031,
253.59999999999999,41.106685638427734,,79.555168151855469,
253.69999999999999,40.077018737792969,,79.555168151855469,
253.80000000000001,39.553245544433594,,79.555168151855469,
253.90000000000001,39.762752532958984,,79.555168151855469,
254,40.079574584960938,,79.555168151855469,
254.09999999999999,39.928829193115234,,79.555168151855469,
254.19999999999999,39.302852630615234,,79.552619934082031,
254.30000000000001,38.533798217773438,,79.555168151855469,
254.40000000000001,37.440258026123047,,79.555168151855469,
254.5,36.397819519042969,,79.555168151855469,
254.59999999999999,35.219963073730469,,79.555168151855469,
254.69999999999999,32.153964996337891,,79.552619934082031,
254.80000000000001,27.698043823242188,,78.114151000976562,
254.90000000000001,24.026508331298828,,72.17633056640625,
255,21.6043701171875,,63.624748229980469,
255.09999999999999,19.700893402099609,,56.243354797363281,
255.19999999999999,18.116794586181641,,49.87884521484375,
255.30000000000001,16.961936950683594,,44.14031982421875,
255.40000000000001,16.210762023925781,,39.278152465820312,
255.5,15.847953796386719,,35.077732086181641,
255.59999999999999,15.620559692382812,,31.439414978027344,
255.69999999999999,15.280746459960938,,28.051483154296875,
255.80000000000001,14.598556518554688,,23.978813171386719,
255.90000000000001,13.520347595214844,,19.717075347900391,
256,12.411483764648438,,16.147739410400391,
256.10000000000002,11.369041442871094,,13.592742919921875,
256.19999999999999,10.244842529296875,,12.12872314453125,
256.30000000000001,9.0542068481445312,,11.242141723632812,
256.39999999999998,7.9862213134765625,,10.460311889648438,
256.5,7.1405181884765625,,9.6989212036132812,
256.60000000000002,6.4941024780273438,,8.96563720703125,
256.69999999999999,5.9652175903320312,,8.2962265014648438,
256.80000000000001,5.4925384521484375,,7.6651382446289062,
256.89999999999998,5.0351943969726562,,6.9982833862304688,
257,4.6723861694335938,,6.482177734375,
257.10000000000002,4.4730987548828125,,6.2266769409179688,
257.19999999999999,4.3632278442382812,,6.121917724609375,
257.30000000000001,4.2584762573242188,,6.1474685668945312,
257.39999999999998,4.1588287353515625,,6.1704635620117188,
257.5,4.0668487548828125,,6.1372528076171875,
257.60000000000002,4.0004196166992188,,6.1142578125,
257.69999999999999,4.0055313110351562,,6.0273818969726562,
257.80000000000001,3.97998046875,,5.8332061767578125,
257.89999999999998,3.9007720947265625,,5.6594619750976562,
258,3.8624496459960938,,5.6211395263671875,
258.10000000000002,3.85223388671875,,5.6415786743164062,
258.19999999999999,3.8650054931640625,,5.7156753540039062,
258.30000000000001,3.8828887939453125,,5.845977783203125,
258.39999999999998,3.9007720947265625,,5.9788360595703125,
258.5,3.9595413208007812,,6.0708160400390625,
258.60000000000002,4.0055313110351562,,6.0018310546875,
258.69999999999999,4.0310821533203125,,5.9073028564453125,
258.80000000000001,4.0975112915039062,,5.937957763671875,
258.89999999999998,4.174163818359375,,6.0018310546875,
259,4.2891387939453125,,6.1346969604492188,
259.10000000000002,4.542083740234375,,6.4029693603515625,
259.19999999999999,5.0070877075195312,,6.8245468139648438,
259.30000000000001,5.5743026733398438,,7.1822433471679688,
259.39999999999998,5.9984283447265625,,7.3483200073242188,
259.5,6.307586669921875,,7.5961532592773438,
259.60000000000002,6.693389892578125,,8.0509414672851562,
259.69999999999999,7.1021881103515625,,8.643707275390625,
259.80000000000001,7.4828872680664062,,9.3463287353515625,
259.89999999999998,7.8431396484375,,10.202255249023438,
260,8.1906204223632812,4.4052863121032715,11.139938354492188,0
260.10000000000002,8.5636520385742188,,11.954986572265625,
260.19999999999999,8.81915283203125,,12.547744750976562,
260.30000000000001,9.0133285522460938,,13.068962097167969,
260.39999999999998,9.2560577392578125,,13.707717895507812,
260.5,9.4757843017578125,,14.323471069335938,
260.60000000000002,9.6801834106445312,,14.821693420410156,
260.69999999999999,9.8973617553710938,,15.299476623535156,
260.80000000000001,10.132423400878906,,15.787483215332031,
260.89999999999998,10.362373352050781,,16.252494812011719,
261,10.551437377929688,,16.523323059082031,
261.10000000000002,10.71240234375,,16.681732177734375,
261.19999999999999,10.9346923828125,,17.001110076904297,
261.30000000000001,11.300056457519531,,17.432903289794922,
261.39999999999998,11.851936340332031,,17.867252349853516,
261.5,12.465133666992188,,18.345039367675781,
261.60000000000002,12.973579406738281,,18.871368408203125,
261.69999999999999,13.341499328613281,,19.354263305664062,
261.80000000000001,13.49224853515625,,19.566329956054688,
261.89999999999998,13.346611022949219,,19.198410034179688,
262,12.868827819824219,,17.941349029541016,
262.10000000000002,12.05633544921875,,15.968887329101562,
262.19999999999999,11.213188171386719,,14.073081970214844,
262.30000000000001,10.54888916015625,,12.565628051757812,
262.39999999999998,9.9842300415039062,,11.306015014648438,
262.5,9.3914718627929688,,10.273796081542969,
262.60000000000002,8.7399444580078125,,9.4817428588867188,
262.69999999999999,8.1037521362304688,,8.8327713012695312,
262.80000000000001,7.5569839477539062,,8.3089981079101562,
262.89999999999998,7.1149673461914062,,7.9921798706054688,
263,6.7266082763671875,,7.7852249145507812,
263.10000000000002,6.3867874145507812,,7.519500732421875,
263.19999999999999,6.031646728515625,,7.2154617309570312,
263.30000000000001,5.6892776489257812,,7.0289459228515625,
263.39999999999998,5.4158935546875,,6.9701766967773438,
263.5,5.1833877563476562,,6.9088592529296875,
263.60000000000002,5.0070877075195312,,6.8475418090820312,
263.69999999999999,4.8589019775390625,,6.8654251098632812,
263.80000000000001,4.6800537109375,,6.90374755859375,
263.89999999999998,4.4935379028320312,,6.9114151000976562,
264,4.3504562377929688,,6.9011917114257812,
264.10000000000002,4.29168701171875,,6.896087646484375,
264.19999999999999,4.2635879516601562,,6.783660888671875,
264.30000000000001,4.1613845825195312,,6.4745101928710938,
264.39999999999998,4.0183029174804688,,6.196014404296875,
264.5,3.9135513305664062,,6.1346969604492188,
264.60000000000002,3.8445663452148438,,6.1014785766601562,
264.69999999999999,3.8011322021484375,,6.0452728271484375,
264.80000000000001,3.7909088134765625,,6.0324935913085938,
264.89999999999998,3.8190155029296875,,6.0554885864257812,
265,3.9391021728515625,,6.1193618774414062,
265.10000000000002,4.135833740234375,,6.2215652465820312,
265.19999999999999,4.3683395385742188,,6.3646469116210938,
265.30000000000001,4.6749420166015625,,6.4745101928710938,
265.39999999999998,5.0096435546875,,6.546051025390625,
265.5,5.3673477172851562,,6.8066558837890625,
265.60000000000002,5.7965850830078125,,7.34576416015625,
265.69999999999999,6.2845916748046875,,7.9640731811523438,
265.80000000000001,6.8058090209960938,,8.63348388671875,
265.89999999999998,7.3244781494140625,,9.4050979614257812,
266,7.8508071899414062,,10.199699401855469,
266.10000000000002,8.3796920776367188,,11.001968383789062,
266.19999999999999,8.8932418823242188,,11.837455749511719,
266.30000000000001,9.40679931640625,,12.586067199707031,
266.39999999999998,9.7772750854492188,,13.094512939453125,
266.5,10.025108337402344,,13.528861999511719,
266.60000000000002,10.311271667480469,,14.111404418945312,
266.69999999999999,10.617874145507812,,14.706718444824219,
266.80000000000001,10.906585693359375,,15.153846740722656,
266.89999999999998,11.126312255859375,,15.455337524414062,
267,11.282173156738281,,15.667400360107422,
267.10000000000002,11.340934753417969,,15.644405364990234,
267.19999999999999,11.215744018554688,,15.074638366699219,
267.30000000000001,10.771171569824219,,13.569747924804688,
267.39999999999998,10.101760864257812,,11.68670654296875,
267.5,9.509002685546875,,10.342781066894531,
267.60000000000002,9.03887939453125,,9.5456161499023438,
267.69999999999999,8.6096420288085938,,9.0576171875,
267.80000000000001,8.2033920288085938,,8.78167724609375,
267.89999999999998,7.7997055053710938,,8.6156005859375,
268,7.411346435546875,,8.4469680786132812,
268.10000000000002,7.1302947998046875,,8.2527923583984375,
268.19999999999999,6.9029006958007812,,8.025390625,
268.30000000000001,6.6525115966796875,,7.6932449340820312,
268.39999999999998,6.4200057983398438,,7.4249725341796875,
268.5,6.289703369140625,,7.4019775390625,
268.60000000000002,6.1875,,7.4351882934570312,
268.69999999999999,6.1312942504882812,,7.4428558349609375,
268.80000000000001,6.1006317138671875,,7.4735107421875,
268.89999999999998,6.049530029296875,,7.5246124267578125,
269,5.9907684326171875,,7.5501632690429688,
269.10000000000002,5.9626617431640625,,7.575714111328125,
269.19999999999999,5.8885650634765625,,7.4300765991210938,
269.30000000000001,5.7940292358398438,,7.1490325927734375,
269.39999999999998,5.7633743286132812,,7.0621566772460938,
269.5,5.7787017822265625,,7.1464767456054688,
269.60000000000002,5.8144683837890625,,7.2665557861328125,
269.69999999999999,5.8553543090820312,,7.3585357666015625,
269.80000000000001,5.8936767578125,,7.4530715942382812,
269.89999999999998,5.9064483642578125,,7.56549072265625,
270,5.91156005859375,0,7.6804656982421875,0
270.10000000000002,5.939666748046875,,7.7060165405273438,
270.19999999999999,5.8962326049804688,,7.4709625244140625,
270.30000000000001,5.8221359252929688,,7.2026824951171875,
270.39999999999998,5.8221359252929688,,7.2001266479492188,
270.5,5.8579025268554688,,7.327880859375,
270.60000000000002,5.9319992065429688,,7.4811782836914062,
270.69999999999999,6.049530029296875,,7.6728057861328125,
270.80000000000001,6.1900558471679688,,7.8823165893554688,
270.89999999999998,6.3459091186523438,,8.1122665405273438,
271,6.5349807739257812,,8.37542724609375,
271.10000000000002,6.7317123413085938,,8.5006256103515625,
271.19999999999999,6.92333984375,,8.4750747680664062,
271.30000000000001,7.0996322631835938,,8.5721664428710938,
271.39999999999998,7.2376022338867188,,8.8021163940429688,
271.5,7.3704681396484375,,8.9988479614257812,
271.60000000000002,7.5467605590820312,,9.1981430053710938,
271.69999999999999,7.7639389038085938,,9.4536361694335938,
271.80000000000001,7.9785537719726562,,9.7321319580078125,
271.89999999999998,8.19317626953125,,10.01318359375,
272,8.3873519897460938,,10.143486022949219,
272.10000000000002,8.5023269653320312,,10.064285278320312,
272.19999999999999,8.607086181640625,,10.079612731933594,
272.30000000000001,8.7476119995117188,,10.350440979003906,
272.39999999999998,8.8855819702148438,,10.680038452148438,
272.5,8.9954452514648438,,10.943206787109375,
272.60000000000002,8.9775619506835938,,11.086280822753906,
272.69999999999999,8.8217086791992188,,11.012191772460938,
272.80000000000001,8.5994186401367188,,10.853782653808594,
272.89999999999998,8.3337020874023438,,10.488410949707031,
273,8.0168838500976562,,9.6682586669921875,
273.10000000000002,7.7256088256835938,,8.8097763061523438,
273.19999999999999,7.4879989624023438,,8.3141098022460938,
273.30000000000001,7.263153076171875,,8.0305023193359375,
273.39999999999998,7.025543212890625,,7.8312149047851562,
273.5,6.7598190307617188,,7.7009124755859375,
273.60000000000002,6.5196533203125,,7.5731582641601562,
273.69999999999999,6.3203582763671875,,7.4632949829101562,
273.80000000000001,6.16961669921875,,7.3764266967773438,
273.89999999999998,5.9805450439453125,,7.1464767456054688,
274,5.755706787109375,,6.85009765625,
274.10000000000002,5.5845184326171875,,6.7274551391601562,
274.19999999999999,5.4567718505859375,,6.6942367553710938,
274.30000000000001,5.3673477172851562,,6.673797607421875,
274.39999999999998,5.3162460327148438,,6.68402099609375,
274.5,5.2651443481445312,,6.701904296875,
274.60000000000002,5.2012710571289062,,6.691680908203125,
274.69999999999999,5.1552810668945312,,6.6789093017578125,
274.80000000000001,5.1067352294921875,,6.6278076171875,
274.89999999999998,4.9943161010742188,,6.4182968139648438,
275,4.871673583984375,,6.2011260986328125,
275.10000000000002,4.8052444458007812,,6.16790771484375,
275.19999999999999,4.7413711547851562,,6.178131103515625,
275.30000000000001,4.7004928588867188,,6.178131103515625,
275.39999999999998,4.6953811645507812,,6.1985702514648438,
275.5,4.6851577758789062,,6.2343368530273438,
275.60000000000002,4.651947021484375,,6.2649993896484375,
275.69999999999999,4.634063720703125,,6.2828826904296875,
275.80000000000001,4.62384033203125,,6.1934585571289062,
275.89999999999998,4.5574111938476562,,5.9711761474609375,
276,4.4935379028320312,,5.8357620239257812,
276.10000000000002,4.4807586669921875,,5.8536453247070312,
276.19999999999999,4.4935379028320312,,5.902191162109375,
276.30000000000001,4.5088653564453125,,5.9865036010742188,
276.39999999999998,4.5241928100585938,,6.1117019653320312,
276.5,4.5829620361328125,,6.2343368530273438,
276.60000000000002,4.705596923828125,,6.4055252075195312,
276.69999999999999,4.910003662109375,,6.6508026123046875,
276.80000000000001,5.24981689453125,,6.8935317993164062,
276.89999999999998,5.699493408203125,,7.0315017700195312,
277,6.1645050048828125,,7.2512283325195312,
277.10000000000002,6.657623291015625,,7.723907470703125,
277.19999999999999,7.3168106079101562,,8.32177734375,
277.30000000000001,8.2059478759765625,,8.9579696655273438,
277.39999999999998,9.1180877685546875,,9.6478195190429688,
277.5,9.9203567504882812,,10.427093505859375,
277.60000000000002,10.648529052734375,,11.254913330078125,
277.69999999999999,11.371597290039062,,12.059738159179688,
277.80000000000001,12.069107055664062,,12.731704711914062,
277.89999999999998,12.567337036132812,,13.227371215820312,
278,13.017013549804688,,13.769035339355469,
278.10000000000002,13.594444274902344,,14.540641784667969,
278.19999999999999,14.2459716796875,,15.309700012207031,
278.30000000000001,14.946037292480469,,15.9739990234375,
278.39999999999998,15.623115539550781,,16.607639312744141,
278.5,16.149444580078125,,17.233615875244141,
278.60000000000002,16.463706970214844,,17.821262359619141,
278.69999999999999,16.519920349121094,,18.053768157958984,
278.80000000000001,16.152000427246094,,17.558097839355469,
278.89999999999998,15.528579711914062,,16.597419738769531,
279,15.007362365722656,,15.782375335693359,
279.10000000000002,14.529571533203125,,15.010765075683594,
279.19999999999999,13.995582580566406,,14.11651611328125,
279.30000000000001,13.420707702636719,,13.255477905273438,
279.39999999999998,12.817726135253906,,12.432769775390625,
279.5,12.181533813476562,,11.671379089355469,
279.60000000000002,11.629653930664062,,11.02496337890625,
279.69999999999999,11.054779052734375,,10.230361938476562,
279.80000000000001,10.375144958496094,,9.4076461791992188,
279.89999999999998,9.7900543212890625,,8.9503021240234375,
280,9.3582534790039062,0,8.6462631225585938,0
280.10000000000002,9.010772705078125,,8.329437255859375,
280.19999999999999,8.7016220092773438,,8.0611648559570312,
280.30000000000001,8.423126220703125,,7.851654052734375,
280.39999999999998,8.147186279296875,,7.7162399291992188,
280.5,7.917236328125,,7.6523666381835938,
280.60000000000002,7.67706298828125,,7.391754150390625,
280.69999999999999,7.3985671997070312,,6.9931716918945312,
280.80000000000001,7.1737289428710938,,6.79388427734375,
280.89999999999998,6.8977890014648438,,6.7248992919921875,
281,6.5426483154296875,,6.6610260009765625,
281.10000000000002,6.2130508422851562,,6.5971527099609375,
281.19999999999999,5.929443359375,,6.4923934936523438,
281.30000000000001,5.699493408203125,,6.362091064453125,
281.39999999999998,5.5334243774414062,,6.2445602416992188,
281.5,5.4261093139648438,,6.1423568725585938,
281.60000000000002,5.3188018798828125,,5.9405136108398438,
281.69999999999999,5.2191543579101562,,5.72589111328125,
281.80000000000001,5.2063827514648438,,5.6722412109375,
281.89999999999998,5.3264694213867188,,5.7667770385742188,
282,5.6254043579101562,,6.0606002807617188,
282.10000000000002,6.09552001953125,,6.4591827392578125,
282.19999999999999,6.7087173461914062,,6.8475418090820312,
282.30000000000001,7.4522247314453125,,7.3227691650390625,
282.39999999999998,8.331146240234375,,7.953857421875,
282.5,9.2662734985351562,,8.6948013305664062,
282.60000000000002,10.099205017089844,,9.3463287353515625,
282.69999999999999,10.653640747070312,,9.875213623046875,
282.80000000000001,11.126312255859375,,10.524185180664062,
282.89999999999998,11.72418212890625,,11.362220764160156,
283,12.3680419921875,,12.246253967285156,
283.10000000000002,13.047676086425781,,13.143058776855469,
283.19999999999999,13.724746704101562,,14.011756896972656,
283.30000000000001,14.429931640625,,14.745040893554688,
283.39999999999998,15.163215637207031,,15.391456604003906,
283.5,15.878616333007812,,16.017433166503906,
283.60000000000002,16.496925354003906,,16.571868896484375,
283.69999999999999,16.857177734375,,16.955120086669922,
283.80000000000001,17.140785217285156,,17.389469146728516,
283.89999999999998,17.608348846435547,,18.097202301025391,
284,18.195999145507812,,18.960792541503906,
284.10000000000002,18.806644439697266,,19.947025299072266,
284.19999999999999,19.212890625,,20.928142547607422,
284.30000000000001,19.302314758300781,,21.564338684082031,
284.39999999999998,19.085140228271484,,21.610328674316406,
284.5,18.520484924316406,,21.007347106933594,
284.60000000000002,17.930278778076172,,19.895923614501953,
284.69999999999999,17.000259399414062,,18.304157257080078,
284.80000000000001,15.528579711914062,,16.456893920898438,
284.89999999999998,14.238304138183594,,14.719497680664062,
285,12.7742919921875,,13.434326171875,
285.10000000000002,11.059883117675781,,12.752143859863281,
285.19999999999999,9.5013351440429688,,12.195152282714844,
285.30000000000001,8.1803970336914062,,11.620277404785156,
285.39999999999998,7.01531982421875,,11.275352478027344,
285.5,6.0342025756835938,,11.150161743164062,
285.60000000000002,5.1629486083984375,,11.073509216308594,
285.69999999999999,4.3811187744140625,,10.761802673339844,
285.80000000000001,3.6478271484375,,10.156265258789062,
285.89999999999998,2.996307373046875,,9.5430679321289062,
286,2.4827499389648438,,9.1163787841796875,
286.10000000000002,2.0662841796875,,8.8557662963867188,
286.19999999999999,1.7775726318359375,,8.5261764526367188,
286.30000000000001,1.616607666015625,,8.0305023193359375,
286.39999999999998,1.49652099609375,,7.4505157470703125,
286.5,1.3815460205078125,,6.8884201049804688,
286.60000000000002,1.2640151977539062,,6.42596435546875,
286.69999999999999,1.0851669311523438,,6.0784835815429688,
286.80000000000001,0.916534423828125,,5.8715286254882812,
286.89999999999998,0.8296661376953125,,5.7948760986328125,
287,0.79644775390625,,5.76422119140625,
287.10000000000002,0.7836761474609375,,5.8332061767578125,
287.19999999999999,0.7657928466796875,,5.9354019165039062,
287.30000000000001,0.77600860595703125,,5.8204269409179688,
287.39999999999998,0.82199859619140625,,5.5649261474609375,
287.5,0.83477783203125,,5.37841796875,
287.60000000000002,0.79644775390625,,5.294097900390625,
287.69999999999999,0.76834869384765625,,5.1305770874023438,
287.80000000000001,0.7734527587890625,,4.9134063720703125,
287.89999999999998,0.788787841796875,,4.7677688598632812,
288,0.80922698974609375,,4.69622802734375,
288.10000000000002,0.8015594482421875,,4.6374664306640625,
288.19999999999999,0.80411529541015625,,4.5020523071289062,
288.30000000000001,0.8475494384765625,,4.246551513671875,
288.39999999999998,0.86032867431640625,,3.8888473510742188,
288.5,0.842437744140625,,3.584808349609375,
288.60000000000002,0.85521697998046875,,3.3880691528320312,
288.69999999999999,0.862884521484375,,3.2858734130859375,
288.80000000000001,0.8756561279296875,,3.2449874877929688,
288.89999999999998,0.9037628173828125,,3.2398757934570312,
289,0.92420196533203125,,3.2909774780273438,
289.10000000000002,0.99318695068359375,,3.2679824829101562,
289.19999999999999,1.100494384765625,,3.1478958129882812,
289.30000000000001,1.230804443359375,,3.0175933837890625,
289.39999999999998,1.3892135620117188,,2.9230575561523438,
289.5,1.578277587890625,,2.9281692504882812,
289.60000000000002,1.88232421875,,3.132568359375,
289.69999999999999,2.2144775390625,,3.6640090942382812,
289.80000000000001,2.4393157958984375,,4.6119155883789062,
289.89999999999998,2.812347412109375,,5.8357620239257812,
290,3.8828887939453125,8,6.9855117797851562,7.971656322479248
290.10000000000002,5.2677001953125,,8.6258163452148438,
290.19999999999999,6.4711074829101562,,11.331565856933594,
290.30000000000001,7.6745071411132812,,15.020980834960938,
290.39999999999998,8.918792724609375,,19.292945861816406,
290.5,10.203964233398438,,23.317070007324219,
290.60000000000002,11.586212158203125,,26.960498809814453,
290.69999999999999,13.259742736816406,,30.910530090332031,
290.80000000000001,15.168327331542969,,35.757362365722656,
290.89999999999998,17.107566833496094,,40.908241271972656,
291,19.128574371337891,,45.839393615722656,
291.10000000000002,21.1265869140625,,50.453720092773438,
291.19999999999999,23.328994750976562,,54.799777984619141,
291.30000000000001,25.83544921875,,59.260807037353516,
291.39999999999998,28.142616271972656,,63.310482025146484,
291.5,30.0665283203125,,66.616653442382812,
291.60000000000002,31.844810485839844,,69.281517028808594,
291.69999999999999,33.43402099609375,,71.161994934082031,
291.80000000000001,34.399810791015625,,72.518699645996094,
291.89999999999998,34.908252716064453,,73.877960205078125,
292,34.910808563232422,,74.828422546386719,
292.10000000000002,34.284835815429688,,74.491165161132812,
292.19999999999999,33.487674713134766,,73.326080322265625,
292.30000000000001,33.124862670898438,,72.500816345214844,
292.39999999999998,32.951126098632812,,72.436943054199219,
292.5,32.618972778320312,,72.401168823242188,
292.60000000000002,32.363475799560547,,71.749649047851562,
292.69999999999999,32.059429168701172,,70.806854248046875,
292.80000000000001,31.755386352539062,,69.925376892089844,
292.89999999999998,31.481998443603516,,68.640213012695312,
293,30.677173614501953,,66.100540161132812,
293.10000000000002,28.656169891357422,,62.222053527832031,
293.19999999999999,25.720474243164062,,57.709922790527344,
293.30000000000001,22.764339447021484,,52.947402954101562,
293.39999999999998,20.357528686523438,,48.03924560546875,
293.5,18.354408264160156,,43.384037017822266,
293.60000000000002,16.642562866210938,,39.193840026855469,
293.69999999999999,15.413604736328125,,35.366447448730469,
293.80000000000001,14.652214050292969,,31.85076904296875,
293.89999999999998,14.243415832519531,,28.787322998046875,
294,14.033905029296875,,26.153118133544922,
294.10000000000002,13.824394226074219,,23.881725311279297,
294.19999999999999,13.116661071777344,,21.916927337646484,
294.30000000000001,12.005233764648438,,19.660865783691406,
294.39999999999998,11.06243896484375,,17.110973358154297,
294.5,10.341934204101562,,14.911117553710938,
294.60000000000002,9.55499267578125,,13.212043762207031,
294.69999999999999,8.7143936157226562,,11.786354064941406,
294.80000000000001,8.0168838500976562,,10.488410949707031,
294.89999999999998,7.4241180419921875,,9.5507278442382812,
295,6.8799057006835938,,9.0141830444335938,
295.10000000000002,6.3918991088867188,,8.6385955810546875,
295.19999999999999,6.013763427734375,,8.2706756591796875,
295.30000000000001,5.8170242309570312,,7.8031082153320312,
295.39999999999998,5.6611709594726562,,7.1004867553710938,
295.5,5.4823226928710938,,6.397857666015625,
295.60000000000002,5.2881393432617188,,5.9354019165039062,
295.69999999999999,5.0147552490234375,,5.5828170776367188,
295.80000000000001,4.7107086181640625,,5.2378921508789062,
295.89999999999998,4.4654312133789062,,4.9619522094726562,
296,4.25592041015625,,4.8035430908203125,
296.10000000000002,4.0336380004882812,,4.6016921997070312,
296.19999999999999,3.7985763549804688,,4.300201416015625,
296.30000000000001,3.5686264038085938,,3.9220657348632812,
296.39999999999998,3.364227294921875,,3.5234832763671875,
296.5,3.18792724609375,,3.270538330078125,
296.60000000000002,3.0371856689453125,,3.1300125122070312,
296.69999999999999,2.8889923095703125,,2.9920425415039062,
296.80000000000001,2.720367431640625,,2.9102859497070312,
296.89999999999998,2.5491790771484375,,2.8949508666992188,
297,2.4112091064453125,,2.8975067138671875,
297.10000000000002,2.3192291259765625,,2.8004226684570312,
297.19999999999999,2.2093658447265625,,2.6650009155273438,
297.30000000000001,2.1148300170898438,,2.5960159301757812,
297.39999999999998,2.0279617309570312,,2.5117034912109375,
297.5,1.9691925048828125,,2.460601806640625,
297.60000000000002,1.9180984497070312,,2.45294189453125,
297.69999999999999,1.8158950805664062,,2.4197235107421875,
297.80000000000001,1.7188034057617188,,2.2791976928710938,
297.89999999999998,1.7188034057617188,,2.1718902587890625,
298,1.75457763671875,,2.1361160278320312,
298.10000000000002,1.6958084106445312,,2.1003494262695312,
298.19999999999999,1.6140518188476562,,2.131011962890625,
298.30000000000001,1.6012725830078125,,2.166778564453125,
298.39999999999998,1.6370468139648438,,2.1999969482421875,
298.5,1.6779251098632812,,2.1999969482421875,
298.60000000000002,1.726470947265625,,2.1744461059570312,
298.69999999999999,1.7877883911132812,,2.1693344116210938,
298.80000000000001,1.8721084594726562,,2.177001953125,
298.89999999999998,1.9921875,,2.2280960083007812,
299,2.1250534057617188,,2.3302993774414062,
299.10000000000002,2.278350830078125,,2.48870849609375,
299.19999999999999,2.4367599487304688,,2.7212142944335938,
299.30000000000001,2.6488265991210938,,3.0380325317382812,
299.39999999999998,2.8915481567382812,,3.436614990234375,
299.5,3.1725997924804688,,4.024261474609375,
299.60000000000002,3.7065963745117188,,4.816314697265625,
299.69999999999999,4.4807586669921875,,5.5725936889648438,
299.80000000000001,5.5359725952148438,,6.1909027099609375,
299.89999999999998,6.749603271484375,,6.673797607421875,
300,8.027099609375,7.8124995231628418,7.1745758056640625,0
300.10000000000002,9.2943801879882812,,8.1301498413085938,
300.19999999999999,10.331710815429688,,9.4996261596679688,
300.30000000000001,11.24639892578125,,11.027519226074219,
300.39999999999998,12.140647888183594,,12.634613037109375,
300.5,13.057891845703125,,14.211051940917969,
300.60000000000002,13.834617614746094,,15.585639953613281,
300.69999999999999,14.511688232421875,,16.845252990722656,
300.80000000000001,15.278190612792969,,18.283718109130859,
300.89999999999998,16.139228820800781,,19.883148193359375,
301,17.151008605957031,,21.607772827148438,
301.10000000000002,18.006931304931641,,23.350284576416016,
301.19999999999999,18.998271942138672,,24.898612976074219,
301.30000000000001,19.887409210205078,,26.109683990478516,
301.39999999999998,20.600254058837891,,26.909397125244141,
301.5,21.154689788818359,,27.54559326171875,
301.60000000000002,21.596706390380859,,28.077033996582031,
301.69999999999999,21.609481811523438,,27.964614868164062,
301.80000000000001,20.952846527099609,,26.952835083007812,
301.89999999999998,19.836311340332031,,25.294639587402344,
302,18.561367034912109,,23.342617034912109,
302.10000000000002,17.286418914794922,,21.372714996337891,
302.19999999999999,16.111122131347656,,19.390033721923828,
302.30000000000001,15.048240661621094,,17.517219543457031,
302.39999999999998,14.240859985351562,,16.004657745361328,
302.5,13.71197509765625,,14.739936828613281,
302.60000000000002,13.246963500976562,,13.689826965332031,
302.69999999999999,12.771736145019531,,12.953987121582031,
302.80000000000001,12.332275390625,,12.394447326660156,
302.89999999999998,11.974578857421875,,11.87066650390625,
303,11.655197143554688,,11.367332458496094,
303.10000000000002,11.294944763183594,,10.897216796875,
303.19999999999999,10.901473999023438,,10.301902770996094,
303.30000000000001,10.423690795898438,,9.6248245239257812,
303.39999999999998,9.9459075927734375,,9.1649246215820312,
303.5,9.5677642822265625,,8.919647216796875,
303.60000000000002,9.2356185913085938,,8.7126922607421875,
303.69999999999999,8.9775619506835938,,8.4750747680664062,
303.80000000000001,8.7399444580078125,,8.2502365112304688,
303.89999999999998,8.4844436645507812,,8.0867156982421875,
304,8.2468338012695312,,7.9845123291015625,
304.10000000000002,7.9913330078125,,7.9129714965820312,
304.19999999999999,7.7204971313476562,,7.6728057861328125,
304.30000000000001,7.4215621948242188,,7.3406524658203125,
304.39999999999998,7.1481781005859375,,7.1924667358398438,
304.5,6.9744415283203125,,7.1822433471679688,
304.60000000000002,6.8390274047851562,,7.1745758056640625,
304.69999999999999,6.7291641235351562,,7.1669158935546875,
304.80000000000001,6.6218490600585938,,7.2001266479492188,
304.89999999999998,6.5196533203125,,7.2767791748046875,
305,6.4608840942382812,,7.355987548828125,
305.10000000000002,6.4072341918945312,,7.243560791015625,
305.19999999999999,6.2948074340820312,,7.0110626220703125,
305.30000000000001,6.2181625366210938,,6.9165267944335938,
305.39999999999998,6.2028274536132812,,6.9369659423828125,
305.5,6.2692642211914062,,7.005950927734375,
305.60000000000002,6.5911941528320312,,7.1796875,
305.69999999999999,7.3909072875976562,,7.52972412109375,
305.80000000000001,8.5866470336914062,,8.0764923095703125,
305.89999999999998,9.9101333618164062,,8.6539230346679688,
306,11.0087890625,,9.2696762084960938,
306.10000000000002,11.931137084960938,,10.107719421386719,
306.19999999999999,12.853492736816406,,11.086280822753906,
306.30000000000001,13.660873413085938,,12.069961547851562,
306.39999999999998,14.396713256835938,,13.045967102050781,
306.5,15.058464050292969,,14.021980285644531,
306.60000000000002,15.666549682617188,,14.890678405761719,
306.69999999999999,16.131561279296875,,15.557533264160156,
306.80000000000001,16.537803649902344,,16.260158538818359,
306.89999999999998,17.069244384765625,,17.284713745117188,
307,17.64923095703125,,18.513668060302734,
307.10000000000002,18.344188690185547,,19.699188232421875,
307.19999999999999,18.898624420166016,,20.777397155761719,
307.30000000000001,19.529708862304688,,21.886268615722656,
307.39999999999998,20.122470855712891,,22.887828826904297,
307.5,20.531269073486328,,23.753974914550781,
307.60000000000002,20.876194000244141,,24.622673034667969,
307.69999999999999,21.167465209960938,,25.325298309326172,
307.80000000000001,21.458736419677734,,25.859294891357422,
307.89999999999998,21.772998809814453,,26.398399353027344,
308,22.059158325195312,,27.25177001953125,
308.10000000000002,22.212459564208984,,28.64935302734375,
308.19999999999999,22.128143310546875,,30.39697265625,
308.30000000000001,21.816436767578125,,31.797115325927734,
308.39999999999998,21.019275665283203,,31.5748291015625,
308.5,19.637020111083984,,29.518054962158203,
308.60000000000002,18.106575012207031,,26.689670562744141,
308.69999999999999,16.91339111328125,,23.812740325927734,
308.80000000000001,16.466262817382812,,20.726299285888672,
308.89999999999998,16.039581298828125,,17.443122863769531,
309,14.611335754394531,,14.571304321289062,
309.10000000000002,12.311836242675781,,12.8824462890625,
309.19999999999999,10.03277587890625,,12.328010559082031,
309.30000000000001,8.2800445556640625,,12.052070617675781,
309.39999999999998,6.6141891479492188,,11.709701538085938,
309.5,4.9253311157226562,,10.994300842285156,
309.60000000000002,3.4689788818359375,,9.6605911254882812,
309.69999999999999,2.3013458251953125,,7.9027557373046875,
309.80000000000001,1.5655059814453125,,6.1832427978515625,
309.89999999999998,1.3508834838867188,,4.8214263916015625,
310,1.4990768432617188,7.5566749572753906,3.9501724243164062,0
310.10000000000002,1.7315826416015625,,3.7713165283203125,
310.19999999999999,1.9078750610351562,,4.3589706420898438,
310.30000000000001,1.9921875,,5.1791229248046875,
310.39999999999998,2.0509567260742188,,5.7565536499023438,
310.5,2.1429367065429688,,6.0887069702148438,
310.60000000000002,2.1889266967773438,,6.2368927001953125,
310.69999999999999,2.1991424560546875,,6.2471160888671875,
310.80000000000001,2.186370849609375,,6.2087860107421875,
310.89999999999998,2.1633758544921875,,6.1117019653320312,
311,2.1735992431640625,,5.9532928466796875,
311.10000000000002,2.2016983032226562,,5.8229827880859375,
311.19999999999999,2.2246932983398438,,5.6977920532226562,
311.30000000000001,2.23236083984375,,5.5904769897460938,
311.39999999999998,2.2246932983398438,,5.5853729248046875,
311.5,2.150604248046875,,5.6824569702148438,
311.60000000000002,2.0790634155273438,,5.87408447265625,
311.69999999999999,2.0177383422851562,,6.0657119750976562,
311.80000000000001,1.9615325927734375,,6.1423568725585938,
311.89999999999998,1.9794158935546875,,6.1091461181640625,
312,1.9998550415039062,,6.0887069702148438,
312.10000000000002,1.984527587890625,,6.160247802734375,
312.19999999999999,2.04840087890625,,5.9354019165039062,
312.30000000000001,2.4827499389648438,,5.120361328125,
312.39999999999998,3.1368331909179688,,4.66046142578125,
312.5,3.509857177734375,,5.5470428466796875,
312.60000000000002,4.08984375,,8.1761398315429688,
312.69999999999999,5.4925384521484375,,13.240150451660156,
312.80000000000001,7.4062347412109375,,19.898479461669922,
312.89999999999998,9.6163101196289062,,27.425510406494141,
313,12.483016967773438,,36.201934814453125,
313.10000000000002,15.781524658203125,,45.673316955566406,
313.19999999999999,19.197559356689453,,54.536613464355469,
313.30000000000001,23.224239349365234,,62.216941833496094,
313.39999999999998,27.961208343505859,,69.235527038574219,
313.5,32.785049438476562,,75.722671508789062,
313.60000000000002,37.054454803466797,,79.184700012207031,
313.69999999999999,40.299304962158203,,79.552619934082031,
313.80000000000001,42.302425384521484,,79.552619934082031,
313.89999999999998,43.342308044433594,,79.552619934082031,
314,43.779212951660156,,79.552619934082031,
314.10000000000002,44.218673706054688,,79.552619934082031,
314.19999999999999,44.711788177490234,,79.555168151855469,
314.30000000000001,44.854869842529297,,79.560279846191406,
314.39999999999998,44.407745361328125,,79.560279846191406,
314.5,43.25799560546875,,79.555168151855469,
314.60000000000002,41.995822906494141,,79.560279846191406,
314.69999999999999,41.806755065917969,,79.557723999023438,
314.80000000000001,42.407180786132812,,79.555168151855469,
314.89999999999998,42.701004028320312,,79.557723999023438,
315,42.550258636474609,,79.557723999023438,
315.10000000000002,42.310089111328125,,79.557723999023438,
315.19999999999999,42.087802886962891,,79.557723999023438,
315.30000000000001,41.885959625244141,,79.557723999023438,
315.39999999999998,41.673892974853516,,79.555168151855469,
315.5,41.433723449707031,,79.557723999023438,
315.60000000000002,41.308528900146484,,79.557723999023438,
315.69999999999999,41.162895202636719,,79.557723999023438,
315.80000000000001,40.733654022216797,,79.555168151855469,
315.89999999999998,39.995258331298828,,79.555168151855469,
316,39.256862640380859,,79.557723999023438,
316.10000000000002,38.914493560791016,,79.555168151855469,
316.19999999999999,38.733089447021484,,79.555168151855469,
316.30000000000001,38.464813232421875,,79.555168151855469,
316.39999999999998,38.048347473144531,,79.557723999023438,
316.5,37.289512634277344,,79.560279846191406,
316.60000000000002,36.280288696289062,,79.557723999023438,
316.69999999999999,35.191860198974609,,79.555168151855469,
316.80000000000001,34.185188293457031,,79.555168151855469,
316.89999999999998,31.878025054931641,,79.555168151855469,
317,26.783355712890625,,78.073272705078125,
317.10000000000002,22.306995391845703,,69.560012817382812,
317.19999999999999,20.646244049072266,,55.676139831542969,
317.30000000000001,20.314094543457031,,42.689079284667969,
317.39999999999998,19.889965057373047,,32.471633911132812,
317.5,18.451499938964844,,25.693218231201172,
317.60000000000002,16.479042053222656,,20.616432189941406,
317.69999999999999,13.975143432617188,,16.755828857421875,
317.80000000000001,11.011337280273438,,14.596855163574219,
317.89999999999998,8.1701812744140625,,12.68060302734375,
318,5.865570068359375,,9.8496627807617188,
318.10000000000002,4.174163818359375,,6.86798095703125,
318.19999999999999,2.96820068359375,,4.7933197021484375,
318.30000000000001,2.15826416015625,,4.1060256958007812,
318.39999999999998,1.7290267944335938,,4.412628173828125,
318.5,1.6574859619140625,,4.908294677734375,
318.60000000000002,1.708587646484375,,5.2378921508789062,
318.69999999999999,1.7852325439453125,,5.4652862548828125,
318.80000000000001,1.8669967651367188,,5.534271240234375,
318.89999999999998,1.88232421875,,5.4116287231445312,
319,1.9027633666992188,,5.2813262939453125,
319.10000000000002,1.9129867553710938,,5.202117919921875,
319.19999999999999,1.910430908203125,,5.202117919921875,
319.30000000000001,1.9589767456054688,,5.2429962158203125,
319.39999999999998,2.0075225830078125,,5.2327804565429688,
319.5,2.0356292724609375,,5.2174530029296875,
319.60000000000002,2.0330734252929688,,5.17401123046875,
319.69999999999999,2.0535125732421875,,5.0769271850585938,
319.80000000000001,2.1020584106445312,,4.890411376953125,
319.89999999999998,2.1378250122070312,,4.7115631103515625,
320,2.1838150024414062,2.6905829906463623,4.6297988891601562,2.6954178810119629
320.10000000000002,2.2809066772460938,,4.58636474609375,
320.19999999999999,2.4009933471679688,,4.356414794921875,
320.30000000000001,2.518524169921875,,3.9859390258789062,
320.39999999999998,2.6692657470703125,,3.7713165283203125,
320.5,2.8276748657226562,,3.6870040893554688,
320.60000000000002,2.904327392578125,,3.6154632568359375,
320.69999999999999,2.9247665405273438,,3.638458251953125,
320.80000000000001,3.0550689697265625,,3.6895599365234375,
320.89999999999998,3.2671356201171875,,3.6588973999023438,
321,3.4332122802734375,,3.6129074096679688,
321.10000000000002,3.6350555419921875,,3.648681640625,
321.19999999999999,4.0515213012695312,,3.8454132080078125,
321.30000000000001,4.6902694702148438,,4.4202880859375,
321.39999999999998,5.3954544067382812,,5.3298721313476562,
321.5,5.9345550537109375,,6.16790771484375,
321.60000000000002,6.2667083740234375,,6.7146759033203125,
321.69999999999999,6.5758590698242188,,7.172027587890625,
321.80000000000001,6.8696823120117188,,7.833770751953125,
321.89999999999998,7.1558456420898438,,8.6258163452148438,
322,7.4164581298828125,,9.3207778930664062,
322.10000000000002,7.6157455444335938,,9.9723052978515625,
322.19999999999999,7.9223480224609375,,10.812896728515625,
322.30000000000001,8.4384536743164062,,11.972869873046875,
322.39999999999998,9.1742935180664062,,13.439437866210938,
322.5,10.020004272460938,,15.304588317871094,
322.60000000000002,10.4569091796875,,17.473785400390625,
322.69999999999999,10.617874145507812,,19.344043731689453,
322.80000000000001,10.962799072265625,,20.266399383544922,
322.89999999999998,11.683303833007812,,20.703304290771484,
323,12.633766174316406,,20.861713409423828,
323.10000000000002,13.499908447265625,,20.488685607910156,
323.19999999999999,14.074783325195312,,20.205078125,
323.30000000000001,14.550018310546875,,20.419700622558594,
323.39999999999998,15.061012268066406,,21.099327087402344,
323.5,15.518363952636719,,21.934814453125,
323.60000000000002,15.957817077636719,,22.915935516357422,
323.69999999999999,16.484153747558594,,24.201099395751953,
323.80000000000001,17.036033630371094,,25.419834136962891,
323.89999999999998,17.495929718017578,,26.283424377441406,
324,17.835746765136719,,27.024372100830078,
324.10000000000002,18.160228729248047,,27.721889495849609,
324.19999999999999,18.538372039794922,,28.28143310546875,
324.30000000000001,18.852634429931641,,28.644245147705078,
324.39999999999998,18.896068572998047,,28.715782165527344,
324.5,18.392734527587891,,27.908405303955078,
324.60000000000002,17.664558410644531,,25.486263275146484,
324.69999999999999,16.846961975097656,,22.139213562011719,
324.80000000000001,15.8275146484375,,19.185634613037109,
324.89999999999998,14.838729858398438,,17.016437530517578,
325,13.883163452148438,,15.327583312988281,
325.10000000000002,12.922477722167969,,13.93255615234375,
325.19999999999999,12.13043212890625,,12.841567993164062,
325.30000000000001,11.596435546875,,11.957542419433594,
325.39999999999998,11.070106506347656,,11.237030029296875,
325.5,10.551437377929688,,10.600837707519531,
325.60000000000002,10.14263916015625,,9.9569778442382812,
325.69999999999999,9.8181533813476562,,9.3182220458984375,
325.80000000000001,9.5345535278320312,,8.6922531127929688,
325.89999999999998,9.194732666015625,,8.053497314453125,
326,8.78082275390625,,7.4760665893554688,
326.10000000000002,8.4435653686523438,,7.1822433471679688,
326.19999999999999,8.2263870239257812,,7.1183700561523438,
326.30000000000001,8.037322998046875,,7.1183700561523438,
326.39999999999998,7.8431396484375,,7.1490325927734375,
326.5,7.6923980712890625,,7.2026824951171875,
326.60000000000002,7.5901947021484375,,7.23590087890625,
326.69999999999999,7.5007705688476562,,7.2333450317382812,
326.80000000000001,7.4164581298828125,,7.2461166381835938,
326.89999999999998,7.319366455078125,,7.2205657958984375,
327,7.2376022338867188,,7.115814208984375,
327.10000000000002,7.0919723510742188,,6.821990966796875,
327.19999999999999,6.8824615478515625,,6.4642868041992188,
327.30000000000001,6.7930374145507812,,6.3263168334960938,
327.39999999999998,6.8441390991210938,,6.323760986328125,
327.5,7.0280990600585938,,6.4412918090820312,
327.60000000000002,7.2759323120117188,,6.673797607421875,
327.69999999999999,7.5109939575195312,,6.8909759521484375,
327.80000000000001,7.9504470825195312,,7.1311416625976562,
327.89999999999998,8.7271728515625,,7.3687591552734375,
328,9.5294418334960938,,7.6217041015625,
328.10000000000002,10.127311706542969,,7.9283065795898438,
328.19999999999999,10.444129943847656,,8.0969314575195312,
328.30000000000001,10.740509033203125,,8.3473281860351562,
328.39999999999998,11.231071472167969,,8.9426422119140625,
328.5,11.757400512695312,,9.62738037109375,
328.60000000000002,12.301612854003906,,10.248245239257812,
328.69999999999999,12.835609436035156,,10.856330871582031,
328.80000000000001,13.331283569335938,,11.443984985351562,
328.89999999999998,13.816726684570312,,11.960090637207031,
329,14.284294128417969,,12.432769775390625,
329.10000000000002,14.63177490234375,,12.703598022460938,
329.19999999999999,14.802963256835938,,12.734260559082031,
329.30000000000001,15.009918212890625,,12.946327209472656,
329.39999999999998,15.370170593261719,,13.505867004394531,
329.5,15.740646362304688,,14.139511108398438,
329.60000000000002,16.034469604492188,,14.7220458984375,
329.69999999999999,16.28741455078125,,15.291816711425781,
329.80000000000001,16.527587890625,,15.779819488525391,
329.89999999999998,16.777976989746094,,16.099193572998047,
330,16.864845275878906,0,16.063423156738281,0
330.10000000000002,16.834182739257812,,15.915233612060547,
330.19999999999999,16.91339111328125,,16.078754425048828,
330.30000000000001,17.061576843261719,,16.35980224609375,
330.39999999999998,17.191886901855469,,16.497772216796875,
330.5,17.036033630371094,,16.331699371337891,
330.60000000000002,16.404945373535156,,15.475776672363281,
330.69999999999999,15.615447998046875,,14.016868591308594,
330.80000000000001,14.736534118652344,,12.396995544433594,
330.89999999999998,13.883163452148438,,10.986640930175781,
331,13.341499328613281,,10.03106689453125,
331.10000000000002,12.927589416503906,,9.3310012817382812,
331.19999999999999,12.439582824707031,,8.7663421630859375,
331.30000000000001,11.849380493164062,,8.3447723388671875,
331.39999999999998,11.2642822265625,,8.025390625,
331.5,10.776283264160156,,7.7698974609375,
331.60000000000002,10.249954223632812,,7.3662033081054688,
331.69999999999999,9.7236175537109375,,6.921630859375,
331.80000000000001,9.3735885620117188,,6.75811767578125,
331.89999999999998,9.1104202270507812,,6.7632217407226562,
332,8.8957977294921875,,6.7913284301757812,
332.10000000000002,8.7067337036132812,,6.811767578125,
332.19999999999999,8.5636520385742188,,6.8475418090820312,
332.30000000000001,8.4640045166015625,,6.9114151000976562,
332.39999999999998,8.4256820678710938,,6.9369659423828125,
332.5,8.2826004028320312,,6.7402267456054688,
332.60000000000002,8.08331298828125,,6.4693984985351562,
332.69999999999999,8.0015487670898438,,6.4464035034179688,
332.80000000000001,7.945343017578125,,6.5205001831054688,
332.89999999999998,7.917236328125,,6.5843734741210938,
333,7.9121246337890625,,6.68402099609375,
333.10000000000002,7.9019088745117188,,6.7862167358398438,
333.19999999999999,7.889129638671875,,6.8628692626953125,
333.30000000000001,7.8916854858398438,,6.931854248046875,
333.39999999999998,7.9530029296875,,6.9906158447265625,
333.5,8.0526504516601562,,6.921630859375,
333.60000000000002,8.1037521362304688,,6.6635818481445312,
333.69999999999999,8.2468338012695312,,6.53582763671875,
333.80000000000001,8.5840911865234375,,6.7223434448242188,
333.89999999999998,9.0235519409179688,,7.0187225341796875,
334,9.6265335083007812,,7.3406524658203125,
334.10000000000002,10.331710815429688,,7.6983566284179688,
334.19999999999999,10.978126525878906,,8.1045989990234375,
334.30000000000001,11.535118103027344,,8.5823822021484375,
334.39999999999998,12.005233764648438,,9.0933837890625,
334.5,12.444694519042969,,9.55328369140625,
334.60000000000002,12.689971923828125,,9.7730178833007812,
334.69999999999999,12.825393676757812,,9.9467544555664062,
334.80000000000001,13.129432678222656,,10.393882751464844,
334.89999999999998,13.505020141601562,,10.927871704101562,
335,13.908706665039062,,11.413322448730469,
335.10000000000002,14.302177429199219,,11.924324035644531,
335.19999999999999,14.629219055175781,,12.442985534667969,
335.30000000000001,14.887275695800781,,12.910552978515625,
335.39999999999998,15.061012268066406,,13.286140441894531,
335.5,15.221977233886719,,13.493095397949219,
335.60000000000002,15.247528076171875,,13.396003723144531,
335.69999999999999,15.2015380859375,,13.242706298828125,
335.80000000000001,15.247528076171875,,13.375564575195312,
335.89999999999998,15.145332336425781,,13.332130432128906,
336,14.792739868164062,,12.856895446777344,
336.10000000000002,14.215309143066406,,11.985641479492188,
336.19999999999999,13.599555969238281,,10.920211791992188,
336.30000000000001,13.063003540039062,,9.967193603515625,
336.39999999999998,12.467689514160156,,9.1700363159179688,
336.5,11.869819641113281,,8.5389480590820312,
336.60000000000002,11.162086486816406,,7.925750732421875,
336.69999999999999,10.472236633300781,,7.391754150390625,
336.80000000000001,10.0506591796875,,7.097930908203125,
336.89999999999998,9.7185134887695312,,6.9395217895507812,
337,9.4144668579101562,,6.8245468139648438,
337.10000000000002,9.1283035278320312,,6.7632217407226562,
337.19999999999999,8.9034652709960938,,6.7427825927734375,
337.30000000000001,8.7322769165039062,,6.7734451293945312,
337.39999999999998,8.5917587280273438,,6.8271026611328125,
337.5,8.5099945068359375,,6.8526458740234375,
337.60000000000002,8.3796920776367188,,6.6635818481445312,
337.69999999999999,8.1855087280273438,,6.3646469116210938,
337.80000000000001,8.0526504516601562,,6.3007659912109375,
337.89999999999998,7.9836654663085938,,6.3953018188476562,
338,7.9606704711914062,,6.4796218872070312,
338.10000000000002,7.9606704711914062,,6.5486068725585938,
338.19999999999999,7.9530029296875,,6.6303634643554688,
338.30000000000001,7.9504470825195312,,6.7146759033203125,
338.39999999999998,8.0347671508789062,,6.7811126708984375,
338.5,8.2877120971679688,,6.79388427734375,
338.60000000000002,8.5304336547851562,,6.6329193115234375,
338.69999999999999,8.7757186889648438,,6.5205001831054688,
338.80000000000001,9.176849365234375,,6.7453384399414062,
338.89999999999998,9.6060867309570312,,7.1209259033203125,
339,10.058326721191406,,7.5220565795898438,
339.10000000000002,10.571884155273438,,8.0049514770507812,
339.19999999999999,11.126312255859375,,8.55938720703125,
339.30000000000001,11.713966369628906,,9.1138229370117188,
339.39999999999998,12.2965087890625,,9.5405120849609375,
339.5,12.613327026367188,,9.6938095092773438,
339.60000000000002,12.761512756347656,,9.8292236328125,
339.69999999999999,12.973579406738281,,10.227806091308594,
339.80000000000001,13.188201904296875,,10.690261840820312,
339.89999999999998,13.4718017578125,,11.162933349609375,
340,13.921485900878906,0,11.811904907226562,0
340.10000000000002,14.552566528320312,,12.611618041992188,
340.19999999999999,15.301185607910156,,13.424110412597656,
340.30000000000001,15.91949462890625,,13.978546142578125,
340.39999999999998,16.351287841796875,,14.290252685546875,
340.5,16.747314453125,,14.745040893554688,
340.60000000000002,17.059028625488281,,15.289260864257812,
340.69999999999999,17.156112670898438,,15.634185791015625,
340.80000000000001,16.808631896972656,,15.399124145507812,
340.89999999999998,16.034469604492188,,14.492095947265625,
341,15.18365478515625,,13.385787963867188,
341.10000000000002,14.37371826171875,,12.241142272949219,
341.19999999999999,13.487136840820312,,11.019851684570312,
341.30000000000001,12.838165283203125,,10.018295288085938,
341.39999999999998,12.408927917480469,,9.3131179809570312,
341.5,11.880043029785156,,8.5568313598632812,
341.60000000000002,11.277061462402344,,7.8005523681640625,
341.69999999999999,10.6025390625,,7.3023300170898438,
341.80000000000001,9.894805908203125,,7.0110626220703125,
341.89999999999998,9.2560577392578125,,6.8730926513671875,
342,8.7603836059570312,,6.8015518188476562,
342.10000000000002,8.2698287963867188,,6.6022567749023438,
342.19999999999999,7.8022613525390625,,6.4106369018554688,
342.30000000000001,7.4215621948242188,,6.4004135131835938,
342.39999999999998,7.0766372680664062,,6.4566268920898438,
342.5,6.8006973266601562,,6.5383834838867188,
342.60000000000002,6.5579757690429688,,6.64569091796875,
342.69999999999999,6.3944549560546875,,6.6942367553710938,
342.80000000000001,6.3612442016601562,,6.6405868530273438,
342.89999999999998,6.4659957885742188,,6.5767059326171875,
343,6.7317123413085938,,6.489837646484375,
343.10000000000002,7.291259765625,,6.5051727294921875,
343.19999999999999,8.0756454467773438,,6.8705368041992188,
343.30000000000001,9.0337677001953125,,7.4070816040039062,
343.39999999999998,10.163078308105469,,7.9742965698242188,
343.5,11.241287231445312,,8.587493896484375,
343.60000000000002,12.181533813476562,,9.2850112915039062,
343.69999999999999,12.945472717285156,,10.084724426269531,
343.80000000000001,13.589332580566406,,10.886993408203125,
343.89999999999998,13.9879150390625,,11.415878295898438,
344,14.2459716796875,,11.814460754394531,
344.10000000000002,14.621551513671875,,12.468536376953125,
344.19999999999999,15.061012268066406,,13.301467895507812,
344.30000000000001,15.602676391601562,,14.200828552246094,
344.39999999999998,16.205657958984375,,15.151290893554688,
344.5,16.783088684082031,,16.063423156738281,
344.60000000000002,17.296638488769531,,16.80181884765625,
344.69999999999999,17.718215942382812,,17.228504180908203,
344.80000000000001,18.001819610595703,,17.509555816650391,
344.89999999999998,18.2930908203125,,18.002670288085938,
345,18.622684478759766,,18.687408447265625,
345.10000000000002,18.870521545410156,,19.323604583740234,
345.19999999999999,19.000823974609375,,19.809055328369141,
345.30000000000001,18.998271942138672,,20.151424407958984,
345.39999999999998,18.758098602294922,,20.161643981933594,
345.5,18.193443298339844,,19.533115386962891,
345.60000000000002,17.156112670898438,,18.112533569335938,
345.69999999999999,15.850509643554688,,16.211612701416016,
345.80000000000001,14.820846557617188,,14.420562744140625,
345.89999999999998,14.031349182128906,,12.890113830566406,
346,13.262298583984375,,11.523185729980469,
346.10000000000002,12.414031982421875,,10.342781066894531,
346.19999999999999,11.399703979492188,,9.4561920166015625,
346.30000000000001,10.21673583984375,,9.0090713500976562,
346.39999999999998,8.9622268676757812,,9.0039596557617188,
346.5,7.6975021362304688,,8.9528579711914062,
346.60000000000002,6.7802581787109375,,8.5772781372070312,
346.69999999999999,5.8732376098632812,,8.3600997924804688,
346.80000000000001,5.13995361328125,,8.3473281860351562,
346.89999999999998,4.2686920166015625,,8.237457275390625,
347,3.5737380981445312,,8.0662765502929688,
347.10000000000002,2.9656448364257812,,7.8388824462890625,
347.19999999999999,2.462310791015625,,7.4990615844726562,
347.30000000000001,2.0535125732421875,,7.0544967651367188,
347.39999999999998,1.708587646484375,,6.4387359619140625,
347.5,1.4888534545898438,,5.7897720336914062,
347.60000000000002,1.2895660400390625,,5.368194580078125,
347.69999999999999,1.138824462890625,,5.0207138061523438,
347.80000000000001,1.0621719360351562,,4.5991363525390625,
347.89999999999998,1.0698394775390625,,4.1213531494140625,
348,1.1107177734375,,3.7559890747070312,
348.10000000000002,1.1234893798828125,,3.538818359375,
348.19999999999999,1.1234893798828125,,3.3599624633789062,
348.30000000000001,1.1158294677734375,,3.3114166259765625,
348.39999999999998,1.064727783203125,,3.33441162109375,
348.5,1.0008544921875,,3.454498291015625,
348.60000000000002,0.9855194091796875,,3.7278823852539062,
348.69999999999999,1.0238494873046875,,3.9195098876953125,
348.80000000000001,1.0953826904296875,,4.1520156860351562,
348.89999999999998,1.1797027587890625,,4.6809005737304688,
349,1.1822586059570312,,5.276214599609375,
349.10000000000002,1.2154693603515625,,5.59814453125,
349.19999999999999,1.31256103515625,,5.7667770385742188,
349.30000000000001,1.3432235717773438,,6.0273818969726562,
349.39999999999998,1.414764404296875,,6.2828826904296875,
349.5,1.5476226806640625,,6.3697509765625,
349.60000000000002,1.6421585083007812,,6.3084335327148438,
349.69999999999999,1.7188034057617188,,6.3135452270507812,
349.80000000000001,1.7877883911132812,,6.3953018188476562,
349.89999999999998,1.8388900756835938,,6.3927459716796875,
350,1.8874359130859375,11.494253158569336,6.333984375,5.7142858505249023
350.10000000000002,1.946197509765625,,6.3109893798828125,
350.19999999999999,2.0228500366210938,,6.2956619262695312,
350.30000000000001,2.0688400268554688,,6.1423568725585938,
350.39999999999998,2.0995025634765625,,5.8791961669921875,
350.5,2.1633758544921875,,5.626251220703125,
350.60000000000002,2.2527999877929688,,5.4550628662109375,
350.69999999999999,2.3831024169921875,,5.3426437377929688,
350.80000000000001,2.4827499389648438,,5.2608871459960938,
350.89999999999998,2.63604736328125,,4.8980712890625,
351,3.1036148071289062,,4.2695465087890625,
351.10000000000002,3.7909088134765625,,4.4356231689453125,
351.19999999999999,4.3095779418945312,,5.478057861328125,
351.30000000000001,4.6928253173828125,,6.6967926025390625,
351.39999999999998,5.2804794311523438,,8.9017562866210938,
351.5,6.2258224487304688,,12.951431274414062,
351.60000000000002,7.3398056030273438,,19.290390014648438,
351.69999999999999,8.7425003051757812,,27.417842864990234,
351.80000000000001,10.551437377929688,,35.966873168945312,
351.89999999999998,12.81005859375,,44.796951293945312,
352,15.804519653320312,,53.831432342529297,
352.10000000000002,19.266544342041016,,62.257820129394531,
352.19999999999999,22.897201538085938,,69.117996215820312,
352.30000000000001,27.028633117675781,,74.892295837402344,
352.39999999999998,32.4580078125,,78.650703430175781,
352.5,36.257293701171875,,79.555168151855469,
352.60000000000002,39.157218933105469,,79.557723999023438,
352.69999999999999,41.16033935546875,,79.557723999023438,
352.80000000000001,42.271762847900391,,79.555168151855469,
352.89999999999998,42.805759429931641,,79.555168151855469,
353,42.759769439697266,,79.557723999023438,
353.10000000000002,42.248767852783203,,79.557723999023438,
353.19999999999999,41.760765075683594,,79.557723999023438,
353.30000000000001,41.479713439941406,,79.555168151855469,
353.39999999999998,41.334079742431641,,79.555168151855469,
353.5,41.132232666015625,,79.560279846191406,
353.60000000000002,40.761760711669922,,79.560279846191406,
353.69999999999999,40.411724090576172,,79.555168151855469,
353.80000000000001,40.105125427246094,,79.557723999023438,
353.89999999999998,39.844512939453125,,79.557723999023438,
354,39.601787567138672,,79.555168151855469,
354.10000000000002,39.042243957519531,,79.557723999023438,
354.19999999999999,37.966590881347656,,79.557723999023438,
354.30000000000001,36.535789489746094,,79.555168151855469,
354.39999999999998,35.053890228271484,,79.555168151855469,
354.5,33.827487945556641,,79.555168151855469,
354.60000000000002,32.710952758789062,,79.557723999023438,
354.69999999999999,29.780368804931641,,79.557723999023438,
354.80000000000001,24.810894012451172,,77.764114379882812,
354.89999999999998,20.730560302734375,,69.848724365234375,
355,18.793869018554688,,58.238807678222656,
355.10000000000002,18.009483337402344,,46.848617553710938,
355.19999999999999,17.365623474121094,,35.933658599853516,
355.30000000000001,16.58123779296875,,27.709114074707031,
355.39999999999998,15.520912170410156,,21.962917327880859,
355.5,13.898490905761719,,17.701179504394531,
355.60000000000002,11.805946350097656,,15.138511657714844,
355.69999999999999,9.5319976806640625,,13.6182861328125,
355.80000000000001,7.3806838989257812,,12.261581420898438,
355.89999999999998,5.7327117919921875,,10.733695983886719,
356,4.4986419677734375,,8.7203521728515625,
356.10000000000002,3.4510955810546875,,6.5690460205078125,
356.19999999999999,2.6871490478515625,,5.0079421997070312,
356.30000000000001,2.2860183715820312,,4.384521484375,
356.39999999999998,2.1097183227539062,,4.4586181640625,
356.5,2.0739517211914062,,4.8009872436523438,
356.60000000000002,2.1148300170898438,,5.110137939453125,
356.69999999999999,2.112274169921875,,5.1893463134765625,
356.80000000000001,2.0790634155273438,,5.1356887817382812,
356.89999999999998,2.1327133178710938,,5.0028305053710938,
357,2.1838150024414062,,4.926177978515625,
357.10000000000002,2.2400283813476562,,4.8699722290039062,
357.19999999999999,2.314117431640625,,4.7396621704101562,
357.30000000000001,2.3473358154296875,,4.6374664306640625,
357.39999999999998,2.3677749633789062,,4.5378189086914062,
357.5,2.3754425048828125,,4.4228439331054688,
357.60000000000002,2.3856582641601562,,4.3053131103515625,
357.69999999999999,2.3728866577148438,,4.2388839721679688,
357.80000000000001,2.3652191162109375,,4.1622314453125,
357.89999999999998,2.3626632690429688,,4.0651473999023438,
358,2.3677749633789062,,4.0881423950195312,
358.10000000000002,2.3779983520507812,,4.136688232421875,
358.19999999999999,2.3677749633789062,,4.1954498291015625,
358.30000000000001,2.34222412109375,,4.2235565185546875,
358.39999999999998,2.3217849731445312,,4.1341323852539062,
358.5,2.3626632690429688,,4.0728073120117188,
358.60000000000002,2.444427490234375,,4.0881423950195312,
358.69999999999999,2.4955291748046875,,4.07025146484375,
358.80000000000001,2.5466232299804688,,3.96038818359375,
358.89999999999998,2.656494140625,,3.7968673706054688,
359,2.7791290283203125,,3.6461257934570312,
359.10000000000002,2.922210693359375,,3.564361572265625,
359.19999999999999,3.1317214965820312,,3.510711669921875,
359.30000000000001,3.3284530639648438,,3.5158233642578125,
359.39999999999998,3.4536514282226562,,3.5337066650390625,
359.5,3.6657180786132812,,3.5745849609375,
359.60000000000002,4.135833740234375,,3.840301513671875,
359.69999999999999,4.6442794799804688,,4.2414398193359375,
359.80000000000001,5.001983642578125,,4.6579055786132812,
359.89999999999998,5.23193359375,,5.1305770874023438,
360,5.32391357421875,0,5.460174560546875,0
360.10000000000002,5.3622360229492188,,5.5853729248046875,
360.19999999999999,5.5180892944335938,,5.8025436401367188,
360.30000000000001,5.8349075317382812,,6.1909027099609375,
360.39999999999998,6.2181625366210938,,6.673797607421875,
360.5,6.6550674438476562,,7.3610916137695312,
360.60000000000002,7.3525772094726562,,7.93341064453125,
360.69999999999999,8.5176620483398438,,8.071380615234375,
360.80000000000001,9.692962646484375,,8.3600997924804688,
360.89999999999998,10.571884155273438,,9.103607177734375,
361,11.323051452636719,,9.985076904296875,
361.10000000000002,11.941360473632812,,10.907432556152344,
361.19999999999999,12.529006958007812,,11.855339050292969,
361.30000000000001,13.006797790527344,,12.652496337890625,
361.39999999999998,13.415596008300781,,13.487983703613281,
361.5,13.924041748046875,,14.635177612304688,
361.60000000000002,14.481033325195312,,15.856468200683594,
361.69999999999999,15.020133972167969,,17.052207946777344,
361.80000000000001,15.485145568847656,,18.217288970947266,
361.89999999999998,15.960372924804688,,19.292945861816406,
362,16.356399536132812,,20.064552307128906,
362.10000000000002,16.685997009277344,,20.634319305419922,
362.19999999999999,17.084571838378906,,21.405929565429688,
362.30000000000001,17.503593444824219,,22.325729370117188,
362.39999999999998,17.937946319580078,,23.322177886962891,
362.5,18.369739532470703,,24.346733093261719,
362.60000000000002,18.796424865722656,,25.312522888183594,
362.69999999999999,19.256324768066406,,26.194000244140625,
362.80000000000001,19.660015106201172,,26.735660552978516,
362.89999999999998,19.994720458984375,,27.139347076416016,
363,20.331981658935547,,27.831752777099609,
363.10000000000002,20.694789886474609,,28.580368041992188,
363.19999999999999,21.037158966064453,,29.040267944335938,
363.30000000000001,20.860866546630859,,28.733669281005859,
363.39999999999998,19.680454254150391,,27.141902923583984,
363.5,17.976268768310547,,24.706989288330078,
363.60000000000002,16.532691955566406,,22.358943939208984,
363.69999999999999,15.408493041992188,,20.233184814453125,
363.80000000000001,14.427375793457031,,18.194293975830078,
363.89999999999998,13.627662658691406,,16.395572662353516,
364,12.981246948242188,,14.791030883789062,
364.10000000000002,12.293952941894531,,13.224822998046875,
364.19999999999999,11.46868896484375,,11.791465759277344,
364.30000000000001,10.5667724609375,,10.608497619628906,
364.39999999999998,9.7312850952148438,,9.7142486572265625,
364.5,8.9775619506835938,,9.1138229370117188,
364.60000000000002,8.2621612548828125,,8.7280197143554688,
364.69999999999999,7.6515121459960938,,8.3933181762695312,
364.80000000000001,7.117523193359375,,7.8797607421875,
364.89999999999998,6.6346282958984375,,7.3074417114257812,
365,6.2462692260742188,,6.931854248046875,
365.10000000000002,5.9473342895507812,,6.6942367553710938,
365.19999999999999,5.7020492553710938,,6.5128326416015625,
365.30000000000001,5.4925384521484375,,6.3595352172851562,
365.39999999999998,5.3264694213867188,,6.2113418579101562,
365.5,5.1808319091796875,,6.047821044921875,
365.60000000000002,5.0684127807617188,,5.8894119262695312,
365.69999999999999,5.0070877075195312,,5.7156753540039062,
365.80000000000001,4.9866485595703125,,5.3886337280273438,
365.89999999999998,4.9074478149414062,,5.000274658203125,
366,4.7924728393554688,,4.780548095703125,
366.10000000000002,4.7311477661132812,,4.6860122680664062,
366.19999999999999,4.687713623046875,,4.6451263427734375,
366.30000000000001,4.6570587158203125,,4.66046142578125,
366.39999999999998,4.6442794799804688,,4.6936721801757812,
366.5,4.613616943359375,,4.73455810546875,
366.60000000000002,4.5906219482421875,,4.7677688598632812,
366.69999999999999,4.577850341796875,,4.6911163330078125,
366.80000000000001,4.5165328979492188,,4.5199356079101562,
366.89999999999998,4.43988037109375,,4.4228439331054688,
367,4.4015579223632812,,4.430511474609375,
367.10000000000002,4.3836669921875,,4.4611663818359375,
367.19999999999999,4.3785629272460938,,4.4892730712890625,
367.30000000000001,4.358123779296875,,4.5173797607421875,
367.39999999999998,4.3325729370117188,,4.576141357421875,
367.5,4.3683395385742188,,4.5889205932617188,
367.60000000000002,4.3606719970703125,,4.4407272338867188,
367.69999999999999,4.2431488037109375,,4.4151763916015625,
367.80000000000001,4.1869354248046875,,4.714111328125,
367.89999999999998,4.0591888427734375,,5.1305770874023438,
368,3.990203857421875,,5.7207870483398438,
368.10000000000002,4.595733642578125,,6.839874267578125,
368.19999999999999,5.9601058959960938,,8.2068023681640625,
368.30000000000001,7.7383880615234375,,9.6120529174804688,
368.39999999999998,9.5856475830078125,,11.364776611328125,
368.5,10.911697387695312,,13.278472900390625,
368.60000000000002,11.358818054199219,,14.553421020507812,
368.69999999999999,11.575996398925781,,14.923896789550781,
368.80000000000001,11.772727966308594,,15.064422607421875,
368.89999999999998,11.627098083496094,,14.982658386230469,
369,11.241287231445312,,14.384788513183594,
369.10000000000002,10.76861572265625,,13.712821960449219,
369.19999999999999,10.51055908203125,,13.360237121582031,
369.30000000000001,10.538665771484375,,13.229927062988281,
369.39999999999998,10.441574096679688,,13.252922058105469,
369.5,10.122200012207031,,13.255477905273438,
369.60000000000002,10.065994262695312,,13.194160461425781,
369.69999999999999,10.237174987792969,,13.117507934570312,
369.80000000000001,10.280609130859375,,13.125175476074219,
369.89999999999998,10.242286682128906,,13.324462890625,
370,10.234619140625,0,13.459877014160156,0
370.10000000000002,10.293388366699219,,13.408782958984375,
370.19999999999999,10.428802490234375,,13.222267150878906,
370.30000000000001,10.4185791015625,,12.793022155761719,
370.39999999999998,10.163078308105469,,12.297355651855469,
370.5,9.9254684448242188,,12.141502380371094,
370.60000000000002,9.8411483764648438,,12.144050598144531,
370.69999999999999,9.838592529296875,,12.087844848632812,
370.80000000000001,9.70062255859375,,11.947319030761719,
370.89999999999998,9.4962234497070312,,11.737808227539062,
371,9.268829345703125,,11.334121704101562,
371.10000000000002,9.084869384765625,,10.904876708984375,
371.19999999999999,9.1921768188476562,,10.994300842285156,
371.30000000000001,9.5652084350585938,,11.57684326171875,
371.39999999999998,9.8564834594726562,,12.223258972167969,
371.5,9.9280242919921875,,12.718925476074219,
371.60000000000002,9.9918975830078125,,12.969322204589844,
371.69999999999999,9.986785888671875,,12.823684692382812,
371.80000000000001,9.7619476318359375,,12.205375671386719,
371.89999999999998,9.452789306640625,,11.433761596679688,
372,9.4451217651367188,,11.035186767578125,
372.10000000000002,9.8181533813476562,,11.124610900878906,
372.19999999999999,10.533554077148438,,11.50274658203125,
372.30000000000001,11.24639892578125,,11.5589599609375,
372.39999999999998,11.169754028320312,,10.736251831054688,
372.5,10.817161560058594,,9.8317794799804688,
372.60000000000002,10.962799072265625,,9.8292236328125,
372.69999999999999,11.075218200683594,,10.360664367675781,
372.80000000000001,10.957687377929688,,11.078620910644531,
372.89999999999998,10.957687377929688,,12.085289001464844,
373,11.231071472167969,,13.183937072753906,
373.10000000000002,12.058891296386719,,14.402671813964844,
373.19999999999999,13.193313598632812,,15.889682769775391,
373.30000000000001,14.123329162597656,,17.402244567871094,
373.39999999999998,15.127449035644531,,18.784500122070312,
373.5,16.02935791015625,,19.323604583740234,
373.60000000000002,16.008918762207031,,18.889255523681641,
373.69999999999999,15.556686401367188,,18.132972717285156,
373.80000000000001,15.150444030761719,,16.888690948486328,
373.89999999999998,14.199981689453125,,15.314811706542969,
374,13.149871826171875,,13.855903625488281,
374.10000000000002,12.05633544921875,,12.913108825683594,
374.19999999999999,10.579544067382812,,12.287132263183594,
374.30000000000001,9.4783401489257812,,11.794021606445312,
374.39999999999998,8.9877777099609375,,11.87066650390625,
374.5,8.7297286987304688,,13.058746337890625,
374.60000000000002,8.0807571411132812,,15.276481628417969,
374.69999999999999,7.27337646484375,,16.510547637939453,
374.80000000000001,6.8390274047851562,,15.317367553710938,
374.89999999999998,6.4787673950195312,,13.255477905273438,
375,6.4532241821289062,,11.385215759277344,
375.10000000000002,6.785369873046875,,9.985076904296875,
375.19999999999999,7.2146072387695312,,9.8062286376953125,
375.30000000000001,8.5559844970703125,,10.902320861816406,
375.39999999999998,10.370033264160156,,12.626945495605469,
375.5,12.117652893066406,,15.279037475585938,
375.60000000000002,13.607223510742188,,19.045108795166016,
375.69999999999999,14.07989501953125,,22.180095672607422,
375.80000000000001,14.340507507324219,,23.393718719482422,
375.89999999999998,14.222976684570312,,22.765190124511719,
376,13.185646057128906,,20.621543884277344,
376.10000000000002,11.8544921875,,17.754833221435547,
376.19999999999999,10.717514038085938,,15.485992431640625,
376.30000000000001,9.3275985717773438,,13.922332763671875,
376.39999999999998,8.26727294921875,,13.071517944335938,
376.5,7.7307205200195312,,12.343345642089844,
376.60000000000002,7.5135421752929688,,10.846115112304688,
376.69999999999999,7.7639389038085938,,9.33355712890625,
376.80000000000001,8.5943069458007812,,8.89154052734375,
376.89999999999998,8.9877777099609375,,9.0218429565429688,
377,8.0960845947265625,,9.0269546508789062,
377.10000000000002,8.0143280029296875,,9.0320663452148438,
377.19999999999999,8.45123291015625,,8.7842330932617188,
377.30000000000001,8.532989501953125,,8.063720703125,
377.39999999999998,9.0516586303710938,,7.7111282348632812,
377.5,9.55499267578125,,8.5287322998046875,
377.60000000000002,8.883026123046875,,9.9416427612304688,
377.69999999999999,8.6300811767578125,,10.567619323730469,
377.80000000000001,9.11297607421875,,10.327445983886719,
377.89999999999998,9.1461868286132812,,9.9876327514648438,
378,9.4502334594726562,,9.6375961303710938,
378.10000000000002,9.95867919921875,,9.9237594604492188,
378.19999999999999,9.8309326171875,,10.994300842285156,
378.30000000000001,10.413467407226562,,12.123611450195312,
378.39999999999998,11.144203186035156,,13.091957092285156,
378.5,10.612762451171875,,13.27081298828125,
378.60000000000002,10.0889892578125,,11.949874877929688,
378.69999999999999,9.4936676025390625,,10.217582702636719,
378.80000000000001,9.00311279296875,,9.0320663452148438,
378.89999999999998,8.8702468872070312,,8.275787353515625,
379,8.6454086303710938,,7.777557373046875,
379.10000000000002,8.2826004028320312,,7.2512283325195312,
379.19999999999999,7.9555587768554688,,6.7095718383789062,
379.30000000000001,7.8227005004882812,,6.2982177734375,
379.39999999999998,7.9785537719726562,,6.1500244140625,
379.5,8.331146240234375,,6.7172317504882812,
379.60000000000002,9.010772705078125,,7.7111282348632812,
379.69999999999999,9.951019287109375,,8.7918930053710938,
379.80000000000001,10.589767456054688,,10.048957824707031,
379.89999999999998,10.561660766601562,,10.554847717285156,
380,10.129867553710938,0,9.7116928100585938,0
380.10000000000002,9.6316375732421875,,8.5926055908203125,
380.19999999999999,9.286712646484375,,7.9129714965820312,
380.30000000000001,9.0184402465820312,,7.3891983032226562,
380.39999999999998,8.8012619018554688,,6.9548492431640625,
380.5,8.5662078857421875,,6.454071044921875,
380.60000000000002,8.2698287963867188,,6.0733718872070312,
380.69999999999999,8.1318588256835938,,5.9124069213867188,
380.80000000000001,7.9530029296875,,5.8025436401367188,
380.89999999999998,7.8456954956054688,,5.9302978515625,
381,8.458892822265625,,6.6175918579101562,
381.10000000000002,9.5933151245117188,,7.547607421875,
381.19999999999999,10.43646240234375,,8.421417236328125,
381.30000000000001,10.73284912109375,,9.1419296264648438,
381.39999999999998,10.569328308105469,,9.1061630249023438,
381.5,10.119644165039062,,8.4878463745117188,
381.60000000000002,9.600982666015625,,7.8567657470703125,
381.69999999999999,9.286712646484375,,7.3994216918945312,
381.80000000000001,9.0823135375976562,,7.0340576171875,
381.89999999999998,8.791046142578125,,6.6763534545898438,
382,8.5457687377929688,,6.4489593505859375,
382.10000000000002,8.37713623046875,,6.3646469116210938,
382.19999999999999,8.2698287963867188,,6.333984375,
382.30000000000001,8.221282958984375,,6.3697509765625,
382.39999999999998,8.2008438110351562,,6.379974365234375,
382.5,8.1114120483398438,,6.2394485473632812,
382.60000000000002,8.0041046142578125,,6.1168060302734375,
382.69999999999999,7.9504470825195312,,6.1142578125,
382.80000000000001,7.9402313232421875,,6.1627960205078125,
382.89999999999998,7.9197921752929688,,6.20623779296875,
383,7.89935302734375,,6.2164535522460938,
383.10000000000002,7.82525634765625,,6.1065902709960938,
383.19999999999999,7.7434921264648438,,5.966064453125,
383.30000000000001,7.71539306640625,,5.90985107421875,
383.39999999999998,7.6821746826171875,,5.8996353149414062,
383.5,7.6668472290039062,,5.9609527587890625,
383.60000000000002,7.7000579833984375,,6.0631561279296875,
383.69999999999999,7.723052978515625,,6.0606002807617188,
383.80000000000001,7.669403076171875,,5.9302978515625,
383.89999999999998,7.5825271606445312,,5.8357620239257812,
384,7.5109939575195312,,5.7897720336914062,
384.10000000000002,7.4777755737304688,,5.7846603393554688,
384.19999999999999,7.4828872680664062,,5.828094482421875,
384.30000000000001,7.53143310546875,,5.8715286254882812,
384.39999999999998,7.5186538696289062,,5.79998779296875,
384.5,7.4701080322265625,,5.679901123046875,
384.60000000000002,7.4343414306640625,,5.6339111328125,
384.69999999999999,7.3883514404296875,,5.6288070678710938,
384.80000000000001,7.3602447509765625,,5.679901123046875,
384.89999999999998,7.3883514404296875,,5.753997802734375,
385,7.3781280517578125,,5.7233428955078125,
385.10000000000002,7.3168106079101562,,5.59814453125,
385.19999999999999,7.2529373168945312,,5.5240478515625,
385.30000000000001,7.2146072387695312,,5.4984970092773438,
385.39999999999998,7.2043914794921875,,5.5036087036132812,
385.5,7.209503173828125,,5.5189361572265625,
385.60000000000002,7.2146072387695312,,5.48828125,
385.69999999999999,7.1737289428710938,,5.3656387329101562,
385.80000000000001,7.1430740356445312,,5.2889862060546875,
385.89999999999998,7.1430740356445312,,5.2787704467773438,
386,7.117523193359375,,5.2608871459960938,
386.10000000000002,7.1200790405273438,,5.3068771362304688,
386.19999999999999,7.1865081787109375,,5.37841796875,
386.30000000000001,7.2554931640625,,5.3733062744140625,
386.39999999999998,7.3781280517578125,,5.386077880859375,
386.5,7.6157455444335938,,5.5214920043945312,
386.60000000000002,7.8431396484375,,5.9124069213867188,
386.69999999999999,8.2008438110351562,,6.5945968627929688,
386.80000000000001,8.59686279296875,,7.2103500366210938,
386.89999999999998,8.8523635864257812,,7.5373916625976562,
387,8.8370361328125,,7.4454116821289062,
387.10000000000002,8.7246170043945312,,7.0672683715820312,
387.19999999999999,8.8038177490234375,,6.9267425537109375,
387.30000000000001,9.1717376708984375,,7.0366058349609375,
387.39999999999998,9.2841567993164062,,6.9829559326171875,
387.5,9.0542068481445312,,7.0315017700195312,
387.60000000000002,9.3199310302734375,,7.3891983032226562,
387.69999999999999,9.6060867309570312,,7.6906890869140625,
387.80000000000001,9.434906005859375,,7.7571182250976562,
387.89999999999998,9.2305068969726562,,7.8184356689453125,
388,8.9417877197265625,,8.1684722900390625,
388.10000000000002,8.74505615234375,,8.81744384765625,
388.19999999999999,8.6888427734375,,9.839447021484375,
388.30000000000001,8.1574020385742188,,11.561515808105469,
388.39999999999998,7.3628005981445312,,13.447105407714844,
388.5,6.9667739868164062,,13.991317749023438,
388.60000000000002,7.1558456420898438,,13.12261962890625,
388.69999999999999,7.4266738891601562,,11.924324035644531,
388.80000000000001,7.3628005981445312,,10.968757629394531,
388.89999999999998,7.2989273071289062,,10.245689392089844,
389,7.2810440063476562,,9.5890579223632812,
389.10000000000002,7.1379623413085938,,9.2058029174804688,
389.19999999999999,7.061309814453125,,9.27734375,
389.30000000000001,7.0536422729492188,,9.3616561889648438,
389.39999999999998,6.9948806762695312,,9.0499496459960938,
389.5,7.0051040649414062,,8.7510147094726562,
389.60000000000002,7.0664215087890625,,8.6104888916015625,
389.69999999999999,6.9769973754882812,,8.2042465209960938,
389.80000000000001,6.7649307250976562,,7.6753616333007812,
389.89999999999998,6.6039657592773438,,7.4070816040039062,
390,6.7700424194335938,9.5238094329833984,7.60382080078125,9.5238094329833984
390.10000000000002,7.1200790405273438,,8.053497314453125,
390.19999999999999,7.27337646484375,,8.1429214477539062,
390.30000000000001,7.2963714599609375,,8.1378173828125,
390.39999999999998,7.5058822631835938,,8.0790481567382812,
390.5,8.0628738403320312,,7.97174072265625,
390.60000000000002,8.7884902954101562,,8.2860031127929688,
390.69999999999999,9.325042724609375,,8.6079330444335938,
390.80000000000001,9.3633651733398438,,8.6922531127929688,
390.89999999999998,9.1564102172851562,,8.4444122314453125,
391,9.084869384765625,,7.9640731811523438,
391.10000000000002,9.0158843994140625,,7.4811782836914062,
391.19999999999999,8.8472518920898438,,7.0442733764648438,
391.30000000000001,8.8498077392578125,,6.9752883911132812,
391.39999999999998,8.9239044189453125,,7.1004867553710938,
391.5,8.85491943359375,,7.0315017700195312,
391.60000000000002,8.7680511474609375,,6.804107666015625,
391.69999999999999,8.7297286987304688,,6.6278076171875,
391.80000000000001,8.7501678466796875,,6.5690460205078125,
391.89999999999998,8.7143936157226562,,6.454071044921875,
392,8.6684036254882812,,6.344207763671875,
392.10000000000002,8.6581878662109375,,6.3416519165039062,
392.19999999999999,8.589202880859375,,6.3135452270507812,
392.30000000000001,8.5048828125,,6.252227783203125,
392.39999999999998,8.4691162109375,,6.2215652465820312,
392.5,8.4256820678710938,,6.1653518676757812,
392.60000000000002,8.2928237915039062,,5.9890594482421875,
392.69999999999999,8.1957321166992188,,5.8587570190429688,
392.80000000000001,8.1574020385742188,,5.8332061767578125,
392.89999999999998,8.11907958984375,,5.828094482421875,
393,8.0986404418945312,,5.8613128662109375,
393.10000000000002,8.0858688354492188,,5.9073028564453125,
393.19999999999999,7.9938888549804688,,5.828094482421875,
393.30000000000001,7.8840179443359375,,5.6824569702148438,
393.39999999999998,7.8099288940429688,,5.6236953735351562,
393.5,7.7562713623046875,,5.6032562255859375,
393.60000000000002,7.7409439086914062,,5.6058120727539062,
393.69999999999999,7.7562713623046875,,5.6518020629882812,
393.80000000000001,7.7997055053710938,,5.6722412109375,
393.89999999999998,7.6975021362304688,,5.5112762451171875,
394,7.5544281005859375,,5.332427978515625,
394.10000000000002,7.4368972778320312,,5.2608871459960938,
394.19999999999999,7.3398056030273438,,5.2276687622070312,
394.30000000000001,7.3142547607421875,,5.21234130859375,
394.39999999999998,7.2682647705078125,,5.1510162353515625,
394.5,7.2963714599609375,,5.1356887817382812,
394.60000000000002,7.2759323120117188,,5.0590362548828125,
394.69999999999999,7.2120590209960938,,4.9593963623046875,
394.80000000000001,7.227386474609375,,4.9670562744140625,
394.89999999999998,7.2427139282226562,,4.9491729736328125,
395,7.3040390014648438,,5.000274658203125,
395.10000000000002,7.56719970703125,,5.2148971557617188,
395.19999999999999,8.22894287109375,,5.59814453125,
395.30000000000001,9.0056686401367188,,6.0657119750976562,
395.39999999999998,9.7031784057617188,,6.7402267456054688,
395.5,10.306159973144531,,7.6702499389648438,
395.60000000000002,11.110984802246094,,8.6207122802734375,
395.69999999999999,11.887702941894531,,9.4919662475585938,
395.80000000000001,12.495796203613281,,10.258460998535156,
395.89999999999998,12.904594421386719,,10.843559265136719,
396,13.01190185546875,,10.935539245605469,
396.10000000000002,12.725746154785156,,10.465415954589844,
396.19999999999999,12.270957946777344,,,
