Datensatz 1:Zeit(s),Datensatz 1:Force 1(N),Datensatz 1:Respiration Rate 1(bpm),Datensatz 1:Force 2(N),Datensatz 1:Respiration Rate 2(bpm)
0,14.488693237304688,0,5.7744369506835938,0
0.10000000000000001,14.445259094238281,,5.8332061767578125,
0.20000000000000001,14.279182434082031,,5.7693328857421875,
0.29999999999999999,14.125885009765625,,5.6288070678710938,
0.40000000000000002,14.128440856933594,,5.65435791015625,
0.5,14.424819946289062,,5.9175186157226562,
0.59999999999999998,15.122337341308594,,6.4642868041992188,
0.69999999999999996,16.034469604492188,,7.1234817504882812,
0.80000000000000004,16.959381103515625,,7.8209915161132812,
0.90000000000000002,17.917503356933594,,8.569610595703125,
1,18.870521545410156,,9.2798995971679688,
1.1000000000000001,19.603805541992188,,10.015739440917969,
1.2,20.288543701171875,,10.907432556152344,
1.3,21.075485229492188,,11.898773193359375,
1.3999999999999999,21.918636322021484,,13.074073791503906,
1.5,22.861431121826172,,14.486991882324219,
1.6000000000000001,23.791450500488281,,16.068534851074219,
1.7,24.609050750732422,,17.803379058837891,
1.8,25.334671020507812,,19.423248291015625,
1.8999999999999999,25.973419189453125,,20.762069702148438,
2,26.691375732421875,,22.011463165283203,
2.1000000000000001,27.348011016845703,,22.956813812255859,
2.2000000000000002,27.064403533935547,,22.749858856201172,
2.2999999999999998,25.355110168457031,,21.096775054931641,
2.3999999999999999,22.989181518554688,,18.753837585449219,
2.5,20.850643157958984,,16.421123504638672,
2.6000000000000001,19.217998504638672,,14.313247680664062,
2.7000000000000002,17.879180908203125,,12.488975524902344,
2.7999999999999998,16.8214111328125,,11.055625915527344,
2.8999999999999999,16.154556274414062,,10.008071899414062,
3,15.623115539550781,,9.14959716796875,
3.1000000000000001,15.252639770507812,,8.3345489501953125,
3.2000000000000002,14.969032287597656,,7.5169525146484375,
3.2999999999999998,14.590896606445312,,6.8322067260742188,
3.3999999999999999,14.205093383789062,,6.270111083984375,
3.5,13.89593505859375,,5.8485336303710938,
3.6000000000000001,13.461585998535156,,5.7437820434570312,
3.7000000000000002,12.891822814941406,,5.902191162109375,
3.7999999999999998,12.186637878417969,,6.1168060302734375,
3.8999999999999999,11.328163146972656,,6.3109893798828125,
4,10.454353332519531,,6.4770660400390625,
4.0999999999999996,9.654632568359375,,6.6865768432617188,
4.2000000000000002,9.010772705078125,,6.8935317993164062,
4.2999999999999998,8.5457687377929688,,6.9804000854492188,
4.4000000000000004,8.2774887084960938,,6.9855117797851562,
4.5,8.1599578857421875,,6.9011917114257812,
4.5999999999999996,8.04498291015625,,6.7070159912109375,
4.7000000000000002,7.9019088745117188,,6.46173095703125,
4.7999999999999998,7.7639389038085938,,6.2394485473632812,
4.9000000000000004,7.6259689331054688,,5.9635086059570312,
5,7.4368972778320312,,5.5572662353515625,
5.0999999999999996,7.245269775390625,,5.0999221801757812,
5.2000000000000002,7.1737289428710938,,4.6936721801757812,
5.2999999999999998,7.1430740356445312,,4.40240478515625,
5.4000000000000004,7.0383148193359375,,4.2414398193359375,
5.5,6.9105682373046875,,4.10858154296875,
5.5999999999999996,6.7981491088867188,,3.970611572265625,
5.7000000000000002,6.6525115966796875,,4.0012664794921875,
5.7999999999999998,6.5452041625976562,,4.0906982421875,
5.9000000000000004,6.4557723999023438,,4.0574798583984375,
6,6.2820358276367188,,3.9476165771484375,
6.0999999999999996,5.9907684326171875,,3.8632965087890625,
6.2000000000000002,5.663726806640625,,3.8760757446289062,
6.2999999999999998,5.5129776000976562,,3.8581924438476562,
6.4000000000000004,5.54364013671875,,3.6921157836914062,
6.5,5.6254043579101562,,3.5311508178710938,
6.5999999999999996,5.6560592651367188,,3.5234832763671875,
6.7000000000000002,5.5334243774414062,,3.6103515625,
6.7999999999999998,5.3009185791015625,,3.6614532470703125,
6.9000000000000004,5.1373977661132812,,3.59246826171875,
7,5.1067352294921875,,3.418731689453125,
7.0999999999999996,5.111846923828125,,3.22454833984375,
7.2000000000000002,5.1169586181640625,,3.04058837890625,
7.2999999999999998,5.1195144653320312,,2.9102859497070312,
7.4000000000000004,5.0684127807617188,,2.87451171875,
7.5,4.973876953125,,2.9077301025390625,
7.5999999999999996,4.8410186767578125,,2.96649169921875,
7.7000000000000002,4.613616943359375,,3.0457000732421875,
7.7999999999999998,4.3044662475585938,,3.1300125122070312,
7.9000000000000004,4.100067138671875,,3.0993576049804688,
8,4.0464096069335938,,3.0022659301757812,
8.0999999999999996,4.0464096069335938,,2.9460525512695312,
8.1999999999999993,4.03619384765625,,2.9383926391601562,
8.3000000000000007,4.0029754638671875,,2.9639358520507812,
8.4000000000000004,3.9442138671875,,3.012481689453125,
8.5,3.88800048828125,,3.1402359008789062,
8.5999999999999996,3.7960205078125,,3.3063125610351562,
8.6999999999999993,3.714263916015625,,3.3957366943359375,
8.8000000000000007,3.6861572265625,,3.4161758422851562,
8.9000000000000004,3.6197280883789062,,3.4493865966796875,
9,3.548187255859375,,3.4953765869140625,
9.0999999999999996,3.438323974609375,,3.510711669921875,
9.1999999999999993,3.3386764526367188,,3.5081558227539062,
9.3000000000000007,3.382110595703125,,3.3471908569335938,
9.4000000000000004,3.5047531127929688,,3.1172409057617188,
9.5,3.6043930053710938,,3.0099258422851562,
9.5999999999999996,3.62994384765625,,2.9639358520507812,
9.6999999999999993,3.6069488525390625,,2.9741592407226562,
9.8000000000000007,3.5992889404296875,,3.0610275268554688,
9.9000000000000004,3.59417724609375,,3.178558349609375,
10,3.6606063842773438,2.7124772071838379,3.2782058715820312,0
10.1,3.85223388671875,,3.3855133056640625,
10.199999999999999,4.0183029174804688,,3.492828369140625,
10.300000000000001,4.0872879028320312,,3.4979324340820312,
10.4,4.1971588134765625,,3.5209274291992188,
10.5,4.4066619873046875,,3.5771408081054688,
10.6,4.5446319580078125,,3.50048828125,
10.699999999999999,4.5650787353515625,,3.4136199951171875,
10.800000000000001,4.5701828002929688,,3.390625,
10.9,4.6570587158203125,,3.538818359375,
11,4.7899169921875,,3.6333465576171875,
11.1,4.8486785888671875,,3.712554931640625,
11.199999999999999,4.7311477661132812,,3.896514892578125,
11.300000000000001,4.6289520263671875,,3.9016265869140625,
11.4,4.7132644653320312,,3.9757232666015625,
11.5,4.7643661499023438,,4.116241455078125,
11.6,4.7694778442382812,,4.1136932373046875,
11.699999999999999,4.797576904296875,,4.2337722778320312,
11.800000000000001,4.8307952880859375,,4.4330673217773438,
11.9,4.8410186767578125,,4.5097122192382812,
12,4.818023681640625,,4.5608139038085938,
12.1,4.743927001953125,,4.6476821899414062,
12.199999999999999,4.6928253173828125,,4.8009872436523438,
12.300000000000001,4.7285919189453125,,4.8546371459960938,
12.4,4.7592544555664062,,4.8418655395507812,
12.5,4.73370361328125,,4.8750762939453125,
12.6,4.6902694702148438,,4.9593963623046875,
12.699999999999999,4.6417236328125,,5.08203125,
12.800000000000001,4.5804061889648438,,5.1561279296875,
12.9,4.319793701171875,,5.1944580078125,
13,4.0872879028320312,,5.08203125,
13.1,4.245697021484375,,4.8035430908203125,
13.199999999999999,4.577850341796875,,4.6783447265625,
13.300000000000001,4.65960693359375,,4.8418655395507812,
13.4,4.4654312133789062,,5.0385971069335938,
13.5,4.3836669921875,,5.10247802734375,
13.6,4.4424362182617188,,5.0437088012695312,
13.699999999999999,4.5190887451171875,,4.9006271362304688,
13.800000000000001,4.6085128784179688,,4.7652130126953125,
13.9,4.6391677856445312,,4.8980712890625,
14,4.5727386474609375,,5.3094329833984375,
14.1,4.5650787353515625,,5.4933929443359375,
14.199999999999999,4.7132644653320312,,5.403961181640625,
14.300000000000001,5.06585693359375,,5.368194580078125,
14.4,5.755706787109375,,5.81787109375,
14.5,6.5017623901367188,,6.82965087890625,
14.6,7.1226272583007812,,8.1327056884765625,
14.699999999999999,8.3183670043945312,,9.5098495483398438,
14.800000000000001,10.134979248046875,,11.175712585449219,
14.9,11.882598876953125,,13.495651245117188,
15,13.548454284667969,,16.32403564453125,
15.1,15.055908203125,,19.676193237304688,
15.199999999999999,16.3052978515625,,23.150993347167969,
15.300000000000001,17.286418914794922,,26.188888549804688,
15.4,18.31097412109375,,29.124584197998047,
15.5,19.739219665527344,,32.019397735595703,
15.6,21.504726409912109,,34.676597595214844,
15.699999999999999,23.433750152587891,,37.165168762207031,
15.800000000000001,25.035736083984375,,38.818252563476562,
15.9,25.493080139160156,,38.314918518066406,
16,24.008625030517578,,35.501861572265625,
16.100000000000001,21.259445190429688,,31.467517852783203,
16.199999999999999,18.681449890136719,,26.911952972412109,
16.300000000000001,16.83929443359375,,22.662990570068359,
16.399999999999999,15.824958801269531,,19.397697448730469,
16.5,15.372726440429688,,16.939788818359375,
16.600000000000001,15.050796508789062,,14.737380981445312,
16.699999999999999,14.590896606445312,,12.782806396484375,
16.800000000000001,14.169319152832031,,11.285575866699219,
16.899999999999999,13.855056762695312,,10.020851135253906,
17,13.499908447265625,,8.9860763549804688,
17.100000000000001,13.093666076660156,,8.1786956787109375,
17.199999999999999,12.7001953125,,7.3508758544921875,
17.300000000000001,12.329719543457031,,6.592041015625,
17.399999999999999,11.813613891601562,,6.09381103515625,
17.5,11.294944763183594,,5.8076553344726562,
17.600000000000001,10.927024841308594,,5.7335586547851562,
17.699999999999999,10.6025390625,,5.7207870483398438,
17.800000000000001,10.303604125976562,,5.6952362060546875,
17.899999999999999,10.0506591796875,,5.6722412109375,
18,9.8718109130859375,,5.6390228271484375,
18.100000000000001,9.8922500610351562,,5.6390228271484375,
18.199999999999999,10.306159973144531,,5.8076553344726562,
18.300000000000001,11.197853088378906,,6.0452728271484375,
18.399999999999999,12.316947937011719,,6.4055252075195312,
18.5,13.295509338378906,,7.0366058349609375,
18.600000000000001,14.028793334960938,,7.7852249145507812,
18.699999999999999,14.652214050292969,,8.59771728515625,
18.800000000000001,15.265419006347656,,9.44342041015625,
18.899999999999999,15.868392944335938,,10.312118530273438,
19,16.422828674316406,,11.257469177246094,
19.100000000000001,16.923606872558594,,12.328010559082031,
19.199999999999999,17.447383880615234,,13.434326171875,
19.300000000000001,17.843410491943359,,14.364349365234375,
19.399999999999999,18.098911285400391,,15.194725036621094,
19.5,18.415729522705078,,16.068534851074219,
19.600000000000001,18.763210296630859,,16.814594268798828,
19.699999999999999,18.878185272216797,,17.029212951660156,
19.800000000000001,18.328861236572266,,16.267822265625,
19.899999999999999,17.301750183105469,,14.857467651367188,
20,16.249092102050781,6.8415050506591797,13.34234619140625,4.3859648704528809
20.100000000000001,15.354843139648438,,11.837455749511719,
20.199999999999999,14.762077331542969,,10.432205200195312,
20.300000000000001,14.179542541503906,,9.1649246215820312,
20.399999999999999,13.568893432617188,,8.1863632202148438,
20.5,13.137100219726562,,7.45562744140625,
20.600000000000001,12.728302001953125,,6.8373184204101562,
20.699999999999999,12.291397094726562,,6.4336318969726562,
20.800000000000001,11.874931335449219,,6.1627960205078125,
20.899999999999999,11.547889709472656,,5.9175186157226562,
21,11.294944763183594,,5.7310028076171875,
21.100000000000001,11.024116516113281,,5.59814453125,
21.199999999999999,10.817161560058594,,5.4755020141601562,
21.300000000000001,10.697074890136719,,5.350311279296875,
21.399999999999999,10.773727416992188,,5.478057861328125,
21.5,11.3026123046875,,5.9635086059570312,
21.600000000000001,12.209632873535156,,6.5537109375,
21.699999999999999,13.162651062011719,,7.1694717407226562,
21.800000000000001,13.949592590332031,,7.82354736328125,
21.899999999999999,14.601112365722656,,8.5057373046875,
22,15.188766479492188,,9.2185821533203125,
22.100000000000001,15.778968811035156,,9.931427001953125,
22.199999999999999,16.415168762207031,,10.531852722167969,
22.300000000000001,16.959381103515625,,11.017295837402344,
22.399999999999999,17.439720153808594,,11.525741577148438,
22.5,17.899620056152344,,12.075065612792969,
22.600000000000001,18.316085815429688,,12.586067199707031,
22.699999999999999,18.694225311279297,,13.01275634765625,
22.800000000000001,18.829639434814453,,13.199272155761719,
22.899999999999999,18.592025756835938,,12.93865966796875,
23,17.996711730957031,,12.246253967285156,
23.100000000000001,17.199550628662109,,11.196151733398438,
23.199999999999999,16.369178771972656,,9.8241119384765625,
23.300000000000001,15.582237243652344,,8.4904022216796875,
23.399999999999999,14.818290710449219,,7.4735107421875,
23.5,14.125885009765625,,6.7172317504882812,
23.600000000000001,13.533126831054688,,6.2190093994140625,
23.699999999999999,13.001686096191406,,5.9456253051757812,
23.800000000000001,12.562225341796875,,5.8076553344726562,
23.899999999999999,12.247962951660156,,5.7386703491210938,
24,12.025672912597656,,5.6594619750976562,
24.100000000000001,11.708854675292969,,5.4908370971679688,
24.199999999999999,11.366485595703125,,5.3426437377929688,
24.300000000000001,11.123764038085938,,5.2506637573242188,
24.399999999999999,10.950019836425781,,5.148468017578125,
24.5,10.927024841308594,,5.0794830322265625,
24.600000000000001,11.031784057617188,,5.0999221801757812,
24.699999999999999,11.33837890625,,5.3630828857421875,
24.800000000000001,12.05633544921875,,5.9226303100585938,
24.899999999999999,12.942916870117188,,6.5179443359375,
25,13.671096801757812,,7.12603759765625,
25.100000000000001,14.327728271484375,,7.869537353515625,
25.199999999999999,14.979255676269531,,8.6769180297851562,
25.300000000000001,15.600120544433594,,9.4842987060546875,
25.399999999999999,16.200546264648438,,10.250801086425781,
25.5,16.788192749023438,,11.027519226074219,
25.600000000000001,17.378398895263672,,11.794021606445312,
25.699999999999999,17.971160888671875,,12.412330627441406,
25.800000000000001,18.400398254394531,,12.885002136230469,
25.899999999999999,18.625240325927734,,13.1788330078125,
26,18.517929077148438,,12.969322204589844,
26.100000000000001,17.966049194335938,,12.246253967285156,
26.199999999999999,17.209770202636719,,11.313682556152344,
26.300000000000001,16.364067077636719,,10.342781066894531,
26.399999999999999,15.513252258300781,,9.4664154052734375,
26.5,14.882164001464844,,8.7637863159179688,
26.600000000000001,14.368606567382812,,8.0662765502929688,
26.699999999999999,13.819282531738281,,7.4019775390625,
26.800000000000001,13.405372619628906,,6.9395217895507812,
26.899999999999999,13.098777770996094,,6.5945968627929688,
27,12.833053588867188,,6.3109893798828125,
27.100000000000001,12.562225341796875,,6.0657119750976562,
27.199999999999999,12.253067016601562,,5.920074462890625,
27.300000000000001,12.015457153320312,,5.8766403198242188,
27.399999999999999,11.859603881835938,,5.7948760986328125,
27.5,11.606658935546875,,5.6236953735351562,
27.600000000000001,11.363929748535156,,5.5266036987304688,
27.699999999999999,11.259178161621094,,5.5368270874023438,
27.800000000000001,11.195297241210938,,5.5828170776367188,
27.899999999999999,11.144203186035156,,5.6466903686523438,
28,11.054779052734375,,5.6696853637695312,
28.100000000000001,11.019004821777344,,5.7386703491210938,
28.199999999999999,11.287277221679688,,6.0733718872070312,
28.300000000000001,11.892814636230469,,6.5307159423828125,
28.399999999999999,12.702751159667969,,7.0672683715820312,
28.5,13.525459289550781,,7.8848724365234375,
28.600000000000001,14.294517517089844,,9.0703887939453125,
28.699999999999999,15.107002258300781,,10.756690979003906,
28.800000000000001,15.955268859863281,,13.045967102050781,
28.899999999999999,16.8955078125,,15.744049072265625,
29,17.932834625244141,,18.483009338378906,
29.100000000000001,19.149013519287109,,21.1248779296875,
29.199999999999999,20.423961639404297,,23.886833190917969,
29.300000000000001,21.670799255371094,,27.078029632568359,
29.399999999999999,23.088825225830078,,30.407192230224609,
29.5,24.593719482421875,,33.289234161376953,
29.600000000000001,26.029628753662109,,35.409881591796875,
29.699999999999999,27.064403533935547,,36.710376739501953,
29.800000000000001,27.097618103027344,,36.618396759033203,
29.899999999999999,25.562065124511719,,34.438983917236328,
30,22.848655700683594,10.8616943359375,30.895198822021484,4.3478260040283203
30.100000000000001,19.941066741943359,,27.302867889404297,
30.199999999999999,17.426944732666016,,24.167884826660156,
30.300000000000001,15.53369140625,,21.431480407714844,
30.399999999999999,14.406936645507812,,18.942909240722656,
30.5,13.9521484375,,16.717502593994141,
30.600000000000001,13.755409240722656,,14.939224243164062,
30.699999999999999,13.742637634277344,,13.424110412597656,
30.800000000000001,13.752853393554688,,11.873222351074219,
30.899999999999999,13.533126831054688,,10.475639343261719,
31,13.292953491210938,,9.4102020263671875,
31.100000000000001,13.093666076660156,,8.5644989013671875,
31.199999999999999,12.879043579101562,,7.91552734375,
31.300000000000001,12.728302001953125,,7.3866424560546875,
31.399999999999999,12.610771179199219,,6.9625167846679688,
31.5,12.536674499511719,,6.6431427001953125,
31.600000000000001,12.457473754882812,,6.379974365234375,
31.699999999999999,12.278617858886719,,6.0708160400390625,
31.800000000000001,12.02056884765625,,5.7693328857421875,
31.899999999999999,11.880043029785156,,5.5598220825195312,
32,11.869819641113281,,5.332427978515625,
32.100000000000001,11.874931335449219,,5.110137939453125,
32.200000000000003,11.849380493164062,,4.9568405151367188,
32.299999999999997,11.747177124023438,,4.9134063720703125,
32.399999999999999,11.619430541992188,,4.9593963623046875,
32.5,11.606658935546875,,5.0769271850585938,
32.600000000000001,11.662864685058594,,5.2276687622070312,
32.700000000000003,11.795722961425781,,5.4550628662109375,
32.799999999999997,11.977127075195312,,5.8127670288085938,
32.899999999999999,12.132987976074219,,6.5767059326171875,
33,12.57244873046875,,8.2962265014648438,
33.100000000000001,13.34405517578125,,10.25335693359375,
33.200000000000003,13.837173461914062,,11.201255798339844,
33.299999999999997,13.862716674804688,,11.456756591796875,
33.399999999999999,13.74774169921875,,11.214035034179688,
33.5,13.837173461914062,,10.324897766113281,
33.600000000000001,13.67620849609375,,9.5456161499023438,
33.700000000000003,14.212753295898438,,9.7806777954101562,
33.799999999999997,14.320068359375,,10.309562683105469,
33.899999999999999,13.303176879882812,,10.552291870117188,
34,13.461585998535156,,10.536956787109375,
34.100000000000001,13.847389221191406,,10.064285278320312,
34.200000000000003,14.268966674804688,,10.100051879882812,
34.299999999999997,14.698204040527344,,11.02496337890625,
34.399999999999999,15.285858154296875,,12.141502380371094,
34.5,16.399833679199219,,13.431777954101562,
34.600000000000001,17.876625061035156,,15.465553283691406,
34.700000000000003,18.740215301513672,,17.172294616699219,
34.799999999999997,18.768321990966797,,17.412464141845703,
34.899999999999999,18.719776153564453,,16.960227966308594,
35,18.364631652832031,,16.418567657470703,
35.100000000000001,17.725879669189453,,15.125740051269531,
35.200000000000003,17.007926940917969,,13.513534545898438,
35.299999999999997,16.540359497070312,,11.799125671386719,
35.399999999999999,15.911827087402344,,9.8266677856445312,
35.5,15.3497314453125,,8.1965789794921875,
35.600000000000001,14.813179016113281,,7.023834228515625,
35.700000000000003,14.182098388671875,,6.5230560302734375,
35.799999999999997,13.635322570800781,,6.3569793701171875,
35.899999999999999,13.093666076660156,,6.160247802734375,
36,12.728302001953125,,6.0069427490234375,
36.100000000000001,12.46002197265625,,5.7948760986328125,
36.200000000000003,12.212188720703125,,5.5674819946289062,
36.299999999999997,12.043563842773438,,5.4167404174804688,
36.399999999999999,11.859603881835938,,5.2992095947265625,
36.5,11.716522216796875,,5.276214599609375,
36.600000000000001,11.593879699707031,,5.3528671264648438,
36.700000000000003,11.545333862304688,,5.4295120239257812,
36.799999999999997,11.573440551757812,,5.4014129638671875,
36.899999999999999,11.496788024902344,,5.276214599609375,
37,11.4124755859375,,5.2225570678710938,
37.100000000000001,11.379257202148438,,5.2225570678710938,
37.200000000000003,11.335823059082031,,5.24810791015625,
37.299999999999997,11.289833068847656,,5.294097900390625,
37.399999999999999,11.254066467285156,,5.3196487426757812,
37.5,11.225959777832031,,5.35797119140625,
37.600000000000001,11.225959777832031,,5.4090728759765625,
37.700000000000003,11.294944763183594,,5.4141845703125,
37.799999999999997,11.261734008789062,,5.2966537475585938,
37.899999999999999,11.17230224609375,,5.184234619140625,
38,11.162086486816406,,5.1919021606445312,
38.100000000000001,11.131423950195312,,5.2276687622070312,
38.200000000000003,11.156974792480469,,5.2685470581054688,
38.299999999999997,11.32049560546875,,5.3426437377929688,
38.399999999999999,11.708854675292969,,5.5598220825195312,
38.5,12.268402099609375,,5.9507369995117188,
38.600000000000001,12.807502746582031,,6.4208526611328125,
38.700000000000003,13.382377624511719,,6.8373184204101562,
38.799999999999997,14.100334167480469,,7.1362533569335938,
38.899999999999999,14.657325744628906,,7.3610916137695312,
39,15.066123962402344,,7.6906890869140625,
39.100000000000001,15.595008850097656,,8.3882064819335938,
39.200000000000003,16.210762023925781,,9.5839462280273438,
39.299999999999997,16.614456176757812,,10.784797668457031,
39.399999999999999,16.680885314941406,,11.584510803222656,
39.5,16.665557861328125,,12.133834838867188,
39.600000000000001,16.611900329589844,,12.458320617675781,
39.700000000000003,16.4892578125,,12.442985534667969,
39.799999999999997,16.215873718261719,,12.031631469726562,
39.899999999999999,15.755973815917969,,11.280464172363281,
40,15.129997253417969,15.332197189331055,10.386215209960938,4.3103451728820801
40.100000000000001,14.496360778808594,,9.5481719970703125,
40.200000000000003,13.967475891113281,,8.7510147094726562,
40.299999999999997,13.505020141601562,,8.0969314575195312,
40.399999999999999,13.075782775878906,,7.6165924072265625,
40.5,12.666976928710938,,7.218017578125,
40.600000000000001,12.375709533691406,,6.913970947265625,
40.700000000000003,12.217300415039062,,6.7427825927734375,
40.799999999999997,12.112548828125,,6.5690460205078125,
40.899999999999999,11.984794616699219,,6.3569793701171875,
41,11.897926330566406,,6.2931060791015625,
41.100000000000001,11.880043029785156,,6.3365402221679688,
41.200000000000003,11.877487182617188,,6.3723068237304688,
41.299999999999997,11.877487182617188,,6.3953018188476562,
41.399999999999999,11.846824645996094,,6.3825302124023438,
41.5,11.823829650878906,,6.3544235229492188,
41.600000000000001,11.87237548828125,,6.3569793701171875,
41.700000000000003,11.903038024902344,,6.2368927001953125,
41.799999999999997,11.844268798828125,,6.0018310546875,
41.899999999999999,11.805946350097656,,5.9047470092773438,
42,11.849380493164062,,5.9788360595703125,
42.100000000000001,12.079330444335938,,6.3212127685546875,
42.200000000000003,12.552001953125,,6.9165267944335938,
42.299999999999997,13.12432861328125,,7.5910415649414062,
42.399999999999999,13.658317565917969,,8.2732315063476562,
42.5,14.253631591796875,,8.9349746704101562,
42.600000000000001,14.718643188476562,,9.425537109375,
42.700000000000003,14.810623168945312,,9.5916061401367188,
42.799999999999997,14.629219055175781,,9.4536361694335938,
42.899999999999999,14.307289123535156,,9.121490478515625,
43,14.000686645507812,,8.7331314086914062,
43.100000000000001,13.653213500976562,,8.3089981079101562,
43.200000000000003,13.272514343261719,,7.815887451171875,
43.299999999999997,12.94036865234375,,7.2282333374023438,
43.399999999999999,12.707862854003906,,6.5843734741210938,
43.5,12.493240356445312,,6.0835952758789062,
43.600000000000001,12.291397094726562,,5.8996353149414062,
43.700000000000003,12.227523803710938,,5.87408447265625,
43.799999999999997,12.189193725585938,,5.8076553344726562,
43.899999999999999,12.0001220703125,,5.65435791015625,
44,11.839157104492188,,5.5240478515625,
44.100000000000001,11.864707946777344,,5.5036087036132812,
44.200000000000003,11.851936340332031,,5.4295120239257812,
44.299999999999997,11.782951354980469,,5.3426437377929688,
44.399999999999999,11.731849670410156,,5.3196487426757812,
44.5,11.655197143554688,,5.3170928955078125,
44.600000000000001,11.619430541992188,,5.3554229736328125,
44.700000000000003,11.596435546875,,5.403961181640625,
44.799999999999997,11.575996398925781,,5.4295120239257812,
44.899999999999999,11.637313842773438,,5.4448471069335938,
45,11.680747985839844,,5.368194580078125,
45.100000000000001,11.800834655761719,,5.3937454223632812,
45.200000000000003,12.217300415039062,,5.6977920532226562,
45.299999999999997,12.838165283203125,,6.1704635620117188,
45.399999999999999,13.5101318359375,,6.7887725830078125,
45.5,14.15399169921875,,7.4735107421875,
45.600000000000001,14.721199035644531,,8.1378173828125,
45.700000000000003,15.288414001464844,,8.7586822509765625,
45.799999999999997,15.669105529785156,,9.1930313110351562,
45.899999999999999,15.663993835449219,,9.33355712890625,
46,15.326736450195312,,9.0857162475585938,
46.100000000000001,14.749305725097656,,8.4418563842773438,
46.200000000000003,14.164207458496094,,7.7392349243164062,
46.299999999999997,13.668540954589844,,7.1234817504882812,
46.399999999999999,13.382377624511719,,6.7683334350585938,
46.5,13.313392639160156,,6.7811126708984375,
46.600000000000001,13.30828857421875,,6.8449859619140625,
46.700000000000003,13.1422119140625,,6.6712417602539062,
46.799999999999997,12.945472717285156,,6.46173095703125,
46.899999999999999,12.743629455566406,,6.3493118286132812,
47,13.088554382324219,,6.857757568359375,
47.100000000000001,14.151435852050781,,7.979400634765625,
47.200000000000003,14.534683227539062,,8.5363922119140625,
47.299999999999997,14.033905029296875,,8.4163131713867188,
47.399999999999999,13.374717712402344,,8.025390625,
47.5,12.830497741699219,,7.447967529296875,
47.600000000000001,12.758956909179688,,6.9906158447265625,
47.700000000000003,13.221412658691406,,6.9650726318359375,
47.799999999999997,13.218856811523438,,6.8143234252929688,
47.899999999999999,12.546897888183594,,6.6048126220703125,
48,12.493240356445312,,6.5869293212890625,
48.100000000000001,12.7359619140625,,6.3774185180664062,
48.200000000000003,12.521347045898438,,6.4923934936523438,
48.299999999999997,12.75640869140625,,7.2972183227539062,
48.399999999999999,14.110557556152344,,8.6079330444335938,
48.5,15.214317321777344,,9.8215560913085938,
48.600000000000001,14.897499084472656,,10.664710998535156,
48.700000000000003,16.088127136230469,,11.852783203125,
48.799999999999997,16.622123718261719,,12.752143859863281,
48.899999999999999,15.388053894042969,,12.872230529785156,
49,15.732978820800781,,13.173721313476562,
49.100000000000001,16.565910339355469,,13.020416259765625,
49.200000000000003,16.154556274414062,,11.957542419433594,
49.299999999999997,14.417152404785156,,10.342781066894531,
49.399999999999999,13.906158447265625,,9.323333740234375,
49.5,13.745193481445312,,9.019287109375,
49.600000000000001,13.262298583984375,,8.3473281860351562,
49.700000000000003,13.206085205078125,,7.5348358154296875,
49.799999999999997,13.121772766113281,,6.8552017211914062,
49.899999999999999,13.45391845703125,,6.5843734741210938,
50,13.055343627929688,0,6.6610260009765625,0
50.100000000000001,13.415596008300781,,7.3840866088867188,
50.200000000000003,14.1361083984375,,8.6718063354492188,
50.299999999999997,14.215309143066406,,9.7525711059570312,
50.399999999999999,14.897499084472656,,10.792457580566406,
50.5,15.135108947753906,,11.535964965820312,
50.600000000000001,15.012474060058594,,11.515525817871094,
50.700000000000003,14.81573486328125,,10.909988403320312,
50.799999999999997,14.514244079589844,,10.350440979003906,
50.899999999999999,14.325172424316406,,9.8598861694335938,
51,14.225532531738281,,9.3080062866210938,
51.100000000000001,14.07989501953125,,8.9068679809570312,
51.200000000000003,13.732414245605469,,8.4801864624023438,
51.299999999999997,13.3619384765625,,8.1965789794921875,
51.399999999999999,13.165206909179688,,8.0943756103515625,
51.5,13.017013549804688,,8.0662765502929688,
51.600000000000001,12.871383666992188,,8.0764923095703125,
51.700000000000003,12.746185302734375,,8.0381698608398438,
51.799999999999997,12.689971923828125,,7.9461898803710938,
51.899999999999999,12.539230346679688,,7.6728057861328125,
52,12.378265380859375,,7.5603866577148438,
52.100000000000001,12.495796203613281,,8.0100631713867188,
52.200000000000003,12.666976928710938,,8.3830947875976562,
52.299999999999997,12.613327026367188,,8.237457275390625,
52.399999999999999,12.334831237792969,,8.025390625,
52.5,12.288841247558594,,8.421417236328125,
52.600000000000001,13.047676086425781,,9.6861419677734375,
52.700000000000003,14.261299133300781,,11.247245788574219,
52.799999999999997,14.946037292480469,,12.299911499023438,
52.899999999999999,15.061012268066406,,12.782806396484375,
53,14.938377380371094,,12.910552978515625,
53.100000000000001,14.777412414550781,,12.777694702148438,
53.200000000000003,14.77996826171875,,12.458320617675781,
53.299999999999997,14.744194030761719,,11.7786865234375,
53.399999999999999,14.649658203125,,11.145050048828125,
53.5,14.621551513671875,,10.889549255371094,
53.600000000000001,14.544906616210938,,10.646827697753906,
53.700000000000003,14.314956665039062,,10.337669372558594,
53.799999999999997,14.138656616210938,,10.467971801757812,
53.899999999999999,13.885711669921875,,10.876777648925781,
54,13.474357604980469,,11.234474182128906,
54.100000000000001,13.096221923828125,,11.487419128417969,
54.200000000000003,13.091110229492188,,11.515525817871094,
54.299999999999997,13.336387634277344,,11.492530822753906,
54.399999999999999,13.594444274902344,,11.699485778808594,
54.5,13.663429260253906,,11.921768188476562,
54.600000000000001,12.615882873535156,,11.855339050292969,
54.700000000000003,11.83660888671875,,12.798133850097656,
54.799999999999997,13.333831787109375,,15.192169189453125,
54.899999999999999,15.658882141113281,,17.859588623046875,
55,17.028366088867188,,19.959800720214844,
55.100000000000001,17.567470550537109,,20.953693389892578,
55.200000000000003,17.564914703369141,,20.838718414306641,
55.299999999999997,17.406505584716797,,20.105434417724609,
55.399999999999999,19.146461486816406,,19.203517913818359,
55.5,19.384075164794922,,17.438014984130859,
55.600000000000001,17.007926940917969,,15.013320922851562,
55.700000000000003,16.070243835449219,,13.385787963867188,
55.799999999999997,15.796852111816406,,12.437881469726562,
55.899999999999999,15.500473022460938,,11.696929931640625,
56,15.191322326660156,,10.943206787109375,
56.100000000000001,14.795295715332031,,10.186927795410156,
56.200000000000003,14.437591552734375,,9.6835861206054688,
56.299999999999997,14.537239074707031,,9.6938095092773438,
56.399999999999999,15.173439025878906,,10.161376953125,
56.5,15.888832092285156,,10.795013427734375,
56.600000000000001,16.28741455078125,,11.799125671386719,
56.700000000000003,16.596572875976562,,13.074073791503906,
56.799999999999997,17.148452758789062,,14.016868591308594,
56.899999999999999,17.659450531005859,,14.530426025390625,
57,18.231769561767578,,14.92645263671875,
57.100000000000001,18.970165252685547,,15.450225830078125,
57.200000000000003,19.660015106201172,,16.216724395751953,
57.299999999999997,20.288543701171875,,17.269382476806641,
57.399999999999999,20.955398559570312,,18.442127227783203,
57.5,21.417854309082031,,19.08343505859375,
57.600000000000001,21.412746429443359,,18.988899230957031,
57.700000000000003,20.947734832763672,,18.301605224609375,
57.799999999999997,20.2425537109375,,17.100753784179688,
57.899999999999999,19.606361389160156,,15.669952392578125,
58,19.090251922607422,,14.239151000976562,
58.100000000000001,18.630352020263672,,12.695930480957031,
58.200000000000003,18.042701721191406,,10.955978393554688,
58.299999999999997,17.378398895263672,,9.5302886962890625,
58.399999999999999,16.905723571777344,,8.7024688720703125,
58.5,16.509696960449219,,8.11737060546875,
58.600000000000001,16.223541259765625,,7.741790771484375,
58.700000000000003,16.131561279296875,,7.6549224853515625,
58.799999999999997,16.0855712890625,,7.60382080078125,
58.899999999999999,16.141777038574219,,7.547607421875,
59,16.011474609375,,7.3329925537109375,
59.100000000000001,15.7176513671875,,7.01361083984375,
59.200000000000003,15.612892150878906,,6.8526458740234375,
59.299999999999997,15.899055480957031,,7.1541366577148438,
59.399999999999999,16.757537841796875,,8.2578964233398438,
59.5,17.927726745605469,,9.7244720458984375,
59.600000000000001,19.123466491699219,,11.382667541503906,
59.700000000000003,20.214450836181641,,13.321907043457031,
59.799999999999997,20.973285675048828,,15.169174194335938,
59.899999999999999,21.642696380615234,,16.975559234619141,
60,22.4500732421875,12.008005142211914,18.942909240722656,6.004002571105957
60.100000000000001,23.300888061523438,,21.004795074462891,
60.200000000000003,24.241130828857422,,23.028354644775391,
60.299999999999997,24.971858978271484,,24.609897613525391,
60.399999999999999,24.869659423828125,,24.878173828125,
60.5,23.753124237060547,,23.416713714599609,
60.600000000000001,22.15625,,21.173423767089844,
60.700000000000003,20.814876556396484,,19.121757507324219,
60.799999999999997,19.897628784179688,,17.363918304443359,
60.899999999999999,19.220554351806641,,15.759380340576172,
61,18.704444885253906,,14.272369384765625,
61.100000000000001,18.252208709716797,,12.82879638671875,
61.200000000000003,17.996711730957031,,11.571731567382812,
61.299999999999997,17.897064208984375,,10.756690979003906,
61.399999999999999,17.401393890380859,,10.084724426269531,
61.5,16.844406127929688,,9.5890579223632812,
61.600000000000001,16.660446166992188,,9.4025421142578125,
61.700000000000003,16.519920349121094,,9.2415771484375,
61.799999999999997,16.307853698730469,,9.1240463256835938,
61.899999999999999,15.962928771972656,,8.9451980590820312,
62,15.766197204589844,,8.6590347290039062,
62.100000000000001,15.732978820800781,,8.3498764038085938,
62.200000000000003,15.472373962402344,,7.8848724365234375,
62.299999999999997,15.278190612792969,,7.5271682739257812,
62.399999999999999,15.290962219238281,,7.4019775390625,
62.5,15.377838134765625,,7.4581832885742188,
62.600000000000001,15.727867126464844,,7.9053115844726562,
62.700000000000003,16.323188781738281,,8.6360397338867188,
62.799999999999997,17.102462768554688,,9.5149612426757812,
62.899999999999999,17.976268768310547,,10.475639343261719,
63,18.56903076171875,,11.219146728515625,
63.100000000000001,18.988048553466797,,11.857894897460938,
63.200000000000003,19.534820556640625,,12.670387268066406,
63.299999999999997,20.089256286621094,,13.539085388183594,
63.399999999999999,20.630916595458984,,14.351577758789062,
63.5,20.993724822998047,,14.903457641601562,
63.600000000000001,20.860866546630859,,14.826805114746094,
63.700000000000003,20.285991668701172,,14.129287719726562,
63.799999999999997,19.348304748535156,,12.982093811035156,
63.899999999999999,18.290534973144531,,11.742919921875,
64,17.472934722900391,,10.695365905761719,
64.099999999999994,16.872512817382812,,9.7142486572265625,
64.200000000000003,16.374282836914062,,8.7918930053710938,
64.299999999999997,15.876060485839844,,8.0228424072265625,
64.400000000000006,15.482589721679688,,7.4402999877929688,
64.5,15.283302307128906,,7.059600830078125,
64.599999999999994,15.081459045410156,,6.7453384399414062,
64.700000000000003,14.787628173828125,,6.4847259521484375,
64.799999999999997,14.621551513671875,,6.4464035034179688,
64.900000000000006,14.601112365722656,,6.5664901733398438,
65,14.593452453613281,,6.7453384399414062,
65.099999999999994,14.580673217773438,,6.94207763671875,
65.200000000000003,14.713539123535156,,7.172027587890625,
65.299999999999997,15.099342346191406,,7.3023300170898438,
65.400000000000006,15.469818115234375,,7.4786224365234375,
65.5,15.934822082519531,,8.2349014282226562,
65.599999999999994,16.65533447265625,,9.38720703125,
65.700000000000003,17.345184326171875,,10.703033447265625,
65.799999999999997,17.963493347167969,,12.195152282714844,
65.900000000000006,18.712108612060547,,13.6923828125,
66,19.363636016845703,,15.015876770019531,
66.099999999999994,19.698341369628906,,15.736385345458984,
66.200000000000003,19.422401428222656,,15.342910766601562,
66.299999999999997,18.364631652832031,,14.103736877441406,
66.400000000000006,17.437164306640625,,12.787910461425781,
66.5,16.900611877441406,,11.740364074707031,
66.599999999999994,16.346183776855469,,10.884437561035156,
66.700000000000003,15.80963134765625,,10.020851135253906,
66.799999999999997,15.411048889160156,,9.2441329956054688,
66.900000000000006,15.204093933105469,,8.6539230346679688,
67,15.004806518554688,,8.1224822998046875,
67.099999999999994,14.900047302246094,,7.777557373046875,
67.200000000000003,14.917938232421875,,7.6472549438476562,
67.299999999999997,14.754417419433594,,7.3662033081054688,
67.400000000000006,14.593452453613281,,7.0263900756835938,
67.5,14.601112365722656,,6.9650726318359375,
67.599999999999994,14.611335754394531,,7.0442733764648438,
67.700000000000003,14.516799926757812,,6.9446258544921875,
67.799999999999997,14.225532531738281,,6.655914306640625,
67.900000000000006,14.013465881347656,,6.4975051879882812,
68,14.187202453613281,,6.71978759765625,
68.099999999999994,14.751861572265625,,7.28955078125,
68.200000000000003,15.638442993164062,,8.0305023193359375,
68.299999999999997,16.555686950683594,,8.919647216796875,
68.400000000000006,17.424388885498047,,9.9595260620117188,
68.5,18.216438293457031,,10.904876708984375,
68.599999999999994,18.684005737304688,,11.635612487792969,
68.700000000000003,19.062145233154297,,12.310127258300781,
68.799999999999997,19.499050140380859,,13.022972106933594,
68.900000000000006,19.800540924072266,,13.608070373535156,
69,19.833755493164062,,13.753707885742188,
69.099999999999994,19.386631011962891,,13.355125427246094,
69.200000000000003,18.627796173095703,,12.629501342773438,
69.299999999999997,17.912395477294922,,11.676490783691406,
69.400000000000006,17.1893310546875,,10.36322021484375,
69.5,16.366622924804688,,8.9937362670898438,
69.599999999999994,15.638442993164062,,8.0560531616210938,
69.700000000000003,15.066123962402344,,7.5041732788085938,
69.799999999999997,14.626663208007812,,7.189910888671875,
69.900000000000006,14.320068359375,,7.0340576171875,
70,14.11566162109375,22.222223281860352,6.9625167846679688,16.393442153930664
70.099999999999994,13.9879150390625,,6.9292984008789062,
70.200000000000003,13.954696655273438,,6.9165267944335938,
70.299999999999997,13.898490905761719,,6.7811126708984375,
70.400000000000006,13.706863403320312,,6.53582763671875,
70.5,13.558677673339844,,6.4234085083007812,
70.599999999999994,13.512687683105469,,6.4182968139648438,
70.700000000000003,13.512687683105469,,6.4336318969726562,
70.799999999999997,13.640434265136719,,6.5588226318359375,
70.900000000000006,14.077339172363281,,7.0110626220703125,
71,14.923042297363281,,7.7673416137695312,
71.099999999999994,15.9373779296875,,8.5644989013671875,
71.200000000000003,16.826522827148438,,9.2722320556640625,
71.299999999999997,17.401393890380859,,9.8956527709960938,
71.400000000000006,17.871513366699219,,10.603385925292969,
71.5,18.425949096679688,,11.395439147949219,
71.599999999999994,18.998271942138672,,12.121055603027344,
71.700000000000003,19.532264709472656,,12.739372253417969,
71.799999999999997,19.846530914306641,,13.189048767089844,
71.900000000000006,19.631908416748047,,13.153282165527344,
72,18.977828979492188,,12.616729736328125,
72.099999999999994,18.155120849609375,,11.707145690917969,
72.200000000000003,17.20721435546875,,10.626380920410156,
72.299999999999997,16.407501220703125,,9.709136962890625,
72.400000000000006,15.868392944335938,,8.9962921142578125,
72.5,15.428932189941406,,8.4188613891601562,
72.599999999999994,15.009918212890625,,7.9027557373046875,
72.700000000000003,14.649658203125,,7.483734130859375,
72.799999999999997,14.378829956054688,,7.207794189453125,
72.900000000000006,14.217864990234375,,7.05194091796875,
73,14.016021728515625,,6.8245468139648438,
73.099999999999994,13.732414245605469,,6.5537109375,
73.200000000000003,13.551010131835938,,6.454071044921875,
73.299999999999997,13.476913452148438,,6.454071044921875,
73.400000000000006,13.476913452148438,,6.4872817993164062,
73.5,13.561233520507812,,6.5562667846679688,
73.599999999999994,13.906158447265625,,6.839874267578125,
73.700000000000003,14.664993286132812,,7.4351882934570312,
73.799999999999997,15.628227233886719,,8.1429214477539062,
73.900000000000006,16.364067077636719,,8.7561264038085938,
74,16.972152709960938,,9.3744354248046875,
74.099999999999994,17.644119262695312,,10.143486022949219,
74.200000000000003,18.272651672363281,,10.935539245605469,
74.299999999999997,18.873073577880859,,11.673934936523438,
74.400000000000006,19.435176849365234,,12.371452331542969,
74.5,19.8746337890625,,12.966766357421875,
74.599999999999994,19.889965057373047,,13.206932067871094,
74.700000000000003,19.228221893310547,,12.685714721679688,
74.799999999999997,18.190891265869141,,11.684150695800781,
74.900000000000006,17.212326049804688,,10.743911743164062,
75,16.417716979980469,,9.8598861694335938,
75.099999999999994,15.692100524902344,,9.0371780395507812,
75.200000000000003,15.089118957519531,,8.477630615234375,
75.299999999999997,14.636886596679688,,8.1327056884765625,
75.400000000000006,14.222976684570312,,7.8005523681640625,
75.5,14.054344177246094,,7.6446990966796875,
75.599999999999994,13.8780517578125,,7.3585357666015625,
75.700000000000003,13.441146850585938,,6.7555618286132812,
75.799999999999997,13.014457702636719,,6.252227783203125,
75.900000000000006,12.871383666992188,,6.0835952758789062,
76,12.914817810058594,,6.2803268432617188,
76.099999999999994,13.177978515625,,7.0621566772460938,
76.200000000000003,13.998138427734375,,8.477630615234375,
76.299999999999997,15.160659790039062,,10.189476013183594,
76.400000000000006,16.346183776855469,,12.325462341308594,
76.5,17.048805236816406,,14.471656799316406,
76.599999999999994,17.125457763671875,,15.751712799072266,
76.700000000000003,17.363071441650391,,16.464557647705078,
76.799999999999997,17.805084228515625,,16.722614288330078,
76.900000000000006,18.050365447998047,,16.168178558349609,
77,18.032478332519531,,15.066970825195312,
77.099999999999994,17.429500579833984,,13.587631225585938,
77.200000000000003,16.542915344238281,,12.069961547851562,
77.299999999999997,15.674217224121094,,10.626380920410156,
77.400000000000006,14.721199035644531,,9.3667678833007812,
77.5,13.908706665039062,,8.70758056640625,
77.599999999999994,13.236747741699219,,8.3805389404296875,
77.700000000000003,12.656761169433594,,8.0994873046875,
77.799999999999997,12.219856262207031,,7.869537353515625,
77.900000000000006,11.926033020019531,,7.6421432495117188,
78,11.790618896484375,,7.4045257568359375,
78.099999999999994,11.785507202148438,,7.2052383422851562,
78.200000000000003,11.897926330566406,,7.373870849609375,
78.299999999999997,12.385932922363281,,8.19146728515625,
78.400000000000006,13.333831787109375,,9.3744354248046875,
78.5,14.360946655273438,,10.7132568359375,
78.599999999999994,15.306297302246094,,12.233482360839844,
78.700000000000003,16.320632934570312,,14.001541137695312,
78.799999999999997,17.288974761962891,,15.833473205566406,
78.900000000000006,17.968605041503906,,17.149299621582031,
79,18.31097412109375,,17.581092834472656,
79.099999999999994,18.31097412109375,,17.325595855712891,
79.200000000000003,17.966049194335938,,16.564205169677734,
79.299999999999997,17.421836853027344,,15.534538269042969,
79.400000000000006,16.885284423828125,,14.486991882324219,
79.5,16.3436279296875,,13.309135437011719,
79.599999999999994,15.761085510253906,,12.057182312011719,
79.700000000000003,15.191322326660156,,10.835891723632812,
79.799999999999997,14.70587158203125,,9.7295761108398438,
79.900000000000006,14.358390808105469,,8.8583221435546875,
80,14.018577575683594,21.989528656005859,8.219573974609375,12.573344230651855
80.099999999999994,13.724746704101562,,7.8363265991210938,
80.200000000000003,13.505020141601562,,7.5910415649414062,
80.299999999999997,13.328727722167969,,7.3534317016601562,
80.400000000000006,13.300621032714844,,7.1183700561523438,
80.5,13.382377624511719,,6.8807525634765625,
80.599999999999994,13.487136840820312,,6.7734451293945312,
80.700000000000003,13.696647644042969,,7.0366058349609375,
80.799999999999997,14.307289123535156,,7.8082199096679688,
80.900000000000006,15.165771484375,,8.689697265625,
81,15.873504638671875,,9.5839462280273438,
81.099999999999994,16.560798645019531,,10.759246826171875,
81.200000000000003,17.383510589599609,,12.123611450195312,
81.299999999999997,18.285423278808594,,13.592742919921875,
81.400000000000006,19.164344787597656,,15.097633361816406,
81.5,19.953838348388672,,16.464557647705078,
81.599999999999994,20.70245361328125,,17.696067810058594,
81.700000000000003,21.40252685546875,,18.751285552978516,
81.799999999999997,21.752559661865234,,19.134532928466797,
81.900000000000006,21.435741424560547,,18.577545166015625,
82,20.615585327148438,,17.407352447509766,
82.099999999999994,19.680454254150391,,15.984218597412109,
82.200000000000003,18.755546569824219,,14.448661804199219,
82.299999999999997,17.856185913085938,,12.851791381835938,
82.400000000000006,17.051361083984375,,11.31878662109375,
82.5,16.438163757324219,,10.023406982421875,
82.599999999999994,16.034469604492188,,8.9911880493164062,
82.700000000000003,15.531135559082031,,8.0867156982421875,
82.799999999999997,14.99969482421875,,7.4454116821289062,
82.900000000000006,14.6138916015625,,7.1924667358398438,
83,14.279182434082031,,7.1285858154296875,
83.099999999999994,14.046676635742188,,7.133697509765625,
83.200000000000003,13.893379211425781,,7.151580810546875,
83.299999999999997,13.806510925292969,,7.1694717407226562,
83.400000000000006,13.783515930175781,,7.189910888671875,
83.5,13.814178466796875,,7.1413650512695312,
83.599999999999994,13.727302551269531,,6.9701766967773438,
83.700000000000003,13.834617614746094,,7.0544967651367188,
83.799999999999997,14.514244079589844,,7.67791748046875,
83.900000000000006,15.510696411132812,,8.5542831420898438,
84,16.532691955566406,,9.5277328491210938,
84.099999999999994,17.447383880615234,,10.608497619628906,
84.200000000000003,18.318641662597656,,11.709701538085938,
84.299999999999997,19.110691070556641,,12.752143859863281,
84.400000000000006,19.767326354980469,,13.597846984863281,
84.5,20.130134582519531,,14.131843566894531,
84.599999999999994,20.349864959716797,,14.561080932617188,
84.700000000000003,20.434181213378906,,14.752708435058594,
84.799999999999997,19.974281311035156,,14.30047607421875,
84.900000000000006,19.192451477050781,,13.449661254882812,
85,18.390178680419922,,12.560516357421875,
85.099999999999994,17.595573425292969,,11.648384094238281,
85.200000000000003,16.928718566894531,,10.723472595214844,
85.299999999999997,16.307853698730469,,9.7116928100585938,
85.400000000000006,15.561798095703125,,8.7126922607421875,
85.5,14.986923217773438,,7.97174072265625,
85.599999999999994,14.647102355957031,,7.5143966674804688,
85.700000000000003,14.33795166015625,,7.2512283325195312,
85.799999999999997,14.102890014648438,,7.1030426025390625,
85.900000000000006,13.944480895996094,,7.0263900756835938,
86,13.819282531738281,,6.988067626953125,
86.099999999999994,13.745193481445312,,6.9395217895507812,
86.200000000000003,13.819282531738281,,6.8858642578125,
86.299999999999997,13.993026733398438,,6.9446258544921875,
86.400000000000006,14.514244079589844,,7.4760665893554688,
86.5,15.51580810546875,,8.4341964721679688,
86.599999999999994,16.568466186523438,,9.5200729370117188,
86.700000000000003,17.495929718017578,,10.669822692871094,
86.799999999999997,18.351856231689453,,11.7786865234375,
86.900000000000006,19.136241912841797,,12.816017150878906,
87,19.808204650878906,,13.763923645019531,
87.099999999999994,20.406074523925781,,14.509986877441406,
87.200000000000003,20.743335723876953,,14.913673400878906,
87.299999999999997,20.796989440917969,,15.010765075683594,
87.400000000000006,20.623249053955078,,14.716941833496094,
87.5,20.125026702880859,,13.970878601074219,
87.599999999999994,19.386631011962891,,12.997421264648438,
87.700000000000003,18.423397064208984,,11.886001586914062,
87.799999999999997,17.360515594482422,,10.738807678222656,
87.900000000000006,16.356399536132812,,9.7193603515625,
88,15.520912170410156,,8.8557662963867188,
88.099999999999994,14.744194030761719,,8.0739364624023438,
88.200000000000003,14.087562561035156,,7.4632949829101562,
88.299999999999997,13.694091796875,,7.1004867553710938,
88.400000000000006,13.430923461914062,,6.9165267944335938,
88.5,13.282737731933594,,6.8526458740234375,
88.599999999999994,13.213752746582031,,6.8143234252929688,
88.700000000000003,13.177978515625,,6.7606658935546875,
88.799999999999997,13.172866821289062,,6.712127685546875,
88.900000000000006,13.231636047363281,,6.712127685546875,
89,13.349166870117188,,6.7964401245117188,
89.099999999999994,13.773292541503906,,7.1771316528320312,
89.200000000000003,14.736534118652344,,7.9104156494140625,
89.299999999999997,15.847953796386719,,8.8097763061523438,
89.400000000000006,16.823966979980469,,9.9135360717773438,
89.5,17.736099243164062,,11.160377502441406,
89.599999999999994,18.576694488525391,,12.478759765625,
89.700000000000003,19.386631011962891,,13.815025329589844,
89.799999999999997,20.240001678466797,,14.969886779785156,
89.900000000000006,20.927295684814453,,15.779819488525391,
90,21.412746429443359,18.206338882446289,16.385353088378906,10.121458053588867
90.099999999999994,21.675910949707031,,16.80181884765625,
90.200000000000003,21.568599700927734,,16.817150115966797,
90.299999999999997,21.090816497802734,,16.382797241210938,
90.400000000000006,20.204231262207031,,15.508987426757812,
90.5,19.090251922607422,,14.384788513183594,
90.599999999999994,17.983936309814453,,13.148170471191406,
90.700000000000003,17.046249389648438,,11.702041625976562,
90.799999999999997,16.167327880859375,,10.112831115722656,
90.900000000000006,15.449378967285156,,8.8072280883789062,
91,14.994583129882812,,8.0023956298828125,
91.099999999999994,14.647102355957031,,7.547607421875,
91.200000000000003,14.414596557617188,,7.2742233276367188,
91.299999999999997,14.215309143066406,,7.0953750610351562,
91.400000000000006,14.041572570800781,,6.9804000854492188,
91.5,13.962364196777344,,6.9011917114257812,
91.599999999999994,13.977691650390625,,6.8168792724609375,
91.700000000000003,13.82183837890625,,6.6150360107421875,
91.799999999999997,13.589332580566406,,6.4208526611328125,
91.900000000000006,13.489692687988281,,6.3850860595703125,
92,13.420707702636719,,6.415740966796875,
92.099999999999994,13.456474304199219,,6.5332717895507812,
92.200000000000003,13.717086791992188,,6.8986358642578125,
92.299999999999997,14.345611572265625,,7.4786224365234375,
92.400000000000006,15.29351806640625,,8.1505889892578125,
92.5,16.302742004394531,,8.909423828125,
92.599999999999994,17.117790222167969,,9.5839462280273438,
92.700000000000003,17.610904693603516,,10.217582702636719,
92.799999999999997,18.060585021972656,,11.060737609863281,
92.900000000000006,18.602245330810547,,12.029075622558594,
93,19.136241912841797,,12.966766357421875,
93.099999999999994,19.713668823242188,,13.861015319824219,
93.200000000000003,20.385635375976562,,14.783370971679688,
93.299999999999997,21.049934387207031,,15.728717803955078,
93.400000000000006,21.514945983886719,,16.497772216796875,
93.5,21.670799255371094,,16.80181884765625,
93.599999999999994,21.108699798583984,,16.163070678710938,
93.700000000000003,19.864414215087891,,14.783370971679688,
93.799999999999997,18.500045776367188,,13.311691284179688,
93.900000000000006,17.383510589599609,,11.891105651855469,
94,16.640007019042969,,10.447532653808594,
94.099999999999994,16.113677978515625,,9.1010513305664062,
94.200000000000003,15.656333923339844,,8.0943756103515625,
94.299999999999997,15.211761474609375,,7.483734130859375,
94.400000000000006,14.838729858398438,,7.1541366577148438,
94.5,14.629219055175781,,6.97784423828125,
94.599999999999994,14.360946655273438,,6.7606658935546875,
94.700000000000003,13.993026733398438,,6.5332717895507812,
94.799999999999997,13.755409240722656,,6.4847259521484375,
94.900000000000006,13.609771728515625,,6.507720947265625,
95,13.5458984375,,6.5409393310546875,
95.099999999999994,13.538238525390625,,6.5869293212890625,
95.200000000000003,13.52801513671875,,6.6354751586914062,
95.299999999999997,13.6199951171875,,6.7504501342773438,
95.400000000000006,14.028793334960938,,7.1004867553710938,
95.5,14.897499084472656,,7.6932449340820312,
95.599999999999994,15.998703002929688,,8.3575439453125,
95.700000000000003,16.823966979980469,,8.973297119140625,
95.799999999999997,17.460159301757812,,9.6784820556640625,
95.900000000000006,18.144901275634766,,10.631492614746094,
96,18.798980712890625,,11.702041625976562,
96.099999999999994,19.496494293212891,,12.780250549316406,
96.200000000000003,20.211894989013672,,13.832908630371094,
96.299999999999997,20.937515258789062,,14.872795104980469,
96.400000000000006,21.617145538330078,,15.869243621826172,
96.5,22.151138305664062,,16.722614288330078,
96.599999999999994,22.439853668212891,,17.220840454101562,
96.700000000000003,22.186908721923828,,16.993442535400391,
96.799999999999997,21.323318481445312,,16.055759429931641,
96.900000000000006,20.073925018310547,,14.7603759765625,
97,18.737659454345703,,13.34234619140625,
97.099999999999994,17.598129272460938,,11.972869873046875,
97.200000000000003,16.714103698730469,,10.695365905761719,
97.299999999999997,16.095787048339844,,9.4689712524414062,
97.400000000000006,15.66143798828125,,8.4086456298828125,
97.5,15.362503051757812,,7.6651382446289062,
97.599999999999994,15.145332336425781,,7.1107025146484375,
97.700000000000003,14.802963256835938,,6.6405868530273438,
97.799999999999997,14.491249084472656,,6.3876419067382812,
97.900000000000006,14.350723266601562,,6.3416519165039062,
98,14.248527526855469,,6.379974365234375,
98.099999999999994,14.199981689453125,,6.44384765625,
98.200000000000003,14.161651611328125,,6.489837646484375,
98.299999999999997,14.118217468261719,,6.5256118774414062,
98.400000000000006,14.0977783203125,,6.5716018676757812,
98.5,14.141212463378906,,6.6278076171875,
98.599999999999994,14.110557556152344,,6.5511627197265625,
98.700000000000003,13.921485900878906,,6.3569793701171875,
98.799999999999997,13.78607177734375,,6.3007659912109375,
98.900000000000006,13.740081787109375,,6.333984375,
99,13.780960083007812,,6.415740966796875,
99.099999999999994,14.039016723632812,,6.6712417602539062,
99.200000000000003,14.626663208007812,,7.1847991943359375,
99.299999999999997,15.469818115234375,,7.91552734375,
99.400000000000006,16.325736999511719,,8.7126922607421875,
99.5,17.115234375,,9.51751708984375,
99.599999999999994,17.692665100097656,,10.245689392089844,
99.700000000000003,18.086135864257812,,11.017295837402344,
99.799999999999997,18.607357025146484,,11.988197326660156,
99.900000000000006,19.246105194091797,,13.033195495605469,
100,19.910404205322266,21.291696548461914,14.1343994140625,21.306818008422852
100.09999999999999,20.620693206787109,,15.388900756835938,
100.2,21.463844299316406,,16.98577880859375,
100.3,22.470516204833984,,19.052772521972656,
100.40000000000001,23.656036376953125,,21.405929565429688,
100.5,24.959083557128906,,23.656883239746094,
100.59999999999999,26.162490844726562,,25.578243255615234,
100.7,27.197265625,,27.287540435791016,
100.8,27.708263397216797,,28.424514770507812,
100.90000000000001,26.7552490234375,,27.821533203125,
101,24.481300354003906,,25.345737457275391,
101.09999999999999,22.079601287841797,,22.157100677490234,
101.2,20.094364166259766,,19.152420043945312,
101.3,18.538372039794922,,16.587200164794922,
101.40000000000001,17.495929718017578,,14.318359375,
101.5,16.657890319824219,,12.251365661621094,
101.59999999999999,15.932273864746094,,10.567619323730469,
101.7,15.523468017578125,,9.3437728881835938,
101.8,15.206649780273438,,8.4801864624023438,
101.90000000000001,14.92559814453125,,7.907867431640625,
102,14.70587158203125,,7.5527191162109375,
102.09999999999999,14.534683227539062,,7.3380966186523438,
102.2,14.41204833984375,,7.2410125732421875,
102.3,14.345611572265625,,7.2052383422851562,
102.40000000000001,14.314956665039062,,7.1055908203125,
102.5,14.133552551269531,,6.896087646484375,
102.59999999999999,13.929153442382812,,6.7504501342773438,
102.7,13.865272521972656,,6.747894287109375,
102.8,13.803955078125,,6.7683334350585938,
102.90000000000001,13.788627624511719,,6.821990966796875,
103,13.793731689453125,,6.8909759521484375,
103.09999999999999,13.806510925292969,,6.9395217895507812,
103.2,13.829505920410156,,6.9804000854492188,
103.3,13.847389221191406,,7.023834228515625,
103.40000000000001,13.993026733398438,,7.2129058837890625,
103.5,14.498916625976562,,7.6625823974609375,
103.59999999999999,15.170883178710938,,8.1659164428710938,
103.7,15.776412963867188,,8.753570556640625,
103.8,16.440711975097656,,9.6401519775390625,
103.90000000000001,17.135673522949219,,10.636604309082031,
104,17.840854644775391,,11.625389099121094,
104.09999999999999,18.551143646240234,,12.621841430664062,
104.2,19.225666046142578,,13.620841979980469,
104.3,19.8746337890625,,14.604522705078125,
104.40000000000001,20.541488647460938,,15.554977416992188,
104.5,21.228786468505859,,16.4517822265625,
104.59999999999999,21.847095489501953,,17.205509185791016,
104.7,21.974845886230469,,17.328147888183594,
104.8,21.292659759521484,,16.561649322509766,
104.90000000000001,20.119915008544922,,15.355690002441406,
105,18.867965698242188,,14.039863586425781,
105.09999999999999,17.725879669189453,,12.711265563964844,
105.2,16.795860290527344,,11.469535827636719,
105.3,16.118782043457031,,10.360664367675781,
105.40000000000001,15.630783081054688,,9.341217041015625,
105.5,15.29351806640625,,8.44952392578125,
105.59999999999999,15.068679809570312,,7.7622299194335938,
105.7,14.928153991699219,,7.2537841796875,
105.8,14.664993286132812,,6.7913284301757812,
105.90000000000001,14.335395812988281,,6.436187744140625,
106,14.164207458496094,,6.3314285278320312,
106.09999999999999,14.067123413085938,,6.3493118286132812,
106.2,14.018577575683594,,6.4055252075195312,
106.3,14.010910034179688,,6.4668426513671875,
106.40000000000001,13.998138427734375,,6.5026168823242188,
106.5,13.985359191894531,,6.5409393310546875,
106.59999999999999,13.993026733398438,,6.5971527099609375,
106.7,14.113113403320312,,6.7044601440429688,
106.8,14.41204833984375,,6.8935317993164062,
106.90000000000001,14.859169006347656,,7.2154617309570312,
107,15.449378967285156,,7.7469024658203125,
107.09999999999999,16.088127136230469,,8.459747314453125,
107.2,16.724319458007812,,9.2696762084960938,
107.3,17.375846862792969,,10.10516357421875,
107.40000000000001,18.009483337402344,,10.955978393554688,
107.5,18.615020751953125,,11.814460754394531,
107.59999999999999,19.205226898193359,,12.667831420898438,
107.7,19.831199645996094,,13.510978698730469,
107.8,20.326869964599609,,14.149726867675781,
107.90000000000001,20.659019470214844,,14.6505126953125,
108,20.904300689697266,,15.125740051269531,
108.09999999999999,20.860866546630859,,15.245826721191406,
108.2,20.357528686523438,,14.7603759765625,
108.3,19.432621002197266,,13.769035339355469,
108.40000000000001,18.341636657714844,,12.583511352539062,
108.5,17.314525604248047,,11.39288330078125,
108.59999999999999,16.519920349121094,,10.225250244140625,
108.7,15.957817077636719,,9.103607177734375,
108.8,15.375282287597656,,8.0739364624023438,
108.90000000000001,14.884719848632812,,7.2921066284179688,
109,14.608779907226562,,6.821990966796875,
109.09999999999999,14.389053344726562,,6.5664901733398438,
109.2,14.248527526855469,,6.454071044921875,
109.3,14.182098388671875,,6.4285202026367188,
109.40000000000001,14.148880004882812,,6.44384765625,
109.5,14.118217468261719,,6.4770660400390625,
109.59999999999999,14.105445861816406,,6.5102767944335938,
109.7,14.143768310546875,,6.5511627197265625,
109.8,14.0977783203125,,6.4693984985351562,
109.90000000000001,13.898490905761719,,6.270111083984375,
110,13.752853393554688,18.292682647705078,6.196014404296875,5.2493438720703125
110.09999999999999,13.704307556152344,,6.2266769409179688,
110.2,13.701751708984375,,6.2752227783203125,
110.3,13.737525939941406,,6.3493118286132812,
110.40000000000001,13.765632629394531,,6.4080810546875,
110.5,13.824394226074219,,6.4847259521484375,
110.59999999999999,14.082450866699219,,6.71978759765625,
110.7,14.685432434082031,,7.1847991943359375,
110.8,15.500473022460938,,7.795440673828125,
110.90000000000001,16.320632934570312,,8.4699630737304688,
111,16.862289428710938,,9.0627212524414062,
111.09999999999999,17.245540618896484,,9.6989212036132812,
111.2,17.743766784667969,,10.562507629394531,
111.3,18.249656677246094,,11.500190734863281,
111.40000000000001,18.819419860839844,,12.442985534667969,
111.5,19.493938446044922,,13.36279296875,
111.59999999999999,20.045818328857422,,14.07818603515625,
111.7,20.112251281738281,,14.193161010742188,
111.8,19.568035125732422,,13.577407836914062,
111.90000000000001,18.696781158447266,,12.555412292480469,
112,17.843410491943359,,11.352005004882812,
112.09999999999999,17.028366088867188,,9.9365310668945312,
112.2,16.0855712890625,,8.5159530639648438,
112.3,15.216873168945312,,7.4454116821289062,
112.40000000000001,14.641998291015625,,6.7964401245117188,
112.5,14.279182434082031,,6.5307159423828125,
112.59999999999999,14.164207458496094,,6.6329193115234375,
112.7,14.286849975585938,,7.0340576171875,
112.8,14.286849975585938,,7.3764266967773438,
112.90000000000001,14.11566162109375,,7.5041732788085938,
113,14.036460876464844,,7.5961532592773438,
113.09999999999999,14.069671630859375,,7.6830215454101562,
113.2,14.049232482910156,,7.593597412109375,
113.3,13.811622619628906,,7.3329925537109375,
113.40000000000001,13.770736694335938,,7.2691116333007812,
113.5,14.018577575683594,,7.3968658447265625,
113.59999999999999,13.929153442382812,,7.225677490234375,
113.7,13.683868408203125,,6.9190826416015625,
113.8,13.870384216308594,,7.0621566772460938,
113.90000000000001,14.537239074707031,,7.8261032104492188,
114,15.505584716796875,,9.1776962280273438,
114.09999999999999,16.737098693847656,,11.019851684570312,
114.2,17.845966339111328,,12.688270568847656,
114.3,18.362075805664062,,13.776702880859375,
114.40000000000001,18.729995727539062,,14.824249267578125,
114.5,19.228221893310547,,15.915233612060547,
114.59999999999999,19.509269714355469,,16.104305267333984,
114.7,19.169456481933594,,14.99798583984375,
114.8,18.259876251220703,,13.393447875976562,
114.90000000000001,17.217433929443359,,11.6688232421875,
115,16.323188781738281,,10.000411987304688,
115.09999999999999,15.638442993164062,,8.7126922607421875,
115.2,14.961372375488281,,7.8312149047851562,
115.3,14.440147399902344,,7.3483200073242188,
115.40000000000001,14.2076416015625,,7.1873550415039062,
115.5,14.064567565917969,,7.1362533569335938,
115.59999999999999,13.97003173828125,,7.1388092041015625,
115.7,13.906158447265625,,7.1924667358398438,
115.8,13.865272521972656,,7.225677490234375,
115.90000000000001,13.890823364257812,,7.2665557861328125,
116,13.947036743164062,,7.2742233276367188,
116.09999999999999,14.171875,,7.4530715942382812,
116.2,14.813179016113281,,8.0994873046875,
116.3,15.768753051757812,,9.0065155029296875,
116.40000000000001,16.767753601074219,,10.000411987304688,
116.5,17.682445526123047,,11.045402526855469,
116.59999999999999,18.471939086914062,,12.023971557617188,
116.7,19.195003509521484,,12.907997131347656,
116.8,19.831199645996094,,13.717933654785156,
116.90000000000001,20.119915008544922,,14.584075927734375,
117,19.642131805419922,,14.737380981445312,
117.09999999999999,18.645679473876953,,13.646392822265625,
117.2,17.889400482177734,,12.4046630859375,
117.3,17.621124267578125,,11.740364074707031,
117.40000000000001,17.388618469238281,,11.380111694335938,
117.5,16.757537841796875,,10.6749267578125,
117.59999999999999,15.819847106933594,,9.4127578735351562,
117.7,15.142776489257812,,8.3703231811523438,
117.8,14.843841552734375,,7.9513015747070312,
117.90000000000001,14.560234069824219,,7.6830215454101562,
118,14.225532531738281,,7.2844467163085938,
118.09999999999999,13.857612609863281,,6.9011917114257812,
118.2,13.609771728515625,,6.7044601440429688,
118.3,13.505020141601562,,6.6814651489257812,
118.40000000000001,13.663429260253906,,6.9804000854492188,
118.5,14.225532531738281,,7.5706024169921875,
118.59999999999999,15.053352355957031,,8.3064422607421875,
118.7,16.008918762207031,,9.2211380004882812,
118.8,16.946601867675781,,10.230361938476562,
118.90000000000001,17.820415496826172,,11.165489196777344,
119,18.681449890136719,,11.988197326660156,
119.09999999999999,19.355968475341797,,12.598846435546875,
119.2,19.407070159912109,,12.764915466308594,
119.3,18.768321990966797,,12.345901489257812,
119.40000000000001,17.881736755371094,,11.57684326171875,
119.5,17.013038635253906,,10.677482604980469,
119.59999999999999,16.169883728027344,,9.7755661010742188,
119.7,15.339508056640625,,8.9630813598632812,
119.8,14.685432434082031,,8.587493896484375,
119.90000000000001,14.636886596679688,,9.0576171875,
120,15.405937194824219,16.741071701049805,10.286567687988281,15.624999046325684
120.09999999999999,16.351287841796875,,11.781242370605469,
120.2,16.696212768554688,,12.465980529785156,
120.3,16.057464599609375,,11.620277404785156,
120.40000000000001,15.152992248535156,,10.294235229492188,
120.5,15.326736450195312,,10.646827697753906,
120.59999999999999,16.328292846679688,,13.329574584960938,
120.7,16.731986999511719,,17.598979949951172,
120.8,16.481597900390625,,21.395709991455078,
120.90000000000001,16.231208801269531,,22.826507568359375,
121,15.973152160644531,,23.150993347167969,
121.09999999999999,15.51580810546875,,23.697765350341797,
121.2,14.8336181640625,,23.981369018554688,
121.3,14.527023315429688,,22.898048400878906,
121.40000000000001,14.800407409667969,,20.733963012695312,
121.5,15.229644775390625,,17.933685302734375,
121.59999999999999,15.428932189941406,,14.683723449707031,
121.7,15.370170593261719,,12.473648071289062,
121.8,16.10345458984375,,11.855339050292969,
121.90000000000001,15.196434020996094,,11.331565856933594,
122,13.635322570800781,,9.9799728393554688,
122.09999999999999,14.110557556152344,,9.2850112915039062,
122.2,13.947036743164062,,9.673370361328125,
122.3,13.351722717285156,,10.097496032714844,
122.40000000000001,13.211196899414062,,10.110275268554688,
122.5,13.607223510742188,,10.235466003417969,
122.59999999999999,13.131988525390625,,10.733695983886719,
122.7,12.383377075195312,,11.367332458496094,
122.8,13.223968505859375,,11.94476318359375,
122.90000000000001,13.614883422851562,,12.872230529785156,
123,14.532127380371094,,14.318359375,
123.09999999999999,16.76519775390625,,15.639293670654297,
123.2,16.880172729492188,,16.829925537109375,
123.3,16.5633544921875,,16.753273010253906,
123.40000000000001,16.404945373535156,,15.023536682128906,
123.5,14.928153991699219,,12.910552978515625,
123.59999999999999,14.74163818359375,,11.244697570800781,
123.7,14.675209045410156,,10.17926025390625,
123.8,14.222976684570312,,9.5583953857421875,
123.90000000000001,14.41204833984375,,9.2696762084960938,
124,14.054344177246094,,8.8302230834960938,
124.09999999999999,13.333831787109375,,8.1122665405273438,
124.2,12.723190307617188,,7.373870849609375,
124.3,12.214744567871094,,6.8807525634765625,
124.40000000000001,11.918365478515625,,6.6891326904296875,
124.5,11.736961364746094,,6.5537109375,
124.59999999999999,11.581108093261719,,6.3876419067382812,
124.7,11.519783020019531,,6.3033218383789062,
124.8,11.609207153320312,,6.305877685546875,
124.90000000000001,11.905593872070312,,6.3033218383789062,
125,12.373153686523438,,6.4080810546875,
125.09999999999999,12.871383666992188,,6.7683334350585938,
125.2,13.390045166015625,,7.34576416015625,
125.3,13.934257507324219,,8.0381698608398438,
125.40000000000001,14.491249084472656,,8.735687255859375,
125.5,15.040573120117188,,9.3999862670898438,
125.59999999999999,15.592453002929688,,10.03106689453125,
125.7,15.853065490722656,,10.368331909179688,
125.8,15.618003845214844,,10.102607727050781,
125.90000000000001,15.066123962402344,,9.3821029663085938,
126,14.437591552734375,,8.5261764526367188,
126.09999999999999,13.870384216308594,,7.703460693359375,
126.2,13.338943481445312,,7.0289459228515625,
126.3,12.904594421386719,,6.57415771484375,
126.40000000000001,12.6644287109375,,6.2828826904296875,
126.5,12.408927917480469,,5.9635086059570312,
126.59999999999999,12.115097045898438,,5.6977920532226562,
126.7,11.943916320800781,,5.6339111328125,
126.8,11.859603881835938,,5.6466903686523438,
126.90000000000001,11.823829650878906,,5.6824569702148438,
127,11.793167114257812,,5.7284469604492188,
127.09999999999999,11.754844665527344,,5.7310028076171875,
127.2,11.757400512695312,,5.7156753540039062,
127.3,11.716522216796875,,5.6007003784179688,
127.40000000000001,11.721633911132812,,5.4908370971679688,
127.5,12.104881286621094,,5.7386703491210938,
127.59999999999999,12.955696105957031,,6.2036819458007812,
127.7,13.903602600097656,,6.6865768432617188,
127.8,14.693092346191406,,7.2691116333007812,
127.90000000000001,15.405937194824219,,7.9359664916992188,
128,16.123893737792969,,8.587493896484375,
128.09999999999999,16.663002014160156,,9.0422821044921875,
128.19999999999999,16.977264404296875,,9.3591079711914062,
128.30000000000001,17.013038635253906,,9.5788345336914062,
128.40000000000001,16.522476196289062,,9.3539962768554688,
128.5,15.758529663085938,,8.7637863159179688,
128.59999999999999,14.994583129882812,,8.163360595703125,
128.69999999999999,14.294517517089844,,7.6165924072265625,
128.80000000000001,13.719642639160156,,7.06982421875,
128.90000000000001,13.083442687988281,,6.4566268920898438,
129,12.454917907714844,,5.937957763671875,
129.09999999999999,12.053779602050781,,5.679901123046875,
129.19999999999999,11.7803955078125,,5.5598220825195312,
129.30000000000001,11.573440551757812,,5.4652862548828125,
129.40000000000001,11.420143127441406,,5.403961181640625,
129.5,11.28472900390625,,5.3758621215820312,
129.59999999999999,11.213188171386719,,5.3375320434570312,
129.69999999999999,11.077774047851562,,5.21234130859375,
129.80000000000001,10.901473999023438,,5.1126937866210938,
129.90000000000001,10.881034851074219,,5.1075820922851562,
130,11.10076904296875,19.607843399047852,5.2046737670898438,8.0285453796386719
130.09999999999999,11.637313842773438,,5.4525070190429688,
130.19999999999999,12.378265380859375,,5.810211181640625,
130.30000000000001,13.157539367675781,,6.213897705078125,
130.40000000000001,13.829505920410156,,6.5588226318359375,
130.5,14.322616577148438,,6.8884201049804688,
130.59999999999999,14.767189025878906,,7.299774169921875,
130.69999999999999,15.255195617675781,,7.7162399291992188,
130.80000000000001,15.709983825683594,,8.071380615234375,
130.90000000000001,15.973152160644531,,8.3652114868164062,
131,15.927162170410156,,8.6002731323242188,
131.09999999999999,15.847953796386719,,8.9707412719726562,
131.19999999999999,15.543907165527344,,8.9503021240234375,
131.30000000000001,15.025245666503906,,8.3830947875976562,
131.40000000000001,14.222976684570312,,7.7545623779296875,
131.5,13.21630859375,,6.9241867065429688,
131.59999999999999,12.661872863769531,,5.9686203002929688,
131.69999999999999,12.352714538574219,,5.2378921508789062,
131.80000000000001,12.086997985839844,,4.7907638549804688,
131.90000000000001,11.987350463867188,,4.374298095703125,
132,11.880043029785156,,3.9808273315429688,
132.09999999999999,11.711410522460938,,3.786651611328125,
132.19999999999999,11.731849670410156,,3.90673828125,
132.30000000000001,11.987350463867188,,4.392181396484375,
132.40000000000001,12.562225341796875,,5.0513763427734375,
132.5,13.377273559570312,,5.6824569702148438,
132.59999999999999,14.233192443847656,,6.4029693603515625,
132.69999999999999,15.004806518554688,,7.0902633666992188,
132.80000000000001,15.543907165527344,,7.6753616333007812,
132.90000000000001,15.942489624023438,,8.2808914184570312,
133,16.364067077636719,,8.8072280883789062,
133.09999999999999,16.844406127929688,,9.27734375,
133.19999999999999,17.053916931152344,,9.5456161499023438,
133.30000000000001,16.632339477539062,,9.213470458984375,
133.40000000000001,15.865837097167969,,8.3089981079101562,
133.5,14.900047302246094,,7.2129058837890625,
133.59999999999999,13.862716674804688,,6.3263168334960938,
133.69999999999999,13.063003540039062,,5.7591094970703125,
133.80000000000001,12.475357055664062,,5.3477554321289062,
133.90000000000001,12.010345458984375,,5.0207138061523438,
134,11.627098083496094,,4.80609130859375,
134.09999999999999,11.389480590820312,,4.6655731201171875,
134.19999999999999,11.3026123046875,,4.522491455078125,
134.30000000000001,11.144203186035156,,4.3155364990234375,
134.40000000000001,10.955131530761719,,4.1673431396484375,
134.5,10.865707397460938,,4.1469039916992188,
134.59999999999999,10.80438232421875,,4.1750106811523438,
134.69999999999999,10.771171569824219,,4.1980056762695312,
134.80000000000001,10.758392333984375,,4.1673431396484375,
134.90000000000001,10.855484008789062,,4.1954498291015625,
135,11.279617309570312,,4.374298095703125,
135.09999999999999,11.920921325683594,,4.58636474609375,
135.19999999999999,12.582664489746094,,4.8623046875,
135.30000000000001,13.259742736816406,,5.294097900390625,
135.40000000000001,13.883163452148438,,5.7591094970703125,
135.5,14.437591552734375,,6.2190093994140625,
135.59999999999999,14.920494079589844,,6.6789093017578125,
135.69999999999999,15.354843139648438,,7.133697509765625,
135.80000000000001,15.750862121582031,,7.5373916625976562,
135.90000000000001,15.842842102050781,,7.6089324951171875,
136,15.352287292480469,,7.2001266479492188,
136.09999999999999,14.598556518554688,,6.6226959228515625,
136.19999999999999,13.898490905761719,,6.1551361083984375,
136.30000000000001,13.246963500976562,,5.7616653442382812,
136.40000000000001,12.64398193359375,,5.37841796875,
136.5,12.132987976074219,,5.074371337890625,
136.59999999999999,11.76251220703125,,4.8827438354492188,
136.69999999999999,11.50445556640625,,4.7115631103515625,
136.80000000000001,11.287277221679688,,4.4535064697265625,
136.90000000000001,11.02667236328125,,4.154571533203125,
137,10.84271240234375,,3.9195098876953125,
137.09999999999999,10.840156555175781,,3.7508773803710938,
137.19999999999999,10.904029846191406,,3.6793365478515625,
137.30000000000001,10.791610717773438,,3.7457733154296875,
137.40000000000001,10.574432373046875,,4.0319290161132812,
137.5,10.663864135742188,,4.6451263427734375,
137.59999999999999,11.50445556640625,,5.5189361572265625,
137.69999999999999,12.958251953125,,6.6661376953125,
137.80000000000001,14.304733276367188,,8.145477294921875,
137.90000000000001,15.423828125,,9.8420028686523438,
138,16.353843688964844,,11.538520812988281,
138.09999999999999,17.089683532714844,,13.107292175292969,
138.19999999999999,17.75909423828125,,14.696502685546875,
138.30000000000001,18.543479919433594,,16.520767211914062,
138.40000000000001,19.48883056640625,,18.677188873291016,
138.5,20.352420806884766,,20.943473815917969,
138.59999999999999,21.226230621337891,,22.867389678955078,
138.69999999999999,21.824100494384766,,24.2164306640625,
138.80000000000001,21.583930969238281,,23.927715301513672,
138.90000000000001,20.257884979248047,,21.308837890625,
139,18.428504943847656,,18.608203887939453,
139.09999999999999,17.452495574951172,,17.228504180908203,
139.19999999999999,16.826522827148438,,16.237163543701172,
139.30000000000001,16.747314453125,,15.371017456054688,
139.40000000000001,16.530143737792969,,14.303031921386719,
139.5,15.316513061523438,,12.826240539550781,
139.59999999999999,14.649658203125,,11.561515808105469,
139.69999999999999,14.468254089355469,,10.6749267578125,
139.80000000000001,14.486137390136719,,9.9595260620117188,
139.90000000000001,14.917938232421875,,9.4970779418945312,
140,13.750297546386719,19.940916061401367,8.8327713012695312,11.078286170959473
140.09999999999999,13.16009521484375,,8.2578964233398438,
140.19999999999999,14.187202453613281,,8.3038864135742188,
140.30000000000001,13.574005126953125,,8.5287322998046875,
140.40000000000001,13.01190185546875,,8.7637863159179688,
140.5,13.106437683105469,,8.881317138671875,
140.59999999999999,13.321060180664062,,8.3064422607421875,
140.69999999999999,12.988906860351562,,7.45562744140625,
140.80000000000001,12.370597839355469,,7.2921066284179688,
140.90000000000001,13.264846801757812,,7.7315673828125,
141,14.309844970703125,,8.59771728515625,
141.09999999999999,14.59600830078125,,9.645263671875,
141.19999999999999,15.038017272949219,,10.577842712402344,
141.30000000000001,15.584793090820312,,11.512969970703125,
141.40000000000001,15.911827087402344,,12.407218933105469,
141.5,15.860733032226562,,12.542633056640625,
141.59999999999999,15.423828125,,11.771026611328125,
141.69999999999999,14.856613159179688,,10.764350891113281,
141.80000000000001,14.567901611328125,,10.153709411621094,
141.90000000000001,15.344619750976562,,10.097496032714844,
142,15.084007263183594,,9.5558395385742188,
142.09999999999999,13.696647644042969,,8.4009780883789062,
142.19999999999999,13.131988525390625,,7.3713150024414062,
142.30000000000001,12.695083618164062,,6.7146759033203125,
142.40000000000001,12.5162353515625,,6.563934326171875,
142.5,12.771736145019531,,6.8271026611328125,
142.59999999999999,13.027236938476562,,7.0621566772460938,
142.69999999999999,12.868827819824219,,7.0723800659179688,
142.80000000000001,12.636322021484375,,7.1030426025390625,
142.90000000000001,12.437026977539062,,7.1694717407226562,
143,12.125320434570312,,7.2486724853515625,
143.09999999999999,11.961799621582031,,7.2282333374023438,
143.19999999999999,11.749732971191406,,7.4070816040039062,
143.30000000000001,12.161087036132812,,8.2553482055664062,
143.40000000000001,13.609771728515625,,9.3284454345703125,
143.5,14.33795166015625,,10.411766052246094,
143.59999999999999,14.033905029296875,,11.093948364257812,
143.69999999999999,14.064567565917969,,11.306015014648438,
143.80000000000001,14.731422424316406,,12.034187316894531,
143.90000000000001,16.001258850097656,,13.229927062988281,
144,17.051361083984375,,13.861015319824219,
144.09999999999999,16.054908752441406,,13.408782958984375,
144.19999999999999,15.674217224121094,,12.519638061523438,
144.30000000000001,15.745758056640625,,11.699485778808594,
144.40000000000001,14.624107360839844,,11.032630920410156,
144.5,14.125885009765625,,10.314674377441406,
144.59999999999999,14.021133422851562,,9.51751708984375,
144.69999999999999,13.188201904296875,,9.1547012329101562,
144.80000000000001,12.408927917480469,,9.0218429565429688,
144.90000000000001,12.784507751464844,,8.9017562866210938,
145,12.738517761230469,,8.9145355224609375,
145.09999999999999,12.470245361328125,,8.89154052734375,
145.19999999999999,12.679756164550781,,8.689697265625,
145.30000000000001,12.383377075195312,,8.0407257080078125,
145.40000000000001,11.882598876953125,,7.4786224365234375,
145.5,12.567337036132812,,7.4735107421875,
145.59999999999999,13.2520751953125,,7.74945068359375,
145.69999999999999,12.983802795410156,,8.2502365112304688,
145.80000000000001,13.21630859375,,8.9809646606445312,
145.90000000000001,13.691535949707031,,10.048957824707031,
146,13.801399230957031,,11.28302001953125,
146.09999999999999,14.603668212890625,,12.488975524902344,
146.19999999999999,15.75341796875,,13.912117004394531,
146.30000000000001,16.282302856445312,,15.319915771484375,
146.40000000000001,16.185218811035156,,15.521766662597656,
146.5,15.574569702148438,,14.361793518066406,
146.59999999999999,14.940933227539062,,12.862007141113281,
146.69999999999999,14.128440856933594,,11.068397521972656,
146.80000000000001,13.236747741699219,,9.2364654541015625,
146.90000000000001,12.705307006835938,,7.9819564819335938,
147,12.230072021484375,,7.2844467163085938,
147.09999999999999,11.834053039550781,,6.913970947265625,
147.19999999999999,11.708854675292969,,6.71978759765625,
147.30000000000001,11.823829650878906,,6.592041015625,
147.40000000000001,11.923477172851562,,6.4668426513671875,
147.5,11.862152099609375,,6.3595352172851562,
147.59999999999999,11.647537231445312,,6.1704635620117188,
147.69999999999999,11.371597290039062,,5.9686203002929688,
147.80000000000001,11.236183166503906,,5.9251861572265625,
147.90000000000001,11.195297241210938,,5.9532928466796875,
148,11.169754028320312,,5.9737319946289062,
148.09999999999999,11.182525634765625,,6.0094985961914062,
148.19999999999999,11.307723999023438,,6.1525802612304688,
148.30000000000001,11.680747985839844,,6.4464035034179688,
148.40000000000001,12.327163696289062,,6.7606658935546875,
148.5,12.942916870117188,,6.97784423828125,
148.59999999999999,13.433479309082031,,7.2537841796875,
148.69999999999999,13.921485900878906,,7.7392349243164062,
148.80000000000001,14.386497497558594,,8.26556396484375,
148.90000000000001,14.874504089355469,,8.6948013305664062,
149,15.352287292480469,,9.0984954833984375,
149.09999999999999,15.778968811035156,,9.5200729370117188,
149.19999999999999,15.983367919921875,,9.8317794799804688,
149.30000000000001,15.745758056640625,,9.7040328979492188,
149.40000000000001,15.078903198242188,,9.0397262573242188,
149.5,14.297073364257812,,8.283447265625,
149.59999999999999,13.632766723632812,,7.7341232299804688,
149.69999999999999,13.052787780761719,,7.327880859375,
149.80000000000001,12.569892883300781,,7.0263900756835938,
149.90000000000001,12.161087036132812,,6.7989959716796875,
150,11.844268798828125,16.393444061279297,6.6124801635742188,7.1485304832458496
150.09999999999999,11.644981384277344,,6.4923934936523438,
150.19999999999999,11.57855224609375,,6.3723068237304688,
150.30000000000001,11.553001403808594,,6.22412109375,
150.40000000000001,11.586212158203125,,6.16790771484375,
150.5,11.696083068847656,,6.0784835815429688,
150.59999999999999,11.667976379394531,,5.8076553344726562,
150.69999999999999,11.50445556640625,,5.608367919921875,
150.80000000000001,11.507011413574219,,5.7693328857421875,
150.90000000000001,11.915809631347656,,6.2547760009765625,
151,12.646537780761719,,6.9574050903320312,
151.09999999999999,13.382377624511719,,7.7366790771484375,
151.19999999999999,13.949592590332031,,8.6181564331054688,
151.30000000000001,14.532127380371094,,9.7576828002929688,
151.40000000000001,15.219429016113281,,10.922767639160156,
151.5,15.830070495605469,,11.880889892578125,
151.59999999999999,16.187767028808594,,12.534965515136719,
151.69999999999999,16.095787048339844,,12.578407287597656,
151.80000000000001,15.618003845214844,,11.937095642089844,
151.90000000000001,15.012474060058594,,10.948310852050781,
152,14.271522521972656,,9.84710693359375,
152.09999999999999,13.579116821289062,,8.8787612915039062,
152.19999999999999,13.101333618164062,,8.201690673828125,
152.30000000000001,12.707862854003906,,7.7341232299804688,
152.40000000000001,12.370597839355469,,7.4300765991210938,
152.5,12.084442138671875,,7.23590087890625,
152.59999999999999,11.892814636230469,,7.1107025146484375,
152.69999999999999,11.844268798828125,,7.059600830078125,
152.80000000000001,11.831497192382812,,6.9574050903320312,
152.90000000000001,11.777839660644531,,6.79388427734375,
153,11.767623901367188,,6.7785568237304688,
153.09999999999999,11.547889709472656,,6.9982833862304688,
153.19999999999999,11.223403930664062,,7.2231216430664062,
153.30000000000001,11.228515625,,7.2870025634765625,
153.40000000000001,11.379257202148438,,7.575714111328125,
153.5,11.609207153320312,,8.2911148071289062,
153.59999999999999,12.043563842773438,,9.4561920166015625,
153.69999999999999,12.452362060546875,,10.963645935058594,
153.80000000000001,12.787063598632812,,12.862007141113281,
153.90000000000001,13.126876831054688,,14.837020874023438,
154,13.522903442382812,,15.876907348632812,
154.09999999999999,14.031349182128906,,15.813034057617188,
154.19999999999999,14.268966674804688,,14.903457641601562,
154.30000000000001,14.008354187011719,,13.441993713378906,
154.40000000000001,13.599555969238281,,11.998420715332031,
154.5,13.21630859375,,10.971305847167969,
154.59999999999999,12.697639465332031,,10.227806091308594,
154.69999999999999,12.199417114257812,,9.6375961303710938,
154.80000000000001,11.931137084960938,,9.1240463256835938,
154.90000000000001,11.747177124023438,,8.6564788818359375,
155,11.6705322265625,,8.1786956787109375,
155.09999999999999,11.593879699707031,,7.5169525146484375,
155.19999999999999,11.455909729003906,,6.8092117309570312,
155.30000000000001,11.43035888671875,,6.3314285278320312,
155.40000000000001,11.305168151855469,,6.0069427490234375,
155.5,10.985794067382812,,5.8434219360351562,
155.59999999999999,10.758392333984375,,6.323760986328125,
155.69999999999999,11.016448974609375,,7.5169525146484375,
155.80000000000001,11.634757995605469,,9.0525054931640625,
155.90000000000001,12.383377075195312,,10.628936767578125,
156,13.19586181640625,,12.42254638671875,
156.09999999999999,13.993026733398438,,14.2825927734375,
156.19999999999999,14.718643188476562,,15.4962158203125,
156.30000000000001,14.92559814453125,,15.611190795898438,
156.40000000000001,14.527023315429688,,14.691390991210938,
156.5,13.944480895996094,,13.373008728027344,
156.59999999999999,13.3619384765625,,12.09295654296875,
156.69999999999999,12.889266967773438,,10.968757629394531,
156.80000000000001,12.620986938476562,,10.112831115722656,
156.90000000000001,12.339942932128906,,9.3846511840820312,
157,12.005233764648438,,8.6820297241210938,
157.09999999999999,11.803390502929688,,8.0560531616210938,
157.19999999999999,11.770172119140625,,7.6625823974609375,
157.30000000000001,11.481460571289062,,7.4914016723632812,
157.40000000000001,11.156974792480469,,7.335540771484375,
157.5,10.929580688476562,,7.1464767456054688,
157.59999999999999,10.7864990234375,,6.913970947265625,
157.69999999999999,11.346046447753906,,7.023834228515625,
157.80000000000001,12.270957946777344,,8.19146728515625,
157.90000000000001,13.024681091308594,,10.03106689453125,
158,13.229080200195312,,11.681602478027344,
158.09999999999999,13.295509338378906,,12.821128845214844,
158.19999999999999,13.86016845703125,,13.646392822265625,
158.30000000000001,14.992027282714844,,14.453773498535156,
158.40000000000001,17.130561828613281,,15.427230834960938,
158.5,18.027370452880859,,16.119632720947266,
158.59999999999999,16.606788635253906,,15.381240844726562,
158.69999999999999,14.956260681152344,,13.620841979980469,
158.80000000000001,13.780960083007812,,12.210487365722656,
158.90000000000001,13.448806762695312,,11.221702575683594,
159,13.908706665039062,,10.393882751464844,
159.09999999999999,14.102890014648438,,9.6938095092773438,
159.19999999999999,12.477912902832031,,8.4827423095703125,
159.30000000000001,11.169754028320312,,7.3125457763671875,
159.40000000000001,11.225959777832031,,6.7172317504882812,
159.5,11.067550659179688,,6.5511627197265625,
159.59999999999999,11.312828063964844,,6.9599609375,
159.69999999999999,11.731849670410156,,7.9027557373046875,
159.80000000000001,13.047676086425781,,9.563507080078125,
159.90000000000001,13.612327575683594,,11.497642517089844,
160,14.159103393554688,11.867088317871094,13.820137023925781,12.145749092102051
160.09999999999999,15.357398986816406,,16.551429748535156,
160.19999999999999,15.618003845214844,,19.037445068359375,
160.30000000000001,16.522476196289062,,21.339500427246094,
160.40000000000001,16.693656921386719,,21.937370300292969,
160.5,14.869392395019531,,20.8310546875,
160.59999999999999,12.483016967773438,,20.238292694091797,
160.69999999999999,11.6705322265625,,21.996135711669922,
160.80000000000001,12.490684509277344,,24.625228881835938,
160.90000000000001,13.770736694335938,,26.490379333496094,
161,14.682876586914062,,28.544597625732422,
161.09999999999999,14.509132385253906,,30.110813140869141,
161.19999999999999,13.489692687988281,,30.026496887207031,
161.30000000000001,12.669532775878906,,28.621250152587891,
161.40000000000001,13.029792785644531,,27.586475372314453,
161.5,13.941925048828125,,27.333530426025391,
161.59999999999999,12.587776184082031,,28.651908874511719,
161.69999999999999,9.9842300415039062,,30.690799713134766,
161.80000000000001,9.9918975830078125,,30.56304931640625,
161.90000000000001,11.690971374511719,,28.889522552490234,
162,14.056900024414062,,28.071922302246094,
162.09999999999999,13.906158447265625,,26.776538848876953,
162.19999999999999,10.962799072265625,,25.35595703125,
162.30000000000001,9.5064468383789062,,25.757095336914062,
162.40000000000001,8.9443435668945312,,24.701877593994141,
162.5,8.6556320190429688,,22.246524810791016,
162.59999999999999,8.699066162109375,,20.562778472900391,
162.69999999999999,8.8957977294921875,,19.609764099121094,
162.80000000000001,9.5652084350585938,,19.446243286132812,
162.90000000000001,10.347038269042969,,19.275058746337891,
163,11.215744018554688,,19.436023712158203,
163.09999999999999,12.781951904296875,,19.990459442138672,
163.19999999999999,13.837173461914062,,19.801387786865234,
163.30000000000001,13.742637634277344,,19.658309936523438,
163.40000000000001,12.925033569335938,,20.077327728271484,
163.5,12.138092041015625,,23.010467529296875,
163.59999999999999,12.153427124023438,,26.485267639160156,
163.69999999999999,13.911262512207031,,26.863407135009766,
163.80000000000001,17.434608459472656,,25.591018676757812,
163.90000000000001,17.838298797607422,,25.634452819824219,
164,16.463706970214844,,27.267097473144531,
164.09999999999999,16.118782043457031,,27.859859466552734,
164.19999999999999,15.648666381835938,,27.898181915283203,
164.30000000000001,16.599128723144531,,28.340198516845703,
164.40000000000001,17.541919708251953,,28.588031768798828,
164.5,17.0794677734375,,28.169013977050781,
164.59999999999999,17.28131103515625,,26.306419372558594,
164.69999999999999,18.359519958496094,,22.783073425292969,
164.80000000000001,16.6732177734375,,19.022113800048828,
164.90000000000001,14.15399169921875,,16.87591552734375,
165,13.170318603515625,,15.690395355224609,
165.09999999999999,12.201972961425781,,13.439437866210938,
165.19999999999999,11.588768005371094,,11.096504211425781,
165.30000000000001,11.179969787597656,,9.6478195190429688,
165.40000000000001,10.970458984375,,8.78167724609375,
165.5,10.597427368164062,,8.3703231811523438,
165.59999999999999,9.9152450561523438,,8.4112014770507812,
165.69999999999999,9.2151718139648438,,8.4418563842773438,
165.80000000000001,8.6402969360351562,,8.0790481567382812,
165.90000000000001,8.3081512451171875,,7.5731582641601562,
166,8.165069580078125,,7.5041732788085938,
166.09999999999999,8.11907958984375,,8.1863632202148438,
166.19999999999999,8.6019744873046875,,9.27734375,
166.30000000000001,9.6316375732421875,,10.907432556152344,
166.40000000000001,10.996009826660156,,13.237594604492188,
166.5,12.245407104492188,,14.826805114746094,
166.59999999999999,12.613327026367188,,15.169174194335938,
166.69999999999999,12.135543823242188,,14.83447265625,
166.80000000000001,11.588768005371094,,14.034751892089844,
166.90000000000001,11.409919738769531,,13.273361206054688,
167,11.2642822265625,,12.565628051757812,
167.09999999999999,11.029228210449219,,11.804237365722656,
167.19999999999999,10.875923156738281,,11.219146728515625,
167.30000000000001,10.707298278808594,,10.470527648925781,
167.40000000000001,10.431358337402344,,9.5711669921875,
167.5,10.232063293457031,,9.07550048828125,
167.59999999999999,10.140083312988281,,8.909423828125,
167.69999999999999,10.104316711425781,,8.8557662963867188,
167.80000000000001,10.081321716308594,,8.8506622314453125,
167.90000000000001,10.002113342285156,,8.7791213989257812,
168,9.9637908935546875,,8.6028213500976562,
168.09999999999999,9.894805908203125,,8.3166656494140625,
168.19999999999999,9.7874984741210938,,8.0586090087890625,
168.30000000000001,9.7823867797851562,,8.0023956298828125,
168.40000000000001,9.8181533813476562,,8.0330581665039062,
168.5,9.8513717651367188,,8.0560531616210938,
168.59999999999999,9.8692550659179688,,8.0841598510742188,
168.69999999999999,9.905029296875,,8.1045989990234375,
168.80000000000001,10.020004272460938,,8.0943756103515625,
168.90000000000001,10.1988525390625,,8.1608123779296875,
169,10.426246643066406,,8.5568313598632812,
169.09999999999999,10.725181579589844,,9.1981430053710938,
169.19999999999999,11.0445556640625,,9.755126953125,
169.30000000000001,11.256622314453125,,10.043846130371094,
169.40000000000001,11.300056457519531,,10.020851135253906,
169.5,11.24639892578125,,9.8343353271484375,
169.59999999999999,11.294944763183594,,9.6427078247070312,
169.69999999999999,11.558113098144531,,9.6657028198242188,
169.80000000000001,12.189193725585938,,10.064285278320312,
169.90000000000001,13.139656066894531,,10.738807678222656,
170,14.023681640625,27.310924530029297,11.765914916992188,0
170.09999999999999,14.769744873046875,,13.19671630859375,
170.19999999999999,15.454483032226562,,14.785926818847656,
170.30000000000001,16.090682983398438,,16.221832275390625,
170.40000000000001,16.721763610839844,,17.297489166259766,
170.5,17.357959747314453,,18.288829803466797,
170.59999999999999,17.863849639892578,,19.292945861816406,
170.69999999999999,18.121906280517578,,20.199970245361328,
170.80000000000001,18.262428283691406,,21.140209197998047,
170.90000000000001,18.47705078125,,22.307842254638672,
171,18.919063568115234,,23.868949890136719,
171.09999999999999,19.389186859130859,,25.647228240966797,
171.19999999999999,19.759658813476562,,27.514934539794922,
171.30000000000001,20.270660400390625,,29.357089996337891,
171.40000000000001,20.804653167724609,,30.966739654541016,
171.5,21.134250640869141,,32.410312652587891,
171.59999999999999,21.228786468505859,,33.634159088134766,
171.69999999999999,21.481731414794922,,34.643383026123047,
171.80000000000001,21.890529632568359,,35.632167816162109,
171.90000000000001,22.105148315429688,,36.444656372070312,
172,22.406639099121094,,37.050193786621094,
172.09999999999999,22.856319427490234,,37.6455078125,
172.19999999999999,23.295780181884766,,38.143733978271484,
172.30000000000001,23.71990966796875,,38.440113067626953,
172.40000000000001,24.036731719970703,,38.28936767578125,
172.5,23.97796630859375,,37.561191558837891,
172.59999999999999,23.252346038818359,,36.005199432373047,
172.69999999999999,22.194576263427734,,33.728694915771484,
172.80000000000001,21.131694793701172,,31.347434997558594,
172.90000000000001,19.981945037841797,,29.032604217529297,
173,18.949726104736328,,26.904289245605469,
173.09999999999999,18.502601623535156,,25.450492858886719,
173.19999999999999,18.167896270751953,,24.362064361572266,
173.30000000000001,17.544475555419922,,23.161212921142578,
173.40000000000001,17.102462768554688,,22.208198547363281,
173.5,16.777976989746094,,21.352272033691406,
173.59999999999999,16.415168762207031,,20.376262664794922,
173.69999999999999,16.060020446777344,,19.259727478027344,
173.80000000000001,15.7176513671875,,17.915798187255859,
173.90000000000001,15.311408996582031,,16.43389892578125,
174,14.841285705566406,,14.967330932617188,
174.09999999999999,14.406936645507812,,13.470100402832031,
174.19999999999999,13.898490905761719,,12.059738159179688,
174.30000000000001,13.392601013183594,,11.027519226074219,
174.40000000000001,13.093666076660156,,10.368331909179688,
174.5,12.917373657226562,,9.8701019287109375,
174.59999999999999,12.789619445800781,,9.4383087158203125,
174.69999999999999,12.659317016601562,,9.0806121826171875,
174.80000000000001,12.513679504394531,,8.789337158203125,
174.90000000000001,12.396148681640625,,8.5568313598632812,
175,12.291397094726562,,8.367767333984375,
175.09999999999999,12.176422119140625,,8.1812515258789062,
175.19999999999999,12.109992980957031,,8.0049514770507812,
175.30000000000001,11.959243774414062,,7.7315673828125,
175.40000000000001,11.895370483398438,,7.6191482543945312,
175.5,12.270957946777344,,7.9768524169921875,
175.59999999999999,13.034896850585938,,8.5491714477539062,
175.69999999999999,14.051788330078125,,9.2850112915039062,
175.80000000000001,15.124893188476562,,10.238021850585938,
175.90000000000001,16.100898742675781,,11.441429138183594,
176,17.059028625488281,,12.984649658203125,
176.09999999999999,18.070804595947266,,14.727157592773438,
176.19999999999999,18.893516540527344,,16.467113494873047,
176.30000000000001,19.925735473632812,,18.086982727050781,
176.40000000000001,20.779106140136719,,19.428359985351562,
176.5,21.481731414794922,,20.690528869628906,
176.59999999999999,22.304439544677734,,22.272075653076172,
176.69999999999999,23.311111450195312,,24.180660247802734,
176.80000000000001,24.368881225585938,,26.199108123779297,
176.90000000000001,25.26568603515625,,28.020824432373047,
177,25.996414184570312,,29.415855407714844,
177.09999999999999,26.515079498291016,,30.407192230224609,
177.19999999999999,26.928989410400391,,31.196689605712891,
177.30000000000001,27.394001007080078,,31.669364929199219,
177.40000000000001,27.677604675292969,,31.710243225097656,
177.5,27.455318450927734,,31.332103729248047,
177.59999999999999,26.691375732421875,,30.496620178222656,
177.69999999999999,25.339778900146484,,29.145023345947266,
177.80000000000001,23.469520568847656,,27.162342071533203,
177.90000000000001,21.405078887939453,,24.701877593994141,
178,19.453060150146484,,22.116218566894531,
178.09999999999999,17.978824615478516,,19.775840759277344,
178.19999999999999,17.099906921386719,,17.765052795410156,
178.30000000000001,16.456047058105469,,16.099193572998047,
178.40000000000001,16.016586303710938,,14.967330932617188,
178.5,15.924606323242188,,14.170166015625,
178.59999999999999,15.9373779296875,,13.421554565429688,
178.69999999999999,15.934822082519531,,12.647392272949219,
178.80000000000001,15.891387939453125,,11.822120666503906,
178.90000000000001,15.796852111816406,,10.881881713867188,
179,15.559242248535156,,9.709136962890625,
179.09999999999999,15.193878173828125,,8.513397216796875,
179.19999999999999,14.59600830078125,,7.5552749633789062,
179.30000000000001,13.842277526855469,,6.967620849609375,
179.40000000000001,13.236747741699219,,6.7376708984375,
179.5,12.758956909179688,,6.6124801635742188,
179.59999999999999,12.380821228027344,,6.50006103515625,
179.69999999999999,12.071662902832031,,6.4106369018554688,
179.80000000000001,11.800834655761719,,6.323760986328125,
179.90000000000001,11.57855224609375,,6.2573318481445312,
180,11.422698974609375,12.671594619750977,6.196014404296875,7.6824584007263184
180.09999999999999,11.346046447753906,,6.09381103515625,
180.19999999999999,11.159530639648438,,5.8945236206054688,
180.30000000000001,10.891258239746094,,5.7412261962890625,
180.40000000000001,10.735397338867188,,5.7591094970703125,
180.5,10.702186584472656,,5.902191162109375,
180.59999999999999,10.996009826660156,,6.2445602416992188,
180.69999999999999,11.79827880859375,,6.6865768432617188,
180.80000000000001,12.978691101074219,,7.023834228515625,
180.90000000000001,14.205093383789062,,7.3585357666015625,
181,15.209205627441406,,7.8593215942382812,
181.09999999999999,16.10345458984375,,8.5108413696289062,
181.19999999999999,16.890396118164062,,9.0959396362304688,
181.30000000000001,17.628791809082031,,9.765350341796875,
181.40000000000001,18.515377044677734,,10.754135131835938,
181.5,19.263988494873047,,11.783798217773438,
181.59999999999999,19.772434234619141,,12.844123840332031,
181.69999999999999,20.260440826416016,,13.919776916503906,
181.80000000000001,20.689678192138672,,14.831916809082031,
181.90000000000001,21.106143951416016,,15.77215576171875,
182,21.466400146484375,,16.796707153320312,
182.09999999999999,21.422966003417969,,17.632194519042969,
182.19999999999999,21.267108917236328,,18.316932678222656,
182.30000000000001,21.430629730224609,,19.103874206542969,
182.40000000000001,21.772998809814453,,19.9112548828125,
182.5,22.143474578857422,,20.598548889160156,
182.59999999999999,22.473068237304688,,21.135097503662109,
182.69999999999999,22.802665710449219,,21.559226989746094,
182.80000000000001,23.134815216064453,,21.781513214111328,
182.90000000000001,23.170585632324219,,21.500465393066406,
183,22.904865264892578,,20.963912963867188,
183.09999999999999,22.511394500732422,,20.550003051757812,
183.19999999999999,21.969734191894531,,19.872928619384766,
183.30000000000001,21.131694793701172,,18.682300567626953,
183.40000000000001,20.045818328857422,,17.384357452392578,
183.5,19.164344787597656,,16.3419189453125,
183.59999999999999,18.584362030029297,,15.394012451171875,
183.69999999999999,18.001819610595703,,14.188056945800781,
183.80000000000001,17.340076446533203,,12.839012145996094,
183.90000000000001,16.903167724609375,,11.615165710449219,
184,16.719207763671875,,10.503746032714844,
184.09999999999999,16.540359497070312,,9.471527099609375,
184.19999999999999,16.333404541015625,,8.5542831420898438,
184.30000000000001,16.049797058105469,,7.887420654296875,
184.40000000000001,15.628227233886719,,7.49395751953125,
184.5,15.244972229003906,,7.19757080078125,
184.59999999999999,14.879608154296875,,6.8271026611328125,
184.69999999999999,14.371162414550781,,6.5026168823242188,
184.80000000000001,13.921485900878906,,6.4234085083007812,
184.90000000000001,13.650657653808594,,6.4285202026367188,
185,13.466697692871094,,6.415740966796875,
185.09999999999999,13.305732727050781,,6.4080810546875,
185.19999999999999,13.152427673339844,,6.4080810546875,
185.30000000000001,13.029792785644531,,6.4080810546875,
185.40000000000001,12.937812805175781,,6.379974365234375,
185.5,12.82794189453125,,6.3416519165039062,
185.59999999999999,12.728302001953125,,6.2956619262695312,
185.69999999999999,12.720634460449219,,6.20623779296875,
185.80000000000001,12.656761169433594,,5.9711761474609375,
185.90000000000001,12.444694519042969,,5.7412261962890625,
186,12.24029541015625,,5.7105636596679688,
186.09999999999999,12.066558837890625,,5.7028961181640625,
186.19999999999999,11.9285888671875,,5.6952362060546875,
186.30000000000001,11.857048034667969,,5.7080078125,
186.40000000000001,11.775283813476562,,5.6339111328125,
186.5,11.642425537109375,,5.5470428466796875,
186.59999999999999,11.512123107910156,,5.5470428466796875,
186.69999999999999,11.397148132324219,,5.5598220825195312,
186.80000000000001,11.343490600585938,,5.5623779296875,
186.90000000000001,11.35626220703125,,5.4474029541015625,
187,11.274505615234375,,5.2634429931640625,
187.09999999999999,11.307723999023438,,5.3426437377929688,
187.19999999999999,11.903038024902344,,5.6236953735351562,
187.30000000000001,13.017013549804688,,5.9865036010742188,
187.40000000000001,14.22808837890625,,6.5511627197265625,
187.5,15.214317321777344,,7.2665557861328125,
187.59999999999999,16.006362915039062,,8.1403656005859375,
187.69999999999999,16.762641906738281,,9.1623687744140625,
187.80000000000001,17.585353851318359,,10.268684387207031,
187.90000000000001,18.517929077148438,,11.377555847167969,
188,19.284431457519531,,12.33056640625,
188.09999999999999,19.828643798828125,,13.273361206054688,
188.19999999999999,20.403518676757812,,14.351577758789062,
188.30000000000001,20.963066101074219,,15.411895751953125,
188.40000000000001,21.522609710693359,,16.398128509521484,
188.5,22.171581268310547,,17.463565826416016,
188.59999999999999,22.825660705566406,,18.516223907470703,
188.69999999999999,23.390316009521484,,19.405364990234375,
188.80000000000001,23.788894653320312,,20.041557312011719,
188.90000000000001,24.115936279296875,,20.616432189941406,
189,24.499183654785156,,21.365047454833984,
189.09999999999999,24.902873992919922,,22.103443145751953,
189.19999999999999,25.352554321289062,,22.808624267578125,
189.30000000000001,25.748580932617188,,23.511249542236328,
189.40000000000001,26.00152587890625,,24.106563568115234,
189.5,26.18548583984375,,24.517917633056641,
189.59999999999999,26.226364135742188,,24.597122192382812,
189.69999999999999,26.203369140625,,24.5843505859375,
189.80000000000001,26.234031677246094,,24.796413421630859,
189.90000000000001,26.213588714599609,,24.947158813476562,
190,26.177818298339844,11.574073791503906,24.980373382568359,6.3694267272949219
190.09999999999999,26.11138916015625,,25.013587951660156,
190.19999999999999,25.919765472412109,,24.885837554931641,
190.30000000000001,25.556953430175781,,24.471927642822266,
190.40000000000001,24.956531524658203,,23.679878234863281,
190.5,24.184921264648438,,22.668098449707031,
190.59999999999999,23.237014770507812,,21.56689453125,
190.69999999999999,22.135810852050781,,20.332828521728516,
190.80000000000001,21.067821502685547,,19.055328369140625,
190.90000000000001,20.05859375,,17.742057800292969,
191,19.113246917724609,,16.382797241210938,
191.09999999999999,18.218994140625,,15.031204223632812,
191.19999999999999,17.426944732666016,,13.78436279296875,
191.30000000000001,16.900611877441406,,12.678047180175781,
191.40000000000001,16.548027038574219,,11.602394104003906,
191.5,16.26953125,,10.470527648925781,
191.59999999999999,16.139228820800781,,9.0806121826171875,
191.69999999999999,15.922050476074219,,7.6523666381835938,
191.80000000000001,15.546463012695312,,6.747894287109375,
191.90000000000001,15.158103942871094,,6.3186569213867188,
192,14.754417419433594,,6.0912628173828125,
192.09999999999999,14.345611572265625,,5.9302978515625,
192.19999999999999,13.949592590332031,,5.828094482421875,
192.30000000000001,13.6199951171875,,5.7284469604492188,
192.40000000000001,13.374717712402344,,5.5955886840820312,
192.5,13.165206909179688,,5.516387939453125,
192.59999999999999,12.907150268554688,,5.4729461669921875,
192.69999999999999,12.620986938476562,,5.4065170288085938,
192.80000000000001,12.447250366210938,,5.3375320434570312,
192.90000000000001,12.373153686523438,,5.2148971557617188,
193,12.161087036132812,,5.0513763427734375,
193.09999999999999,11.905593872070312,,4.982391357421875,
193.19999999999999,11.770172119140625,,4.964508056640625,
193.30000000000001,11.650093078613281,,4.9593963623046875,
193.40000000000001,11.537673950195312,,5.010498046875,
193.5,11.450798034667969,,5.0615921020507812,
193.59999999999999,11.384368896484375,,5.056488037109375,
193.69999999999999,11.32049560546875,,5.0590362548828125,
193.80000000000001,11.330718994140625,,5.17401123046875,
193.90000000000001,11.5606689453125,,5.4576187133789062,
194,12.104881286621094,,5.7514419555664062,
194.09999999999999,12.945472717285156,,5.9073028564453125,
194.19999999999999,13.67620849609375,,6.0631561279296875,
194.30000000000001,14.235748291015625,,6.5179443359375,
194.40000000000001,14.900047302246094,,7.264007568359375,
194.5,15.610343933105469,,8.1045989990234375,
194.59999999999999,16.277198791503906,,9.0218429565429688,
194.69999999999999,16.915946960449219,,9.99530029296875,
194.80000000000001,17.626235961914062,,11.035186767578125,
194.90000000000001,18.382514953613281,,12.200263977050781,
195,19.131130218505859,,13.498207092285156,
195.09999999999999,19.897628784179688,,14.860015869140625,
195.19999999999999,20.638580322265625,,16.111968994140625,
195.30000000000001,21.208343505859375,,17.182514190673828,
195.40000000000001,21.762779235839844,,18.388473510742188,
195.5,22.516506195068359,,19.837158203125,
195.59999999999999,23.364765167236328,,21.288398742675781,
195.69999999999999,24.287120819091797,,22.714088439941406,
195.80000000000001,25.250354766845703,,24.152553558349609,
195.90000000000001,26.134384155273438,,25.575687408447266,
196,26.890663146972656,,26.986049652099609,
196.09999999999999,27.603507995605469,,28.217559814453125,
196.19999999999999,28.247367858886719,,29.142467498779297,
196.30000000000001,28.804359436035156,,29.829765319824219,
196.40000000000001,29.164615631103516,,30.256446838378906,
196.5,29.302585601806641,,30.299884796142578,
196.59999999999999,29.149284362792969,,30.133808135986328,
196.69999999999999,28.812023162841797,,30.064823150634766,
196.80000000000001,28.559078216552734,,30.141471862792969,
196.90000000000001,28.533531188964844,,30.325431823730469,
197,28.607624053955078,,30.287109375,
197.09999999999999,28.513088226318359,,29.929409027099609,
197.19999999999999,28.111953735351562,,29.454177856445312,
197.30000000000001,27.243255615234375,,28.544597625732422,
197.40000000000001,25.924873352050781,,26.922172546386719,
197.5,24.404651641845703,,24.980373382568359,
197.59999999999999,22.938079833984375,,23.061569213867188,
197.69999999999999,21.489395141601562,,21.155540466308594,
197.80000000000001,20.183788299560547,,19.269950866699219,
197.90000000000001,18.975276947021484,,17.376693725585938,
198,17.904731750488281,,15.728717803955078,
198.09999999999999,17.036033630371094,,14.550865173339844,
198.19999999999999,16.366622924804688,,13.6566162109375,
198.30000000000001,16.037025451660156,,12.833900451660156,
198.40000000000001,15.909278869628906,,12.062294006347656,
198.5,15.817298889160156,,11.270240783691406,
198.59999999999999,15.686988830566406,,10.511405944824219,
198.69999999999999,15.490257263183594,,9.9033203125,
198.80000000000001,15.2398681640625,,9.38720703125,
198.90000000000001,15.020133972167969,,8.8046722412109375,
199,14.66754150390625,,8.0381698608398438,
199.09999999999999,14.174430847167969,,7.3585357666015625,
199.19999999999999,13.798843383789062,,6.9982833862304688,
199.30000000000001,13.520347595214844,,6.7606658935546875,
199.40000000000001,13.23419189453125,,6.6022567749023438,
199.5,12.930145263671875,,6.5690460205078125,
199.59999999999999,12.620986938476562,,6.5205001831054688,
199.69999999999999,12.337387084960938,,6.362091064453125,
199.80000000000001,12.064002990722656,,6.1934585571289062,
199.90000000000001,11.803390502929688,,6.0401611328125,
200,11.683303833007812,9.9833612442016602,5.83831787109375,9.7481718063354492
200.09999999999999,11.619430541992188,,5.5010528564453125,
200.19999999999999,11.43035888671875,,5.1510162353515625,
200.30000000000001,11.21063232421875,,5.036041259765625,
200.40000000000001,11.011337280273438,,5.0539321899414062,
200.5,10.845268249511719,,5.056488037109375,
200.59999999999999,10.740509033203125,,5.0334930419921875,
200.69999999999999,10.653640747070312,,5.0385971069335938,
200.80000000000001,10.574432373046875,,5.0794830322265625,
200.90000000000001,10.523338317871094,,5.128021240234375,
201,10.523338317871094,,5.1689071655273438,
201.09999999999999,10.561660766601562,,5.1305770874023438,
201.19999999999999,10.513114929199219,,4.9517288208007812,
201.30000000000001,10.377700805664062,,4.834197998046875,
201.40000000000001,10.395584106445312,,5.036041259765625,
201.5,10.809494018554688,,5.4065170288085938,
201.59999999999999,11.849380493164062,,5.7974319458007812,
201.69999999999999,13.042564392089844,,6.44384765625,
201.80000000000001,13.901046752929688,,7.4990615844726562,
201.90000000000001,14.578117370605469,,8.9324188232421875,
202,15.352287292480469,,10.756690979003906,
202.09999999999999,16.330848693847656,,12.859451293945312,
202.19999999999999,17.117790222167969,,15.056755065917969,
202.30000000000001,17.828079223632812,,17.274494171142578,
202.40000000000001,18.689113616943359,,19.502452850341797,
202.5,19.585918426513672,,21.600109100341797,
202.59999999999999,20.600254058837891,,23.462703704833984,
202.69999999999999,21.678466796875,,25.034027099609375,
202.80000000000001,22.669803619384766,,26.314083099365234,
202.90000000000001,23.528285980224609,,27.364189147949219,
203,24.284564971923828,,28.235443115234375,
203.09999999999999,24.979526519775391,,29.088813781738281,
203.19999999999999,25.595279693603516,,29.896194458007812,
203.30000000000001,26.057735443115234,,30.450630187988281,
203.40000000000001,26.392440795898438,,30.764892578125,
203.5,26.573844909667969,,30.966739654541016,
203.59999999999999,26.520191192626953,,30.994842529296875,
203.69999999999999,26.290241241455078,,30.537498474121094,
203.80000000000001,25.986194610595703,,29.776107788085938,
203.90000000000001,25.689815521240234,,29.20123291015625,
204,25.490524291992188,,28.764328002929688,
204.09999999999999,25.212028503417969,,28.266101837158203,
204.19999999999999,24.586055755615234,,27.267097473144531,
204.30000000000001,23.436305999755859,,25.506702423095703,
204.40000000000001,22.002948760986328,,23.42437744140625,
204.5,20.664131164550781,,21.158092498779297,
204.59999999999999,19.299758911132812,,18.891807556152344,
204.69999999999999,18.114238739013672,,16.988334655761719,
204.80000000000001,17.327301025390625,,15.409347534179688,
204.90000000000001,16.816299438476562,,14.101181030273438,
205,16.496925354003906,,12.961654663085938,
205.09999999999999,16.256752014160156,,11.868110656738281,
205.19999999999999,16.118782043457031,,10.705589294433594,
205.30000000000001,16.075347900390625,,9.5124053955078125,
205.40000000000001,15.950157165527344,,8.4469680786132812,
205.5,15.497917175292969,,7.5220565795898438,
205.59999999999999,14.940933227539062,,6.875640869140625,
205.69999999999999,14.539794921875,,6.592041015625,
205.80000000000001,14.151435852050781,,6.5051727294921875,
205.90000000000001,13.78607177734375,,6.489837646484375,
206,13.459030151367188,,6.4872817993164062,
206.09999999999999,13.149871826171875,,6.4770660400390625,
206.19999999999999,12.845832824707031,,6.436187744140625,
206.30000000000001,12.554557800292969,,6.3595352172851562,
206.40000000000001,12.306724548339844,,6.2905502319335938,
206.5,12.117652893066406,,6.196014404296875,
206.59999999999999,11.94647216796875,,5.8919677734375,
206.69999999999999,11.690971374511719,,5.5444869995117188,
206.80000000000001,11.517227172851562,,5.460174560546875,
206.90000000000001,11.532562255859375,,5.43206787109375,
207,11.491683959960938,,5.2838821411132812,
207.09999999999999,11.399703979492188,,5.1331329345703125,
207.19999999999999,11.33837890625,,5.0232696533203125,
207.30000000000001,11.243843078613281,,4.9338455200195312,
207.40000000000001,11.123764038085938,,4.872528076171875,
207.5,11.001121520996094,,4.84442138671875,
207.59999999999999,10.883590698242188,,4.8316421508789062,
207.69999999999999,10.753288269042969,,4.7320022583007812,
207.80000000000001,10.505447387695312,,4.5889205932617188,
207.90000000000001,10.242286682128906,,4.5301513671875,
208,10.101760864257812,,4.5429306030273438,
208.09999999999999,10.014892578125,,4.5812530517578125,
208.19999999999999,9.9944534301757812,,4.6655731201171875,
208.30000000000001,10.012336730957031,,4.7754364013671875,
208.40000000000001,10.060882568359375,,4.890411376953125,
208.5,10.239730834960938,,5.13824462890625,
208.59999999999999,10.870819091796875,,5.4192962646484375,
208.69999999999999,11.910697937011719,,5.8076553344726562,
208.80000000000001,12.771736145019531,,6.6278076171875,
208.90000000000001,13.433479309082031,,8.0943756103515625,
209,14.325172424316406,,10.255912780761719,
209.09999999999999,15.342063903808594,,12.800689697265625,
209.19999999999999,16.312965393066406,,15.526870727539062,
209.30000000000001,17.439720153808594,,18.541774749755859,
209.40000000000001,18.607357025146484,,22.039569854736328,
209.5,19.690673828125,,25.665115356445312,
209.59999999999999,20.830204010009766,,28.636577606201172,
209.69999999999999,22.025943756103516,,30.795555114746094,
209.80000000000001,23.219131469726562,,32.527843475341797,
209.90000000000001,24.366325378417969,,34.032737731933594,
210,25.349998474121094,8.8430356979370117,35.251472473144531,8.8170461654663086
210.09999999999999,26.090950012207031,,36.168716430664062,
210.19999999999999,26.617279052734375,,36.876453399658203,
210.30000000000001,27.087398529052734,,37.428333282470703,
210.40000000000001,27.358230590820312,,37.604629516601562,
210.5,27.342899322509766,,37.374679565429688,
210.59999999999999,27.217704772949219,,37.119178771972656,
210.69999999999999,27.319904327392578,,37.262256622314453,
210.80000000000001,27.677604675292969,,37.796253204345703,
210.90000000000001,28.04296875,,38.268928527832031,
211,28.370010375976562,,38.601078033447266,
211.09999999999999,28.725154876708984,,38.984329223632812,
211.19999999999999,29.384346008300781,,39.893909454345703,
211.30000000000001,30.283702850341797,,41.452457427978516,
211.40000000000001,31.359359741210938,,43.138759613037109,
211.5,32.297042846679688,,44.43414306640625,
211.59999999999999,32.874473571777344,,45.175094604492188,
211.69999999999999,33.173408508300781,,45.6298828125,
211.80000000000001,33.280719757080078,,45.885383605957031,
211.90000000000001,33.150413513183594,,45.604331970214844,
212,32.769718170166016,,44.789287567138672,
212.09999999999999,32.215286254882812,,43.856712341308594,
212.19999999999999,31.372135162353516,,42.660972595214844,
212.30000000000001,30.253044128417969,,41.002777099609375,
212.40000000000001,28.776256561279297,,38.999656677246094,
212.5,26.941764831542969,,36.521308898925781,
212.59999999999999,25.040843963623047,,33.830894470214844,
212.69999999999999,23.275341033935547,,31.201797485351562,
212.80000000000001,21.647804260253906,,28.575260162353516,
212.90000000000001,20.1326904296875,,26.053474426269531,
213,18.847526550292969,,23.753974914550781,
213.09999999999999,17.822971343994141,,21.745742797851562,
213.19999999999999,17.013038635253906,,19.778392791748047,
213.30000000000001,16.264419555664062,,17.910690307617188,
213.40000000000001,15.679328918457031,,16.477333068847656,
213.5,15.485145568847656,,15.417007446289062,
213.59999999999999,15.4595947265625,,14.545753479003906,
213.69999999999999,15.490257263183594,,13.746040344238281,
213.80000000000001,15.457038879394531,,12.915664672851562,
213.90000000000001,15.336952209472656,,12.023971557617188,
214,15.168327331542969,,11.13482666015625,
214.09999999999999,14.974143981933594,,10.327445983886719,
214.19999999999999,14.818290710449219,,9.5456161499023438,
214.30000000000001,14.639442443847656,,8.8506622314453125,
214.40000000000001,14.3916015625,,8.219573974609375,
214.5,13.9879150390625,,7.465850830078125,
214.59999999999999,13.576560974121094,,6.8628692626953125,
214.69999999999999,13.338943481445312,,6.5792617797851562,
214.80000000000001,13.096221923828125,,6.3927459716796875,
214.90000000000001,12.79217529296875,,6.2087860107421875,
215,12.506011962890625,,6.0248260498046875,
215.09999999999999,12.20452880859375,,5.845977783203125,
215.19999999999999,11.885147094726562,,5.6952362060546875,
215.30000000000001,11.606658935546875,,5.5853729248046875,
215.40000000000001,11.386924743652344,,5.5138320922851562,
215.5,11.251510620117188,,5.4167404174804688,
215.59999999999999,11.215744018554688,,5.1816787719726562,
215.69999999999999,11.070106506347656,,4.890411376953125,
215.80000000000001,10.799278259277344,,4.7473297119140625,
215.90000000000001,10.612762451171875,,4.73455810546875,
216,10.47479248046875,,4.7575531005859375,
216.09999999999999,10.3828125,,4.760101318359375,
216.19999999999999,10.298492431640625,,4.760101318359375,
216.30000000000001,10.183517456054688,,4.780548095703125,
216.40000000000001,10.140083312988281,,4.834197998046875,
216.5,10.163078308105469,,4.8290863037109375,
216.59999999999999,10.147750854492188,,4.7192230224609375,
216.69999999999999,10.119644165039062,,4.494384765625,
216.80000000000001,9.9842300415039062,,4.2210006713867188,
216.90000000000001,9.7823867797851562,,4.098358154296875,
217,9.64697265625,,4.062591552734375,
217.09999999999999,9.55499267578125,,4.0395965576171875,
217.19999999999999,9.5038909912109375,,4.0600357055664062,
217.30000000000001,9.4630126953125,,4.1136932373046875,
217.40000000000001,9.40679931640625,,4.1520156860351562,
217.5,9.3403701782226562,,4.1571273803710938,
217.59999999999999,9.3275985717773438,,4.1801223754882812,
217.69999999999999,9.3097076416015625,,4.116241455078125,
217.80000000000001,9.2049560546875,,4.0114898681640625,
217.90000000000001,9.1385269165039062,,4.0166015625,
218,9.1231918334960938,,4.0600357055664062,
218.09999999999999,9.1078643798828125,,4.1315765380859375,
218.19999999999999,9.1538543701171875,,4.2133331298828125,
218.30000000000001,9.2586135864257812,,4.4330673217773438,
218.40000000000001,9.4936676025390625,,4.8571929931640625,
218.5,10.055770874023438,,5.35797119140625,
218.59999999999999,10.944908142089844,,5.8894119262695312,
218.69999999999999,11.696083068847656,,6.8066558837890625,
218.80000000000001,12.153427124023438,,8.4546356201171875,
218.90000000000001,12.587776184082031,,10.662155151367188,
219,13.116661071777344,,13.194160461425781,
219.09999999999999,13.816726684570312,,15.853912353515625,
219.19999999999999,14.708427429199219,,18.408912658691406,
219.30000000000001,15.704872131347656,,20.749294281005859,
219.40000000000001,16.675773620605469,,22.783073425292969,
219.5,17.547031402587891,,24.824520111083984,
219.59999999999999,18.451499938964844,,27.070362091064453,
219.69999999999999,19.460723876953125,,29.168018341064453,
219.80000000000001,20.521049499511719,,31.145587921142578,
219.90000000000001,21.576263427734375,,33.049064636230469,
220,22.519058227539062,8.0053367614746094,34.822235107421875,8.0213899612426758
220.09999999999999,23.288116455078125,,36.176383972167969,
220.19999999999999,23.868099212646484,,37.068077087402344,
220.30000000000001,24.366325378417969,,37.982769012451172,
220.40000000000001,24.964195251464844,,38.948558807373047,
220.5,25.641269683837891,,39.822368621826172,
220.59999999999999,26.313236236572266,,40.535213470458984,
220.69999999999999,26.895774841308594,,41.138191223144531,
220.80000000000001,27.396553039550781,,41.534217834472656,
220.90000000000001,27.76702880859375,,41.661968231201172,
221,28.140060424804688,,42.022224426269531,
221.09999999999999,28.776256561279297,,42.768283843994141,
221.19999999999999,29.415004730224609,,43.790283203125,
221.30000000000001,30.017986297607422,,45.100997924804688,
221.40000000000001,30.672065734863281,,46.506248474121094,
221.5,31.407905578613281,,47.712207794189453,
221.59999999999999,32.233169555664062,,48.542583465576172,
221.69999999999999,32.874473571777344,,49.094463348388672,
221.80000000000001,33.352260589599609,,49.600353240966797,
221.90000000000001,33.740619659423828,,50.139457702636719,
222,33.991008758544922,,50.760322570800781,
222.09999999999999,34.16986083984375,,51.496162414550781,
222.19999999999999,34.440689086914062,,52.206451416015625,
222.30000000000001,34.703853607177734,,52.819652557373047,
222.40000000000001,34.834159851074219,,53.353645324707031,
222.5,34.972129821777344,,53.856983184814453,
222.59999999999999,35.148426055908203,,54.51617431640625,
222.69999999999999,35.296615600585938,,55.364433288574219,
222.80000000000001,35.618545532226562,,56.133487701416016,
222.90000000000001,35.838275909423828,,56.491188049316406,
223,35.902149200439453,,56.534622192382812,
223.09999999999999,35.991573333740234,,56.524402618408203,
223.19999999999999,36.160205841064453,,56.823337554931641,
223.30000000000001,36.402931213378906,,57.510631561279297,
223.40000000000001,36.709529876708984,,58.259246826171875,
223.5,36.850055694580078,,58.688488006591797,
223.59999999999999,36.5792236328125,,58.450874328613281,
223.69999999999999,36.121879577636719,,57.454421997070312,
223.80000000000001,35.421810150146484,,55.706802368164062,
223.90000000000001,34.44580078125,,53.639808654785156,
224,33.275608062744141,,51.677566528320312,
224.09999999999999,32.038990020751953,,49.587577819824219,
224.19999999999999,30.643959045410156,,47.150108337402344,
224.30000000000001,28.783920288085938,,44.303836822509766,
224.40000000000001,26.711814880371094,,41.235282897949219,
224.5,24.813449859619141,,38.235713958740234,
224.59999999999999,22.963630676269531,,35.3638916015625,
224.69999999999999,21.131694793701172,,32.711803436279297,
224.80000000000001,19.537376403808594,,30.184909820556641,
224.90000000000001,18.229213714599609,,27.811313629150391,
225,17.20721435546875,,25.619125366210938,
225.09999999999999,16.601676940917969,,23.677322387695312,
225.19999999999999,16.279747009277344,,21.891380310058594,
225.30000000000001,16.205657958984375,,20.240848541259766,
225.40000000000001,16.420272827148438,,18.743618011474609,
225.5,16.376838684082031,,17.167182922363281,
225.59999999999999,16.014030456542969,,15.685283660888672,
225.69999999999999,15.855621337890625,,14.241706848144531,
225.80000000000001,15.970596313476562,,12.675491333007812,
225.90000000000001,16.034469604492188,,11.226806640625,
226,15.88372802734375,,9.81134033203125,
226.09999999999999,15.597564697265625,,8.495513916015625,
226.19999999999999,15.186210632324219,,7.547607421875,
226.30000000000001,14.710983276367188,,6.9011917114257812,
226.40000000000001,14.171875,,6.4668426513671875,
226.5,13.632766723632812,,6.185791015625,
226.59999999999999,13.131988525390625,,5.8894119262695312,
226.69999999999999,12.603103637695312,,5.5470428466796875,
226.80000000000001,12.09210205078125,,5.311981201171875,
226.90000000000001,11.721633911132812,,5.2072296142578125,
227,11.409919738769531,,5.17401123046875,
227.09999999999999,11.149307250976562,,5.148468017578125,
227.19999999999999,10.937248229980469,,5.10247802734375,
227.30000000000001,10.69451904296875,,5.018157958984375,
227.40000000000001,10.4569091796875,,4.9108505249023438,
227.5,10.25250244140625,,4.8290863037109375,
227.59999999999999,10.101760864257812,,4.7728805541992188,
227.69999999999999,9.99700927734375,,4.6170272827148438,
227.80000000000001,9.8232650756835938,,4.4228439331054688,
227.90000000000001,9.6444168090820312,,4.3615264892578125,
228,9.5141067504882812,,4.3794097900390625,
228.09999999999999,9.3403701782226562,,4.4177322387695312,
228.19999999999999,9.1717376708984375,,4.4458389282226562,
228.30000000000001,9.0465469360351562,,4.43817138671875,
228.40000000000001,8.9673385620117188,,4.3436431884765625,
228.5,8.8957977294921875,,4.172454833984375,
228.59999999999999,8.7501678466796875,,4.006378173828125,
228.69999999999999,8.5227737426757812,,3.804534912109375,
228.80000000000001,8.2723770141601562,,3.6052474975585938,
228.90000000000001,8.073089599609375,,3.5311508178710938,
229,7.9300079345703125,,3.5234832763671875,
229.09999999999999,7.8354721069335938,,3.510711669921875,
229.19999999999999,7.761383056640625,,3.4877166748046875,
229.30000000000001,7.6617355346679688,,3.4110641479492188,
229.40000000000001,7.5901947021484375,,3.3216400146484375,
229.5,7.5569839477539062,,3.2552108764648438,
229.59999999999999,7.4956588745117188,,3.1734466552734375,
229.69999999999999,7.4675521850585938,,3.1070175170898438,
229.80000000000001,7.4650039672851562,,3.0763626098632812,
229.90000000000001,7.4266738891601562,,3.0968017578125,
230,7.411346435546875,6.0060057640075684,3.1708908081054688,6.01202392578125
230.09999999999999,7.4420089721679688,,3.2654266357421875,
230.19999999999999,7.4777755737304688,,3.3523025512695312,
230.30000000000001,7.5365371704101562,,3.3931808471679688,
230.40000000000001,7.5518722534179688,,3.454498291015625,
230.5,7.5748672485351562,,3.8173065185546875,
230.59999999999999,7.7537155151367188,,4.4228439331054688,
230.69999999999999,8.1011962890625,,4.9747238159179688,
230.80000000000001,8.7936019897460938,,5.4678421020507812,
230.90000000000001,9.8155975341796875,,6.0427169799804688,
231,10.8248291015625,,6.9267425537109375,
231.09999999999999,11.57855224609375,,8.0969314575195312,
231.19999999999999,11.9285888671875,,9.6708145141601562,
231.30000000000001,12.127876281738281,,11.911552429199219,
231.40000000000001,12.431922912597656,,14.706718444824219,
231.5,12.856048583984375,,17.578540802001953,
231.59999999999999,13.517791748046875,,20.258735656738281,
231.69999999999999,14.468254089355469,,22.806068420410156,
231.80000000000001,15.559242248535156,,25.067245483398438,
231.90000000000001,16.586349487304688,,27.187892913818359,
232,17.677333831787109,,29.364753723144531,
232.09999999999999,18.908843994140625,,31.352542877197266,
232.19999999999999,20.130134582519531,,33.161483764648438,
232.30000000000001,21.297771453857422,,34.942317962646484,
232.40000000000001,22.439853668212891,,36.741039276123047,
232.5,23.484851837158203,,38.141178131103516,
232.59999999999999,24.276901245117188,,38.920452117919922,
232.69999999999999,24.900318145751953,,39.602638244628906,
232.80000000000001,25.536514282226562,,40.323146820068359,
232.90000000000001,26.228919982910156,,41.058986663818359,
233,26.867668151855469,,41.953239440917969,
233.09999999999999,27.437435150146484,,42.906253814697266,
233.19999999999999,28.060855865478516,,43.785171508789062,
233.30000000000001,28.538639068603516,,44.43414306640625,
233.40000000000001,28.906558990478516,,45.021793365478516,
233.5,29.325580596923828,,45.867496490478516,
233.59999999999999,29.6986083984375,,46.71575927734375,
233.69999999999999,30.023094177246094,,47.357063293457031,
233.80000000000001,30.247936248779297,,47.868064880371094,
233.90000000000001,30.465110778808594,,48.29730224609375,
234,30.758934020996094,,48.836410522460938,
234.09999999999999,31.022098541259766,,49.523704528808594,
234.19999999999999,31.333808898925781,,50.098579406738281,
234.30000000000001,31.747718811035156,,50.461387634277344,
234.40000000000001,32.299598693847656,,50.916175842285156,
234.5,32.953678131103516,,51.726112365722656,
234.59999999999999,33.43402099609375,,52.666351318359375,
234.69999999999999,33.804492950439453,,53.552940368652344,
234.80000000000001,34.123870849609375,,54.357765197753906,
234.90000000000001,34.343601226806641,,54.960742950439453,
235,34.468795776367188,,55.415534973144531,
235.09999999999999,34.519893646240234,,55.929084777832031,
235.19999999999999,34.496898651123047,,56.555061340332031,
235.30000000000001,34.512229919433594,,57.163154602050781,
235.40000000000001,34.668083190917969,,57.761024475097656,
235.5,34.946578979492188,,58.259246826171875,
235.59999999999999,35.340049743652344,,58.936325073242188,
235.69999999999999,35.866378784179688,,60.21893310546875,
235.80000000000001,36.635433197021484,,61.749378204345703,
235.90000000000001,37.483695983886719,,63.218502044677734,
236,38.239974975585938,,64.55987548828125,
236.09999999999999,38.76885986328125,,65.510337829589844,
236.19999999999999,39.014141082763672,,66.041778564453125,
236.30000000000001,38.940044403076172,,66.442909240722656,
236.40000000000001,38.822513580322266,,66.698410034179688,
236.5,38.963039398193359,,66.982017517089844,
236.59999999999999,38.940044403076172,,67.321830749511719,
236.69999999999999,38.855728149414062,,67.089324951171875,
236.80000000000001,38.973258972167969,,66.440353393554688,
236.90000000000001,38.95281982421875,,65.816940307617188,
237,38.937488555908203,,65.392807006835938,
237.09999999999999,38.666660308837891,,64.991668701171875,
237.19999999999999,38.137775421142578,,64.243057250976562,
237.30000000000001,37.427482604980469,,62.8863525390625,
237.40000000000001,36.400375366210938,,60.875564575195312,
237.5,35.237850189208984,,58.808570861816406,
237.59999999999999,33.832599639892578,,57.050731658935547,
237.69999999999999,31.883132934570312,,54.505950927734375,
237.80000000000001,29.481433868408203,,51.110359191894531,
237.90000000000001,27.061851501464844,,47.584457397460938,
238,24.810894012451172,,43.460689544677734,
238.09999999999999,22.756675720214844,,39.181064605712891,
238.19999999999999,20.899188995361328,,35.358783721923828,
238.30000000000001,19.445396423339844,,31.947856903076172,
238.40000000000001,18.349300384521484,,28.984058380126953,
238.5,17.516368865966797,,26.449497222900391,
238.59999999999999,17.000259399414062,,24.218982696533203,
238.69999999999999,16.739646911621094,,22.182647705078125,
238.80000000000001,16.596572875976562,,20.383930206298828,
238.90000000000001,16.542915344238281,,18.820270538330078,
239,16.578681945800781,,17.371585845947266,
239.09999999999999,16.578681945800781,,15.912677764892578,
239.19999999999999,16.54547119140625,,14.124176025390625,
239.30000000000001,16.256752014160156,,12.159385681152344,
239.40000000000001,15.888832092285156,,10.388771057128906,
239.5,15.686988830566406,,8.827667236328125,
239.59999999999999,15.365058898925781,,7.6089324951171875,
239.69999999999999,14.884719848632812,,6.8245468139648438,
239.80000000000001,14.302177429199219,,6.3927459716796875,
239.90000000000001,13.732414245605469,,6.139801025390625,
240,13.249519348144531,4.9099836349487305,5.9737319946289062,4.834810733795166
240.09999999999999,12.789619445800781,,5.8868560791015625,
240.19999999999999,12.4063720703125,,5.7412261962890625,
240.30000000000001,12.023117065429688,,5.4678421020507812,
240.40000000000001,11.624542236328125,,5.2787704467773438,
240.5,11.282173156738281,,5.2608871459960938,
240.59999999999999,10.937248229980469,,5.240447998046875,
240.69999999999999,10.651084899902344,,5.1586837768554688,
240.80000000000001,10.4569091796875,,5.092254638671875,
240.90000000000001,10.257614135742188,,5.0615921020507812,
241,10.025108337402344,,5.0309371948242188,
241.09999999999999,9.7772750854492188,,4.9875030517578125,
241.19999999999999,9.4757843017578125,,4.8648605346679688,
241.30000000000001,9.1359710693359375,,4.7396621704101562,
241.40000000000001,8.872802734375,,4.69622802734375,
241.5,8.7092819213867188,,4.6809005737304688,
241.59999999999999,8.5840911865234375,,4.6936721801757812,
241.69999999999999,8.458892822265625,,4.6911163330078125,
241.80000000000001,8.349029541015625,,4.6349105834960938,
241.90000000000001,8.2621612548828125,,4.5659255981445312,
242,8.1778488159179688,,4.3972930908203125,
242.09999999999999,8.08331298828125,,4.1775665283203125,
242.19999999999999,7.9657821655273438,,4.080474853515625,
242.30000000000001,7.8405838012695312,,4.0191574096679688,
242.40000000000001,7.7460479736328125,,3.9297332763671875,
242.5,7.6489639282226562,,3.8249740600585938,
242.59999999999999,7.5416488647460938,,3.6895599365234375,
242.69999999999999,7.4803314208984375,,3.5541458129882812,
242.80000000000001,7.4139022827148438,,3.380401611328125,
242.90000000000001,7.2887039184570312,,3.1938858032226562,
243,7.1762847900390625,,3.1274566650390625,
243.09999999999999,7.1021881103515625,,3.0993576049804688,
243.19999999999999,7.0459823608398438,,3.0457000732421875,
243.30000000000001,7.0459823608398438,,3.0278167724609375,
243.40000000000001,7.0689773559570312,,3.0303726196289062,
243.5,7.0843048095703125,,3.0457000732421875,
243.59999999999999,6.9923248291015625,,3.0712509155273438,
243.69999999999999,6.8620223999023438,,3.0916900634765625,
243.80000000000001,6.8262481689453125,,3.0993576049804688,
243.90000000000001,6.8262481689453125,,3.0891342163085938,
244,6.79559326171875,,3.1274566650390625,
244.09999999999999,6.7163848876953125,,3.1734466552734375,
244.19999999999999,6.6397323608398438,,3.1453475952148438,
244.30000000000001,6.5452041625976562,,3.0789108276367188,
244.40000000000001,6.3970108032226562,,2.9843826293945312,
244.5,6.289703369140625,,2.8949508666992188,
244.59999999999999,6.2130508422851562,,2.8642959594726562,
244.69999999999999,6.1389541625976562,,2.8591842651367188,
244.80000000000001,6.1312942504882812,,2.8438568115234375,
244.90000000000001,6.1926116943359375,,2.828521728515625,
245,6.2615966796875,,2.8540725708007812,
245.09999999999999,6.3791275024414062,,2.8924026489257812,
245.19999999999999,6.583526611328125,,2.9051742553710938,
245.30000000000001,6.7010574340820312,,2.8413009643554688,
245.40000000000001,6.693389892578125,,2.8157501220703125,
245.5,6.6882781982421875,,2.8796234130859375,
245.59999999999999,6.6729507446289062,,2.9434967041015625,
245.69999999999999,6.693389892578125,,3.0303726196289062,
245.80000000000001,6.83135986328125,,3.1249008178710938,
245.90000000000001,7.0025482177734375,,3.2373275756835938,
246,7.117523193359375,,3.344635009765625,
246.09999999999999,7.227386474609375,,3.362518310546875,
246.19999999999999,7.3040390014648438,,3.3293075561523438,
246.30000000000001,7.319366455078125,,3.4136199951171875,
246.40000000000001,7.3168106079101562,,3.676788330078125,
246.5,7.3244781494140625,,4.0881423950195312,
246.59999999999999,7.4445571899414062,,4.58636474609375,
246.69999999999999,7.6387405395507812,,5.0615921020507812,
246.80000000000001,7.807373046875,,5.5725936889648438,
246.90000000000001,7.963226318359375,,6.1500244140625,
247,8.1778488159179688,,6.6252517700195312,
247.09999999999999,8.4665603637695312,,6.9931716918945312,
247.19999999999999,8.826812744140625,,7.4019775390625,
247.30000000000001,9.1998443603515625,,7.7698974609375,
247.40000000000001,9.55499267578125,,8.173583984375,
247.5,10.045547485351562,,8.9707412719726562,
247.59999999999999,10.781387329101562,,10.1971435546875,
247.69999999999999,11.581108093261719,,11.663711547851562,
247.80000000000001,12.365493774414062,,13.094512939453125,
247.90000000000001,12.881599426269531,,14.48443603515625,
248,13.236747741699219,,16.099193572998047,
248.09999999999999,13.763076782226562,,17.974563598632812,
248.19999999999999,14.335395812988281,,20.072219848632812,
248.30000000000001,15.030357360839844,,22.295070648193359,
248.40000000000001,15.876060485839844,,24.540912628173828,
248.5,16.844406127929688,,26.710109710693359,
248.59999999999999,17.863849639892578,,28.582923889160156,
248.69999999999999,18.893516540527344,,30.430187225341797,
248.80000000000001,19.951286315917969,,32.6044921875,
248.90000000000001,21.009056091308594,,34.817123413085938,
249,22.158805847167969,,36.950550079345703,
249.09999999999999,23.377540588378906,,39.089084625244141,
249.19999999999999,24.534954071044922,,41.222507476806641,
249.30000000000001,25.618274688720703,,43.07232666015625,
249.40000000000001,26.658161163330078,,44.556781768798828,
249.5,27.721038818359375,,46.036128997802734,
249.59999999999999,28.750705718994141,,47.45159912109375,
249.69999999999999,29.675613403320312,,48.695884704589844,
249.80000000000001,30.610744476318359,,50.055145263671875,
249.90000000000001,31.5382080078125,,51.577922821044922,
250,32.378803253173828,4.5248870849609375,52.937183380126953,4.5317220687866211
250.09999999999999,32.961345672607422,,53.650028228759766,
250.19999999999999,33.372699737548828,,54.043495178222656,
250.30000000000001,33.965457916259766,,54.988845825195312,
250.40000000000001,34.476459503173828,,56.220359802246094,
250.5,34.977237701416016,,57.469753265380859,
250.59999999999999,35.4754638671875,,58.836677551269531,
250.69999999999999,35.868934631347656,,59.988983154296875,
250.80000000000001,36.525569915771484,,61.044197082519531,
250.90000000000001,37.03912353515625,,61.986991882324219,
251,37.532238006591797,,62.735607147216797,
251.09999999999999,38.109668731689453,,63.657962799072266,
251.19999999999999,38.679435729980469,,64.587982177734375,
251.30000000000001,39.203208923339844,,65.541000366210938,
251.40000000000001,39.801078796386719,,66.861930847167969,
251.5,40.79241943359375,,68.594223022460938,
251.59999999999999,41.850189208984375,,70.423599243164062,
251.69999999999999,42.941173553466797,,71.946380615234375,
251.80000000000001,43.917182922363281,,73.039924621582031,
251.90000000000001,44.760334014892578,,73.913734436035156,
252,45.496173858642578,,75.007270812988281,
252.09999999999999,46.111930847167969,,76.192794799804688,
252.19999999999999,46.602489471435547,,76.742118835449219,
252.30000000000001,47.013843536376953,,76.874977111816406,
252.40000000000001,47.315334320068359,,77.385978698730469,
252.5,47.353660583496094,,77.753898620605469,
252.59999999999999,47.524845123291016,,77.919975280761719,
252.69999999999999,47.752239227294922,,78.402870178222656,
252.80000000000001,47.726688385009766,,78.921531677246094,
252.90000000000001,47.611713409423828,,79.235794067382812,
253,47.496738433837891,,79.238349914550781,
253.09999999999999,47.297447204589844,,78.793785095214844,
253.19999999999999,47.006179809570312,,78.029838562011719,
253.30000000000001,46.622928619384766,,77.3834228515625,
253.40000000000001,46.260120391845703,,76.777885437011719,
253.5,46.119594573974609,,76.072708129882812,
253.59999999999999,45.986732482910156,,75.347084045410156,
253.69999999999999,45.457847595214844,,74.580589294433594,
253.80000000000001,44.387302398681641,,73.732330322265625,
253.90000000000001,42.396957397460938,,71.954048156738281,
254,39.185325622558594,,68.509902954101562,
254.09999999999999,35.549560546875,,63.933902740478516,
254.19999999999999,32.061985015869141,,59.327239990234375,
254.30000000000001,28.914226531982422,,55.170249938964844,
254.40000000000001,26.438430786132812,,51.227890014648438,
254.5,24.394428253173828,,47.293186187744141,
254.59999999999999,22.590599060058594,,43.320163726806641,
254.69999999999999,20.932403564453125,,39.523433685302734,
254.80000000000001,19.647239685058594,,35.647499084472656,
254.90000000000001,18.612464904785156,,31.735794067382812,
255,17.725879669189453,,28.519046783447266,
255.09999999999999,17.250648498535156,,26.086688995361328,
255.19999999999999,16.923606872558594,,24.093788146972656,
255.30000000000001,16.693656921386719,,22.282295227050781,
255.40000000000001,16.565910339355469,,20.636875152587891,
255.5,16.47137451171875,,19.221405029296875,
255.59999999999999,16.415168762207031,,17.928573608398438,
255.69999999999999,16.425384521484375,,16.594863891601562,
255.80000000000001,16.394721984863281,,15.250930786132812,
255.90000000000001,16.123893737792969,,13.96832275390625,
256,15.814743041992188,,12.555412292480469,
256.10000000000002,15.520912170410156,,10.927871704101562,
256.19999999999999,15.114669799804688,,9.5302886962890625,
256.30000000000001,14.77996826171875,,8.5312881469726562,
256.39999999999998,14.478477478027344,,7.7928924560546875,
256.5,14.120773315429688,,7.2742233276367188,
256.60000000000002,13.74774169921875,,6.9267425537109375,
256.69999999999999,13.272514343261719,,6.7223434448242188,
256.80000000000001,12.741073608398438,,6.6150360107421875,
256.89999999999998,12.263290405273438,,6.5716018676757812,
257,11.8544921875,,6.5716018676757812,
257.10000000000002,11.537673950195312,,6.50006103515625,
257.19999999999999,11.190193176269531,,6.287994384765625,
257.30000000000001,10.858039855957031,,6.0733718872070312,
257.39999999999998,10.610206604003906,,5.9073028564453125,
257.5,10.341934204101562,,5.753997802734375,
257.60000000000002,10.037887573242188,,5.61602783203125,
257.69999999999999,9.7338409423828125,,5.4678421020507812,
257.80000000000001,9.4630126953125,,5.350311279296875,
257.89999999999998,9.2560577392578125,,5.2736587524414062,
258,9.1794052124023438,,5.1152496337890625,
258.10000000000002,9.0772018432617188,,4.816314697265625,
258.19999999999999,8.8957977294921875,,4.5276031494140625,
258.30000000000001,8.773162841796875,,4.3078689575195312,
258.39999999999998,8.681182861328125,,4.1673431396484375,
258.5,8.6045303344726562,,4.1698989868164062,
258.60000000000002,8.4435653686523438,,4.1877822875976562,
258.69999999999999,8.2033920288085938,,4.1239089965820312,
258.80000000000001,8.00921630859375,,4.0421524047851562,
258.89999999999998,7.8380279541015625,,3.8556365966796875,
259,7.6668472290039062,,3.676788330078125,
259.10000000000002,7.5084381103515625,,3.6512374877929688,
259.19999999999999,7.3781280517578125,,3.6180191040039062,
259.30000000000001,7.27337646484375,,3.55670166015625,
259.39999999999998,7.1481781005859375,,3.546478271484375,
259.5,6.9769973754882812,,3.584808349609375,
259.60000000000002,6.83135986328125,,3.6052474975585938,
259.69999999999999,6.7163848876953125,,3.4979324340820312,
259.80000000000001,6.5962982177734375,,3.3599624633789062,
259.89999999999998,6.4941024780273438,,3.3190841674804688,
260,6.4148941040039062,3.6319611072540283,3.2935333251953125,3.6764702796936035
260.10000000000002,6.3791275024414062,,3.2500991821289062,
260.19999999999999,6.3459091186523438,,3.2117767333984375,
260.30000000000001,6.3101425170898438,,3.1453475952148438,
260.39999999999998,6.2667083740234375,,3.0099258422851562,
260.5,6.1798324584960938,,2.8131942749023438,
260.60000000000002,6.1159591674804688,,2.6701126098632812,
260.69999999999999,6.09552001953125,,2.6292343139648438,
260.80000000000001,6.0520858764648438,,2.6190109252929688,
260.89999999999998,6.0009841918945312,,2.626678466796875,
261,5.9703292846679688,,2.67266845703125,
261.10000000000002,5.9064483642578125,,2.8642959594726562,
261.19999999999999,5.7403793334960938,,3.1019058227539062,
261.30000000000001,5.5232009887695312,,3.0942459106445312,
261.39999999999998,5.4082260131835938,,2.9358367919921875,
261.5,5.331573486328125,,2.82086181640625,
261.60000000000002,5.1782760620117188,,2.7723159790039062,
261.69999999999999,5.0633010864257812,,2.774871826171875,
261.80000000000001,5.055633544921875,,2.8157501220703125,
261.89999999999998,5.1680526733398438,,2.8924026489257812,
262,5.3928985595703125,,2.9920425415039062,
262.10000000000002,5.72760009765625,,3.1402359008789062,
262.19999999999999,6.0520858764648438,,3.270538330078125,
262.30000000000001,6.335693359375,,3.3778533935546875,
262.39999999999998,6.6627273559570312,,3.4877166748046875,
262.5,6.9105682373046875,,3.5950241088867188,
262.60000000000002,7.0204315185546875,,3.748321533203125,
262.69999999999999,7.1124114990234375,,3.8811874389648438,
262.80000000000001,7.2197189331054688,,4.0089340209960938,
262.89999999999998,7.355133056640625,,4.190338134765625,
263,7.687286376953125,,4.558258056640625,
263.10000000000002,8.3055953979492188,,5.0488204956054688,
263.19999999999999,8.8957977294921875,,5.5598220825195312,
263.30000000000001,9.388916015625,,6.0657119750976562,
263.39999999999998,10.042999267578125,,6.5792617797851562,
263.5,10.819717407226562,,7.0647125244140625,
263.60000000000002,11.811058044433594,,7.5501632690429688,
263.69999999999999,12.914817810058594,,8.2093582153320312,
263.80000000000001,13.86016845703125,,9.1240463256835938,
263.89999999999998,14.629219055175781,,10.174148559570312,
264,15.344619750976562,,11.229362487792969,
264.10000000000002,16.031913757324219,,12.138946533203125,
264.19999999999999,16.640007019042969,,13.137947082519531,
264.30000000000001,17.286418914794922,,14.466552734375,
264.39999999999998,18.024814605712891,,15.887130737304688,
264.5,18.842414855957031,,17.330703735351562,
264.60000000000002,19.67279052734375,,18.789608001708984,
264.69999999999999,20.429069519042969,,20.161643981933594,
264.80000000000001,21.198123931884766,,21.541343688964844,
264.89999999999998,22.059158325195312,,22.880165100097656,
265,22.789890289306641,,23.943042755126953,
265.10000000000002,23.397979736328125,,24.873062133789062,
265.19999999999999,24.062278747558594,,25.831188201904297,
265.30000000000001,24.821113586425781,,26.924728393554688,
265.39999999999998,25.625938415527344,,28.291652679443359,
265.5,26.226364135742188,,29.699459075927734,
265.60000000000002,26.591728210449219,,30.851764678955078,
265.69999999999999,26.857448577880859,,31.633594512939453,
265.80000000000001,26.895774841308594,,31.728130340576172,
265.89999999999998,26.760360717773438,,31.472629547119141,
266,26.412879943847656,,31.150699615478516,
266.10000000000002,25.702590942382812,,30.294773101806641,
266.19999999999999,24.869659423828125,,29.083702087402344,
266.30000000000001,23.988185882568359,,27.834308624267578,
266.39999999999998,22.922748565673828,,26.475048065185547,
266.5,21.882865905761719,,25.126007080078125,
266.60000000000002,21.014163970947266,,23.863838195800781,
266.69999999999999,20.122470855712891,,22.422817230224609,
266.80000000000001,19.271656036376953,,20.994575500488281,
266.89999999999998,18.551143646240234,,19.916362762451172,
267,17.863849639892578,,19.027225494384766,
267.10000000000002,17.20721435546875,,18.194293975830078,
267.19999999999999,16.657890319824219,,17.389469146728516,
267.30000000000001,16.220985412597656,,16.656185150146484,
267.39999999999998,15.952713012695312,,15.984218597412109,
267.5,15.84539794921875,,15.312255859375,
267.60000000000002,15.755973815917969,,14.6505126953125,
267.69999999999999,15.69976806640625,,13.993873596191406,
267.80000000000001,15.510696411132812,,13.148170471191406,
267.89999999999998,15.178543090820312,,12.333122253417969,
268,14.969032287597656,,11.868110656738281,
268.10000000000002,14.882164001464844,,11.553848266601562,
268.19999999999999,14.820846557617188,,11.254913330078125,
268.30000000000001,14.716087341308594,,10.927871704101562,
268.39999999999998,14.547462463378906,,10.485862731933594,
268.5,14.358390808105469,,9.8905410766601562,
268.60000000000002,14.164207458496094,,9.2645721435546875,
268.69999999999999,13.993026733398438,,8.6922531127929688,
268.80000000000001,13.842277526855469,,8.1531448364257812,
268.89999999999998,13.719642639160156,,7.6932449340820312,
269,13.49224853515625,,7.264007568359375,
269.10000000000002,13.239303588867188,,6.931854248046875,
269.19999999999999,13.126876831054688,,6.765777587890625,
269.30000000000001,13.080886840820312,,6.7172317504882812,
269.39999999999998,13.280181884765625,,6.9829559326171875,
269.5,13.832061767578125,,7.5706024169921875,
269.60000000000002,14.501472473144531,,8.1378173828125,
269.69999999999999,15.017578125,,8.5670547485351562,
269.80000000000001,15.393165588378906,,8.9911880493164062,
269.89999999999998,15.740646362304688,,9.4536361694335938,
270,16.072792053222656,4.601226806640625,9.7806777954101562,0
270.10000000000002,16.1954345703125,,9.9237594604492188,
270.19999999999999,16.26953125,,10.184371948242188,
270.30000000000001,16.530143737792969,,10.644271850585938,
270.39999999999998,16.862289428710938,,11.129722595214844,
270.5,17.276199340820312,,11.607505798339844,
270.60000000000002,17.776981353759766,,12.115951538085938,
270.69999999999999,18.262428283691406,,12.678047180175781,
270.80000000000001,18.673786163330078,,13.30657958984375,
270.89999999999998,19.04681396484375,,13.884010314941406,
271,19.266544342041016,,14.211051940917969,
271.10000000000002,19.3968505859375,,14.492095947265625,
271.19999999999999,19.593585968017578,,14.995437622070312,
271.30000000000001,19.810760498046875,,15.521766662597656,
271.39999999999998,20.007495880126953,,15.933120727539062,
271.5,20.188899993896484,,16.306148529052734,
271.60000000000002,20.375415802001953,,16.697063446044922,
271.69999999999999,20.523605346679688,,17.062427520751953,
271.80000000000001,20.628360748291016,,17.259162902832031,
271.89999999999998,20.692234039306641,,17.338367462158203,
272,20.845535278320312,,17.609199523925781,
272.10000000000002,21.198123931884766,,18.127864837646484,
272.19999999999999,21.596706390380859,,18.697628021240234,
272.30000000000001,21.977401733398438,,19.234180450439453,
272.39999999999998,22.255893707275391,,19.678749084472656,
272.5,22.301883697509766,,19.901035308837891,
272.60000000000002,22.140918731689453,,19.727294921875,
272.69999999999999,21.640140533447266,,19.001674652099609,
272.80000000000001,20.991168975830078,,18.178962707519531,
272.89999999999998,20.33453369140625,,17.430347442626953,
273,19.608913421630859,,16.528434753417969,
273.10000000000002,18.939506530761719,,15.547317504882812,
273.19999999999999,18.272651672363281,,14.479324340820312,
273.30000000000001,17.654338836669922,,13.314247131347656,
273.39999999999998,17.186775207519531,,12.067405700683594,
273.5,16.956825256347656,,10.741355895996094,
273.60000000000002,16.640007019042969,,9.3821029663085938,
273.69999999999999,16.25164794921875,,8.293670654296875,
273.80000000000001,16.011474609375,,7.6191482543945312,
273.89999999999998,15.694656372070312,,7.1796875,
274,15.252639770507812,,6.921630859375,
274.10000000000002,14.756973266601562,,6.7913284301757812,
274.19999999999999,14.320068359375,,6.6508026123046875,
274.30000000000001,13.944480895996094,,6.4847259521484375,
274.39999999999998,13.568893432617188,,6.3544235229492188,
274.5,13.280181884765625,,6.24200439453125,
274.60000000000002,13.106437683105469,,5.9865036010742188,
274.69999999999999,12.843276977539062,,5.6952362060546875,
274.80000000000001,12.521347045898438,,5.5470428466796875,
274.89999999999998,12.2581787109375,,5.460174560546875,
275,12.066558837890625,,5.3758621215820312,
275.10000000000002,11.98223876953125,,5.3375320434570312,
275.19999999999999,11.887702941894531,,5.3247604370117188,
275.30000000000001,11.767623901367188,,5.3298721313476562,
275.39999999999998,11.637313842773438,,5.3707504272460938,
275.5,11.501899719238281,,5.4090728759765625,
275.60000000000002,11.461021423339844,,5.449951171875,
275.69999999999999,11.61431884765625,,5.552154541015625,
275.80000000000001,11.954132080078125,,5.6288070678710938,
275.89999999999998,12.526458740234375,,5.7437820434570312,
276,13.23419189453125,,6.0069427490234375,
276.10000000000002,13.798843383789062,,6.3672027587890625,
276.19999999999999,14.294517517089844,,6.9292984008789062,
276.30000000000001,14.864280700683594,,7.7009124755859375,
276.39999999999998,15.513252258300781,,8.6309280395507812,
276.5,16.241424560546875,,9.7423553466796875,
276.60000000000002,17.038581848144531,,10.961090087890625,
276.69999999999999,17.820415496826172,,12.161941528320312,
276.80000000000001,18.497489929199219,,13.137947082519531,
276.89999999999998,19.051925659179688,,14.014312744140625,
277,19.677898406982422,,15.092521667480469,
277.10000000000002,20.457176208496094,,16.247383117675781,
277.19999999999999,21.292659759521484,,17.425239562988281,
277.30000000000001,22.13836669921875,,18.636310577392578,
277.39999999999998,22.991733551025391,,19.829494476318359,
277.5,23.855323791503906,,21.055892944335938,
277.60000000000002,24.729133605957031,,22.307842254638672,
277.69999999999999,25.562065124511719,,23.398830413818359,
277.80000000000001,26.2774658203125,,24.405498504638672,
277.89999999999998,26.870223999023438,,25.445384979248047,
278,27.508975982666016,,26.413726806640625,
278.10000000000002,28.214153289794922,,27.405067443847656,
278.19999999999999,28.766033172607422,,28.3734130859375,
278.30000000000001,29.218269348144531,,29.272773742675781,
278.39999999999998,29.688388824462891,,30.187461853027344,
278.5,30.265819549560547,,31.051052093505859,
278.60000000000002,30.930118560791016,,31.766452789306641,
278.69999999999999,31.576534271240234,,32.561058044433594,
278.80000000000001,32.286823272705078,,33.641822814941406,
278.89999999999998,32.997116088867188,,34.840118408203125,
279,33.587318420410156,,35.969429016113281,
279.10000000000002,34.031890869140625,,36.968433380126953,
279.19999999999999,34.208183288574219,,37.617404937744141,
279.30000000000001,33.883701324462891,,37.576522827148438,
279.39999999999998,32.831039428710938,,36.687381744384766,
279.5,31.057868957519531,,34.906547546386719,
279.60000000000002,28.937221527099609,,32.632598876953125,
279.69999999999999,26.834453582763672,,30.312660217285156,
279.80000000000001,24.708694458007812,,27.767879486083984,
279.89999999999998,22.611038208007812,,25.243537902832031,
280,20.986061096191406,4.5351471900939941,23.133110046386719,0
280.10000000000002,19.810760498046875,,21.29095458984375,
280.19999999999999,18.760654449462891,,19.602100372314453,
280.30000000000001,17.848518371582031,,18.051212310791016,
280.39999999999998,17.053916931152344,,16.666404724121094,
280.5,16.328292846679688,,15.450225830078125,
280.60000000000002,15.865837097167969,,14.231491088867188,
280.69999999999999,15.69976806640625,,12.798133850097656,
280.80000000000001,15.413604736328125,,11.216590881347656,
280.89999999999998,15.076347351074219,,9.7909011840820312,
281,14.971588134765625,,8.6258163452148438,
281.10000000000002,14.856613159179688,,7.657470703125,
281.19999999999999,14.657325744628906,,6.988067626953125,
281.30000000000001,14.360946655273438,,6.6175918579101562,
281.39999999999998,14.031349182128906,,6.3569793701171875,
281.5,13.752853393554688,,6.1627960205078125,
281.60000000000002,13.451362609863281,,6.0452728271484375,
281.69999999999999,13.129432678222656,,5.9073028564453125,
281.80000000000001,12.817726135253906,,5.7437820434570312,
281.89999999999998,12.562225341796875,,5.5266036987304688,
282,12.339942932128906,,5.3145370483398438,
282.10000000000002,12.163642883300781,,5.2532196044921875,
282.19999999999999,12.05633544921875,,5.24810791015625,
282.30000000000001,11.96435546875,,5.2429962158203125,
282.39999999999998,11.885147094726562,,5.230224609375,
282.5,11.785507202148438,,5.1893463134765625,
282.60000000000002,11.642425537109375,,5.1305770874023438,
282.69999999999999,11.491683959960938,,5.0948104858398438,
282.80000000000001,11.33837890625,,5.0513763427734375,
282.89999999999998,11.233627319335938,,4.926177978515625,
283,11.103317260742188,,4.7294464111328125,
283.10000000000002,10.9346923828125,,4.6093597412109375,
283.19999999999999,10.822273254394531,,4.6093597412109375,
283.30000000000001,10.735397338867188,,4.6527938842773438,
283.39999999999998,10.709854125976562,,4.724334716796875,
283.5,10.745620727539062,,4.8929672241210938,
283.60000000000002,10.855484008789062,,5.1791229248046875,
283.69999999999999,11.215744018554688,,5.478057861328125,
283.80000000000001,11.76251220703125,,5.8536453247070312,
283.89999999999998,12.322052001953125,,6.1985702514648438,
284,12.687423706054688,,6.701904296875,
284.10000000000002,12.948028564453125,,7.3968658447265625,
284.19999999999999,13.346611022949219,,8.2885589599609375,
284.30000000000001,13.742637634277344,,9.4536361694335938,
284.39999999999998,14.120773315429688,,10.884437561035156,
284.5,14.570457458496094,,12.455764770507812,
284.60000000000002,15.066123962402344,,14.175277709960938,
284.69999999999999,15.666549682617188,,15.981662750244141,
284.80000000000001,16.341072082519531,,17.667964935302734,
284.89999999999998,17.089683532714844,,19.37725830078125,
285,17.991600036621094,,21.321613311767578,
285.10000000000002,19.008491516113281,,23.470367431640625,
285.19999999999999,20.173568725585938,,25.920612335205078,
285.30000000000001,21.435741424560547,,28.726001739501953,
285.39999999999998,22.669803619384766,,31.694911956787109,
285.5,23.921756744384766,,34.758358001708984,
285.60000000000002,25.209476470947266,,37.650619506835938,
285.69999999999999,26.568733215332031,,40.2950439453125,
285.80000000000001,27.907554626464844,,43.118316650390625,
285.89999999999998,29.169723510742188,,45.936481475830078,
286,30.454891204833984,,48.453155517578125,
286.10000000000002,31.760494232177734,,50.801200866699219,
286.19999999999999,33.201515197753906,,53.029163360595703,
286.30000000000001,34.760063171386719,,54.988845825195312,
286.39999999999998,36.346717834472656,,56.710914611816406,
286.5,37.838840484619141,,58.56329345703125,
286.60000000000002,39.032024383544922,,60.614959716796875,
286.69999999999999,40.094905853271484,,62.664066314697266,
286.80000000000001,41.285533905029297,,64.917579650878906,
286.89999999999998,42.258987426757812,,67.370376586914062,
287,43.209449768066406,,69.856391906738281,
287.10000000000002,44.241668701171875,,72.166114807128906,
287.19999999999999,45.153804779052734,,74.516708374023438,
287.30000000000001,45.910083770751953,,76.558158874511719,
287.39999999999998,46.702133178710938,,78.50506591796875,
287.5,47.586162567138672,,79.486183166503906,
287.60000000000002,48.373104095458984,,79.557723999023438,
287.69999999999999,49.277572631835938,,79.557723999023438,
287.80000000000001,50.067070007324219,,79.557723999023438,
287.89999999999998,50.672603607177734,,79.560279846191406,
288,51.089069366455078,,79.557723999023438,
288.10000000000002,51.227039337158203,,79.555168151855469,
288.19999999999999,51.247478485107422,,79.552619934082031,
288.30000000000001,51.252586364746094,,79.552619934082031,
288.39999999999998,51.398223876953125,,79.555168151855469,
288.5,51.704826354980469,,79.552619934082031,
288.60000000000002,51.768699645996094,,79.555168151855469,
288.69999999999999,51.643501281738281,,79.555168151855469,
288.80000000000001,51.730373382568359,,79.555168151855469,
288.89999999999998,51.924552917480469,,79.555168151855469,
289,51.766143798828125,,79.552619934082031,
289.10000000000002,51.255142211914062,,79.555168151855469,
289.19999999999999,50.846343994140625,,79.555168151855469,
289.30000000000001,50.601066589355469,,79.557723999023438,
289.39999999999998,50.509086608886719,,79.557723999023438,
289.5,50.636833190917969,,79.552619934082031,
289.60000000000002,50.981758117675781,,79.552619934082031,
289.69999999999999,51.413551330566406,,79.555168151855469,
289.80000000000001,51.490203857421875,,79.555168151855469,
289.89999999999998,51.112064361572266,,79.555168151855469,
290,50.659828186035156,6.1728396415710449,79.557723999023438,0
290.10000000000002,50.327678680419922,,79.560279846191406,
290.19999999999999,49.946983337402344,,79.555168151855469,
290.30000000000001,49.492195129394531,,79.555168151855469,
290.39999999999998,49.211143493652344,,79.552619934082031,
290.5,49.129383087158203,,79.555168151855469,
290.60000000000002,48.991413116455078,,79.557723999023438,
290.69999999999999,48.792125701904297,,79.555168151855469,
290.80000000000001,48.738468170166016,,79.557723999023438,
290.89999999999998,48.947978973388672,,79.557723999023438,
291,49.108943939208984,,79.557723999023438,
291.10000000000002,48.891769409179688,,79.557723999023438,
291.19999999999999,48.357772827148438,,79.557723999023438,
291.30000000000001,47.747127532958984,,79.557723999023438,
291.39999999999998,46.886093139648438,,79.557723999023438,
291.5,45.258560180664062,,79.555168151855469,
291.60000000000002,43.385746002197266,,79.555168151855469,
291.69999999999999,41.788867950439453,,79.557723999023438,
291.80000000000001,39.992702484130859,,79.557723999023438,
291.89999999999998,37.879718780517578,,79.557723999023438,
292,35.695194244384766,,79.202583312988281,
292.10000000000002,32.718620300292969,,76.075263977050781,
292.19999999999999,28.911670684814453,,69.861503601074219,
292.30000000000001,25.579948425292969,,62.503101348876953,
292.39999999999998,23.316219329833984,,56.309783935546875,
292.5,21.729564666748047,,47.85528564453125,
292.60000000000002,20.487834930419922,,42.068214416503906,
292.69999999999999,19.652351379394531,,38.044086456298828,
292.80000000000001,19.123466491699219,,33.508964538574219,
292.89999999999998,18.609909057617188,,29.561489105224609,
293,18.236881256103516,,26.342189788818359,
293.10000000000002,17.994155883789062,,23.771858215332031,
293.19999999999999,17.7412109375,,21.574558258056641,
293.30000000000001,17.541919708251953,,19.26739501953125,
293.39999999999998,17.166336059570312,,16.855472564697266,
293.5,16.790748596191406,,14.425666809082031,
293.60000000000002,16.588905334472656,,11.937095642089844,
293.69999999999999,16.182662963867188,,9.801116943359375,
293.80000000000001,15.526023864746094,,8.3830947875976562,
293.89999999999998,14.754417419433594,,7.5424957275390625,
294,13.972587585449219,,7.0391616821289062,
294.10000000000002,13.244407653808594,,6.7095718383789062,
294.19999999999999,12.585220336914062,,6.4055252075195312,
294.30000000000001,12.07421875,,6.13214111328125,
294.39999999999998,11.698638916015625,,5.9354019165039062,
294.5,11.269393920898438,,5.69012451171875,
294.60000000000002,10.847824096679688,,5.4576187133789062,
294.69999999999999,10.594879150390625,,5.37841796875,
294.80000000000001,10.421134948730469,,5.3247604370117188,
294.89999999999998,10.313827514648438,,5.2429962158203125,
295,10.27294921875,,5.1535720825195312,
295.10000000000002,10.226959228515625,,5.0309371948242188,
295.19999999999999,10.14263916015625,,4.91851806640625,
295.30000000000001,10.053215026855469,,4.8546371459960938,
295.39999999999998,10.027664184570312,,4.7856521606445312,
295.5,9.9791183471679688,,4.6093597412109375,
295.60000000000002,9.8232650756835938,,4.4407272338867188,
295.69999999999999,9.6341934204101562,,4.4151763916015625,
295.80000000000001,9.4553451538085938,,4.4202880859375,
295.89999999999998,9.3224868774414062,,4.4228439331054688,
296,9.2279510498046875,,4.4535064697265625,
296.10000000000002,9.1359710693359375,,4.4892730712890625,
296.19999999999999,9.0363235473632812,,4.5071563720703125,
296.30000000000001,8.92901611328125,,4.4739456176757812,
296.39999999999998,8.791046142578125,,4.3104248046875,
296.5,8.6402969360351562,,4.1136932373046875,
296.60000000000002,8.5227737426757812,,4.0600357055664062,
296.69999999999999,8.4486770629882812,,4.1290206909179688,
296.80000000000001,8.41290283203125,,4.21844482421875,
296.89999999999998,8.4180145263671875,,4.3231964111328125,
297,8.4154586791992188,,4.4713897705078125,
297.10000000000002,8.423126220703125,,4.6579055786132812,
297.19999999999999,8.4563369750976562,,4.7013397216796875,
297.30000000000001,8.423126220703125,,4.604248046875,
297.39999999999998,8.3694686889648438,,4.5991363525390625,
297.5,8.3618087768554688,,4.7090072631835938,
297.60000000000002,8.4001312255859375,,4.890411376953125,
297.69999999999999,8.6300811767578125,,5.110137939453125,
297.80000000000001,9.233062744140625,,5.4448471069335938,
297.89999999999998,10.099205017089844,,6.0657119750976562,
298,10.73284912109375,,7.27166748046875,
298.10000000000002,10.965347290039062,,9.3131179809570312,
298.19999999999999,11.162086486816406,,12.33056640625,
298.30000000000001,11.639869689941406,,16.290817260742188,
298.39999999999998,12.457473754882812,,21.0150146484375,
298.5,13.469253540039062,,26.007484436035156,
298.60000000000002,14.590896606445312,,30.731678009033203,
298.69999999999999,16.003807067871094,,35.190155029296875,
298.80000000000001,17.654338836669922,,39.354804992675781,
298.89999999999998,19.225666046142578,,43.179637908935547,
299,20.817428588867188,,47.068347930908203,
299.10000000000002,22.611038208007812,,51.358192443847656,
299.19999999999999,24.586055755615234,,55.7476806640625,
299.30000000000001,26.658161163330078,,59.92510986328125,
299.39999999999998,28.878456115722656,,63.974781036376953,
299.5,31.543319702148438,,68.060226440429688,
299.60000000000002,34.6297607421875,,72.383285522460938,
299.69999999999999,37.723865509033203,,76.611808776855469,
299.80000000000001,40.322299957275391,,79.0748291015625,
299.89999999999998,42.468498229980469,,79.557723999023438,
300,44.055152893066406,5.769230842590332,79.557723999023438,4.9668874740600586
300.10000000000002,45.166580200195312,,79.557723999023438,
300.19999999999999,45.971405029296875,,79.555168151855469,
300.30000000000001,46.196243286132812,,79.555168151855469,
300.39999999999998,46.101707458496094,,79.555168151855469,
300.5,46.122150421142578,,79.557723999023438,
300.60000000000002,46.587158203125,,79.557723999023438,
300.69999999999999,47.241237640380859,,79.560279846191406,
300.80000000000001,47.754795074462891,,79.557723999023438,
300.89999999999998,48.140598297119141,,79.557723999023438,
301,48.017959594726562,,79.557723999023438,
301.10000000000002,47.407314300537109,,79.557723999023438,
301.19999999999999,46.694469451904297,,79.555168151855469,
301.30000000000001,45.869205474853516,,79.555168151855469,
301.39999999999998,44.977508544921875,,79.555168151855469,
301.5,44.073040008544922,,79.557723999023438,
301.60000000000002,43.076587677001953,,79.557723999023438,
301.69999999999999,42.172119140625,,79.557723999023438,
301.80000000000001,41.502708435058594,,79.555168151855469,
301.89999999999998,40.631454467773438,,79.557723999023438,
302,37.649768829345703,,79.386543273925781,
302.10000000000002,32.340480804443359,,76.034378051757812,
302.19999999999999,27.348011016845703,,68.090888977050781,
302.30000000000001,24.34588623046875,,58.486640930175781,
302.39999999999998,22.955963134765625,,49.988712310791016,
302.5,22.588043212890625,,43.897594451904297,
302.60000000000002,22.61614990234375,,39.495326995849609,
302.69999999999999,22.04638671875,,35.274467468261719,
302.80000000000001,21.055046081542969,,30.953964233398438,
302.89999999999998,20.05859375,,27.284984588623047,
303,19.000823974609375,,24.006919860839844,
303.10000000000002,17.751430511474609,,20.506568908691406,
303.19999999999999,16.627227783203125,,16.990890502929688,
303.30000000000001,15.789192199707031,,14.085853576660156,
303.39999999999998,14.928153991699219,,11.995864868164062,
303.5,14.056900024414062,,10.593170166015625,
303.60000000000002,13.254631042480469,,10.107719421386719,
303.69999999999999,12.3680419921875,,10.347892761230469,
303.80000000000001,11.481460571289062,,10.444976806640625,
303.89999999999998,10.819717407226562,,10.189476013183594,
304,10.334266662597656,,10.186927795410156,
304.10000000000002,9.8871383666992188,,10.268684387207031,
304.19999999999999,9.3735885620117188,,9.8241119384765625,
304.30000000000001,8.9341278076171875,,9.1138229370117188,
304.39999999999998,8.6198577880859375,,8.5823822021484375,
304.5,8.3209228515625,,8.3141098022460938,
304.60000000000002,8.0858688354492188,,8.1889114379882812,
304.69999999999999,7.9095687866210938,,8.0228424072265625,
304.80000000000001,7.723052978515625,,7.703460693359375,
304.89999999999998,7.5697555541992188,,7.1745758056640625,
305,7.5109939575195312,,6.5971527099609375,
305.10000000000002,7.485443115234375,,6.086151123046875,
305.19999999999999,7.3883514404296875,,5.753997802734375,
305.30000000000001,7.227386474609375,,5.5930328369140625,
305.39999999999998,7.079193115234375,,5.4295120239257812,
305.5,6.987213134765625,,5.3273162841796875,
305.60000000000002,6.94122314453125,,5.3068771362304688,
305.69999999999999,7.0127639770507812,,5.24810791015625,
305.80000000000001,7.12518310546875,,5.166351318359375,
305.89999999999998,7.1609573364257812,,5.0053863525390625,
306,7.1737289428710938,,4.8137588500976562,
306.10000000000002,7.2043914794921875,,4.7371063232421875,
306.19999999999999,7.2146072387695312,,4.7217788696289062,
306.30000000000001,7.227386474609375,,4.7294464111328125,
306.39999999999998,7.291259765625,,4.7754364013671875,
306.5,7.3679122924804688,,4.9415130615234375,
306.60000000000002,7.4496688842773438,,5.1356887817382812,
306.69999999999999,7.5595321655273438,,5.2787704467773438,
306.80000000000001,7.7307205200195312,,5.516387939453125,
306.89999999999998,8.037322998046875,,5.810211181640625,
307,8.4640045166015625,,6.0835952758789062,
307.10000000000002,8.8957977294921875,,6.4004135131835938,
307.19999999999999,9.3122634887695312,,6.7427825927734375,
307.30000000000001,9.66485595703125,,6.988067626953125,
307.39999999999998,9.876922607421875,,7.1950225830078125,
307.5,10.132423400878906,,7.519500732421875,
307.60000000000002,10.464569091796875,,8.0049514770507812,
307.69999999999999,10.835044860839844,,8.6002731323242188,
307.80000000000001,11.404808044433594,,9.1904754638671875,
307.89999999999998,12.107437133789062,,9.765350341796875,
308,12.707862854003906,,10.245689392089844,
308.10000000000002,13.096221923828125,,10.644271850585938,
308.19999999999999,13.482025146484375,,11.093948364257812,
308.30000000000001,14.051788330078125,,11.561515808105469,
308.39999999999998,14.624107360839844,,12.105728149414062,
308.5,15.099342346191406,,12.775138854980469,
308.60000000000002,15.500473022460938,,13.421554565429688,
308.69999999999999,15.891387939453125,,13.909561157226562,
308.80000000000001,16.210762023925781,,14.213607788085938,
308.89999999999998,16.550582885742188,,14.601966857910156,
309,17.069244384765625,,15.286705017089844,
309.10000000000002,17.820415496826172,,16.242275238037109,
309.19999999999999,18.819419860839844,,17.330703735351562,
309.30000000000001,19.887409210205078,,18.506004333496094,
309.39999999999998,20.945178985595703,,19.740070343017578,
309.5,21.877754211425781,,20.721187591552734,
309.60000000000002,22.368316650390625,,21.158092498779297,
309.69999999999999,22.240566253662109,,20.912815093994141,
309.80000000000001,21.612033843994141,,20.067108154296875,
309.89999999999998,20.79443359375,,18.991455078125,
310,19.928291320800781,5,17.823818206787109,4.9668874740600586
310.10000000000002,19.110691070556641,,16.630634307861328,
310.19999999999999,18.523040771484375,,15.325027465820312,
310.30000000000001,18.088691711425781,,13.707717895507812,
310.39999999999998,17.713104248046875,,11.827232360839844,
310.5,17.094795227050781,,10.036178588867188,
310.60000000000002,16.325736999511719,,8.827667236328125,
310.69999999999999,15.730422973632812,,8.1531448364257812,
310.80000000000001,15.219429016113281,,7.7085723876953125,
310.89999999999998,14.736534118652344,,7.3687591552734375,
311,14.261299133300781,,7.0851516723632812,
311.10000000000002,13.893379211425781,,6.8935317993164062,
311.19999999999999,13.561233520507812,,6.783660888671875,
311.30000000000001,13.198417663574219,,6.6891326904296875,
311.39999999999998,12.909706115722656,,6.5945968627929688,
311.5,12.592887878417969,,6.3748626708984375,
311.60000000000002,12.219856262207031,,6.0835952758789062,
311.69999999999999,11.915809631347656,,5.9583969116210938,
311.80000000000001,11.678192138671875,,5.920074462890625,
311.89999999999998,11.501899719238281,,5.8766403198242188,
312,11.358818054199219,,5.8587570190429688,
312.10000000000002,11.21063232421875,,5.8357620239257812,
312.19999999999999,11.06243896484375,,5.7974319458007812,
312.30000000000001,10.901473999023438,,5.7693328857421875,
312.39999999999998,10.781387329101562,,5.7105636596679688,
312.5,10.702186584472656,,5.6007003784179688,
312.60000000000002,10.487564086914062,,5.3809661865234375,
312.69999999999999,10.196296691894531,,5.1510162353515625,
312.80000000000001,9.9740142822265625,,5.0462646484375,
312.89999999999998,9.8079376220703125,,4.9951629638671875,
313,9.7312850952148438,,4.9772796630859375,
313.10000000000002,9.654632568359375,,4.9696121215820312,
313.19999999999999,9.5371017456054688,,4.9210662841796875,
313.30000000000001,9.4425735473632812,,4.8469772338867188,
313.39999999999998,9.3403701782226562,,4.80609130859375,
313.5,9.2713851928710938,,4.742218017578125,
313.60000000000002,9.1615219116210938,,4.5812530517578125,
313.69999999999999,9.0133285522460938,,4.4509506225585938,
313.80000000000001,8.9494552612304688,,4.4713897705078125,
313.89999999999998,8.918792724609375,,4.5276031494140625,
314,8.9315719604492188,,4.5914764404296875,
314.10000000000002,9.0261077880859375,,4.7779922485351562,
314.19999999999999,9.2483901977539062,,5.1178054809570312,
314.30000000000001,9.7415084838867188,,5.552154541015625,
314.39999999999998,10.599983215332031,,6.029937744140625,
314.5,11.491683959960938,,6.4182968139648438,
314.60000000000002,12.316947937011719,,6.8424301147460938,
314.69999999999999,13.318504333496094,,7.5450515747070312,
314.80000000000001,14.376274108886719,,8.4520797729492188,
314.89999999999998,15.262863159179688,,9.507293701171875,
315,16.037025451660156,,10.669822692871094,
315.10000000000002,16.869956970214844,,11.906440734863281,
315.19999999999999,17.753986358642578,,13.148170471191406,
315.30000000000001,18.479606628417969,,14.22637939453125,
315.39999999999998,19.164344787597656,,15.314811706542969,
315.5,19.989608764648438,,16.52587890625,
315.60000000000002,20.819984436035156,,17.719062805175781,
315.69999999999999,21.635028839111328,,18.981235504150391,
315.80000000000001,22.398975372314453,,20.243404388427734,
315.89999999999998,23.111820220947266,,21.472358703613281,
316,23.707134246826172,,22.512245178222656,
316.10000000000002,24.187473297119141,,23.378387451171875,
316.19999999999999,24.688255310058594,,24.331405639648438,
316.30000000000001,25.250354766845703,,25.274200439453125,
316.39999999999998,25.822673797607422,,26.168449401855469,
316.5,26.336231231689453,,27.042259216308594,
316.60000000000002,26.719478607177734,,27.877742767333984,
316.69999999999999,26.939208984375,,28.370857238769531,
316.80000000000001,27.018413543701172,,28.444953918457031,
316.89999999999998,27.028633117675781,,28.542041778564453,
317,27.100173950195312,,28.876747131347656,
317.10000000000002,27.273914337158203,,29.369865417480469,
317.19999999999999,27.401664733886719,,29.781219482421875,
317.30000000000001,27.284133911132812,,29.842536926269531,
317.39999999999998,26.913658142089844,,29.395412445068359,
317.5,26.338783264160156,,28.416847229003906,
317.60000000000002,25.378105163574219,,27.195560455322266,
317.69999999999999,23.760791778564453,,25.601238250732422,
317.80000000000001,21.831764221191406,,23.564903259277344,
317.89999999999998,20.176124572753906,,21.538787841796875,
318,19.013599395751953,,19.63531494140625,
318.10000000000002,18.359519958496094,,17.675628662109375,
318.19999999999999,18.058029174804688,,15.289260864257812,
318.30000000000001,17.600685119628906,,13.005088806152344,
318.39999999999998,16.323188781738281,,11.696929931640625,
318.5,14.608779907226562,,10.9329833984375,
318.60000000000002,13.121772766113281,,10.330001831054688,
318.69999999999999,11.7803955078125,,10.041290283203125,
318.80000000000001,10.617874145507812,,9.581390380859375,
318.89999999999998,9.6725234985351562,,8.7459030151367188,
319,8.826812744140625,,7.89764404296875,
319.10000000000002,7.9836654663085938,,7.1107025146484375,
319.19999999999999,7.1967239379882812,,6.2649993896484375,
319.30000000000001,6.5962982177734375,,5.2046737670898438,
319.39999999999998,6.1338424682617188,,4.0932464599609375,
319.5,5.7480392456054688,,3.3114166259765625,
319.60000000000002,5.4950942993164062,,3.00482177734375,
319.69999999999999,5.5487518310546875,,3.0661392211914062,
319.80000000000001,5.7761459350585938,,3.3190841674804688,
319.89999999999998,5.9038925170898438,,3.6895599365234375,
320,5.9345550537109375,5.5045871734619141,4.2491073608398438,6.0606060028076172
320.10000000000002,6.0009841918945312,,4.8086471557617188,
320.19999999999999,6.1159591674804688,,5.1459121704101562,
320.30000000000001,6.1747283935546875,,5.4346237182617188,
320.39999999999998,6.2181625366210938,,5.7565536499023438,
320.5,6.2564849853515625,,6.0376052856445312,
320.60000000000002,6.2360458374023438,,6.3084335327148438,
320.69999999999999,6.2411575317382812,,6.5179443359375,
320.80000000000001,6.2845916748046875,,6.6763534545898438,
320.89999999999998,6.3178024291992188,,6.7606658935546875,
321,6.3663482666015625,,6.7070159912109375,
321.10000000000002,6.381683349609375,,6.655914306640625,
321.19999999999999,6.3382492065429688,,6.655914306640625,
321.30000000000001,6.3203582763671875,,6.6303634643554688,
321.39999999999998,6.3637924194335938,,6.5767059326171875,
321.5,6.4685516357421875,,6.71978759765625,
321.60000000000002,6.61163330078125,,6.9906158447265625,
321.69999999999999,6.75726318359375,,7.005950927734375,
321.80000000000001,6.83135986328125,,6.783660888671875,
321.89999999999998,6.8058090209960938,,6.5128326416015625,
322,6.7904815673828125,,6.4004135131835938,
322.10000000000002,6.859466552734375,,6.50006103515625,
322.19999999999999,7.0229873657226562,,6.6891326904296875,
322.30000000000001,7.2427139282226562,,6.8143234252929688,
322.39999999999998,7.3679122924804688,,6.8347625732421875,
322.5,7.3500289916992188,,6.7427825927734375,
322.60000000000002,7.319366455078125,,6.5434951782226562,
322.69999999999999,7.4036788940429688,,6.2598876953125,
322.80000000000001,7.6438522338867188,,5.9711761474609375,
322.89999999999998,7.8635787963867188,,5.7872161865234375,
323,8.0705337524414062,,5.5572662353515625,
323.10000000000002,8.4793319702148438,,5.3937454223632812,
323.19999999999999,8.5840911865234375,,5.6671295166015625,
323.30000000000001,8.1880645751953125,,6.4387359619140625,
323.39999999999998,8.090972900390625,,7.9845123291015625,
323.5,8.5023269653320312,,10.585502624511719,
323.60000000000002,9.0644302368164062,,13.973434448242188,
323.69999999999999,9.6955184936523438,,17.782939910888672,
323.80000000000001,10.579544067382812,,21.812175750732422,
323.89999999999998,11.90814208984375,,26.199108123779297,
324,13.627662658691406,,31.229904174804688,
324.10000000000002,15.727867126464844,,36.613288879394531,
324.19999999999999,18.12701416015625,,41.884254455566406,
324.30000000000001,20.595146179199219,,45.969696044921875,
324.39999999999998,23.265121459960938,,51.125686645507812,
324.5,26.042404174804688,,55.292892456054688,
324.60000000000002,28.909114837646484,,58.042072296142578,
324.69999999999999,32.314929962158203,,61.281814575195312,
324.80000000000001,36.390155792236328,,66.0877685546875,
324.89999999999998,40.71832275390625,,71.683219909667969,
325,44.351535797119141,,76.841758728027344,
325.10000000000002,46.819664001464844,,79.348213195800781,
325.19999999999999,47.877433776855469,,79.555168151855469,
325.30000000000001,47.642372131347656,,79.557723999023438,
325.39999999999998,47.294895172119141,,79.557723999023438,
325.5,47.455860137939453,,79.557723999023438,
325.60000000000002,47.662815093994141,,79.560279846191406,
325.69999999999999,47.604049682617188,,79.560279846191406,
325.80000000000001,47.547840118408203,,79.557723999023438,
325.89999999999998,47.560615539550781,,79.555168151855469,
326,47.637264251708984,,79.555168151855469,
326.10000000000002,47.808448791503906,,79.557723999023438,
326.19999999999999,47.808448791503906,,79.557723999023438,
326.30000000000001,47.529953002929688,,79.557723999023438,
326.39999999999998,47.146705627441406,,79.557723999023438,
326.5,46.763454437255859,,79.555168151855469,
326.60000000000002,46.459407806396484,,79.557723999023438,
326.69999999999999,46.405754089355469,,79.560279846191406,
326.80000000000001,46.530948638916016,,79.557723999023438,
326.89999999999998,46.497734069824219,,79.555168151855469,
327,46.405754089355469,,79.557723999023438,
327.10000000000002,46.449188232421875,,79.557723999023438,
327.19999999999999,46.579494476318359,,79.560279846191406,
327.30000000000001,46.561607360839844,,79.560279846191406,
327.39999999999998,46.326549530029297,,79.557723999023438,
327.5,45.940742492675781,,79.557723999023438,
327.60000000000002,45.731235504150391,,79.557723999023438,
327.69999999999999,45.754230499267578,,79.560279846191406,
327.80000000000001,45.516613006591797,,79.560279846191406,
327.89999999999998,45.082263946533203,,79.560279846191406,
328,44.739894866943359,,79.560279846191406,
328.10000000000002,44.509944915771484,,79.557723999023438,
328.19999999999999,44.392414093017578,,79.552619934082031,
328.30000000000001,44.285102844238281,,79.555168151855469,
328.39999999999998,43.968284606933594,,79.557723999023438,
328.5,43.638690948486328,,79.557723999023438,
328.60000000000002,43.579925537109375,,79.555168151855469,
328.69999999999999,43.610584259033203,,79.557723999023438,
328.80000000000001,43.352527618408203,,79.555168151855469,
328.89999999999998,42.831310272216797,,79.555168151855469,
329,42.172119140625,,79.555168151855469,
329.10000000000002,41.359630584716797,,79.557723999023438,
329.19999999999999,40.286529541015625,,79.557723999023438,
329.30000000000001,36.170425415039062,,77.820327758789062,
329.39999999999998,30.689949035644531,,68.635101318359375,
329.5,29.60662841796875,,53.879978179931641,
329.60000000000002,33.055877685546875,,39.727832794189453,
329.69999999999999,34.777950286865234,,27.566032409667969,
329.80000000000001,31.014434814453125,,19.655754089355469,
329.89999999999998,25.758800506591797,,16.030208587646484,
330,21.872646331787109,4.9382715225219727,13.9146728515625,2.2590360641479492
330.10000000000002,19.197559356689453,,11.776130676269531,
330.19999999999999,17.368179321289062,,9.8420028686523438,
330.30000000000001,15.988479614257812,,8.3933181762695312,
330.39999999999998,14.659881591796875,,7.3994216918945312,
330.5,13.183090209960938,,6.71978759765625,
330.60000000000002,11.729293823242188,,6.2113418579101562,
330.69999999999999,10.671524047851562,,5.534271240234375,
330.80000000000001,9.9893417358398438,,4.7549972534179688,
330.89999999999998,9.51666259765625,,4.190338134765625,
331,9.1053085327148438,,3.9501724243164062,
331.10000000000002,8.7246170043945312,,3.96038818359375,
331.19999999999999,8.4921112060546875,,4.0523681640625,
331.30000000000001,8.2417221069335938,,4.18267822265625,
331.39999999999998,7.9427871704101562,,4.2005615234375,
331.5,7.6923980712890625,,4.1622314453125,
331.60000000000002,7.6847305297851562,,4.07025146484375,
331.69999999999999,7.8456954956054688,,3.9373931884765625,
331.80000000000001,7.761383056640625,,4.1060256958007812,
331.89999999999998,7.4956588745117188,,4.4432830810546875,
332,7.1686172485351562,,4.7882080078125,
332.10000000000002,6.8160324096679688,,5.1331329345703125,
332.19999999999999,6.657623291015625,,5.4269561767578125,
332.30000000000001,6.57330322265625,,5.6109161376953125,
332.39999999999998,6.473663330078125,,5.7054519653320312,
332.5,6.4608840942382812,,5.8076553344726562,
332.60000000000002,6.4481124877929688,,5.8970794677734375,
332.69999999999999,6.4097824096679688,,6.02227783203125,
332.80000000000001,6.4404449462890625,,6.0989227294921875,
332.89999999999998,6.4583282470703125,,5.9967269897460938,
333,6.4430007934570312,,5.8536453247070312,
333.10000000000002,6.435333251953125,,5.7795486450195312,
333.19999999999999,6.399566650390625,,5.6926803588867188,
333.30000000000001,6.38934326171875,,5.746337890625,
333.39999999999998,6.4430007934570312,,5.863861083984375,
333.5,6.5222091674804688,,5.8996353149414062,
333.60000000000002,6.57330322265625,,5.8894119262695312,
333.69999999999999,6.527313232421875,,6.012054443359375,
333.80000000000001,6.3637924194335938,,6.3135452270507812,
333.89999999999998,6.1568374633789062,,6.5307159423828125,
334,5.9626617431640625,,6.8730926513671875,
334.10000000000002,5.8604583740234375,,7.0570526123046875,
334.19999999999999,5.8911209106445312,,7.2154617309570312,
334.30000000000001,6.0367584228515625,,7.2307891845703125,
334.39999999999998,6.1670608520507812,,7.1439208984375,
334.5,6.1849441528320312,,6.9701766967773438,
334.60000000000002,6.16961669921875,,6.896087646484375,
334.69999999999999,6.1875,,6.8858642578125,
334.80000000000001,6.2309341430664062,,6.8909759521484375,
334.89999999999998,6.233489990234375,,6.921630859375,
335,6.2845916748046875,,6.8654251098632812,
335.10000000000002,6.3612442016601562,,6.7555618286132812,
335.19999999999999,6.4046783447265625,,6.7274551391601562,
335.30000000000001,6.4021224975585938,,6.712127685546875,
335.39999999999998,6.4711074829101562,,6.7632217407226562,
335.5,6.6550674438476562,,6.8424301147460938,
335.60000000000002,6.7751541137695312,,6.8552017211914062,
335.69999999999999,6.7828140258789062,,6.7070159912109375,
335.80000000000001,6.7930374145507812,,6.4464035034179688,
335.89999999999998,6.7547073364257812,,6.2471160888671875,
336,6.7163848876953125,,6.0733718872070312,
336.10000000000002,6.8620223999023438,,5.771881103515625,
336.19999999999999,7.16351318359375,,5.3988571166992188,
336.30000000000001,7.3628005981445312,,5.110137939453125,
336.39999999999998,7.4701080322265625,,4.8367538452148438,
336.5,7.7026138305664062,,4.5276031494140625,
336.60000000000002,8.055206298828125,,4.4867172241210938,
336.69999999999999,8.3975753784179688,,4.7090072631835938,
336.80000000000001,8.7757186889648438,,4.908294677734375,
336.89999999999998,9.2356185913085938,,5.148468017578125,
337,9.77471923828125,,5.5393829345703125,
337.10000000000002,10.607650756835938,,6.1883468627929688,
337.19999999999999,11.767623901367188,,7.08770751953125,
337.30000000000001,12.879043579101562,,7.8439865112304688,
337.39999999999998,13.752853393554688,,8.6462631225585938,
337.5,14.519355773925781,,9.8828811645507812,
337.60000000000002,15.152992248535156,,11.201255798339844,
337.69999999999999,15.620559692382812,,12.371452331542969,
337.80000000000001,16.113677978515625,,13.516090393066406,
337.89999999999998,16.450935363769531,,14.676055908203125,
338,16.599128723144531,,15.884574890136719,
338.10000000000002,16.91339111328125,,17.116085052490234,
338.19999999999999,17.342628479003906,,18.27349853515625,
338.30000000000001,17.822971343994141,,19.346599578857422,
338.39999999999998,18.341636657714844,,20.348159790039062,
338.5,18.729995727539062,,21.319057464599609,
338.60000000000002,19.110691070556641,,22.509689331054688,
338.69999999999999,19.665126800537109,,23.935379028320312,
338.80000000000001,20.262996673583984,,25.302303314208984,
338.89999999999998,20.822540283203125,,26.51593017578125,
339,21.382083892822266,,27.489383697509766,
339.10000000000002,21.790885925292969,,28.107692718505859,
339.19999999999999,22.028499603271484,,28.664684295654297,
339.30000000000001,22.332546234130859,,29.369865417480469,
339.39999999999998,22.651920318603516,,29.911521911621094,
339.5,22.953411102294922,,30.233451843261719,
339.60000000000002,23.193580627441406,,30.427635192871094,
339.69999999999999,23.183361053466797,,29.985618591308594,
339.80000000000001,22.452629089355469,,28.611026763916016,
339.89999999999998,21.044826507568359,,26.710109710693359,
340,19.769878387451172,7.4999995231628418,24.635448455810547,0
340.10000000000002,18.890960693359375,,22.558235168457031,
340.19999999999999,18.211330413818359,,20.593437194824219,
340.30000000000001,17.559806823730469,,18.771724700927734,
340.39999999999998,17.036033630371094,,17.039432525634766,
340.5,16.47137451171875,,15.299476623535156,
340.60000000000002,15.876060485839844,,13.743484497070312,
340.69999999999999,15.469818115234375,,12.534965515136719,
340.80000000000001,15.063568115234375,,11.387771606445312,
340.89999999999998,14.629219055175781,,10.204811096191406,
341,14.230636596679688,,9.1291580200195312,
341.10000000000002,13.819282531738281,,8.2681198120117188,
341.19999999999999,13.364494323730469,,7.6549224853515625,
341.30000000000001,12.945472717285156,,7.1209259033203125,
341.39999999999998,12.416587829589844,,6.5792617797851562,
341.5,11.849380493164062,,6.22412109375,
341.60000000000002,11.458465576171875,,6.05804443359375,
341.69999999999999,11.162086486816406,,5.90985107421875,
341.80000000000001,10.937248229980469,,5.7974319458007812,
341.89999999999998,10.737953186035156,,5.7565536499023438,
342,10.513114929199219,,5.7335586547851562,
342.10000000000002,10.288276672363281,,5.6926803588867188,
342.19999999999999,10.147750854492188,,5.6415786743164062,
342.30000000000001,10.065994262695312,,5.4141845703125,
342.39999999999998,9.905029296875,,5.1510162353515625,
342.5,9.7568359375,,5.0845870971679688,
342.60000000000002,9.6955184936523438,,5.0590362548828125,
342.69999999999999,9.6239776611328125,,5.0385971069335938,
342.80000000000001,9.5703201293945312,,5.0539321899414062,
342.89999999999998,9.5754318237304688,,5.0769271850585938,
343,9.608642578125,,5.1254730224609375,
343.10000000000002,9.6495285034179688,,5.1919021606445312,
343.19999999999999,9.7721633911132812,,5.240447998046875,
343.30000000000001,9.912689208984375,,5.230224609375,
343.39999999999998,10.081321716308594,,5.3170928955078125,
343.5,10.380256652832031,,5.6364669799804688,
343.60000000000002,10.778839111328125,,6.0989227294921875,
343.69999999999999,11.330718994140625,,6.6508026123046875,
343.80000000000001,12.025672912597656,,7.2665557861328125,
343.89999999999998,12.687423706054688,,7.9385223388671875,
344,13.208641052246094,,8.6258163452148438,
344.10000000000002,13.663429260253906,,9.1725921630859375,
344.19999999999999,13.939369201660156,,9.5149612426757812,
344.30000000000001,14.0977783203125,,9.9339828491210938,
344.39999999999998,14.371162414550781,,10.513961791992188,
344.5,14.700759887695312,,11.076065063476562,
344.60000000000002,15.012474060058594,,11.635612487792969,
344.69999999999999,15.326736450195312,,12.213035583496094,
344.80000000000001,15.615447998046875,,12.767471313476562,
344.89999999999998,15.876060485839844,,13.273361206054688,
345,16.052352905273438,,13.569747924804688,
345.10000000000002,16.149444580078125,,13.884010314941406,
345.19999999999999,16.279747009277344,,14.441001892089844,
345.30000000000001,16.473930358886719,,14.885566711425781,
345.39999999999998,16.568466186523438,,14.9443359375,
345.5,16.333404541015625,,14.366905212402344,
345.60000000000002,15.824958801269531,,13.002532958984375,
345.69999999999999,15.2398681640625,,11.341781616210938,
345.80000000000001,14.664993286132812,,9.79345703125,
345.89999999999998,14.008354187011719,,8.5185089111328125,
346,13.407928466796875,,7.7469024658203125,
346.10000000000002,12.973579406738281,,7.3023300170898438,
346.19999999999999,12.57244873046875,,6.9599609375,
346.30000000000001,12.191749572753906,,6.6865768432617188,
346.39999999999998,11.900482177734375,,6.50006103515625,
346.5,11.703742980957031,,6.3774185180664062,
346.60000000000002,11.575996398925781,,6.13214111328125,
346.69999999999999,11.335823059082031,,5.8025436401367188,
346.80000000000001,11.10076904296875,,5.6466903686523438,
346.89999999999998,11.0445556640625,,5.7054519653320312,
347,10.996009826660156,,6.047821044921875,
347.10000000000002,11.06243896484375,,6.7734451293945312,
347.19999999999999,11.509567260742188,,8.0688323974609375,
347.30000000000001,12.57244873046875,,9.9723052978515625,
347.39999999999998,13.849945068359375,,11.875778198242188,
347.5,14.818290710449219,,13.424110412597656,
347.60000000000002,15.457038879394531,,14.678611755371094,
347.69999999999999,15.960372924804688,,15.933120727539062,
347.80000000000001,16.588905334472656,,17.192733764648438,
347.89999999999998,17.076911926269531,,17.811042785644531,
348,17.105018615722656,,17.501888275146484,
348.10000000000002,17.1893310546875,,16.990890502929688,
348.19999999999999,17.260871887207031,,16.3419189453125,
348.30000000000001,16.869956970214844,,15.649513244628906,
348.39999999999998,16.696212768554688,,15.501327514648438,
348.5,17.043693542480469,,15.544761657714844,
348.60000000000002,17.452495574951172,,16.362358093261719,
348.69999999999999,18.075916290283203,,18.327152252197266,
348.80000000000001,18.487270355224609,,19.5433349609375,
348.89999999999998,18.247100830078125,,18.5494384765625,
349,17.219989776611328,,16.656185150146484,
349.10000000000002,16.02935791015625,,15.825809478759766,
349.19999999999999,16.008918762207031,,16.428787231445312,
349.30000000000001,16.422828674316406,,17.154407501220703,
349.39999999999998,16.330848693847656,,17.013885498046875,
349.5,15.945045471191406,,16.237163543701172,
349.60000000000002,15.712539672851562,,15.3863525390625,
349.69999999999999,15.605232238769531,,14.808921813964844,
349.80000000000001,15.543907165527344,,14.676055908203125,
349.89999999999998,15.628227233886719,,14.816581726074219,
350,15.646110534667969,0,14.655616760253906,0
350.10000000000002,15.592453002929688,,14.3541259765625,
350.19999999999999,15.559242248535156,,14.177833557128906,
350.30000000000001,15.574569702148438,,13.891677856445312,
350.39999999999998,15.536247253417969,,13.579963684082031,
350.5,15.418716430664062,,13.304023742675781,
350.60000000000002,15.224533081054688,,12.841567993164062,
350.69999999999999,14.915382385253906,,12.269248962402344,
350.80000000000001,14.590896606445312,,11.873222351074219,
350.89999999999998,14.452926635742188,,11.684150695800781,
351,14.297073364257812,,11.214035034179688,
351.10000000000002,13.964920043945312,,10.697921752929688,
351.19999999999999,13.760520935058594,,10.536956787109375,
351.30000000000001,13.704307556152344,,10.524185180664062,
351.39999999999998,13.727302551269531,,10.623832702636719,
351.5,13.763076782226562,,10.736251831054688,
351.60000000000002,13.8397216796875,,10.828231811523438,
351.69999999999999,13.844833374023438,,10.667266845703125,
351.80000000000001,13.686424255371094,,10.383659362792969,
351.89999999999998,13.568893432617188,,10.332557678222656,
352,13.52801513671875,,10.368331909179688,
352.10000000000002,13.548454284667969,,10.43731689453125,
352.19999999999999,13.597000122070312,,10.531852722167969,
352.30000000000001,13.632766723632812,,10.631492614746094,
352.39999999999998,13.750297546386719,,10.644271850585938,
352.5,13.688980102539062,,10.406654357910156,
352.60000000000002,13.494796752929688,,10.189476013183594,
352.69999999999999,13.41815185546875,,10.146041870117188,
352.80000000000001,13.367050170898438,,10.102607727050781,
352.89999999999998,13.354278564453125,,10.082168579101562,
353,13.367050170898438,,10.128158569335938,
353.10000000000002,13.387489318847656,,10.181816101074219,
353.19999999999999,13.410484313964844,,10.192031860351562,
353.30000000000001,13.487136840820312,,10.025962829589844,
353.39999999999998,13.377273559570312,,9.655487060546875,
353.5,13.23419189453125,,9.4459762573242188,
353.60000000000002,13.172866821289062,,9.3207778930664062,
353.69999999999999,13.162651062011719,,9.2543487548828125,
353.80000000000001,13.267402648925781,,9.0627212524414062,
353.89999999999998,13.282737731933594,,8.7688980102539062,
354,13.267402648925781,,8.6309280395507812,
354.10000000000002,13.298065185546875,,8.55938720703125,
354.19999999999999,13.198417663574219,,8.2860031127929688,
354.30000000000001,13.037452697753906,,7.9870681762695312,
354.39999999999998,13.098777770996094,,8.0943756103515625,
354.5,13.272514343261719,,8.37542724609375,
354.60000000000002,13.37982177734375,,8.6360397338867188,
354.69999999999999,13.413040161132812,,8.771453857421875,
354.80000000000001,13.425811767578125,,8.7740097045898438,
354.89999999999998,13.515243530273438,,8.7791213989257812,
355,13.497352600097656,,8.5721664428710938,
355.10000000000002,13.303176879882812,,8.2732315063476562,
355.19999999999999,13.157539367675781,,8.1889114379882812,
355.30000000000001,13.098777770996094,,8.2119064331054688,
355.39999999999998,13.098777770996094,,8.3141098022460938,
355.5,13.119216918945312,,8.4367523193359375,
355.60000000000002,13.16009521484375,,8.569610595703125,
355.69999999999999,13.262298583984375,,8.5926055908203125,
355.80000000000001,13.188201904296875,,8.3907623291015625,
355.89999999999998,13.022125244140625,,8.2425689697265625,
356,12.965911865234375,,8.2476806640625,
356.10000000000002,12.953140258789062,,8.3089981079101562,
356.19999999999999,12.973579406738281,,8.4444122314453125,
356.30000000000001,12.978691101074219,,8.5721664428710938,
356.39999999999998,13.057891845703125,,8.697357177734375,
356.5,13.068115234375,,8.5823822021484375,
356.60000000000002,12.899482727050781,,8.3319931030273438,
356.69999999999999,12.751296997070312,,8.22979736328125,
356.80000000000001,12.684867858886719,,8.2093582153320312,
356.89999999999998,12.661872863769531,,8.2425689697265625,
357,12.674644470214844,,8.3268814086914062,
357.10000000000002,12.743629455566406,,8.5261764526367188,
357.19999999999999,12.988906860351562,,8.8864288330078125,
357.30000000000001,13.249519348144531,,9.3437728881835938,
357.39999999999998,13.438591003417969,,9.8368911743164062,
357.5,13.642990112304688,,10.225250244140625,
357.60000000000002,13.627662658691406,,10.3070068359375,
357.69999999999999,13.272514343261719,,10.084724426269531,
357.80000000000001,12.858604431152344,,9.747467041015625,
357.89999999999998,12.733413696289062,,9.5277328491210938,
358,12.646537780761719,,9.4357528686523438,
358.10000000000002,12.439582824707031,,9.4510879516601562,
358.19999999999999,12.2581787109375,,9.7781219482421875,
358.30000000000001,12.150871276855469,,10.690261840820312,
358.39999999999998,12.150871276855469,,11.985641479492188,
358.5,12.163642883300781,,13.212043762207031,
358.60000000000002,12.304168701171875,,14.101181030273438,
358.69999999999999,12.42425537109375,,14.331130981445312,
358.80000000000001,12.416587829589844,,14.37457275390625,
358.89999999999998,12.398704528808594,,14.673507690429688,
359,12.319503784179688,,14.883010864257812,
359.10000000000002,12.265846252441406,,14.883010864257812,
359.19999999999999,12.232627868652344,,14.566192626953125,
359.30000000000001,12.250518798828125,,14.131843566894531,
359.39999999999998,12.27606201171875,,13.863571166992188,
359.5,12.201972961425781,,13.868682861328125,
359.60000000000002,12.097213745117188,,14.016868591308594,
359.69999999999999,11.979682922363281,,13.955551147460938,
359.80000000000001,11.918365478515625,,13.797142028808594,
359.89999999999998,11.943916320800781,,13.697494506835938,
360,12.051223754882812,9.574467658996582,13.707717895507812,6.5217390060424805
360.10000000000002,12.186637878417969,,13.574851989746094,
360.19999999999999,12.168754577636719,,13.125175476074219,
360.30000000000001,12.066558837890625,,12.75469970703125,
360.39999999999998,12.035896301269531,,12.706153869628906,
360.5,12.089553833007812,,12.902885437011719,
360.60000000000002,12.212188720703125,,13.311691284179688,
360.69999999999999,12.283729553222656,,13.687271118164062,
360.80000000000001,12.263290405273438,,13.835464477539062,
360.89999999999998,12.235183715820312,,13.67449951171875,
361,12.140647888183594,,13.186492919921875,
361.10000000000002,12.010345458984375,,12.624397277832031,
361.19999999999999,11.96435546875,,12.172157287597656,
361.30000000000001,12.030784606933594,,11.852783203125,
361.39999999999998,12.286285400390625,,11.433761596679688,
361.5,12.557113647460938,,10.871665954589844,
361.60000000000002,12.812614440917969,,10.700477600097656,
361.69999999999999,13.218856811523438,,10.726028442382812,
361.80000000000001,13.428367614746094,,10.416877746582031,
361.89999999999998,14.37371826171875,,10.493522644042969,
362,15.472373962402344,,11.170600891113281,
362.10000000000002,15.47747802734375,,11.845115661621094,
362.19999999999999,15.968040466308594,,12.205375671386719,
362.30000000000001,16.440711975097656,,11.988197326660156,
362.39999999999998,16.062576293945312,,11.382667541503906,
362.5,15.173439025878906,,10.84100341796875,
362.60000000000002,14.506576538085938,,10.603385925292969,
362.69999999999999,14.570457458496094,,10.478195190429688,
362.80000000000001,14.933265686035156,,10.386215209960938,
362.89999999999998,15.188766479492188,,9.9901885986328125,
363,15.247528076171875,,9.4868545532226562,
363.10000000000002,15.188766479492188,,9.2390213012695312,
363.19999999999999,14.733978271484375,,8.9349746704101562,
363.30000000000001,14.309844970703125,,8.8097763061523438,
363.39999999999998,14.192314147949219,,8.6769180297851562,
363.5,14.110557556152344,,8.6309280395507812,
363.60000000000002,14.028793334960938,,8.9426422119140625,
363.69999999999999,13.834617614746094,,8.9247512817382812,
363.80000000000001,13.476913452148438,,8.5926055908203125,
363.89999999999998,13.131988525390625,,8.753570556640625,
364,12.868827819824219,,9.967193603515625,
364.10000000000002,13.30828857421875,,12.946327209472656,
364.19999999999999,14.532127380371094,,16.983222961425781,
364.30000000000001,15.464706420898438,,19.717075347900391,
364.39999999999998,15.043128967285156,,19.770729064941406,
364.5,13.206085205078125,,17.284713745117188,
364.60000000000002,11.323051452636719,,14.430778503417969,
364.69999999999999,10.224403381347656,,12.172157287597656,
364.80000000000001,9.7159576416015625,,10.511405944824219,
364.89999999999998,9.6571884155273438,,9.4383087158203125,
365,9.9612350463867188,,8.4904022216796875,
365.10000000000002,10.114532470703125,,7.7085723876953125,
365.19999999999999,10.091537475585938,,7.2665557861328125,
365.30000000000001,10.962799072265625,,7.4454116821289062,
365.39999999999998,11.739517211914062,,8.3524322509765625,
365.5,12.263290405273438,,9.7985610961914062,
365.60000000000002,13.014457702636719,,10.917655944824219,
365.69999999999999,13.599555969238281,,11.581954956054688,
365.80000000000001,14.759529113769531,,12.021415710449219,
365.89999999999998,16.430496215820312,,12.317794799804688,
366,16.070243835449219,,12.113395690917969,
366.10000000000002,14.064567565917969,,10.994300842285156,
366.19999999999999,12.978691101074219,,9.6018295288085938,
366.30000000000001,12.010345458984375,,8.2911148071289062,
366.39999999999998,11.484016418457031,,7.2793350219726562,
366.5,11.514678955078125,,6.7734451293945312,
366.60000000000002,11.913253784179688,,6.701904296875,
366.69999999999999,11.96435546875,,6.6175918579101562,
366.80000000000001,11.159530639648438,,6.0248260498046875,
366.89999999999998,10.689407348632812,,5.54193115234375,
367,10.919357299804688,,5.6032562255859375,
367.10000000000002,11.882598876953125,,6.068267822265625,
367.19999999999999,12.615882873535156,,6.9625167846679688,
367.30000000000001,12.102325439453125,,8.3422164916992188,
367.39999999999998,12.677200317382812,,10.171592712402344,
367.5,14.5040283203125,,12.414886474609375,
367.60000000000002,15.47747802734375,,14.159950256347656,
367.69999999999999,16.203102111816406,,14.239151000976562,
367.80000000000001,16.284858703613281,,12.583511352539062,
367.89999999999998,14.951148986816406,,10.690261840820312,
368,13.543342590332031,,9.2747879028320312,
368.10000000000002,13.019569396972656,,8.0994873046875,
368.19999999999999,12.457473754882812,,7.4147491455078125,
368.30000000000001,11.859603881835938,,7.0621566772460938,
368.39999999999998,11.256622314453125,,6.804107666015625,
368.5,10.837600708007812,,6.454071044921875,
368.60000000000002,10.697074890136719,,6.012054443359375,
368.69999999999999,10.339378356933594,,5.65435791015625,
368.80000000000001,9.9893417358398438,,5.3758621215820312,
368.89999999999998,9.6776275634765625,,5.1816787719726562,
369,9.4655685424804688,,5.368194580078125,
369.10000000000002,9.7593917846679688,,6.0171661376953125,
369.19999999999999,10.497787475585938,,6.9011917114257812,
369.30000000000001,10.937248229980469,,8.1863632202148438,
369.39999999999998,11.093101501464844,,9.9978561401367188,
369.5,11.4482421875,,11.645828247070312,
369.60000000000002,11.729293823242188,,12.609062194824219,
369.69999999999999,11.611763000488281,,12.540077209472656,
369.80000000000001,11.389480590820312,,11.280464172363281,
369.89999999999998,11.054779052734375,,9.5686111450195312,
370,10.633201599121094,12.977649688720703,8.237457275390625,9.8603115081787109
370.10000000000002,10.280609130859375,,7.327880859375,
370.19999999999999,9.9254684448242188,,6.6252517700195312,
370.30000000000001,9.6290817260742188,,6.1449127197265625,
370.39999999999998,9.4630126953125,,5.8434219360351562,
370.5,9.388916015625,,5.6364669799804688,
370.60000000000002,9.2611618041992188,,5.495941162109375,
370.69999999999999,9.1640777587890625,,5.43206787109375,
370.80000000000001,9.14874267578125,,5.3835220336914062,
370.89999999999998,9.1231918334960938,,5.39630126953125,
371,9.2177276611328125,,5.5674819946289062,
371.10000000000002,9.6316375732421875,,5.9609527587890625,
371.19999999999999,10.211624145507812,,6.4796218872070312,
371.30000000000001,10.750732421875,,7.1669158935546875,
371.39999999999998,11.644981384277344,,8.569610595703125,
371.5,13.149871826171875,,10.595726013183594,
371.60000000000002,14.312400817871094,,12.453208923339844,
371.69999999999999,14.670097351074219,,13.602958679199219,
371.80000000000001,14.951148986816406,,13.255477905273438,
371.89999999999998,14.74163818359375,,11.617721557617188,
372,14.220420837402344,,9.9774169921875,
372.10000000000002,13.765632629394531,,8.689697265625,
372.19999999999999,13.239303588867188,,7.8388824462890625,
372.30000000000001,13.1038818359375,,7.3227691650390625,
372.39999999999998,12.812614440917969,,6.71978759765625,
372.5,12.13043212890625,,6.0989227294921875,
372.60000000000002,11.50445556640625,,5.7386703491210938,
372.69999999999999,10.95257568359375,,5.5444869995117188,
372.80000000000001,10.47479248046875,,5.3758621215820312,
372.89999999999998,10.165634155273438,,5.2659912109375,
373,9.912689208984375,,5.1689071655273438,
373.10000000000002,9.6214218139648438,,5.02838134765625,
373.19999999999999,9.4451217651367188,,4.8290863037109375,
373.30000000000001,9.3301467895507812,,4.6783447265625,
373.39999999999998,9.1794052124023438,,4.688568115234375,
373.5,9.1512985229492188,,4.75244140625,
373.60000000000002,9.3633651733398438,,5.0667037963867188,
373.69999999999999,9.9203567504882812,,5.6977920532226562,
373.80000000000001,10.766059875488281,,6.287994384765625,
373.89999999999998,11.43035888671875,,6.94207763671875,
374,11.956687927246094,,7.9385223388671875,
374.10000000000002,12.677200317382812,,9.1444854736328125,
374.19999999999999,13.494796752929688,,10.452644348144531,
374.30000000000001,14.199981689453125,,11.581954956054688,
374.39999999999998,14.516799926757812,,11.781242370605469,
374.5,14.358390808105469,,10.899772644042969,
374.60000000000002,14.090118408203125,,9.8317794799804688,
374.69999999999999,14.049232482910156,,9.2160263061523438,
374.80000000000001,14.18975830078125,,8.771453857421875,
374.89999999999998,14.317512512207031,,8.3524322509765625,
375,14.3558349609375,,8.1812515258789062,
375.10000000000002,14.307289123535156,,8.2246856689453125,
375.19999999999999,14.054344177246094,,8.237457275390625,
375.30000000000001,13.653213500976562,,8.1582565307617188,
375.39999999999998,13.236747741699219,,8.0228424072265625,
375.5,12.838165283203125,,7.8312149047851562,
375.60000000000002,12.38848876953125,,7.649810791015625,
375.69999999999999,12.028228759765625,,7.4760665893554688,
375.80000000000001,11.966911315917969,,7.49395751953125,
375.89999999999998,12.122764587402344,,8.2349014282226562,
376,12.618438720703125,,9.9109878540039062,
376.10000000000002,13.328727722167969,,11.865562438964844,
376.19999999999999,13.977691650390625,,13.539085388183594,
376.30000000000001,14.562789916992188,,15.077194213867188,
376.39999999999998,15.150444030761719,,16.587200164794922,
376.5,15.564353942871094,,17.397132873535156,
376.60000000000002,15.497917175292969,,16.852920532226562,
376.69999999999999,15.112113952636719,,15.077194213867188,
376.80000000000001,14.534683227539062,,12.816017150878906,
376.89999999999998,13.924041748046875,,11.001968383789062,
377,13.553565979003906,,10.064285278320312,
377.10000000000002,13.315948486328125,,9.563507080078125,
377.19999999999999,12.868827819824219,,8.6871414184570312,
377.30000000000001,12.196861267089844,,7.5220565795898438,
377.39999999999998,11.453353881835938,,6.6329193115234375,
377.5,10.714958190917969,,6.139801025390625,
377.60000000000002,10.1605224609375,,5.8689727783203125,
377.69999999999999,9.8258209228515625,,5.59814453125,
377.80000000000001,9.6801834106445312,,5.3196487426757812,
377.89999999999998,9.55499267578125,,5.0488204956054688,
378,9.4476776123046875,,4.8393096923828125,
378.10000000000002,9.4553451538085938,,4.7907638549804688,
378.19999999999999,9.4502334594726562,,4.80609130859375,
378.30000000000001,9.4272384643554688,,4.8418655395507812,
378.39999999999998,9.4451217651367188,,4.9057388305664062,
378.5,9.6827392578125,,5.0718154907226562,
378.60000000000002,10.229507446289062,,5.294097900390625,
378.69999999999999,10.847824096679688,,5.6058120727539062,
378.80000000000001,11.415031433105469,,6.13214111328125,
378.89999999999998,11.931137084960938,,6.7760009765625,
379,12.485572814941406,,7.4454116821289062,
379.10000000000002,13.093666076660156,,8.1378173828125,
379.19999999999999,13.653213500976562,,8.7944488525390625,
379.30000000000001,14.090118408203125,,9.3437728881835938,
379.39999999999998,14.15399169921875,,9.4127578735351562,
379.5,13.901046752929688,,8.92730712890625,
379.60000000000002,13.525459289550781,,8.3166656494140625,
379.69999999999999,13.091110229492188,,7.667694091796875,
379.80000000000001,12.638877868652344,,6.896087646484375,
379.89999999999998,12.199417114257812,,6.1551361083984375,
380,12.005233764648438,14.314929008483887,5.6569061279296875,13.584905624389648
380.10000000000002,12.13043212890625,,5.3937454223632812,
380.19999999999999,12.299057006835938,,5.2711029052734375,
380.30000000000001,12.334831237792969,,5.4652862548828125,
380.39999999999998,12.337387084960938,,5.9354019165039062,
380.5,12.462577819824219,,6.3646469116210938,
380.60000000000002,12.536674499511719,,6.8322067260742188,
380.69999999999999,12.781951904296875,,7.8542098999023438,
380.80000000000001,13.56378173828125,,9.645263671875,
380.89999999999998,14.452926635742188,,11.702041625976562,
381,14.920494079589844,,13.597846984863281,
381.10000000000002,15.181098937988281,,15.335250854492188,
381.19999999999999,15.538803100585938,,16.520767211914062,
381.30000000000001,15.712539672851562,,16.904018402099609,
381.39999999999998,15.618003845214844,,16.681732177734375,
381.5,15.324180603027344,,15.782375335693359,
381.60000000000002,14.861724853515625,,14.295364379882812,
381.69999999999999,14.343063354492188,,12.463432312011719,
381.80000000000001,13.770736694335938,,10.986640930175781,
381.89999999999998,13.275070190429688,,10.018295288085938,
382,12.927589416503906,,8.9707412719726562,
382.10000000000002,12.452362060546875,,8.0202865600585938,
382.19999999999999,12.109992980957031,,7.2486724853515625,
382.30000000000001,12.097213745117188,,6.6763534545898438,
382.39999999999998,12.109992980957031,,6.5486068725585938,
382.5,12.018013000488281,,6.839874267578125,
382.60000000000002,11.905593872070312,,7.1209259033203125,
382.69999999999999,11.882598876953125,,6.9599609375,
382.80000000000001,11.931137084960938,,6.6635818481445312,
382.89999999999998,11.736961364746094,,6.333984375,
383,11.348602294921875,,5.9354019165039062,
383.10000000000002,11.011337280273438,,5.5214920043945312,
383.19999999999999,10.689407348632812,,5.1152496337890625,
383.30000000000001,10.638313293457031,,5.0207138061523438,
383.39999999999998,10.960243225097656,,5.1867904663085938,
383.5,11.532562255859375,,5.4984970092773438,
383.60000000000002,12.150871276855469,,6.029937744140625,
383.69999999999999,12.753852844238281,,6.5971527099609375,
383.80000000000001,13.290397644042969,,6.9982833862304688,
383.89999999999998,13.642990112304688,,7.4454116821289062,
384,14.00579833984375,,8.0867156982421875,
384.10000000000002,14.419708251953125,,8.7203521728515625,
384.19999999999999,14.713539123535156,,9.14959716796875,
384.30000000000001,14.664993286132812,,9.1547012329101562,
384.39999999999998,14.435043334960938,,8.8327713012695312,
384.5,14.077339172363281,,8.2630081176757812,
384.60000000000002,13.425811767578125,,7.4581832885742188,
384.69999999999999,12.733413696289062,,6.7402267456054688,
384.80000000000001,12.178977966308594,,6.1985702514648438,
384.89999999999998,11.811058044433594,,5.79998779296875,
385,11.491683959960938,,5.5112762451171875,
385.10000000000002,11.139091491699219,,5.3196487426757812,
385.19999999999999,10.921913146972656,,5.2225570678710938,
385.30000000000001,10.725181579589844,,5.1075820922851562,
385.39999999999998,10.505447387695312,,4.9951629638671875,
385.5,10.385368347167969,,4.926177978515625,
385.60000000000002,10.288276672363281,,4.908294677734375,
385.69999999999999,10.209068298339844,,4.9415130615234375,
385.80000000000001,10.14263916015625,,4.9619522094726562,
385.89999999999998,10.124755859375,,4.97216796875,
386,10.14263916015625,,4.9287338256835938,
386.10000000000002,10.10687255859375,,4.8239822387695312,
386.19999999999999,10.21673583984375,,4.8239822387695312,
386.30000000000001,10.599983215332031,,4.9926071166992188,
386.39999999999998,11.095657348632812,,5.2813262939453125,
386.5,11.606658935546875,,5.6415786743164062,
386.60000000000002,12.081886291503906,,5.9865036010742188,
386.69999999999999,12.536674499511719,,6.3135452270507812,
386.80000000000001,12.981246948242188,,6.5767059326171875,
386.89999999999998,13.275070190429688,,6.7402267456054688,
387,13.497352600097656,,6.9446258544921875,
387.10000000000002,13.701751708984375,,7.1873550415039062,
387.19999999999999,13.694091796875,,7.2486724853515625,
387.30000000000001,13.441146850585938,,7.0340576171875,
387.39999999999998,13.0323486328125,,6.6661376953125,
387.5,12.569892883300781,,6.2982177734375,
387.60000000000002,12.158538818359375,,5.9711761474609375,
387.69999999999999,11.72418212890625,,5.58026123046875,
387.80000000000001,11.254066467285156,,5.2046737670898438,
387.89999999999998,10.888702392578125,,5.010498046875,
388,10.58465576171875,,4.9134063720703125,
388.10000000000002,10.321487426757812,,4.852081298828125,
388.19999999999999,10.114532470703125,,4.8112030029296875,
388.30000000000001,9.9637908935546875,,4.77032470703125,
388.39999999999998,9.876922607421875,,4.7473297119140625,
388.5,9.84881591796875,,4.69622802734375,
388.60000000000002,9.7619476318359375,,4.5608139038085938,
388.69999999999999,9.6418609619140625,,4.4816131591796875,
388.80000000000001,9.6137542724609375,,4.4892730712890625,
388.89999999999998,9.6852951049804688,,4.5148239135742188,
389,9.951019287109375,,4.62213134765625,
389.10000000000002,10.428802490234375,,4.8418655395507812,
389.19999999999999,11.006233215332031,,5.1356887817382812,
389.30000000000001,11.609207153320312,,5.4167404174804688,
389.39999999999998,12.05633544921875,,5.61602783203125,
389.5,12.360382080078125,,5.8766403198242188,
389.60000000000002,12.710418701171875,,6.2292327880859375,
389.69999999999999,13.101333618164062,,6.57415771484375,
389.80000000000001,13.505020141601562,,6.9088592529296875,
389.89999999999998,13.855056762695312,,7.207794189453125,
390,14.067123413085938,21.660650253295898,7.3968658447265625,20.487804412841797
390.10000000000002,13.982803344726562,,7.2588958740234375,
390.19999999999999,13.517791748046875,,6.7427825927734375,
390.30000000000001,12.90203857421875,,6.185791015625,
390.39999999999998,12.337387084960938,,5.7769927978515625,
390.5,11.813613891601562,,5.449951171875,
390.60000000000002,11.315383911132812,,5.1867904663085938,
390.69999999999999,10.886146545410156,,4.9977188110351562,
390.80000000000001,10.58465576171875,,4.88018798828125,
390.89999999999998,10.339378356933594,,4.7192230224609375,
391,10.081321716308594,,4.5454864501953125,
391.10000000000002,9.9024734497070312,,4.4969406127929688,
391.19999999999999,9.7977142333984375,,4.5071563720703125,
391.30000000000001,9.7134017944335938,,4.5250473022460938,
391.39999999999998,9.6444168090820312,,4.5378189086914062,
391.5,9.59075927734375,,4.5608139038085938,
391.60000000000002,9.6111984252929688,,4.5812530517578125,
391.69999999999999,9.5805435180664062,,4.504608154296875,
391.80000000000001,9.5371017456054688,,4.4202880859375,
391.89999999999998,9.6878509521484375,,4.47650146484375,
392,10.081321716308594,,4.6451263427734375,
392.10000000000002,10.645973205566406,,4.8699722290039062,
392.19999999999999,11.251510620117188,,5.1408004760742188,
392.30000000000001,11.839157104492188,,5.4474029541015625,
392.39999999999998,12.4063720703125,,5.7156753540039062,
392.5,12.848388671875,,5.9328460693359375,
392.60000000000002,13.239303588867188,,6.213897705078125,
392.69999999999999,13.650657653808594,,6.5409393310546875,
392.80000000000001,13.9879150390625,,6.8271026611328125,
392.89999999999998,14.092666625976562,,6.988067626953125,
393,13.809066772460938,,6.86798095703125,
393.10000000000002,13.290397644042969,,6.4949493408203125,
393.19999999999999,12.697639465332031,,5.9967269897460938,
393.30000000000001,12.002677917480469,,5.4652862548828125,
393.39999999999998,11.358818054199219,,5.0999221801757812,
393.5,10.888702392578125,,4.9134063720703125,
393.60000000000002,10.515670776367188,,4.7830963134765625,
393.69999999999999,10.239730834960938,,4.6911163330078125,
393.80000000000001,10.022552490234375,,4.6170272827148438,
393.89999999999998,9.8437042236328125,,4.5684814453125,
394,9.7772750854492188,,4.5480422973632812,
394.10000000000002,9.70062255859375,,4.4560623168945312,
394.19999999999999,9.5575485229492188,,4.3717422485351562,
394.30000000000001,9.4783401489257812,,4.3768539428710938,
394.39999999999998,9.4297943115234375,,4.392181396484375,
394.5,9.3965835571289062,,4.4177322387695312,
394.60000000000002,9.360809326171875,,4.4356231689453125,
394.69999999999999,9.3148193359375,,4.4432830810546875,
394.80000000000001,9.3378143310546875,,4.4637222290039062,
394.89999999999998,9.55499267578125,,4.4867172241210938,
395,9.9075775146484375,,4.5352630615234375,
395.10000000000002,10.336822509765625,,4.7192230224609375,
395.19999999999999,10.819717407226562,,5.018157958984375,
395.30000000000001,11.3026123046875,,5.3349761962890625,
395.39999999999998,11.782951354980469,,5.6722412109375,
395.5,12.242851257324219,,6.02227783203125,
395.60000000000002,12.674644470214844,,6.362091064453125,
395.69999999999999,13.106437683105469,,6.701904296875,
395.80000000000001,13.502464294433594,,6.9574050903320312,
395.89999999999998,13.816726684570312,,7.1643600463867188,
396,14.192314147949219,,7.4811782836914062,
396.10000000000002,14.641998291015625,,7.8261032104492188,
396.19999999999999,14.897499084472656,,8.0228424072265625,
396.30000000000001,14.728866577148438,,7.8542098999023438,
396.39999999999998,14.194869995117188,,7.2946624755859375,
396.5,13.489692687988281,,6.5971527099609375,
396.60000000000002,12.7742919921875,,5.9609527587890625,
396.69999999999999,11.974578857421875,,5.3886337280273438,
396.80000000000001,11.215744018554688,,4.982391357421875,
396.89999999999998,10.709854125976562,,4.7856521606445312,
397,10.375144958496094,,4.6630172729492188,
397.10000000000002,10.124755859375,,4.5735931396484375,
397.19999999999999,9.9254684448242188,,4.5071563720703125,
397.30000000000001,9.8155975341796875,,4.4535064697265625,
397.39999999999998,9.7900543212890625,,4.4228439331054688,
397.5,9.728729248046875,,4.32830810546875,
397.60000000000002,9.5779876708984375,,4.2056732177734375,
397.69999999999999,9.4553451538085938,,4.1775665283203125,
397.80000000000001,9.4016876220703125,,4.1852264404296875,
397.89999999999998,9.4579010009765625,,4.236328125,
398,9.77471923828125,,4.40240478515625,
398.10000000000002,10.398139953613281,,4.6630172729492188,
398.19999999999999,11.185081481933594,,4.9696121215820312,
398.30000000000001,11.923477172851562,,5.2327804565429688,
398.39999999999998,12.559669494628906,,5.495941162109375,
398.5,13.190757751464844,,5.8664169311523438,
398.60000000000002,13.788627624511719,,6.2982177734375,
398.69999999999999,14.330284118652344,,6.7402267456054688,
398.80000000000001,14.851509094238281,,7.1796875,
398.89999999999998,15.298629760742188,,7.5782699584960938,
399,15.503028869628906,,7.8184356689453125,
399.10000000000002,15.170883178710938,,7.6089324951171875,
399.19999999999999,14.442703247070312,,6.9957275390625,
399.30000000000001,13.67620849609375,,6.3876419067382812,
399.39999999999998,12.896926879882812,,5.8817520141601562,
399.5,12.076774597167969,,5.460174560546875,
399.60000000000002,11.259178161621094,,5.1408004760742188,
399.69999999999999,10.582099914550781,,4.91851806640625,
399.80000000000001,10.155418395996094,,4.742218017578125,
399.89999999999998,9.8258209228515625,,4.5327072143554688,
400,9.5192184448242188,17.647058486938477,4.3513031005859375,18.789142608642578
400.10000000000002,9.3020477294921875,,4.2695465087890625,
400.19999999999999,9.1359710693359375,,4.2261123657226562,
400.30000000000001,9.0005569458007812,,4.190338134765625,
400.39999999999998,8.918792724609375,,4.154571533203125,
400.5,8.9341278076171875,,4.154571533203125,
400.60000000000002,9.1998443603515625,,4.2516632080078125,
400.69999999999999,9.728729248046875,,4.40240478515625,
400.80000000000001,10.398139953613281,,4.6400222778320312,
400.89999999999998,11.146759033203125,,5.0079421997070312,
401,11.915809631347656,,5.4014129638671875,
401.10000000000002,12.672088623046875,,5.7846603393554688,
401.19999999999999,13.387489318847656,,6.196014404296875,
401.30000000000001,14.085006713867188,,6.6175918579101562,
401.39999999999998,14.756973266601562,,6.9931716918945312,
401.5,15.252639770507812,,7.3304367065429688,
401.60000000000002,15.564353942871094,,7.6446990966796875,
401.69999999999999,15.513252258300781,,7.74945068359375,
401.80000000000001,14.979255676269531,,7.4428558349609375,
401.89999999999998,14.253631591796875,,6.8628692626953125,
402,13.413040161132812,,6.2394485473632812,
402.10000000000002,12.531562805175781,,5.69012451171875,
402.19999999999999,11.731849670410156,,5.2557754516601562,
402.30000000000001,10.944908142089844,,4.8623046875,
402.39999999999998,10.257614135742188,,4.5608139038085938,
402.5,9.7823867797851562,,4.3896331787109375,
402.60000000000002,9.4246826171875,,4.2848739624023438,
402.69999999999999,9.1564102172851562,,4.2158889770507812,
402.80000000000001,8.9596786499023438,,4.14434814453125,
402.89999999999998,8.8319244384765625,,4.0728073120117188,
403,8.8012619018554688,,4.0191574096679688,
403.10000000000002,8.762939453125,,3.92462158203125,
403.19999999999999,8.699066162109375,,3.8454132080078125,
403.30000000000001,8.8242568969726562,,3.9348373413085938,
403.39999999999998,9.2816085815429688,,4.18267822265625,
403.5,10.012336730957031,,4.5020523071289062,
403.60000000000002,10.814605712890625,,4.8852996826171875,
403.69999999999999,11.57855224609375,,5.340087890625,
403.80000000000001,12.332275390625,,5.8332061767578125,
403.89999999999998,13.075782775878906,,6.270111083984375,
404,13.640434265136719,,6.6635818481445312,
404.10000000000002,14.092666625976562,,7.1055908203125,
404.19999999999999,14.55767822265625,,7.5603866577148438,
404.30000000000001,14.951148986816406,,7.9385223388671875,
404.39999999999998,15.068679809570312,,8.0867156982421875,
404.5,14.652214050292969,,7.833770751953125,
404.60000000000002,13.939369201660156,,7.299774169921875,
404.69999999999999,13.257186889648438,,6.691680908203125,
404.80000000000001,12.490684509277344,,6.0197219848632812,
404.89999999999998,11.606658935546875,,5.43206787109375,
405,10.809494018554688,,5.06414794921875,
405.10000000000002,10.168190002441406,,4.8188705444335938,
405.19999999999999,9.6597442626953125,,4.62213134765625,
405.30000000000001,9.268829345703125,,4.4535064697265625,
405.39999999999998,8.9622268676757812,,4.2976531982421875,
405.5,8.7246170043945312,,4.18267822265625,
405.60000000000002,8.5943069458007812,,4.0830307006835938,
405.69999999999999,8.4691162109375,,3.9450607299804688,
405.80000000000001,8.366912841796875,,3.8428573608398438,
405.89999999999998,8.4358978271484375,,3.8556365966796875,
406,8.791046142578125,,3.99871826171875,
406.10000000000002,9.4936676025390625,,4.2567672729492188,
406.19999999999999,10.329154968261719,,4.6093597412109375,
406.30000000000001,11.144203186035156,,5.06414794921875,
406.39999999999998,12.018013000488281,,5.5955886840820312,
406.5,12.904594421386719,,6.0887069702148438,
406.60000000000002,13.63787841796875,,6.5562667846679688,
406.69999999999999,14.307289123535156,,7.0928192138671875,
406.80000000000001,15.004806518554688,,7.6012649536132812,
406.89999999999998,15.62567138671875,,8.0483856201171875,
407,16.134117126464844,,8.5185089111328125,
407.10000000000002,16.371726989746094,,8.70758056640625,
407.19999999999999,15.980812072753906,,8.4571914672851562,
407.30000000000001,15.170883178710938,,7.78778076171875,
407.39999999999998,14.222976684570312,,6.988067626953125,
407.5,13.185646057128906,,6.252227783203125,
407.60000000000002,12.20452880859375,,5.662017822265625,
407.69999999999999,11.287277221679688,,5.230224609375,
407.80000000000001,10.500343322753906,,4.9287338256835938,
407.89999999999998,9.8743667602539062,,4.69622802734375,
408,9.4144668579101562,,4.5250473022460938,
408.10000000000002,9.1104202270507812,,4.36663818359375,
408.19999999999999,8.81915283203125,,4.1877822875976562,
408.30000000000001,8.5585403442382812,,4.0728073120117188,
408.39999999999998,8.4282379150390625,,4.0217132568359375,
408.5,8.3260345458984375,,3.9961624145507812,
408.60000000000002,8.274932861328125,,3.9936065673828125,
408.69999999999999,8.3975753784179688,,4.0958023071289062,
408.80000000000001,8.8625869750976562,,4.356414794921875,
408.89999999999998,9.6827392578125,,4.642578125,
409,10.513114929199219,,4.95428466796875,
409.10000000000002,11.287277221679688,,5.3886337280273438,
409.19999999999999,12.09210205078125,,5.8919677734375,
409.30000000000001,12.845832824707031,,6.4055252075195312,
409.39999999999998,13.522903442382812,,6.8884201049804688,
409.5,14.0977783203125,,7.3534317016601562,
409.60000000000002,14.657325744628906,,7.7979965209960938,
409.69999999999999,15.211761474609375,,8.1199264526367188,
409.80000000000001,15.487701416015625,,8.2221298217773438,
409.89999999999998,15.188766479492188,,7.9947357177734375,
410,14.470809936523438,21.052631378173828,7.465850830078125,0
410.10000000000002,13.630218505859375,,6.8066558837890625,
410.19999999999999,12.758956909179688,,6.16790771484375,
410.30000000000001,11.905593872070312,,5.662017822265625,
410.39999999999998,11.141647338867188,,5.2889862060546875,
410.5,10.533554077148438,,4.9415130615234375,
410.60000000000002,9.968902587890625,,4.6068038940429688,
410.69999999999999,9.4630126953125,,4.3615264892578125,
410.80000000000001,9.102752685546875,,4.2312164306640625,
410.89999999999998,8.8447036743164062,,4.1392364501953125,
411,8.6684036254882812,,4.0549240112304688,
411.10000000000002,8.5381011962890625,,3.9961624145507812,
411.19999999999999,8.4461212158203125,,3.9476165771484375,
411.30000000000001,8.532989501953125,,3.99871826171875,
411.39999999999998,8.9315719604492188,,4.1980056762695312,
411.5,9.5830917358398438,,4.5199356079101562,
411.60000000000002,10.375144958496094,,4.88018798828125,
411.69999999999999,11.228515625,,5.4218521118164062,
411.80000000000001,12.076774597167969,,6.0146102905273438,
411.89999999999998,12.861160278320312,,6.6124801635742188,
412,13.558677673339844,,7.2026824951171875,
412.10000000000002,14.2076416015625,,7.7673416137695312,
412.19999999999999,14.808067321777344,,8.2144622802734375,
412.30000000000001,15.206649780273438,,8.5057373046875,
412.39999999999998,15.168327331542969,,8.5823822021484375,
412.5,14.603668212890625,,8.2630081176757812,
412.60000000000002,13.788627624511719,,7.6523666381835938,
412.69999999999999,12.937812805175781,,6.9701766967773438,
412.80000000000001,12.033340454101562,,6.3186569213867188,
412.89999999999998,11.195297241210938,,5.771881103515625,
413,10.495231628417969,,5.3477554321289062,
413.10000000000002,9.86669921875,,4.9312896728515625,
413.19999999999999,9.3301467895507812,,4.5710372924804688,
413.30000000000001,8.9673385620117188,,4.3640823364257812,
413.39999999999998,8.6888427734375,,4.2158889770507812,
413.5,8.4793319702148438,,4.1009140014648438,
413.60000000000002,8.3515853881835938,,4.0012664794921875,
413.69999999999999,8.2417221069335938,,3.9297332763671875,
413.80000000000001,8.257049560546875,,3.9271774291992188,
413.89999999999998,8.5687637329101562,,4.044708251953125,
414,9.141082763671875,,4.2848739624023438,
414.10000000000002,9.8794784545898438,,4.62213134765625,
414.19999999999999,10.684303283691406,,5.0590362548828125,
414.30000000000001,11.471237182617188,,5.5853729248046875,
414.39999999999998,12.237739562988281,,6.1576919555664062,
414.5,12.948028564453125,,6.71978759765625,
414.60000000000002,13.617439270019531,,7.2665557861328125,
414.69999999999999,14.258743286132812,,7.7341232299804688,
414.80000000000001,14.744194030761719,,8.1327056884765625,
414.89999999999998,14.917938232421875,,8.4648513793945312,
415,14.578117370605469,,8.4367523193359375,
415.10000000000002,13.867828369140625,,8.0611648559570312,
415.19999999999999,13.137100219726562,,7.5961532592773438,
415.30000000000001,12.408927917480469,,7.01361083984375,
415.39999999999998,11.703742980957031,,6.3314285278320312,
415.5,11.034332275390625,,5.6875686645507812,
415.60000000000002,10.380256652832031,,5.17401123046875,
415.69999999999999,9.7542800903320312,,4.84442138671875,
415.80000000000001,9.3122634887695312,,4.6630172729492188,
415.89999999999998,9.0772018432617188,,4.47650146484375,
416,8.865142822265625,,4.21844482421875,
416.10000000000002,8.6581878662109375,,4.0217132568359375,
416.19999999999999,8.5023269653320312,,3.896514892578125,
416.30000000000001,8.3643569946289062,,3.7355499267578125,
416.39999999999998,8.313262939453125,,3.6844482421875,
416.5,8.5355453491210938,,3.9425048828125,
416.60000000000002,9.0593185424804688,,4.356414794921875,
416.69999999999999,9.7874984741210938,,4.7933197021484375,
416.80000000000001,10.582099914550781,,5.2506637573242188,
416.89999999999998,11.330718994140625,,5.753997802734375,
417,12.097213745117188,,6.333984375,
417.10000000000002,12.784507751464844,,6.8858642578125,
417.19999999999999,13.407928466796875,,7.437744140625,
417.30000000000001,14.036460876464844,,8.0586090087890625,
417.39999999999998,14.437591552734375,,8.6079330444335938,
417.5,14.253631591796875,,8.771453857421875,
417.60000000000002,13.594444274902344,,8.3345489501953125,
417.69999999999999,12.863716125488281,,7.539947509765625,
417.80000000000001,12.094657897949219,,6.6533584594726562,
417.89999999999998,11.238739013671875,,5.8485336303710938,
418,10.43646240234375,,5.3068771362304688,
418.10000000000002,9.7977142333984375,,4.9670562744140625,
418.19999999999999,9.2841567993164062,,4.7320022583007812,
418.30000000000001,8.8804702758789062,,4.558258056640625,
418.39999999999998,8.5866470336914062,,4.3947372436523438,
418.5,8.3924636840820312,,4.2491073608398438,
418.60000000000002,8.2263870239257812,,4.0855865478515625,
418.69999999999999,8.0577621459960938,,3.9348373413085938,
418.80000000000001,7.93511962890625,,3.8709640502929688,
418.89999999999998,7.8431396484375,,3.8198623657226562,
419,7.7997055053710938,,3.748321533203125,
419.10000000000002,7.889129638671875,,3.768768310546875,
419.19999999999999,8.2621612548828125,,4.0753631591796875,
419.30000000000001,9.0235519409179688,,4.7371063232421875,
419.39999999999998,10.002113342285156,,5.5955886840820312,
419.5,11.006233215332031,,6.3646469116210938,
419.60000000000002,11.777839660644531,,6.9471817016601562,
419.69999999999999,12.283729553222656,,7.4914016723632812,
419.80000000000001,12.748741149902344,,8.1199264526367188,
419.89999999999998,13.246963500976562,,8.8787612915039062,
420,13.883163452148438,22.014677047729492,9.6018295288085938,22.014677047729492
420.10000000000002,14.435043334960938,,9.9646377563476562,
420.19999999999999,14.271522521972656,,9.5277328491210938,
420.30000000000001,13.594444274902344,,8.4009780883789062,
420.39999999999998,12.868827819824219,,7.2282333374023438,
420.5,12.010345458984375,,6.2854385375976562,
420.60000000000002,11.159530639648438,,5.6134719848632812,
420.69999999999999,10.4569091796875,,5.166351318359375,
420.80000000000001,9.8973617553710938,,4.8188705444335938,
420.89999999999998,9.4553451538085938,,4.5020523071289062,
421,9.0363235473632812,,4.2210006713867188,
421.10000000000002,8.7067337036132812,,4.0498123168945312,
421.19999999999999,8.5099945068359375,,3.9578323364257812,
421.30000000000001,8.3413619995117188,,3.8658523559570312,
421.39999999999998,8.2161712646484375,,3.786651611328125,
421.5,8.1497421264648438,,3.7432174682617188,
421.60000000000002,8.182952880859375,,3.7738723754882812,
421.69999999999999,8.441009521484375,,3.9450607299804688,
421.80000000000001,8.9673385620117188,,4.246551513671875,
421.89999999999998,9.6571884155273438,,4.6272430419921875,
422,10.433914184570312,,5.0615921020507812,
422.10000000000002,11.243843078613281,,5.5368270874023438,
422.19999999999999,12.0384521484375,,6.0273818969726562,
422.30000000000001,12.779403686523438,,6.5230560302734375,
422.39999999999998,13.461585998535156,,7.0212783813476562,
422.5,14.041572570800781,,7.4249725341796875,
422.60000000000002,14.491249084472656,,7.7852249145507812,
422.69999999999999,14.728866577148438,,8.1224822998046875,
422.80000000000001,14.450370788574219,,8.0841598510742188,
422.89999999999998,13.757965087890625,,7.5680465698242188,
423,12.927589416503906,,6.8424301147460938,
423.10000000000002,12.046112060546875,,6.1423568725585938,
423.19999999999999,11.225959777832031,,5.5853729248046875,
423.30000000000001,10.467124938964844,,5.0871429443359375,
423.39999999999998,9.8155975341796875,,4.6834564208984375,
423.5,9.3582534790039062,,4.448394775390625,
423.60000000000002,9.0414352416992188,,4.2950973510742188,
423.69999999999999,8.8242568969726562,,4.190338134765625,
423.80000000000001,8.6735153198242188,,4.116241455078125,
423.89999999999998,8.5789794921875,,4.0753631591796875,
424,8.5585403442382812,,4.044708251953125,
424.10000000000002,8.4844436645507812,,3.96038818359375,
424.19999999999999,8.3618087768554688,,3.8888473510742188,
424.30000000000001,8.2902679443359375,,3.8760757446289062,
424.39999999999998,8.3081512451171875,,3.9118423461914062,
424.5,8.5840911865234375,,4.1136932373046875,
424.60000000000002,9.194732666015625,,4.4535064697265625,
424.69999999999999,9.9842300415039062,,4.84442138671875,
424.80000000000001,10.847824096679688,,5.2378921508789062,
424.89999999999998,11.621986389160156,,5.6518020629882812,
425,12.352714538574219,,6.213897705078125,
425.10000000000002,13.131988525390625,,6.9599609375,
425.19999999999999,13.86016845703125,,7.8567657470703125,
425.30000000000001,14.501472473144531,,8.845550537109375,
425.39999999999998,14.662437438964844,,9.525177001953125,
425.5,14.108001708984375,,9.287567138671875,
425.60000000000002,13.354278564453125,,8.32177734375,
425.69999999999999,12.766624450683594,,7.3380966186523438,
425.80000000000001,12.370597839355469,,6.7683334350585938,
425.89999999999998,11.949028015136719,,6.5205001831054688,
426,11.785507202148438,,6.3186569213867188,
426.10000000000002,12.053779602050781,,6.1244735717773438,
426.19999999999999,11.72418212890625,,5.7488861083984375,
426.30000000000001,11.070106506347656,,5.3273162841796875,
426.39999999999998,10.73284912109375,,4.9951629638671875,
426.5,10.574432373046875,,4.6860122680664062,
426.60000000000002,10.674079895019531,,4.6297988891601562,
426.69999999999999,10.870819091796875,,4.926177978515625,
426.80000000000001,11.335823059082031,,5.47039794921875,
426.89999999999998,12.35015869140625,,6.2547760009765625,
427,13.333831787109375,,7.3253250122070312,
427.10000000000002,14.033905029296875,,8.54150390625,
427.19999999999999,14.544906616210938,,9.5941619873046875,
427.30000000000001,14.859169006347656,,10.475639343261719,
427.39999999999998,15.135108947753906,,11.226806640625,
427.5,15.050796508789062,,11.408210754394531,
427.60000000000002,14.452926635742188,,10.772018432617188,
427.69999999999999,13.834617614746094,,9.6248245239257812,
427.80000000000001,13.402816772460938,,8.4623031616210938,
427.89999999999998,12.863716125488281,,7.4121932983398438,
428,12.24029541015625,,6.6022567749023438,
428.10000000000002,11.719078063964844,,6.1142578125,
428.19999999999999,11.312828063964844,,5.7948760986328125,
428.30000000000001,10.978126525878906,,5.5751495361328125,
428.39999999999998,10.758392333984375,,5.4014129638671875,
428.5,10.674079895019531,,5.2532196044921875,
428.60000000000002,10.571884155273438,,5.0590362548828125,
428.69999999999999,10.4185791015625,,4.8674163818359375,
428.80000000000001,10.29083251953125,,4.7549972534179688,
428.89999999999998,10.18096923828125,,4.6834564208984375,
429,10.094093322753906,,4.642578125,
429.10000000000002,10.0506591796875,,4.66046142578125,
429.19999999999999,10.1605224609375,,4.8571929931640625,
429.30000000000001,10.594879150390625,,5.2736587524414062,
429.39999999999998,11.177413940429688,,5.7335586547851562,
429.5,11.788063049316406,,6.2190093994140625,
429.60000000000002,12.470245361328125,,6.7862167358398438,
429.69999999999999,13.147323608398438,,7.3866424560546875,
429.80000000000001,13.757965087890625,,8.0407257080078125,
429.89999999999998,14.274078369140625,,8.6718063354492188,
430,14.685432434082031,23.272212982177734,9.139373779296875,23.305084228515625
430.10000000000002,14.695648193359375,,9.1470413208007812,
430.19999999999999,14.133552551269531,,8.5466156005859375,
430.30000000000001,13.413040161132812,,7.7469024658203125,
430.39999999999998,12.741073608398438,,7.0289459228515625,
430.5,12.097213745117188,,6.4182968139648438,
430.60000000000002,11.647537231445312,,6.02227783203125,
430.69999999999999,11.358818054199219,,5.8204269409179688,
430.80000000000001,11.131423950195312,,5.6747970581054688,
430.89999999999998,11.016448974609375,,5.4857254028320312,
431,10.909141540527344,,5.2097854614257812,
431.10000000000002,10.704742431640625,,4.9364013671875,
431.19999999999999,10.564216613769531,,4.8316421508789062,
431.30000000000001,10.508003234863281,,4.8112030029296875,
431.39999999999998,10.518226623535156,,4.8597488403320312,
431.5,10.753288269042969,,5.1178054809570312,
431.60000000000002,11.346046447753906,,5.5291595458984375,
431.69999999999999,12.293952941894531,,5.9788360595703125,
431.80000000000001,13.372161865234375,,6.4668426513671875,
431.89999999999998,14.159103393554688,,6.9522933959960938,
432,14.744194030761719,,7.4811782836914062,
432.10000000000002,15.347175598144531,,8.0739364624023438,
432.19999999999999,15.853065490722656,,8.6232681274414062,
432.30000000000001,16.10345458984375,,8.9835205078125,
432.39999999999998,15.791748046875,,8.845550537109375,
432.5,14.984367370605469,,8.219573974609375,
432.60000000000002,14.06201171875,,7.465850830078125,
432.69999999999999,13.177978515625,,6.7453384399414062,
432.80000000000001,12.27606201171875,,6.0554885864257812,
432.89999999999998,11.486572265625,,5.5317153930664062,
433,10.937248229980469,,5.2353363037109375,
433.10000000000002,10.541221618652344,,5.0437088012695312,
433.19999999999999,10.285720825195312,,4.9236221313476562,
433.30000000000001,10.111984252929688,,4.8648605346679688,
433.39999999999998,9.9842300415039062,,4.8418655395507812,
433.5,9.9407958984375,,4.8367538452148438,
433.60000000000002,9.9791183471679688,,4.7958755493164062,
433.69999999999999,10.004669189453125,,4.7217788696289062,
433.80000000000001,10.257614135742188,,4.8699722290039062,
433.89999999999998,10.911697387695312,,5.2685470581054688,
434,11.678192138671875,,5.7233428955078125,
434.10000000000002,12.419143676757812,,6.2087860107421875,
434.19999999999999,13.091110229492188,,6.71978759765625,
434.30000000000001,13.750297546386719,,7.2537841796875,
434.39999999999998,14.481033325195312,,7.74945068359375,
434.5,15.094230651855469,,8.0790481567382812,
434.60000000000002,15.454483032226562,,8.3089981079101562,
434.69999999999999,15.431488037109375,,8.3600997924804688,
434.80000000000001,14.935821533203125,,7.999847412109375,
434.89999999999998,14.2076416015625,,7.391754150390625,
435,13.367050170898438,,6.7555618286132812,
435.10000000000002,12.488128662109375,,6.2087860107421875,
435.19999999999999,11.749732971191406,,5.8025436401367188,
435.30000000000001,11.128868103027344,,5.4192962646484375,
435.39999999999998,10.62042236328125,,5.10247802734375,
435.5,10.313827514648438,,4.9491729736328125,
435.60000000000002,10.129867553710938,,4.88018798828125,
435.69999999999999,10.025108337402344,,4.8469772338867188,
435.80000000000001,9.95867919921875,,4.834197998046875,
435.89999999999998,9.9203567504882812,,4.8265380859375,
436,9.9407958984375,,4.798431396484375,
436.10000000000002,9.8871383666992188,,4.6911163330078125,
436.19999999999999,9.8002700805664062,,4.6119155883789062,
436.30000000000001,9.7951583862304688,,4.6272430419921875,
436.39999999999998,9.8641433715820312,,4.6936721801757812,
436.5,10.150306701660156,,4.890411376953125,
436.60000000000002,10.806938171386719,,5.1919021606445312,
436.69999999999999,11.759956359863281,,5.54193115234375,
436.80000000000001,12.636322021484375,,5.8689727783203125,
436.89999999999998,13.275070190429688,,6.2036819458007812,
437,13.865272521972656,,6.6712417602539062,
437.10000000000002,14.440147399902344,,7.1669158935546875,
437.19999999999999,14.933265686035156,,7.6063766479492188,
437.30000000000001,15.178543090820312,,7.8925323486328125,
437.39999999999998,14.943489074707031,,7.7903366088867188,
437.5,14.371162414550781,,7.2972183227539062,
437.60000000000002,13.576560974121094,,6.599700927734375,
437.69999999999999,12.697639465332031,,5.98394775390625,
437.80000000000001,11.972023010253906,,5.6058120727539062,
437.89999999999998,11.389480590820312,,5.3451995849609375,
438,10.955131530761719,,5.1689071655273438,
438.10000000000002,10.628089904785156,,5.0513763427734375,
438.19999999999999,10.421134948730469,,4.9696121215820312,
438.30000000000001,10.288276672363281,,4.8674163818359375,
438.39999999999998,10.109428405761719,,4.7268905639648438,
438.5,9.9612350463867188,,4.6706771850585938,
438.60000000000002,9.9024734497070312,,4.6732330322265625,
438.69999999999999,9.876922607421875,,4.6936721801757812,
438.80000000000001,9.8718109130859375,,4.7396621704101562,
438.89999999999998,9.8718109130859375,,4.7779922485351562,
439,9.9612350463867188,,4.8290863037109375,
439.10000000000002,10.140083312988281,,4.8750762939453125,
439.19999999999999,10.487564086914062,,5.0232696533203125,
439.30000000000001,11.064994812011719,,5.3451995849609375,
439.39999999999998,11.68841552734375,,5.7207870483398438,
439.5,12.263290405273438,,6.1117019653320312,
439.60000000000002,12.766624450683594,,6.5102767944335938,
439.69999999999999,13.211196899414062,,6.8833084106445312,
439.80000000000001,13.668540954589844,,7.2307891845703125,
439.89999999999998,14.008354187011719,,7.4607391357421875,
440,14.138656616210938,24.016010284423828,7.5680465698242188,23.895727157592773
440.10000000000002,13.967475891113281,,7.45562744140625,
440.19999999999999,13.487136840820312,,7.0263900756835938,
440.30000000000001,12.909706115722656,,6.489837646484375,
440.39999999999998,12.273513793945312,,6.0324935913085938,
440.5,11.665420532226562,,5.69012451171875,
440.60000000000002,11.241287231445312,,5.4141845703125,
440.69999999999999,10.886146545410156,,5.1178054809570312,
440.80000000000001,10.574432373046875,,4.9031829833984375,
440.89999999999998,10.416023254394531,,4.8367538452148438,
441,10.318939208984375,,4.8112030029296875,
441.10000000000002,10.25250244140625,,4.8009872436523438,
441.19999999999999,10.196296691894531,,4.7958755493164062,
441.30000000000001,10.150306701660156,,4.8009872436523438,
441.39999999999998,10.168190002441406,,4.8214263916015625,
441.5,10.122200012207031,,4.7677688598632812,
441.60000000000002,9.9918975830078125,,4.668121337890625,
441.69999999999999,9.930572509765625,,4.6732330322265625,
441.80000000000001,9.912689208984375,,4.7294464111328125,
441.89999999999998,9.9356842041015625,,4.7728805541992188,
442,10.014892578125,,4.8188705444335938,
442.10000000000002,10.229507446289062,,4.9236221313476562,
442.19999999999999,10.760948181152344,,5.1510162353515625,
442.30000000000001,11.46868896484375,,5.3656387329101562,
442.39999999999998,12.076774597167969,,5.5853729248046875,
442.5,12.636322021484375,,5.9507369995117188,
442.60000000000002,13.16009521484375,,6.3493118286132812,
442.69999999999999,13.642990112304688,,6.7325668334960938,
442.80000000000001,14.100334167480469,,7.1132583618164062,
442.89999999999998,14.422264099121094,,7.4224166870117188,
443,14.450370788574219,,7.4990615844726562,
443.10000000000002,14.143768310546875,,7.1771316528320312,
443.19999999999999,13.581672668457031,,6.6124801635742188,
443.30000000000001,12.958251953125,,6.1117019653320312,
443.39999999999998,12.421699523925781,,5.7514419555664062,
443.5,11.915809631347656,,5.478057861328125,
443.60000000000002,11.512123107910156,,5.2889862060546875,
443.69999999999999,11.205520629882812,,5.1714630126953125,
443.80000000000001,10.965347290039062,,5.0973663330078125,
443.89999999999998,10.832489013671875,,5.000274658203125,
444,10.648529052734375,,4.84442138671875,
444.10000000000002,10.459457397460938,,4.742218017578125,
444.19999999999999,10.36492919921875,,4.724334716796875,
444.30000000000001,10.298492431640625,,4.7294464111328125,
444.39999999999998,10.270393371582031,,4.7575531005859375,
444.5,10.226959228515625,,4.7728805541992188,
444.60000000000002,10.232063293457031,,4.8035430908203125,
444.69999999999999,10.375144958496094,,4.852081298828125,
444.80000000000001,10.592323303222656,,4.9134063720703125,
