Datensatz 1:Zeit(s),Datensatz 1:Kraft(N),Datensatz 1:Force 2(N),Datensatz 1:Atmungsrate(bpm),Datensatz 1:Respiration Rate 2(bpm)
0,10.21673583984375,8.04583740234375,15.861027717590332,0
0.10000000000000001,11.241287231445312,8.7331314086914062,,
0.20000000000000001,12.49835205078125,9.6120529174804688,,
0.29999999999999999,12.917373657226562,10.033622741699219,,
0.40000000000000002,13.303176879882812,10.444976806640625,,
0.5,13.568893432617188,10.649375915527344,,
0.59999999999999998,13.635322570800781,10.672370910644531,,
0.69999999999999996,13.413040161132812,10.508857727050781,,
0.80000000000000004,12.853492736816406,10.020851135253906,,
0.90000000000000002,12.153427124023438,9.38720703125,,
1,11.484016418457031,8.8583221435546875,,
1.1000000000000001,10.929580688476562,8.4623031616210938,,
1.2,10.502899169921875,8.145477294921875,,
1.3,10.260169982910156,7.9231948852539062,,
1.3999999999999999,10.104316711425781,7.6881332397460938,,
1.5,9.9280242919921875,7.4735107421875,,
1.6000000000000001,9.838592529296875,7.4351882934570312,,
1.7,9.9535675048828125,7.5706024169921875,,
1.8,10.372589111328125,7.9053115844726562,,
1.8999999999999999,11.162086486816406,8.4265289306640625,,
2,12.161087036132812,9.1266021728515625,,
2.1000000000000001,13.177978515625,9.967193603515625,,
2.2000000000000002,14.128440856933594,10.795013427734375,,
2.2999999999999998,14.841285705566406,11.505302429199219,,
2.3999999999999999,15.418716430664062,12.225814819335938,,
2.5,15.901611328125,12.902885437011719,,
2.6000000000000001,15.860733032226562,13.028083801269531,,
2.7000000000000002,15.229644775390625,12.42254638671875,,
2.7999999999999998,14.309844970703125,11.464424133300781,,
2.8999999999999999,13.326171875,10.465415954589844,,
3,12.488128662109375,9.5430679321289062,,
3.1000000000000001,11.76251220703125,8.74334716796875,,
3.2000000000000002,11.019004821777344,8.1863632202148438,,
3.2999999999999998,10.439018249511719,7.9461898803710938,,
3.3999999999999999,10.086433410644531,7.82354736328125,,
3.5,9.8641433715820312,7.7187957763671875,,
3.6000000000000001,9.7261734008789062,7.6600265502929688,,
3.7000000000000002,9.6239776611328125,7.6344757080078125,,
3.7999999999999998,9.5856475830078125,7.631927490234375,,
3.8999999999999999,9.6111984252929688,7.6012649536132812,,
4,9.5652084350585938,7.4786224365234375,,
4.0999999999999996,9.4783401489257812,7.409637451171875,,
4.2000000000000002,9.4425735473632812,7.437744140625,,
4.2999999999999998,9.4195785522460938,7.4607391357421875,,
4.4000000000000004,9.470672607421875,7.5067291259765625,,
4.5,9.7057342529296875,7.6932449340820312,,
4.5999999999999996,10.219291687011719,8.0688323974609375,,
4.7000000000000002,10.965347290039062,8.5670547485351562,,
4.7999999999999998,11.6705322265625,8.9962921142578125,,
4.9000000000000004,12.199417114257812,9.3846511840820312,,
5,12.692527770996094,9.9058761596679688,,
5.0999999999999996,13.177978515625,10.409210205078125,,
5.2000000000000002,13.617439270019531,10.818008422851562,,
5.2999999999999998,13.977691650390625,11.175712585449219,,
5.4000000000000004,14.067123413085938,11.339225769042969,,
5.5,13.722198486328125,11.0811767578125,,
5.5999999999999996,13.147323608398438,10.4552001953125,,
5.7000000000000002,12.437026977539062,9.6708145141601562,,
5.7999999999999998,11.703742980957031,8.9579696655273438,,
5.9000000000000004,11.162086486816406,8.513397216796875,,
6,10.745620727539062,8.2246856689453125,,
6.0999999999999996,10.433914184570312,8.0202865600585938,,
6.2000000000000002,10.211624145507812,7.9027557373046875,,
6.2999999999999998,10.009780883789062,7.8414306640625,,
6.4000000000000004,9.8641433715820312,7.8005523681640625,,
6.5,9.8053817749023438,7.7213516235351562,,
6.5999999999999996,9.7491683959960938,7.5348358154296875,,
6.7000000000000002,9.5882034301757812,7.4505157470703125,,
6.7999999999999998,9.4221267700195312,7.82354736328125,,
6.9000000000000004,9.5779876708984375,8.3703231811523438,,
7,9.7900543212890625,8.5542831420898438,,
7.0999999999999996,9.8692550659179688,8.5287322998046875,,
7.2000000000000002,10.449241638183594,8.955413818359375,,
7.2999999999999998,11.392036437988281,9.801116943359375,,
7.4000000000000004,12.214744567871094,11.02496337890625,,
7.5,12.615882873535156,12.391891479492188,,
7.5999999999999996,12.802398681640625,13.531417846679688,,
7.7000000000000002,13.310836791992188,14.66839599609375,,
7.7999999999999998,14.243415832519531,15.516654968261719,,
7.9000000000000004,15.234756469726562,15.892238616943359,,
8,15.472373962402344,15.552421569824219,,
8.0999999999999996,14.864280700683594,13.804801940917969,,
8.1999999999999993,13.709419250488281,11.441429138183594,,
8.3000000000000007,12.7359619140625,9.5737228393554688,,
8.4000000000000004,12.419143676757812,8.2706756591796875,,
8.5,12.028228759765625,7.4402999877929688,,
8.5999999999999996,11.609207153320312,6.967620849609375,,
8.6999999999999993,11.478904724121094,6.7146759033203125,,
8.8000000000000007,11.220848083496094,6.5945968627929688,,
8.9000000000000004,10.993453979492188,6.581817626953125,,
9,10.98834228515625,6.5230560302734375,,
9.0999999999999996,10.870819091796875,6.2828826904296875,,
9.1999999999999993,10.622978210449219,5.9992828369140625,,
9.3000000000000007,10.462013244628906,5.8587570190429688,,
9.4000000000000004,10.40069580078125,5.8050994873046875,,
9.5,10.520782470703125,6.1193618774414062,,
9.5999999999999996,11.021560668945312,6.8935317993164062,,
9.6999999999999993,12.043563842773438,7.9589614868164062,,
9.8000000000000007,13.259742736816406,9.1240463256835938,,
9.9000000000000004,14.036460876464844,10.135826110839844,,
10,14.498916625976562,11.0811767578125,21.060842514038086,19.004524230957031
10.1,15.009918212890625,12.069961547851562,,
10.199999999999999,15.510696411132812,12.97442626953125,,
10.300000000000001,15.873504638671875,13.595291137695312,,
10.4,15.804519653320312,13.503311157226562,,
10.5,15.370170593261719,12.701042175292969,,
10.6,14.795295715332031,11.543632507324219,,
10.699999999999999,14.0977783203125,10.294235229492188,,
10.800000000000001,13.533126831054688,9.3207778930664062,,
10.9,13.149871826171875,8.6232681274414062,,
11,12.81005859375,8.1020431518554688,,
11.1,12.483016967773438,7.78778076171875,,
11.199999999999999,12.250518798828125,7.67791748046875,,
11.300000000000001,12.201972961425781,7.67791748046875,,
11.4,12.145759582519531,7.5143966674804688,,
11.5,11.949028015136719,7.2691116333007812,,
11.6,11.74462890625,7.1694717407226562,,
11.699999999999999,11.568328857421875,7.0315017700195312,,
11.800000000000001,11.369041442871094,6.7785568237304688,,
11.9,11.080322265625,6.5128326416015625,,
12,10.814605712890625,6.35186767578125,,
12.1,10.679191589355469,6.305877685546875,,
12.199999999999999,10.592323303222656,6.1934585571289062,,
12.300000000000001,10.426246643066406,5.9635086059570312,,
12.4,10.224403381347656,5.7616653442382812,,
12.5,10.104316711425781,5.6288070678710938,,
12.6,10.020004272460938,5.54193115234375,,
12.699999999999999,10.030220031738281,5.5598220825195312,,
12.800000000000001,10.173301696777344,5.7897720336914062,,
12.9,10.625534057617188,6.35186767578125,,
13,11.50445556640625,7.1669158935546875,,
13.1,12.523902893066406,8.0764923095703125,,
13.199999999999999,13.292953491210938,8.909423828125,,
13.300000000000001,13.837173461914062,9.7142486572265625,,
13.4,14.3916015625,10.644271850585938,,
13.5,14.917938232421875,11.477195739746094,,
13.6,15.354843139648438,12.057182312011719,,
13.699999999999999,15.564353942871094,12.292243957519531,,
13.800000000000001,15.252639770507812,11.906440734863281,,
13.9,14.544906616210938,11.073509216308594,,
14,13.7681884765625,10.166481018066406,,
14.1,13.073226928710938,9.18536376953125,,
14.199999999999999,12.3680419921875,8.1250381469726562,,
14.300000000000001,11.675643920898438,7.28955078125,,
14.4,11.187637329101562,6.8373184204101562,,
14.5,10.835044860839844,6.5664901733398438,,
14.6,10.564216613769531,6.39019775390625,,
14.699999999999999,10.334266662597656,6.2752227783203125,,
14.800000000000001,10.168190002441406,6.1704635620117188,,
14.9,10.083877563476562,6.0989227294921875,,
15,10.045547485351562,6.0631561279296875,,
15.1,10.129867553710938,6.104034423828125,,
15.199999999999999,10.339378356933594,6.333984375,,
15.300000000000001,10.817161560058594,6.8603134155273438,,
15.4,11.619430541992188,7.667694091796875,,
15.5,12.493240356445312,8.551727294921875,,
15.6,13.318504333496094,9.415313720703125,,
15.699999999999999,14.021133422851562,10.284011840820312,,
15.800000000000001,14.588340759277344,11.150161743164062,,
15.9,15.068679809570312,11.954986572265625,,
16,15.444267272949219,12.547744750976562,,
16.100000000000001,15.451927185058594,12.499198913574219,,
16.199999999999999,14.787628173828125,11.702041625976562,,
16.300000000000001,13.816726684570312,10.769462585449219,,
16.399999999999999,12.955696105957031,9.9518661499023438,,
16.5,12.227523803710938,9.0371780395507812,,
16.600000000000001,11.655197143554688,8.063720703125,,
16.699999999999999,11.1927490234375,7.2793350219726562,,
16.800000000000001,10.8248291015625,6.79388427734375,,
16.899999999999999,10.559104919433594,6.4975051879882812,,
17,10.377700805664062,6.2266769409179688,,
17.100000000000001,10.122200012207031,5.920074462890625,,
17.199999999999999,9.84881591796875,5.7028961181640625,,
17.300000000000001,9.7261734008789062,5.6134719848632812,,
17.399999999999999,9.6827392578125,5.5955886840820312,,
17.5,9.7491683959960938,5.7284469604492188,,
17.600000000000001,10.045547485351562,6.1193618774414062,,
17.699999999999999,10.725181579589844,6.7708892822265625,,
17.800000000000001,11.657752990722656,7.5782699584960938,,
17.899999999999999,12.523902893066406,8.3779830932617188,,
18,13.180534362792969,9.1470413208007812,,
18.100000000000001,13.801399230957031,10.018295288085938,,
18.199999999999999,14.409492492675781,10.869110107421875,,
18.300000000000001,14.90771484375,11.54107666015625,,
18.399999999999999,15.124893188476562,11.847671508789062,,
18.5,14.754417419433594,11.54107666015625,,
18.600000000000001,14.026237487792969,10.792457580566406,,
18.699999999999999,13.277626037597656,9.8726577758789062,,
18.800000000000001,12.467689514160156,8.771453857421875,,
18.899999999999999,11.696083068847656,7.7622299194335938,,
19,11.128868103027344,7.097930908203125,,
19.100000000000001,10.707298278808594,6.7044601440429688,,
19.199999999999999,10.344482421875,6.4745101928710938,,
19.300000000000001,9.9995574951171875,6.2982177734375,,
19.399999999999999,9.7057342529296875,6.1525802612304688,,
19.5,9.5217742919921875,6.0324935913085938,,
19.600000000000001,9.4042434692382812,5.8332061767578125,,
19.699999999999999,9.2892684936523438,5.6671295166015625,,
19.800000000000001,9.279052734375,5.6850128173828125,,
19.899999999999999,9.388916015625,5.8715286254882812,,
20,9.7312850952148438,6.3672027587890625,21.770681381225586,19.607843399047852
20.100000000000001,10.51055908203125,7.1362533569335938,,
20.199999999999999,11.57855224609375,8.0407257080078125,,
20.300000000000001,12.679756164550781,9.047393798828125,,
20.399999999999999,13.635322570800781,9.9876327514648438,,
20.5,14.325172424316406,10.85888671875,,
20.600000000000001,14.879608154296875,11.737808227539062,,
20.699999999999999,15.372726440429688,12.471092224121094,,
20.800000000000001,15.615447998046875,12.79046630859375,,
20.899999999999999,15.242424011230469,12.412330627441406,,
21,14.386497497558594,11.561515808105469,,
21.100000000000001,13.517791748046875,10.646827697753906,,
21.199999999999999,12.730857849121094,9.6478195190429688,,
21.300000000000001,11.949028015136719,8.5261764526367188,,
21.399999999999999,11.248954772949219,7.5552749633789062,,
21.5,10.740509033203125,6.9241867065429688,,
21.600000000000001,10.321487426757812,6.5307159423828125,,
21.699999999999999,9.9893417358398438,6.27777099609375,,
21.800000000000001,9.7568359375,6.0631561279296875,,
21.899999999999999,9.608642578125,5.8894119262695312,,
22,9.5473251342773438,5.7846603393554688,,
22.100000000000001,9.5013351440429688,5.6518020629882812,,
22.199999999999999,9.4221267700195312,5.5393829345703125,,
22.300000000000001,9.5038909912109375,5.6696853637695312,,
22.399999999999999,9.9918975830078125,6.0912628173828125,,
22.5,10.927024841308594,6.6482467651367188,,
22.600000000000001,11.94647216796875,7.3508758544921875,,
22.699999999999999,12.784507751464844,8.237457275390625,,
22.800000000000001,13.535682678222656,9.1981430053710938,,
22.899999999999999,14.238304138183594,10.092391967773438,,
23,14.721199035644531,10.815452575683594,,
23.100000000000001,15.089118957519531,11.569175720214844,,
23.199999999999999,15.472373962402344,12.271804809570312,,
23.300000000000001,15.421272277832031,12.391891479492188,,
23.399999999999999,14.787628173828125,11.806793212890625,,
23.5,13.8780517578125,10.884437561035156,,
23.600000000000001,12.953140258789062,9.8598861694335938,,
23.699999999999999,12.18408203125,8.7918930053710938,,
23.800000000000001,11.489128112792969,7.741790771484375,,
23.899999999999999,10.806938171386719,6.921630859375,,
24,10.262725830078125,6.4566268920898438,,
24.100000000000001,9.8820343017578125,6.1525802612304688,,
24.199999999999999,9.618865966796875,5.9277420043945312,,
24.300000000000001,9.417022705078125,5.7693328857421875,,
24.399999999999999,9.2637176513671875,5.662017822265625,,
24.5,9.2126235961914062,5.5955886840820312,,
24.600000000000001,9.3480377197265625,5.65435791015625,,
24.699999999999999,9.7261734008789062,6.0043869018554688,,
24.800000000000001,10.520782470703125,6.64569091796875,,
24.899999999999999,11.593879699707031,7.4530715942382812,,
25,12.559669494628906,8.3473281860351562,,
25.100000000000001,13.354278564453125,9.2466812133789062,,
25.199999999999999,14.028793334960938,10.107719421386719,,
25.300000000000001,14.672653198242188,10.925315856933594,,
25.399999999999999,15.347175598144531,11.643272399902344,,
25.5,15.850509643554688,12.11083984375,,
25.600000000000001,15.896499633789062,12.192596435546875,,
25.699999999999999,15.390609741210938,11.796577453613281,,
25.800000000000001,14.506576538085938,10.963645935058594,,
25.899999999999999,13.533126831054688,9.931427001953125,,
26,12.633766174316406,8.8429946899414062,,
26.100000000000001,11.920921325683594,7.8031082153320312,,
26.199999999999999,11.351158142089844,6.988067626953125,,
26.300000000000001,10.881034851074219,6.4285202026367188,,
26.399999999999999,10.43646240234375,5.98394775390625,,
26.5,10.0506591796875,5.6747970581054688,,
26.600000000000001,9.8283767700195312,5.5470428466796875,,
26.699999999999999,9.6878509521484375,5.4933929443359375,,
26.800000000000001,9.5882034301757812,5.4729461669921875,,
26.899999999999999,9.5345535278320312,5.47039794921875,,
27,9.509002685546875,5.516387939453125,,
27.100000000000001,9.5192184448242188,5.587921142578125,,
27.199999999999999,9.562652587890625,5.58026123046875,,
27.300000000000001,9.66485595703125,5.6466903686523438,,
27.399999999999999,10.078765869140625,6.0810394287109375,,
27.5,10.919357299804688,6.7555618286132812,,
27.600000000000001,11.844268798828125,7.4990615844726562,,
27.699999999999999,12.636322021484375,8.3192214965820312,,
27.800000000000001,13.338943481445312,9.18536376953125,,
27.899999999999999,13.980247497558594,10.038734436035156,,
28,14.621551513671875,10.820564270019531,,
28.100000000000001,15.132553100585938,11.431205749511719,,
28.199999999999999,15.454483032226562,11.898773193359375,,
28.300000000000001,15.492813110351562,12.069961547851562,,
28.399999999999999,14.997138977050781,11.615165710449219,,
28.5,14.199981689453125,10.7490234375,,
28.600000000000001,13.321060180664062,9.7985610961914062,,
28.699999999999999,12.467689514160156,8.8481063842773438,,
28.800000000000001,11.790618896484375,7.9768524169921875,,
28.899999999999999,11.2642822265625,7.2001266479492188,,
29,10.745620727539062,6.5486068725585938,,
29.100000000000001,10.295944213867188,6.160247802734375,,
29.199999999999999,9.99700927734375,5.9609527587890625,,
29.300000000000001,9.7977142333984375,5.828094482421875,,
29.399999999999999,9.6674118041992188,5.7310028076171875,,
29.5,9.5396575927734375,5.6466903686523438,,
29.600000000000001,9.4553451538085938,5.6032562255859375,,
29.699999999999999,9.4757843017578125,5.587921142578125,,
29.800000000000001,9.5830917358398438,5.6492462158203125,,
29.899999999999999,9.9459075927734375,6.0989227294921875,,
30,10.717514038085938,6.9599609375,23.843931198120117,23.328147888183594
30.100000000000001,11.874931335449219,8.145477294921875,,
30.199999999999999,13.1038818359375,9.6938095092773438,,
30.300000000000001,13.995582580566406,11.288131713867188,,
30.399999999999999,14.578117370605469,12.726593017578125,,
30.5,15.204093933105469,14.016868591308594,,
30.600000000000001,15.778968811035156,14.801254272460938,,
30.699999999999999,15.740646362304688,14.640289306640625,,
30.800000000000001,15.068679809570312,13.694938659667969,,
30.899999999999999,14.187202453613281,12.27691650390625,,
31,13.326171875,10.641716003417969,,
31.100000000000001,12.506011962890625,9.1189346313476562,,
31.199999999999999,11.8544921875,7.9564056396484375,,
31.300000000000001,11.463577270507812,7.2052383422851562,,
31.399999999999999,11.131423950195312,6.6635818481445312,,
31.5,10.7864990234375,6.2956619262695312,,
31.600000000000001,10.62042236328125,6.2036819458007812,,
31.699999999999999,10.671524047851562,6.581817626953125,,
31.800000000000001,11.108428955078125,7.5603866577148438,,
31.899999999999999,12.015457153320312,8.8711013793945312,,
32,13.075782775878906,10.350440979003906,,
32.100000000000001,14.090118408203125,12.131278991699219,,
32.200000000000003,14.928153991699219,14.062858581542969,,
32.299999999999997,15.47747802734375,15.565200805664062,,
32.399999999999999,15.526023864746094,15.968887329101562,,
32.5,14.989479064941406,15.266265869140625,,
32.600000000000001,14.458038330078125,14.660728454589844,,
32.700000000000003,14.248527526855469,14.568748474121094,,
32.799999999999997,14.087562561035156,14.379676818847656,,
32.899999999999999,13.93170166015625,13.991317749023438,,
33,13.699203491210938,13.278472900390625,,
33.100000000000001,13.257186889648438,12.317794799804688,,
33.200000000000003,12.830497741699219,11.431205749511719,,
33.299999999999997,12.580108642578125,10.516517639160156,,
33.399999999999999,12.337387084960938,9.6043853759765625,,
33.5,12.0001220703125,8.9324188232421875,,
33.600000000000001,11.601547241210938,8.4725189208984375,,
33.700000000000003,11.261734008789062,8.0867156982421875,,
33.799999999999997,11.031784057617188,7.5961532592773438,,
33.899999999999999,10.707298278808594,6.949737548828125,,
34,10.336822509765625,6.4489593505859375,,
34.100000000000001,10.109428405761719,6.178131103515625,,
34.200000000000003,9.968902587890625,5.994171142578125,,
34.299999999999997,9.8539276123046875,5.9047470092773438,,
34.399999999999999,9.784942626953125,5.8766403198242188,,
34.5,9.8232650756835938,5.9916152954101562,,
34.600000000000001,10.101760864257812,6.4872817993164062,,
34.700000000000003,10.740509033203125,7.299774169921875,,
34.799999999999997,11.634757995605469,8.3166656494140625,,
34.899999999999999,12.580108642578125,9.535400390625,,
35,13.410484313964844,10.863998413085938,,
35.100000000000001,14.151435852050781,12.213035583496094,,
35.200000000000003,14.900047302246094,13.360237121582031,,
35.299999999999997,15.467262268066406,14.22637939453125,,
35.399999999999999,15.768753051757812,14.768035888671875,,
35.5,15.584793090820312,14.509986877441406,,
35.600000000000001,14.657325744628906,13.390892028808594,,
35.700000000000003,13.540786743164062,12.174713134765625,,
35.799999999999997,12.710418701171875,11.0811767578125,,
35.899999999999999,12.043563842773438,9.8343353271484375,,
36,11.473793029785156,8.6564788818359375,,
36.100000000000001,11.001121520996094,7.8414306640625,,
36.200000000000003,10.702186584472656,7.2486724853515625,,
36.299999999999997,10.717514038085938,6.9625167846679688,,
36.399999999999999,10.886146545410156,7.1566925048828125,,
36.5,10.955131530761719,7.6012649536132812,,
36.600000000000001,10.791610717773438,7.9972915649414062,,
36.700000000000003,10.477348327636719,8.6411514282226562,,
36.799999999999997,10.65875244140625,9.341217041015625,,
36.899999999999999,10.845268249511719,9.2390213012695312,,
37,10.403251647949219,8.5670547485351562,,
37.100000000000001,10.329154968261719,8.2272415161132812,,
37.200000000000003,10.714958190917969,8.689697265625,,
37.299999999999997,11.167198181152344,9.3437728881835938,,
37.399999999999999,11.752288818359375,10.294235229492188,,
37.5,12.753852844238281,11.970314025878906,,
37.600000000000001,14.056900024414062,13.602958679199219,,
37.700000000000003,14.590896606445312,14.739936828613281,,
37.799999999999997,14.506576538085938,15.227935791015625,,
37.899999999999999,14.539794921875,14.663284301757812,,
38,14.235748291015625,13.296356201171875,,
38.100000000000001,13.635322570800781,12.067405700683594,,
38.200000000000003,13.262298583984375,10.963645935058594,,
38.299999999999997,12.850936889648438,9.8624420166015625,,
38.399999999999999,12.069107055664062,9.0320663452148438,,
38.5,11.28472900390625,8.7867813110351562,,
38.600000000000001,10.983238220214844,8.9579696655273438,,
38.700000000000003,10.993453979492188,9.0959396362304688,,
38.799999999999997,10.990898132324219,9.2006912231445312,,
38.899999999999999,10.962799072265625,9.2262420654296875,,
39,10.960243225097656,9.27734375,,
39.100000000000001,11.029228210449219,9.3616561889648438,,
39.200000000000003,11.162086486816406,9.3386611938476562,,
39.299999999999997,11.080322265625,9.0882720947265625,,
39.399999999999999,10.727737426757812,8.6462631225585938,,
39.5,10.352149963378906,8.183807373046875,,
39.600000000000001,10.030220031738281,7.8107757568359375,,
39.700000000000003,9.7721633911132812,7.5118408203125,,
39.799999999999997,9.6111984252929688,7.2844467163085938,,
39.899999999999999,9.6035385131835938,7.0315017700195312,,
40,9.600982666015625,6.6354751586914062,24.122806549072266,24.03495979309082
40.100000000000001,9.4221267700195312,6.3416519165039062,,
40.200000000000003,9.1742935180664062,6.2471160888671875,,
40.299999999999997,8.9852218627929688,6.2190093994140625,,
40.399999999999999,8.92901611328125,6.22412109375,,
40.5,9.0005569458007812,6.333984375,,
40.600000000000001,9.2305068969726562,6.6252517700195312,,
40.700000000000003,9.6035385131835938,7.1132583618164062,,
40.799999999999997,10.071098327636719,7.7724456787109375,,
40.899999999999999,10.612762451171875,8.4878463745117188,,
41,11.159530639648438,9.2160263061523438,,
41.100000000000001,11.683303833007812,9.985076904296875,,
41.200000000000003,12.186637878417969,10.759246826171875,,
41.299999999999997,12.68231201171875,11.418434143066406,,
41.399999999999999,12.988906860351562,11.832344055175781,,
41.5,13.001686096191406,11.985641479492188,,
41.600000000000001,12.720634460449219,11.727592468261719,,
41.700000000000003,12.212188720703125,11.09906005859375,,
41.799999999999997,11.637313842773438,10.396430969238281,,
41.899999999999999,10.996009826660156,9.747467041015625,,
42,10.416023254394531,9.213470458984375,,
42.100000000000001,9.9714584350585938,8.8659896850585938,,
42.200000000000003,9.6444168090820312,8.6871414184570312,,
42.299999999999997,9.4042434692382812,8.6590347290039062,,
42.399999999999999,9.2100677490234375,8.789337158203125,,
42.5,9.1359710693359375,8.9119796752929688,,
42.600000000000001,9.1359710693359375,8.799560546875,,
42.700000000000003,9.1053085327148438,8.41375732421875,,
42.799999999999997,8.975006103515625,7.9768524169921875,,
42.899999999999999,8.8753585815429688,7.8414306640625,,
43,9.1385269165039062,8.2783432006835938,,
43.100000000000001,9.5600967407226562,9.0448379516601562,,
43.200000000000003,9.930572509765625,9.857330322265625,,
43.299999999999997,9.8743667602539062,11.214035034179688,,
43.399999999999999,9.8692550659179688,12.989761352539062,,
43.5,11.013893127441406,14.957107543945312,,
43.600000000000001,13.070671081542969,17.949012756347656,,
43.700000000000003,15.124893188476562,20.682865142822266,,
43.799999999999997,14.984367370605469,21.326725006103516,,
43.899999999999999,14.087562561035156,20.378818511962891,,
44,14.072227478027344,18.580097198486328,,
44.100000000000001,13.551010131835938,16.456893920898438,,
44.200000000000003,12.544342041015625,14.167617797851562,,
44.299999999999997,11.767623901367188,12.059738159179688,,
44.399999999999999,11.340934753417969,10.680038452148438,,
44.5,11.013893127441406,10.066841125488281,,
44.600000000000001,10.95257568359375,9.747467041015625,,
44.700000000000003,10.847824096679688,9.3565521240234375,,
44.799999999999997,10.656196594238281,9.0678329467773438,,
44.899999999999999,10.479904174804688,8.881317138671875,,
45,10.4185791015625,8.9043121337890625,,
45.100000000000001,10.451797485351562,9.029510498046875,,
45.200000000000003,10.467124938964844,9.0729446411132812,,
45.299999999999997,10.497787475585938,9.2466812133789062,,
45.399999999999999,10.8248291015625,9.88543701171875,,
45.5,11.606658935546875,11.111831665039062,,
45.600000000000001,12.620986938476562,12.693382263183594,,
45.700000000000003,13.740081787109375,14.476768493652344,,
45.799999999999997,14.846397399902344,16.35980224609375,,
45.899999999999999,15.671661376953125,17.708843231201172,,
46,15.888832092285156,18.155967712402344,,
46.100000000000001,15.431488037109375,17.854480743408203,,
46.200000000000003,14.578117370605469,16.911685943603516,,
46.299999999999997,13.540786743164062,15.631629943847656,,
46.399999999999999,12.454917907714844,14.658172607421875,,
46.5,11.517227172851562,14.369461059570312,,
46.600000000000001,10.837600708007812,14.139511108398438,,
46.700000000000003,10.311271667480469,13.260589599609375,,
46.799999999999997,9.894805908203125,12.205375671386719,,
46.899999999999999,9.7082901000976562,11.380111694335938,,
47,9.5754318237304688,10.317230224609375,,
47.100000000000001,9.2253952026367188,9.2390213012695312,,
47.200000000000003,9.11297607421875,8.799560546875,,
47.299999999999997,9.1742935180664062,8.74334716796875,,
47.399999999999999,9.2483901977539062,8.9145355224609375,,
47.5,9.5371017456054688,9.5277328491210938,,
47.600000000000001,10.063438415527344,10.444976806640625,,
47.700000000000003,10.735397338867188,11.571731567382812,,
47.799999999999997,11.404808044433594,12.785362243652344,,
47.899999999999999,12.654205322265625,14.387344360351562,,
48,14.031349182128906,16.127300262451172,,
48.100000000000001,13.770736694335938,17.246387481689453,,
48.200000000000003,14.276626586914062,18.454902648925781,,
48.299999999999997,15.173439025878906,18.914802551269531,,
48.399999999999999,14.11566162109375,17.966899871826172,,
48.5,13.479469299316406,16.658737182617188,,
48.600000000000001,13.157539367675781,15.087417602539062,,
48.700000000000003,12.879043579101562,13.5467529296875,,
48.799999999999997,12.283729553222656,12.649940490722656,,
48.899999999999999,11.716522216796875,11.845115661621094,,
49,11.609207153320312,10.705589294433594,,
49.100000000000001,11.215744018554688,9.5737228393554688,,
49.200000000000003,10.472236633300781,8.6232681274414062,,
49.299999999999997,9.8896942138671875,8.071380615234375,,
49.399999999999999,10.170745849609375,7.9206390380859375,,
49.5,9.9075775146484375,7.7443466186523438,,
49.600000000000001,9.710845947265625,7.5782699584960938,,
49.700000000000003,10.101760864257812,7.907867431640625,,
49.799999999999997,9.876922607421875,8.431640625,,
49.899999999999999,9.8334884643554688,9.0780563354492188,,
50,10.47479248046875,10.158821105957031,24,20.408163070678711
50.100000000000001,11.583663940429688,11.630500793457031,,
50.200000000000003,12.421699523925781,13.076629638671875,,
50.299999999999997,12.495796203613281,14.844688415527344,,
50.399999999999999,13.367050170898438,17.136524200439453,,
50.5,13.990470886230469,19.190742492675781,,
50.600000000000001,13.665985107421875,20.146312713623047,,
50.700000000000003,13.579116821289062,19.92913818359375,,
50.799999999999997,13.287841796875,18.988899230957031,,
50.899999999999999,12.738517761230469,17.481449127197266,,
51,12.564781188964844,16.288265228271484,,
51.100000000000001,12.689971923828125,16.022544860839844,,
51.200000000000003,12.227523803710938,15.935672760009766,,
51.299999999999997,11.425247192382812,15.184501647949219,,
51.399999999999999,10.967903137207031,14.257041931152344,,
51.5,11.036888122558594,13.960662841796875,,
51.600000000000001,10.924468994140625,13.480316162109375,,
51.700000000000003,10.193740844726562,12.519638061523438,,
51.799999999999997,10.091537475585938,12.468536376953125,,
51.899999999999999,10.500343322753906,13.975990295410156,,
52,11.133979797363281,16.52587890625,,
52.100000000000001,13.257186889648438,19.883148193359375,,
52.200000000000003,15.321624755859375,23.874057769775391,,
52.299999999999997,15.663993835449219,27.433174133300781,,
52.399999999999999,15.582237243652344,29.919189453125,,
52.5,14.749305725097656,30.425079345703125,,
52.600000000000001,12.973579406738281,29.280437469482422,,
52.700000000000003,11.8902587890625,28.189453125,,
52.799999999999997,11.489128112792969,27.353969573974609,,
52.899999999999999,10.840156555175781,26.022811889648438,,
53,9.8564834594726562,23.983924865722656,,
53.100000000000001,9.0593185424804688,21.886268615722656,,
53.200000000000003,8.5687637329101562,20.284282684326172,,
53.299999999999997,8.423126220703125,19.216293334960938,,
53.399999999999999,8.5789794921875,18.521335601806641,,
53.5,8.6888427734375,18.135528564453125,,
53.600000000000001,8.7884902954101562,17.698623657226562,,
53.700000000000003,8.8217086791992188,16.694507598876953,,
53.799999999999997,8.78082275390625,15.787483215332031,,
53.899999999999999,9.6239776611328125,16.050647735595703,,
54,11.0445556640625,16.824813842773438,,
54.100000000000001,12.470245361328125,18.120197296142578,,
54.200000000000003,13.543342590332031,20.005790710449219,,
54.299999999999997,14.225532531738281,21.914375305175781,,
54.399999999999999,14.894943237304688,23.562347412109375,,
54.5,15.211761474609375,24.129558563232422,,
54.600000000000001,14.90771484375,22.655323028564453,,
54.700000000000003,14.0977783203125,19.612319946289062,,
54.799999999999997,14.077339172363281,17.225948333740234,,
54.899999999999999,14.123329162597656,15.649513244628906,,
55,13.126876831054688,14.065414428710938,,
55.100000000000001,12.199417114257812,12.885002136230469,,
55.200000000000003,11.767623901367188,12.172157287597656,,
55.299999999999997,11.6705322265625,12.044410705566406,,
55.399999999999999,11.703742980957031,12.527305603027344,,
55.5,11.754844665527344,13.109848022460938,,
55.600000000000001,11.749732971191406,13.687271118164062,,
55.700000000000003,11.254066467285156,13.973434448242188,,
55.799999999999997,10.275497436523438,13.723045349121094,,
55.899999999999999,9.51666259765625,14.315803527832031,,
56,9.8692550659179688,16.962783813476562,,
56.100000000000001,11.683303833007812,21.755962371826172,,
56.200000000000003,13.93170166015625,27.941619873046875,,
56.299999999999997,15.6077880859375,33.429759979248047,,
56.399999999999999,16.637451171875,36.459987640380859,,
56.5,17.863849639892578,37.121734619140625,,
56.600000000000001,16.898063659667969,35.588733673095703,,
56.700000000000003,13.890823364257812,31.434303283691406,,
56.799999999999997,13.029792785644531,27.445949554443359,,
56.899999999999999,12.988906860351562,25.192440032958984,,
57,12.965911865234375,24.129558563232422,,
57.100000000000001,13.584228515625,23.97625732421875,,
57.200000000000003,14.085006713867188,23.598117828369141,,
57.299999999999997,14.197425842285156,22.356388092041016,,
57.399999999999999,14.332839965820312,20.552558898925781,,
57.5,14.583229064941406,19.231624603271484,,
57.600000000000001,14.29962158203125,19.349155426025391,,
57.700000000000003,14.000686645507812,20.363487243652344,,
57.799999999999997,12.960807800292969,21.081443786621094,,
57.899999999999999,11.535118103027344,22.259300231933594,,
58,11.371597290039062,23.036018371582031,,
58.100000000000001,14.087562561035156,23.677322387695312,,
58.200000000000003,16.476486206054688,25.200103759765625,,
58.299999999999997,15.193878173828125,24.89605712890625,,
58.399999999999999,14.082450866699219,23.3323974609375,,
58.5,14.166763305664062,22.846950531005859,,
58.600000000000001,14.961372375488281,23.066677093505859,,
58.700000000000003,17.02325439453125,23.815292358398438,,
58.799999999999997,19.458171844482422,24.313518524169922,,
58.899999999999999,19.670234680175781,23.386054992675781,,
59,18.423397064208984,23.294075012207031,,
59.100000000000001,16.675773620605469,24.704433441162109,,
59.200000000000003,14.458038330078125,23.925159454345703,,
59.299999999999997,11.892814636230469,21.078887939453125,,
59.399999999999999,9.7312850952148438,18.528999328613281,,
59.5,12.332275390625,17.338367462158203,,
59.600000000000001,16.249092102050781,18.074207305908203,,
59.700000000000003,14.360946655273438,18.153415679931641,,
59.799999999999997,13.346611022949219,18.582653045654297,,
59.899999999999999,15.101898193359375,20.884708404541016,,
60,15.656333923339844,22.269519805908203,26.566757202148438,23.936168670654297
60.100000000000001,16.353843688964844,22.476474761962891,,
60.200000000000003,15.9757080078125,21.579669952392578,,
60.299999999999997,15.058464050292969,19.280170440673828,,
60.399999999999999,13.579116821289062,17.346035003662109,,
60.5,11.706298828125,16.285709381103516,,
60.600000000000001,13.088554382324219,15.77215576171875,,
60.700000000000003,14.243415832519531,14.77825927734375,,
60.799999999999997,12.53411865234375,12.432769775390625,,
60.899999999999999,11.859603881835938,10.797569274902344,,
61,11.644981384277344,10.271240234375,,
61.100000000000001,11.859603881835938,10.365776062011719,,
61.200000000000003,12.488128662109375,10.820564270019531,,
61.299999999999997,13.180534362792969,11.694374084472656,,
61.399999999999999,14.008354187011719,13.518646240234375,,
61.5,14.647102355957031,15.526870727539062,,
61.600000000000001,15.191322326660156,17.356254577636719,,
61.700000000000003,15.761085510253906,19.430915832519531,,
61.799999999999997,16.407501220703125,21.692089080810547,,
61.899999999999999,16.734542846679688,23.759082794189453,,
62,16.427940368652344,25.575687408447266,,
62.100000000000001,15.84539794921875,27.323307037353516,,
62.200000000000003,15.188766479492188,26.689670562744141,,
62.299999999999997,14.378829956054688,23.097339630126953,,
62.399999999999999,13.323616027832031,19.459018707275391,,
62.5,12.48046875,16.630634307861328,,
62.600000000000001,11.496788024902344,14.106292724609375,,
62.700000000000003,10.730293273925781,12.236030578613281,,
62.799999999999997,11.220848083496094,11.556404113769531,,
62.899999999999999,12.316947937011719,11.83489990234375,,
63,13.183090209960938,12.826240539550781,,
63.100000000000001,13.732414245605469,14.37457275390625,,
63.200000000000003,14.414596557617188,16.214168548583984,,
63.299999999999997,15.426383972167969,18.470233917236328,,
63.399999999999999,16.458602905273438,20.685417175292969,,
63.5,16.921058654785156,21.720191955566406,,
63.600000000000001,16.553138732910156,21.186199188232422,,
63.700000000000003,15.755973815917969,19.221405029296875,,
63.799999999999997,15.119781494140625,16.69195556640625,,
63.899999999999999,14.639442443847656,14.576416015625,,
64,14.286849975585938,13.263145446777344,,
64.099999999999994,14.118217468261719,12.545188903808594,,
64.200000000000003,13.78607177734375,11.960090637207031,,
64.299999999999997,13.433479309082031,11.569175720214844,,
64.400000000000006,13.285293579101562,11.377555847167969,,
64.5,13.223968505859375,11.293235778808594,,
64.599999999999994,13.006797790527344,11.050514221191406,,
64.700000000000003,12.758956909179688,10.723472595214844,,
64.799999999999997,12.707862854003906,10.692817687988281,,
64.900000000000006,12.789619445800781,11.027519226074219,,
65,13.333831787109375,12.090400695800781,,
65.099999999999994,14.491249084472656,13.779251098632812,,
65.200000000000003,15.75341796875,15.575416564941406,,
65.299999999999997,16.617012023925781,17.182514190673828,,
65.400000000000006,17.327301025390625,18.695072174072266,,
65.5,18.142345428466797,20.256179809570312,,
65.599999999999994,18.860301971435547,21.538787841796875,,
65.700000000000003,19.271656036376953,22.060009002685547,,
65.799999999999997,18.995716094970703,21.380378723144531,,
65.900000000000006,18.244544982910156,19.875484466552734,,
66,17.283866882324219,18.099758148193359,,
66.099999999999994,16.277198791503906,16.234607696533203,,
66.200000000000003,15.579681396484375,14.660728454589844,,
66.299999999999997,15.152992248535156,13.531417846679688,,
66.400000000000006,14.884719848632812,12.729148864746094,,
66.5,14.647102355957031,12.179824829101562,,
66.599999999999994,14.496360778808594,11.763359069824219,,
66.700000000000003,14.28173828125,11.185928344726562,,
66.799999999999997,13.957252502441406,10.577842712402344,,
66.900000000000006,13.688980102539062,10.317230224609375,,
67,13.499908447265625,10.284011840820312,,
67.099999999999994,13.392601013183594,10.312118530273438,,
67.200000000000003,13.321060180664062,10.358108520507812,,
67.299999999999997,13.26995849609375,10.360664367675781,,
67.400000000000006,13.198417663574219,10.140937805175781,,
67.5,13.001686096191406,9.7806777954101562,,
67.599999999999994,12.896926879882812,9.7116928100585938,,
67.700000000000003,13.206085205078125,10.138381958007812,,
67.799999999999997,13.967475891113281,10.925315856933594,,
67.900000000000006,14.958816528320312,11.94476318359375,,
68,15.893943786621094,13.163497924804688,,
68.099999999999994,16.752426147460938,14.37457275390625,,
68.200000000000003,17.327301025390625,15.388900756835938,,
68.299999999999997,17.815303802490234,16.436454772949219,,
68.400000000000006,18.502601623535156,17.563209533691406,,
68.5,19.115798950195312,18.513668060302734,,
68.599999999999994,19.376411437988281,18.912250518798828,,
68.700000000000003,18.965053558349609,18.314380645751953,,
68.799999999999997,18.254764556884766,16.975559234619141,,
68.900000000000006,17.426944732666016,15.204940795898438,,
69,16.739646911621094,13.707717895507812,,
69.099999999999994,16.129005432128906,12.744476318359375,,
69.200000000000003,15.275634765625,11.845115661621094,,
69.299999999999997,14.550018310546875,11.180816650390625,,
69.400000000000006,14.013465881347656,10.846115112304688,,
69.5,13.622550964355469,10.690261840820312,,
69.599999999999994,13.295509338378906,10.427093505859375,,
69.700000000000003,12.876487731933594,10.008071899414062,,
69.799999999999997,12.506011962890625,9.7397994995117188,,
69.900000000000006,12.383377075195312,9.673370361328125,,
70,12.35015869140625,9.6503753662109375,33.789218902587891,27.231466293334961
70.099999999999994,12.365493774414062,9.6886978149414062,,
70.200000000000003,12.414031982421875,9.765350341796875,,
70.299999999999997,12.695083618164062,10.020851135253906,,
70.400000000000006,13.346611022949219,10.467971801757812,,
70.5,14.2459716796875,11.203811645507812,,
70.599999999999994,15.324180603027344,12.524749755859375,,
70.700000000000003,16.371726989746094,14.0986328125,,
70.799999999999997,17.237876892089844,15.544761657714844,,
70.900000000000006,18.047809600830078,16.901462554931641,,
71,18.824531555175781,18.161079406738281,,
71.099999999999994,19.476055145263672,19.045108795166016,,
71.200000000000003,19.565479278564453,19.001674652099609,,
71.299999999999997,18.883296966552734,18.043548583984375,,
71.400000000000006,17.940498352050781,16.919349670410156,,
71.5,17.09735107421875,15.7900390625,,
71.599999999999994,16.369178771972656,14.527870178222656,,
71.700000000000003,15.579681396484375,13.316802978515625,,
71.799999999999997,14.7978515625,12.292243957519531,,
71.900000000000006,14.230636596679688,11.477195739746094,,
72,13.770736694335938,10.738807678222656,,
72.099999999999994,13.257186889648438,10.074501037597656,,
72.200000000000003,12.830497741699219,9.6963653564453125,,
72.299999999999997,12.618438720703125,9.5200729370117188,,
72.400000000000006,12.552001953125,9.4204254150390625,,
72.5,12.5162353515625,9.3539962768554688,,
72.599999999999994,12.449806213378906,9.2671279907226562,,
72.700000000000003,12.398704528808594,9.2185821533203125,,
72.799999999999997,12.587776184082031,9.4178695678710938,,
72.900000000000006,13.057891845703125,9.8368911743164062,,
73,13.765632629394531,10.531852722167969,,
73.099999999999994,14.66754150390625,11.722480773925781,,
73.200000000000003,15.462150573730469,13.168609619140625,,
73.299999999999997,15.876060485839844,14.724601745605469,,
73.400000000000006,16.152000427246094,16.387908935546875,,
73.5,16.846961975097656,18.196849822998047,,
73.599999999999994,17.871513366699219,20.067108154296875,,
73.700000000000003,18.666118621826172,21.405929565429688,,
73.799999999999997,18.638015747070312,21.234745025634766,,
73.900000000000006,17.715660095214844,19.842269897460938,,
74,16.652778625488281,18.613315582275391,,
74.099999999999994,16.06768798828125,17.785495758056641,,
74.200000000000003,15.658882141113281,16.6357421875,,
74.299999999999997,15.094230651855469,14.875350952148438,,
74.400000000000006,14.634330749511719,13.153282165527344,,
74.5,14.271522521972656,11.847671508789062,,
74.599999999999994,13.778404235839844,10.807792663574219,,
74.700000000000003,13.172866821289062,9.9058761596679688,,
74.799999999999997,12.794731140136719,9.2926712036132812,,
74.900000000000006,12.781951904296875,9.1419296264648438,,
75,12.779403686523438,9.0601730346679688,,
75.099999999999994,12.705307006835938,8.8889846801757812,,
75.200000000000003,12.7359619140625,8.973297119140625,,
75.299999999999997,13.014457702636719,9.6989212036132812,,
75.400000000000006,13.798843383789062,10.935539245605469,,
75.5,14.856613159179688,12.174713134765625,,
75.599999999999994,15.638442993164062,13.396003723144531,,
75.700000000000003,16.366622924804688,14.883010864257812,,
75.799999999999997,17.219989776611328,16.485000610351562,,
75.900000000000006,17.968605041503906,17.800823211669922,,
76,18.627796173095703,18.776832580566406,,
76.099999999999994,19.041706085205078,19.223957061767578,,
76.200000000000003,18.778541564941406,18.779388427734375,,
76.299999999999997,18.132125854492188,17.744613647460938,,
76.400000000000006,17.393730163574219,16.464557647705078,,
76.5,16.606788635253906,15.18194580078125,,
76.599999999999994,16.001258850097656,14.119071960449219,,
76.700000000000003,15.492813110351562,13.132843017578125,,
76.799999999999997,14.989479064941406,12.218147277832031,,
76.900000000000006,14.501472473144531,11.474647521972656,,
77,14.082450866699219,10.95086669921875,,
77.099999999999994,13.783515930175781,10.54718017578125,,
77.200000000000003,13.617439270019531,10.194587707519531,,
77.299999999999997,13.382377624511719,9.7704620361328125,,
77.400000000000006,13.068115234375,9.3769912719726562,,
77.5,12.879043579101562,9.249237060546875,,
77.599999999999994,12.766624450683594,9.2390213012695312,,
77.700000000000003,12.712966918945312,9.2722320556640625,,
77.799999999999997,12.820281982421875,9.47918701171875,,
77.900000000000006,13.275070190429688,10.043846130371094,,
78,14.120773315429688,10.984085083007812,,
78.099999999999994,15.165771484375,12.133834838867188,,
78.200000000000003,16.016586303710938,13.171165466308594,,
78.299999999999997,16.558242797851562,14.170166015625,,
78.400000000000006,17.166336059570312,15.442558288574219,,
78.5,17.889400482177734,16.689399719238281,,
78.599999999999994,18.581806182861328,17.754833221435547,,
78.700000000000003,19.389186859130859,18.541774749755859,,
78.799999999999997,19.483718872070312,18.135528564453125,,
78.900000000000006,18.213886260986328,16.104305267333984,,
79,16.737098693847656,13.817581176757812,,
79.099999999999994,16.080459594726562,12.5528564453125,,
79.200000000000003,15.681877136230469,11.860450744628906,,
79.299999999999997,15.140220642089844,11.285575866699219,,
79.400000000000006,14.560234069824219,10.84100341796875,,
79.5,13.939369201660156,10.452644348144531,,
79.599999999999994,13.597000122070312,10.250801086425781,,
79.700000000000003,13.428367614746094,10.110275268554688,,
79.799999999999997,13.295509338378906,9.9339828491210938,,
79.900000000000006,13.236747741699219,9.92120361328125,,
80,13.387489318847656,10.276351928710938,33.9879150390625,24.844720840454102
80.099999999999994,14.033905029296875,10.917655944824219,,
80.200000000000003,14.854057312011719,11.574287414550781,,
80.299999999999997,15.5694580078125,12.509422302246094,,
80.400000000000006,16.323188781738281,13.942771911621094,,
80.5,17.309413909912109,15.802814483642578,,
80.599999999999994,18.218994140625,17.591312408447266,,
80.700000000000003,18.448944091796875,18.656749725341797,,
80.799999999999997,18.689113616943359,19.433467864990234,,
80.900000000000006,19.018711090087891,19.959800720214844,,
81,18.466831207275391,19.494789123535156,,
81.099999999999994,17.439720153808594,18.311824798583984,,
81.200000000000003,16.466262817382812,17.064983367919922,,
81.299999999999997,15.697212219238281,16.048095703125,,
81.400000000000006,15.365058898925781,15.171730041503906,,
81.5,14.994583129882812,14.037307739257812,,
81.599999999999994,14.481033325195312,13.040855407714844,,
81.700000000000003,14.194869995117188,12.471092224121094,,
81.799999999999997,14.023681640625,11.873222351074219,,
81.900000000000006,13.775848388671875,11.1910400390625,,
82,13.489692687988281,10.690261840820312,,
82.099999999999994,13.277626037597656,10.439872741699219,,
82.200000000000003,13.083442687988281,10.268684387207031,,
82.299999999999997,13.093666076660156,10.54718017578125,,
82.400000000000006,13.745193481445312,11.699485778808594,,
82.5,14.912826538085938,13.38067626953125,,
82.599999999999994,16.10345458984375,15.18194580078125,,
82.700000000000003,17.061576843261719,16.881023406982422,,
82.799999999999997,17.815303802490234,18.306713104248047,,
82.900000000000006,18.379959106445312,19.372150421142578,,
83,18.970165252685547,20.215297698974609,,
83.099999999999994,19.437728881835938,20.603660583496094,,
83.200000000000003,19.32275390625,20.291950225830078,,
83.299999999999997,18.576694488525391,19.369594573974609,,
83.400000000000006,17.590465545654297,18.099758148193359,,
83.5,16.670661926269531,16.806930541992188,,
83.599999999999994,15.840293884277344,15.544761657714844,,
83.700000000000003,15.137664794921875,14.430778503417969,,
83.799999999999997,14.567901611328125,13.56463623046875,,
83.900000000000006,14.100334167480469,12.879890441894531,,
84,13.763076782226562,12.2947998046875,,
84.099999999999994,13.382377624511719,11.684150695800781,,
84.200000000000003,12.991462707519531,11.124610900878906,,
84.299999999999997,12.753852844238281,10.756690979003906,,
84.400000000000006,12.544342041015625,10.478195190429688,,
84.5,12.396148681640625,10.271240234375,,
84.599999999999994,12.322052001953125,10.158821105957031,,
84.700000000000003,12.273513793945312,10.117942810058594,,
84.799999999999997,12.411483764648438,10.358108520507812,,
84.900000000000006,13.019569396972656,11.088836669921875,,
85,14.102890014648438,12.20281982421875,,
85.099999999999994,15.357398986816406,13.485427856445312,,
85.200000000000003,16.272087097167969,14.640289306640625,,
85.299999999999997,16.992591857910156,15.802814483642578,,
85.400000000000006,17.799976348876953,17.123748779296875,,
85.5,18.47705078125,18.316932678222656,,
85.599999999999994,19.059589385986328,19.272502899169922,,
85.700000000000003,19.48883056640625,19.944469451904297,,
85.799999999999997,19.358524322509766,19.901035308837891,,
85.900000000000006,18.589469909667969,19.027225494384766,,
86,17.595573425292969,17.818710327148438,,
86.099999999999994,16.622123718261719,16.523323059082031,,
86.200000000000003,15.738090515136719,15.14617919921875,,
86.299999999999997,14.713539123535156,13.684722900390625,,
86.400000000000006,13.688980102539062,12.435325622558594,,
86.5,13.024681091308594,11.702041625976562,,
86.599999999999994,12.620986938476562,11.244697570800781,,
86.700000000000003,12.362937927246094,10.879325866699219,,
86.799999999999997,12.176422119140625,10.575286865234375,,
86.900000000000006,12.023117065429688,10.347892761230469,,
87,12.089553833007812,10.496078491210938,,
87.099999999999994,12.75640869140625,11.415878295898438,,
87.200000000000003,14.0977783203125,12.979537963867188,,
87.299999999999997,15.707427978515625,14.780815124511719,,
87.400000000000006,17.156112670898438,16.485000610351562,,
87.5,18.643123626708984,17.964344024658203,,
87.599999999999994,20.275768280029297,19.262283325195312,,
87.700000000000003,21.287551879882812,20.286838531494141,,
87.799999999999997,21.798549652099609,21.068668365478516,,
87.900000000000006,22.199684143066406,21.56689453125,,
88,21.941631317138672,21.594997406005859,,
88.099999999999994,21.3463134765625,21.497909545898438,,
88.200000000000003,20.9783935546875,21.538787841796875,,
88.299999999999997,20.692234039306641,21.572002410888672,,
88.400000000000006,20.561931610107422,21.541343688964844,,
88.5,20.301319122314453,21.357383728027344,,
88.599999999999994,20.061149597167969,21.372714996337891,,
88.700000000000003,21.231338500976562,21.955253601074219,,
88.799999999999997,21.765335083007812,22.197978973388672,,
88.900000000000006,19.652351379394531,21.556674957275391,,
89,17.365623474121094,20.754402160644531,,
89.099999999999994,16.525032043457031,20.197414398193359,,
89.200000000000003,16.678329467773438,19.849933624267578,,
89.299999999999997,16.954269409179688,19.415584564208984,,
89.400000000000006,16.974708557128906,18.873924255371094,,
89.5,16.8955078125,18.534107208251953,,
89.599999999999994,16.852073669433594,18.373142242431641,,
89.700000000000003,16.783088684082031,18.117645263671875,,
89.799999999999997,16.601676940917969,17.593868255615234,,
89.900000000000006,16.218429565429688,16.858028411865234,,
90,15.597564697265625,15.925453186035156,25.365102767944336,25.069637298583984
90.099999999999994,14.859169006347656,14.732269287109375,,
90.200000000000003,14.051788330078125,13.235038757324219,,
90.299999999999997,13.162651062011719,11.691818237304688,,
90.400000000000006,12.444694519042969,10.598281860351562,,
90.5,11.974578857421875,10.01318359375,,
90.599999999999994,11.558113098144531,9.6657028198242188,,
90.700000000000003,11.177413940429688,9.3846511840820312,,
90.799999999999997,10.914253234863281,9.157257080078125,,
90.900000000000006,10.781387329101562,9.0167312622070312,,
91,10.704742431640625,8.9809646606445312,,
91.099999999999994,10.686859130859375,9.00140380859375,,
91.200000000000003,10.753288269042969,9.0678329467773438,,
91.299999999999997,10.840156555175781,9.0320663452148438,,
91.400000000000006,10.870819091796875,8.863433837890625,,
91.5,11.21063232421875,8.9937362670898438,,
91.599999999999994,11.895370483398438,9.3386611938476562,,
91.700000000000003,12.467689514160156,9.5737228393554688,,
91.799999999999997,12.787063598632812,9.7065811157226562,,
91.900000000000006,12.850936889648438,9.7755661010742188,,
92,12.769180297851562,9.8675460815429688,,
92.099999999999994,12.751296997070312,10.010627746582031,,
92.200000000000003,12.807502746582031,10.0872802734375,,
92.299999999999997,12.799842834472656,9.967193603515625,,
92.400000000000006,12.544342041015625,9.5788345336914062,,
92.5,12.161087036132812,9.1547012329101562,,
92.599999999999994,12.043563842773438,9.1138229370117188,,
92.700000000000003,12.24029541015625,9.4306411743164062,,
92.799999999999997,12.833053588867188,10.199699401855469,,
92.900000000000006,13.755409240722656,11.316230773925781,,
93,14.657325744628906,12.437881469726562,,
93.099999999999994,15.446823120117188,13.641281127929688,,
93.200000000000003,16.330848693847656,15.041427612304688,,
93.299999999999997,17.306861877441406,16.339363098144531,,
93.400000000000006,17.953273773193359,17.182514190673828,,
93.5,17.950721740722656,17.307708740234375,,
93.599999999999994,17.357959747314453,16.725170135498047,,
93.700000000000003,16.537803649902344,15.841140747070312,,
93.799999999999997,15.676773071289062,14.895790100097656,,
93.900000000000006,14.912826538085938,14.00665283203125,,
94,14.314956665039062,13.186492919921875,,
94.099999999999994,13.67620849609375,12.27691650390625,,
94.200000000000003,12.981246948242188,11.403106689453125,,
94.299999999999997,12.495796203613281,10.861442565917969,,
94.400000000000006,12.224967956542969,10.572731018066406,,
94.5,12.066558837890625,10.421981811523438,,
94.599999999999994,11.969467163085938,10.330001831054688,,
94.700000000000003,11.880043029785156,10.258460998535156,,
94.799999999999997,11.821273803710938,10.176704406738281,,
94.900000000000006,11.839157104492188,10.010627746582031,,
95,11.757400512695312,9.7295761108398438,,
95.099999999999994,11.629653930664062,9.55328369140625,,
95.200000000000003,11.696083068847656,9.6886978149414062,,
95.299999999999997,12.117652893066406,10.194587707519531,,
95.400000000000006,13.014457702636719,11.096504211425781,,
95.5,14.07989501953125,12.248809814453125,,
95.599999999999994,15.096786499023438,13.459877014160156,,
95.700000000000003,16.054908752441406,14.6121826171875,,
95.799999999999997,16.964492797851562,15.62396240234375,,
95.900000000000006,17.587909698486328,16.316368103027344,,
96,18.019706726074219,16.868247985839844,,
96.099999999999994,18.328861236572266,17.343479156494141,,
96.200000000000003,18.045253753662109,17.287269592285156,,
96.299999999999997,17.618568420410156,16.873359680175781,,
96.400000000000006,16.923606872558594,16.045539855957031,,
96.5,15.69976806640625,14.85235595703125,,
96.599999999999994,14.861724853515625,14.075637817382812,,
96.700000000000003,14.593452453613281,13.924888610839844,,
96.799999999999997,14.360946655273438,13.733261108398438,,
96.900000000000006,13.964920043945312,13.150726318359375,,
97,13.617439270019531,12.494087219238281,,
97.099999999999994,13.364494323730469,11.804237365722656,,
97.200000000000003,13.093666076660156,11.119499206542969,,
97.299999999999997,12.81005859375,10.580390930175781,,
97.400000000000006,12.587776184082031,10.322341918945312,,
97.5,12.518791198730469,10.516517639160156,,
97.599999999999994,13.004241943359375,11.584510803222656,,
97.700000000000003,14.309844970703125,13.383232116699219,,
97.799999999999997,15.451927185058594,14.88812255859375,,
97.900000000000006,15.755973815917969,15.8641357421875,,
98,15.855621337890625,16.812038421630859,,
98.099999999999994,16.228652954101562,17.918354034423828,,
98.200000000000003,16.785636901855469,18.994007110595703,,
98.299999999999997,17.056472778320312,19.418140411376953,,
98.400000000000006,16.683441162109375,18.661857604980469,,
98.5,16.011474609375,17.279605865478516,,
98.599999999999994,15.538803100585938,16.012325286865234,,
98.700000000000003,15.040573120117188,14.566192626953125,,
98.799999999999997,14.314956665039062,13.051078796386719,,
98.900000000000006,13.568893432617188,11.914100646972656,,
99,12.917373657226562,11.114387512207031,,
99.099999999999994,12.426811218261719,10.557395935058594,,
99.200000000000003,12.099769592285156,10.138381958007812,,
99.299999999999997,11.877487182617188,9.8266677856445312,,
99.400000000000006,11.729293823242188,9.6197128295898438,,
99.5,11.662864685058594,9.4536361694335938,,
99.599999999999994,11.535118103027344,9.1598129272460938,,
99.700000000000003,11.317939758300781,8.8557662963867188,,
99.799999999999997,11.1927490234375,8.7586822509765625,,
99.900000000000006,11.13653564453125,8.7407913208007812,,
100,11.282173156738281,8.96563720703125,22.107589721679688,22.107589721679688
100.09999999999999,11.8902587890625,9.5967178344726562,,
100.2,12.922477722167969,10.529296875,,
100.3,14.092666625976562,11.699485778808594,,
100.40000000000001,15.219429016113281,12.961654663085938,,
100.5,16.129005432128906,14.00665283203125,,
100.59999999999999,16.726875305175781,14.842132568359375,,
100.7,17.255760192871094,15.751712799072266,,
100.8,17.728435516357422,16.492664337158203,,
100.90000000000001,17.697776794433594,16.559093475341797,,
101,17.038581848144531,15.917789459228516,,
101.09999999999999,16.118782043457031,14.969886779785156,,
101.2,15.170883178710938,13.945327758789062,,
101.3,14.327728271484375,12.913108825683594,,
101.40000000000001,13.581672668457031,11.863006591796875,,
101.5,12.825393676757812,10.892105102539062,,
101.59999999999999,12.230072021484375,10.271240234375,,
101.7,11.892814636230469,9.931427001953125,,
101.8,11.68841552734375,9.691253662109375,,
101.90000000000001,11.563217163085938,9.5200729370117188,,
102,11.46868896484375,9.4050979614257812,,
102.09999999999999,11.384368896484375,9.3003387451171875,,
102.2,11.3026123046875,9.2262420654296875,,
102.3,11.277061462402344,9.1904754638671875,,
102.40000000000001,11.415031433105469,9.249237060546875,,
102.5,11.713966369628906,9.44342041015625,,
102.59999999999999,12.398704528808594,9.9007644653320312,,
102.7,13.384933471679688,10.769462585449219,,
102.8,14.320068359375,11.878334045410156,,
102.90000000000001,15.224533081054688,13.04852294921875,,
103,16.111122131347656,14.205940246582031,,
103.09999999999999,17.018142700195312,15.291816711425781,,
103.2,17.822971343994141,16.262714385986328,,
103.3,18.420841217041016,17.108417510986328,,
103.40000000000001,18.880741119384766,17.811042785644531,,
103.5,18.885848999023438,17.854480743408203,,
103.59999999999999,17.999263763427734,16.804374694824219,,
103.7,16.706436157226562,15.271377563476562,,
103.8,15.531135559082031,13.850791931152344,,
103.90000000000001,14.460586547851562,12.545188903808594,,
104,13.556121826171875,11.423545837402344,,
104.09999999999999,12.853492736816406,10.611053466796875,,
104.2,12.347602844238281,10.064285278320312,,
104.3,11.992462158203125,9.6989212036132812,,
104.40000000000001,11.749732971191406,9.471527099609375,,
104.5,11.629653930664062,9.3258895874023438,,
104.59999999999999,11.555557250976562,9.0933837890625,,
104.7,11.374153137207031,8.7791213989257812,,
104.8,11.195297241210938,8.6258163452148438,,
104.90000000000001,11.121208190917969,8.6104888916015625,,
105,11.105873107910156,8.6641464233398438,,
105.09999999999999,11.279617309570312,8.9886322021484375,,
105.2,11.862152099609375,9.70147705078125,,
105.3,12.858604431152344,10.677482604980469,,
105.40000000000001,13.97003173828125,11.863006591796875,,
105.5,15.017578125,13.181381225585938,,
105.59999999999999,15.998703002929688,14.461441040039062,,
105.7,16.749870300292969,15.3863525390625,,
105.8,17.271091461181641,16.040428161621094,,
105.90000000000001,17.738655090332031,16.758384704589844,,
106,17.981380462646484,17.190177917480469,,
106.09999999999999,17.595573425292969,16.824813842773438,,
106.2,16.714103698730469,15.710834503173828,,
106.3,15.684432983398438,14.290252685546875,,
106.40000000000001,14.659881591796875,12.93865966796875,,
106.5,13.788627624511719,11.763359069824219,,
106.59999999999999,13.045120239257812,10.708145141601562,,
106.7,12.457473754882812,9.8266677856445312,,
106.8,12.0001220703125,9.2287979125976562,,
106.90000000000001,11.770172119140625,8.9835205078125,,
107,11.673088073730469,8.8532180786132812,,
107.09999999999999,11.512123107910156,8.689697265625,,
107.2,11.425247192382812,8.6309280395507812,,
107.3,11.397148132324219,8.643707275390625,,
107.40000000000001,11.453353881835938,8.845550537109375,,
107.5,11.887702941894531,9.5711669921875,,
107.59999999999999,12.845832824707031,10.651931762695312,,
107.7,14.013465881347656,11.791465759277344,,
107.8,14.930709838867188,12.879890441894531,,
107.90000000000001,15.725318908691406,14.004096984863281,,
108,16.571022033691406,15.286705017089844,,
108.09999999999999,17.296638488769531,16.464557647705078,,
108.2,17.863849639892578,17.399688720703125,,
108.3,18.045253753662109,17.874919891357422,,
108.40000000000001,17.518924713134766,17.440570831298828,,
108.5,16.540359497070312,16.280597686767578,,
108.59999999999999,15.597564697265625,14.890678405761719,,
108.7,14.756973266601562,13.293807983398438,,
108.8,13.842277526855469,11.589622497558594,,
108.90000000000001,12.973579406738281,10.312118530273438,,
109,12.380821228027344,9.6478195190429688,,
109.09999999999999,11.984794616699219,9.2696762084960938,,
109.2,11.72418212890625,9.011627197265625,,
109.3,11.547889709472656,8.845550537109375,,
109.40000000000001,11.432914733886719,8.7024688720703125,,
109.5,11.353713989257812,8.5772781372070312,,
109.59999999999999,11.312828063964844,8.5159530639648438,,
109.7,11.409919738769531,8.5951614379882812,,
109.8,11.772727966308594,8.9119796752929688,,
109.90000000000001,12.472801208496094,9.4842987060546875,,
110,13.413040161132812,10.396430969238281,21.91380500793457,21.897809982299805
110.09999999999999,14.399269104003906,11.538520812988281,,
110.2,15.311408996582031,12.688270568847656,,
110.3,16.149444580078125,13.792030334472656,,
110.40000000000001,16.898063659667969,14.847244262695312,,
110.5,17.534255981445312,15.802814483642578,,
110.59999999999999,18.055473327636719,16.612747192382812,,
110.7,18.369739532470703,17.103309631347656,,
110.8,18.093799591064453,16.824813842773438,,
110.90000000000001,17.094795227050781,15.618854522705078,,
111,15.865837097167969,14.044975280761719,,
111.09999999999999,14.736534118652344,12.6627197265625,,
111.2,13.750297546386719,11.500190734863281,,
111.3,12.983802795410156,10.552291870117188,,
111.40000000000001,12.429367065429688,9.893096923828125,,
111.5,12.035896301269531,9.4561920166015625,,
111.59999999999999,11.772727966308594,9.1598129272460938,,
111.7,11.601547241210938,9.0039596557617188,,
111.8,11.507011413574219,8.9068679809570312,,
111.90000000000001,11.512123107910156,8.8583221435546875,,
112,11.512123107910156,8.7637863159179688,,
112.09999999999999,11.655197143554688,8.8532180786132812,,
112.2,12.286285400390625,9.5098495483398438,,
112.3,13.292953491210938,10.483306884765625,,
112.40000000000001,14.353279113769531,11.520637512207031,,
112.5,15.321624755859375,12.667831420898438,,
112.59999999999999,16.210762023925781,13.886566162109375,,
112.7,17.00537109375,15.031204223632812,,
112.8,17.697776794433594,16.048095703125,,
112.90000000000001,18.241989135742188,16.824813842773438,,
113,18.372295379638672,16.995998382568359,,
113.09999999999999,17.613460540771484,16.173290252685547,,
113.2,16.297637939453125,14.729713439941406,,
113.3,15.061012268066406,13.296356201171875,,
113.40000000000001,13.995582580566406,11.993309020996094,,
113.5,13.152427673339844,10.889549255371094,,
113.59999999999999,12.518791198730469,10.066841125488281,,
113.7,12.048667907714844,9.4664154052734375,,
113.8,11.706298828125,9.0448379516601562,,
113.90000000000001,11.481460571289062,8.789337158203125,,
114,11.397148132324219,8.6590347290039062,,
114.09999999999999,11.33837890625,8.4725189208984375,,
114.2,11.177413940429688,8.219573974609375,,
114.3,11.049667358398438,8.1327056884765625,,
114.40000000000001,11.019004821777344,8.1710281372070312,,
114.5,11.067550659179688,8.3371047973632812,,
114.59999999999999,11.435470581054688,8.8583221435546875,,
114.7,12.278617858886719,9.7142486572265625,,
114.8,13.359382629394531,10.754135131835938,,
114.90000000000001,14.378829956054688,11.965202331542969,,
115,15.313957214355469,13.281028747558594,,
115.09999999999999,16.019142150878906,14.430778503417969,,
115.2,16.5633544921875,15.480880737304688,,
115.3,17.186775207519531,16.661293029785156,,
115.40000000000001,17.83319091796875,17.857032775878906,,
115.5,18.413173675537109,18.948017120361328,,
115.59999999999999,18.778541564941406,19.750289916992188,,
115.7,18.732551574707031,19.893367767333984,,
115.8,18.119350433349609,19.231624603271484,,
115.90000000000001,17.140785217285156,18.117645263671875,,
116,16.011474609375,16.768604278564453,,
116.09999999999999,14.81573486328125,15.279037475585938,,
116.2,13.885711669921875,13.845687866210938,,
116.3,13.369606018066406,12.506866455078125,,
116.40000000000001,13.037452697753906,11.441429138183594,,
116.5,12.748741149902344,10.669822692871094,,
116.59999999999999,12.500907897949219,9.985076904296875,,
116.7,12.253067016601562,9.4536361694335938,,
116.8,12.053779602050781,9.2083587646484375,,
116.90000000000001,11.966911315917969,9.1368179321289062,,
117,11.87237548828125,8.9707412719726562,,
117.09999999999999,11.683303833007812,8.6948013305664062,,
117.2,11.553001403808594,8.587493896484375,,
117.3,11.501899719238281,8.6232681274414062,,
117.40000000000001,11.463577270507812,8.6488113403320312,,
117.5,11.46868896484375,8.7229080200195312,,
117.59999999999999,11.570884704589844,9.00140380859375,,
117.7,11.98223876953125,9.6401519775390625,,
117.8,12.776847839355469,10.483306884765625,,
117.90000000000001,13.709419250488281,11.377555847167969,,
118,14.621551513671875,12.356117248535156,,
118.09999999999999,15.296073913574219,13.206932067871094,,
118.2,15.761085510253906,13.9862060546875,,
118.3,16.274642944335938,14.929000854492188,,
118.40000000000001,16.800971984863281,15.841140747070312,,
118.5,17.334964752197266,16.651073455810547,,
118.59999999999999,17.858741760253906,17.363918304443359,,
118.7,18.096355438232422,17.670520782470703,,
118.8,17.725879669189453,17.238723754882812,,
118.90000000000001,16.875068664550781,16.272933959960938,,
119,15.860733032226562,15.097633361816406,,
119.09999999999999,14.923042297363281,13.776702880859375,,
119.2,14.039016723632812,12.261581420898438,,
119.3,13.16009521484375,10.884437561035156,,
119.40000000000001,12.526458740234375,10.033622741699219,,
119.5,12.163642883300781,9.5405120849609375,,
119.59999999999999,11.926033020019531,9.2236862182617188,,
119.7,11.749732971191406,9.0550613403320312,,
119.8,11.604103088378906,8.9426422119140625,,
119.90000000000001,11.486572265625,8.8097763061523438,,
120,11.415031433105469,8.7459030151367188,23.012552261352539,23.012552261352539
120.09999999999999,11.409919738769531,8.8046722412109375,,
120.2,11.455909729003906,8.9068679809570312,,
120.3,11.624542236328125,9.0601730346679688,,
120.40000000000001,11.969467163085938,9.415313720703125,,
120.5,12.554557800292969,10.110275268554688,,
120.59999999999999,13.241851806640625,11.045402526855469,,
120.7,13.875495910644531,12.095512390136719,,
120.8,14.514244079589844,13.194160461425781,,
120.90000000000001,15.122337341308594,14.259597778320312,,
121,15.694656372070312,15.258598327636719,,
121.09999999999999,16.228652954101562,16.170734405517578,,
121.2,16.737098693847656,17.067539215087891,,
121.3,17.28131103515625,17.987339019775391,,
121.40000000000001,17.753986358642578,18.735954284667969,,
121.5,18.029926300048828,19.418140411376953,,
121.59999999999999,18.20111083984375,20.090103149414062,,
121.7,18.109130859375,20.169307708740234,,
121.8,17.475490570068359,19.395145416259766,,
121.90000000000001,16.461158752441406,18.127864837646484,,
122,15.400833129882812,16.735389709472656,,
122.09999999999999,14.511688232421875,15.3480224609375,,
122.2,13.880607604980469,13.978546142578125,,
122.3,13.494796752929688,12.6627197265625,,
122.40000000000001,13.116661071777344,11.28302001953125,,
122.5,12.574996948242188,10.033622741699219,,
122.59999999999999,12.076774597167969,9.3105621337890625,,
122.7,11.759956359863281,8.9707412719726562,,
122.8,11.547889709472656,8.7791213989257812,,
122.90000000000001,11.425247192382812,8.6743621826171875,,
123,11.353713989257812,8.6283721923828125,,
123.09999999999999,11.3026123046875,8.63348388671875,,
123.2,11.282173156738281,8.6564788818359375,,
123.3,11.310272216796875,8.6718063354492188,,
123.40000000000001,11.289833068847656,8.6028213500976562,,
123.5,11.402252197265625,8.7510147094726562,,
123.59999999999999,11.989906311035156,9.4306411743164062,,
123.7,12.850936889648438,10.360664367675781,,
123.8,13.694091796875,11.339225769042969,,
123.90000000000001,14.455482482910156,12.363784790039062,,
124,15.152992248535156,13.378120422363281,,
124.09999999999999,15.784080505371094,14.33624267578125,,
124.2,16.348731994628906,15.176841735839844,,
124.3,16.793304443359375,15.726165771484375,,
124.40000000000001,16.936386108398438,15.861579895019531,,
124.5,16.665557861328125,15.5703125,,
124.59999999999999,16.003807067871094,14.883010864257812,,
124.7,15.096786499023438,13.955551147460938,,
124.8,14.210197448730469,12.961654663085938,,
124.90000000000001,13.487136840820312,12.008636474609375,,
125,12.945472717285156,11.201255798339844,,
125.09999999999999,12.559669494628906,10.58294677734375,,
125.2,12.291397094726562,10.166481018066406,,
125.3,12.025672912597656,9.7730178833007812,,
125.40000000000001,11.6705322265625,9.36932373046875,,
125.5,11.404808044433594,9.139373779296875,,
125.59999999999999,11.277061462402344,9.0090713500976562,,
125.7,11.205520629882812,8.937530517578125,,
125.8,11.169754028320312,8.9247512817382812,,
125.90000000000001,11.113540649414062,8.8940963745117188,,
126,11.067550659179688,8.8762130737304688,,
126.09999999999999,11.085433959960938,8.9503021240234375,,
126.2,11.300056457519531,9.2747879028320312,,
126.3,11.895370483398438,9.9007644653320312,,
126.40000000000001,12.702751159667969,10.549736022949219,,
126.5,13.367050170898438,11.157821655273438,,
126.59999999999999,13.957252502441406,11.960090637207031,,
126.7,14.562789916992188,12.907997131347656,,
126.8,15.135108947753906,13.832908630371094,,
126.90000000000001,15.702323913574219,14.686279296875,,
127,16.231208801269531,15.417007446289062,,
127.09999999999999,16.696212768554688,15.99188232421875,,
127.2,16.951713562011719,16.262714385986328,,
127.3,16.660446166992188,15.933120727539062,,
127.40000000000001,15.847953796386719,14.995437622070312,,
127.5,14.958816528320312,13.740928649902344,,
127.59999999999999,14.146324157714844,12.338233947753906,,
127.7,13.298065185546875,11.027519226074219,,
127.8,12.580108642578125,10.148597717285156,,
127.90000000000001,12.13043212890625,9.6989212036132812,,
128,11.821273803710938,9.4638595581054688,,
128.09999999999999,11.611763000488281,9.3131179809570312,,
128.19999999999999,11.461021423339844,9.2109146118164062,,
128.30000000000001,11.340934753417969,9.1163787841796875,,
128.40000000000001,11.2642822265625,9.0218429565429688,,
128.5,11.223403930664062,8.96563720703125,,
128.59999999999999,11.215744018554688,8.9451980590820312,,
128.69999999999999,11.335823059082031,9.0269546508789062,,
128.80000000000001,11.634757995605469,9.2901229858398438,,
128.90000000000001,12.224967956542969,9.8138961791992188,,
129,13.047676086425781,10.654487609863281,,
129.09999999999999,13.857612609863281,11.610061645507812,,
129.19999999999999,14.644546508789062,12.563072204589844,,
129.30000000000001,15.382942199707031,13.516090393066406,,
129.40000000000001,16.016586303710938,14.420562744140625,,
129.5,16.5633544921875,15.222831726074219,,
129.59999999999999,17.0411376953125,15.887130737304688,,
129.69999999999999,17.396286010742188,16.321479797363281,,
129.80000000000001,17.258316040039062,16.127300262451172,,
129.90000000000001,16.28741455078125,15.031204223632812,,
130,14.994583129882812,13.579963684082031,22.837369918823242,22.869022369384766
130.09999999999999,13.944480895996094,12.361228942871094,,
130.19999999999999,13.126876831054688,11.372444152832031,,
130.30000000000001,12.503463745117188,10.575286865234375,,
130.40000000000001,12.046112060546875,9.9927444458007812,,
130.5,11.711410522460938,9.563507080078125,,
130.59999999999999,11.481460571289062,9.27734375,,
130.69999999999999,11.335823059082031,9.1010513305664062,,
130.80000000000001,11.279617309570312,8.9809646606445312,,
130.90000000000001,11.197853088378906,8.7663421630859375,,
131,11.019004821777344,8.5082931518554688,,
131.09999999999999,10.898918151855469,8.4341964721679688,,
131.19999999999999,10.850372314453125,8.4469680786132812,,
131.30000000000001,10.881034851074219,8.5159530639648438,,
131.40000000000001,11.146759033203125,8.8608779907226562,,
131.5,11.782951354980469,9.535400390625,,
131.59999999999999,12.674644470214844,10.368331909179688,,
131.69999999999999,13.571449279785156,11.285575866699219,,
131.80000000000001,14.404380798339844,12.261581420898438,,
131.90000000000001,15.135108947753906,13.084297180175781,,
132,15.630783081054688,13.705162048339844,,
132.09999999999999,16.06768798828125,14.382232666015625,,
132.19999999999999,16.555686950683594,15.100189208984375,,
132.30000000000001,16.83929443359375,15.531982421875,,
132.40000000000001,16.622123718261719,15.368461608886719,,
132.5,15.868392944335938,14.6121826171875,,
132.59999999999999,14.879608154296875,13.523757934570312,,
132.69999999999999,13.913818359375,12.394447326660156,,
132.80000000000001,13.147323608398438,11.405662536621094,,
132.90000000000001,12.585220336914062,10.58294677734375,,
133,12.033340454101562,9.875213623046875,,
133.09999999999999,11.565773010253906,9.36932373046875,,
133.19999999999999,11.294944763183594,9.0933837890625,,
133.30000000000001,11.108428955078125,8.9170913696289062,,
133.40000000000001,11.0087890625,8.8302230834960938,,
133.5,10.939804077148438,8.8097763061523438,,
133.59999999999999,10.875923156738281,8.799560546875,,
133.69999999999999,10.863151550292969,8.8123321533203125,,
133.80000000000001,10.901473999023438,8.8608779907226562,,
133.90000000000001,11.059883117675781,9.0422821044921875,,
134,11.438026428222656,9.3514404296875,,
134.09999999999999,12.018013000488281,9.783233642578125,,
134.19999999999999,12.748741149902344,10.488410949707031,,
134.30000000000001,13.5101318359375,11.354560852050781,,
134.40000000000001,14.222976684570312,12.236030578613281,,
134.5,14.90771484375,13.107292175292969,,
134.59999999999999,15.541358947753906,13.935111999511719,,
134.69999999999999,16.088127136230469,14.696502685546875,,
134.80000000000001,16.555686950683594,15.378684997558594,,
134.90000000000001,16.951713562011719,15.920345306396484,,
135,17.112678527832031,16.058315277099609,,
135.09999999999999,16.565910339355469,15.307144165039062,,
135.19999999999999,15.462150573730469,13.904449462890625,,
135.30000000000001,14.386497497558594,12.586067199707031,,
135.40000000000001,13.5101318359375,11.495086669921875,,
135.5,12.845832824707031,10.631492614746094,,
135.59999999999999,12.327163696289062,10.03106689453125,,
135.69999999999999,11.941360473632812,9.6427078247070312,,
135.80000000000001,11.6705322265625,9.397430419921875,,
135.90000000000001,11.478904724121094,9.2543487548828125,,
136,11.343490600585938,9.1547012329101562,,
136.09999999999999,11.300056457519531,9.0422821044921875,,
136.19999999999999,11.164642333984375,8.7867813110351562,,
136.30000000000001,10.957687377929688,8.5210647583007812,,
136.40000000000001,10.865707397460938,8.459747314453125,,
136.5,10.817161560058594,8.4674072265625,,
136.59999999999999,10.806938171386719,8.4801864624023438,,
136.69999999999999,10.84271240234375,8.5542831420898438,,
136.80000000000001,11.047111511230469,8.8659896850585938,,
136.90000000000001,11.637313842773438,9.5098495483398438,,
137,12.531562805175781,10.350440979003906,,
137.09999999999999,13.456474304199219,11.288131713867188,,
137.19999999999999,14.368606567382812,12.223258972167969,,
137.30000000000001,15.071235656738281,13.010200500488281,,
137.40000000000001,15.666549682617188,13.797142028808594,,
137.5,16.3436279296875,14.739936828613281,,
137.59999999999999,16.928718566894531,15.590747833251953,,
137.69999999999999,17.421836853027344,16.193729400634766,,
137.80000000000001,17.46527099609375,16.285709381103516,,
137.90000000000001,16.749870300292969,15.580528259277344,,
138,15.658882141113281,14.405227661132812,,
138.09999999999999,14.6138916015625,13.160942077636719,,
138.19999999999999,13.750297546386719,11.965202331542969,,
138.30000000000001,12.955696105957031,10.820564270019531,,
138.40000000000001,12.237739562988281,9.875213623046875,,
138.5,11.74462890625,9.3131179809570312,,
138.59999999999999,11.432914733886719,8.9962921142578125,,
138.69999999999999,11.238739013671875,8.7970046997070312,,
138.80000000000001,11.105873107910156,8.6769180297851562,,
138.90000000000001,11.0087890625,8.6002731323242188,,
139,10.942352294921875,8.5772781372070312,,
139.09999999999999,10.944908142089844,8.6130447387695312,,
139.19999999999999,11.162086486816406,8.8225555419921875,,
139.30000000000001,11.621986389160156,9.2441329956054688,,
139.40000000000001,12.334831237792969,9.92120361328125,,
139.5,13.259742736816406,10.925315856933594,,
139.59999999999999,14.184646606445312,12.041854858398438,,
139.69999999999999,15.063568115234375,13.114952087402344,,
139.80000000000001,15.847953796386719,14.1343994140625,,
139.90000000000001,16.525032043457031,15.066970825195312,,
140,17.138229370117188,15.884574890136719,22.540983200073242,22.540983200073242
140.09999999999999,17.506149291992188,16.403240203857422,,
140.19999999999999,17.1893310546875,16.014877319335938,,
140.30000000000001,16.129005432128906,14.724601745605469,,
140.40000000000001,14.938377380371094,13.314247131347656,,
140.5,13.990470886230469,12.080177307128906,,
140.59999999999999,13.200973510742188,10.948310852050781,,
140.69999999999999,12.552001953125,9.9901885986328125,,
140.80000000000001,12.066558837890625,9.3361129760742188,,
140.90000000000001,11.713966369628906,8.9400863647460938,,
141,11.450798034667969,8.70758056640625,,
141.09999999999999,11.294944763183594,8.5900497436523438,,
141.19999999999999,11.241287231445312,8.4648513793945312,,
141.30000000000001,11.077774047851562,8.2681198120117188,,
141.40000000000001,10.921913146972656,8.173583984375,,
141.5,10.888702392578125,8.2323532104492188,,
141.59999999999999,10.860595703125,8.3447723388671875,,
141.69999999999999,11.047111511230469,8.7382431030273438,,
141.80000000000001,11.61431884765625,9.5047378540039062,,
141.90000000000001,12.454917907714844,10.450088500976562,,
142,13.369606018066406,11.500190734863281,,
142.09999999999999,14.268966674804688,12.583511352539062,,
142.19999999999999,15.178543090820312,13.63873291015625,,
142.30000000000001,15.886283874511719,14.458885192871094,,
142.40000000000001,16.422828674316406,15.130851745605469,,
142.5,16.990043640136719,15.902458190917969,,
142.59999999999999,17.373291015625,16.439010620117188,,
142.69999999999999,17.179107666015625,16.244827270507812,,
142.80000000000001,16.330848693847656,15.25604248046875,,
142.90000000000001,15.247528076171875,13.89422607421875,,
143,14.230636596679688,12.591178894042969,,
143.09999999999999,13.387489318847656,11.525741577148438,,
143.19999999999999,12.794731140136719,10.728584289550781,,
143.30000000000001,12.2965087890625,10.010627746582031,,
143.40000000000001,11.818717956542969,9.397430419921875,,
143.5,11.496788024902344,9.121490478515625,,
143.59999999999999,11.294944763183594,9.0857162475585938,,
143.69999999999999,11.236183166503906,9.2185821533203125,,
143.80000000000001,11.440582275390625,9.6835861206054688,,
143.90000000000001,12.122764587402344,10.649375915527344,,
144,13.236747741699219,11.857894897460938,,
144.09999999999999,14.437591552734375,13.04852294921875,,
144.19999999999999,15.559242248535156,14.254486083984375,,
144.30000000000001,16.560798645019531,15.291816711425781,,
144.40000000000001,17.253204345703125,15.984218597412109,,
144.5,17.687553405761719,16.492664337158203,,
144.59999999999999,17.815303802490234,16.732833862304688,,
144.69999999999999,17.20721435546875,16.313812255859375,,
144.80000000000001,16.083015441894531,15.309700012207031,,
144.90000000000001,14.851509094238281,13.993873596191406,,
145,13.819282531738281,12.711265563964844,,
145.09999999999999,13.1422119140625,11.740364074707031,,
145.19999999999999,12.651649475097656,10.971305847167969,,
145.30000000000001,12.268402099609375,10.286567687988281,,
145.40000000000001,11.83660888671875,9.62738037109375,,
145.5,11.432914733886719,9.14959716796875,,
145.59999999999999,11.21063232421875,8.9222030639648438,,
145.69999999999999,11.06243896484375,8.8021163940429688,,
145.80000000000001,10.973014831542969,8.7126922607421875,,
145.90000000000001,10.911697387695312,8.6488113403320312,,
146,10.893814086914062,8.6667022705078125,,
146.09999999999999,10.893814086914062,8.7331314086914062,,
146.19999999999999,10.978126525878906,8.9758529663085938,,
146.30000000000001,11.489128112792969,9.6759262084960938,,
146.40000000000001,12.311836242675781,10.636604309082031,,
146.5,13.218856811523438,11.788909912109375,,
146.59999999999999,14.174430847167969,13.237594604492188,,
146.69999999999999,15.045684814453125,14.673507690429688,,
146.80000000000001,15.858177185058594,15.925453186035156,,
146.90000000000001,16.583793640136719,16.970447540283203,,
147,17.138229370117188,17.851924896240234,,
147.09999999999999,17.235321044921875,18.299049377441406,,
147.19999999999999,16.683441162109375,17.897914886474609,,
147.30000000000001,15.766197204589844,16.814594268798828,,
147.40000000000001,14.787628173828125,15.590747833251953,,
147.5,13.990470886230469,14.614738464355469,,
147.59999999999999,13.459030151367188,13.871231079101562,,
147.69999999999999,13.111549377441406,13.263145446777344,,
147.80000000000001,12.925033569335938,12.818572998046875,,
147.90000000000001,12.919921875,12.547744750976562,,
148,12.988906860351562,12.333122253417969,,
148.09999999999999,12.97613525390625,12.049522399902344,,
148.19999999999999,12.753852844238281,11.671379089355469,,
148.30000000000001,12.585220336914062,11.492530822753906,,
148.40000000000001,12.695083618164062,11.696929931640625,,
148.5,12.789619445800781,11.842567443847656,,
148.59999999999999,12.672088623046875,11.5947265625,,
148.69999999999999,12.352714538574219,11.111831665039062,,
148.80000000000001,12.02056884765625,10.572731018066406,,
148.90000000000001,11.72418212890625,10.056617736816406,,
149,11.32049560546875,9.489410400390625,,
149.09999999999999,10.929580688476562,8.9911880493164062,,
149.19999999999999,10.704742431640625,8.7510147094726562,,
149.30000000000001,10.556549072265625,8.587493896484375,,
149.40000000000001,10.431358337402344,8.4163131713867188,,
149.5,10.357261657714844,8.329437255859375,,
149.59999999999999,10.40069580078125,8.5338363647460938,,
149.69999999999999,10.755844116210938,9.2441329956054688,,
149.80000000000001,11.5606689453125,10.391326904296875,,
149.90000000000001,13.162651062011719,12.322906494140625,,
150,15.408493041992188,15.646957397460938,23.272212982177734,23.288637161254883
150.09999999999999,17.212326049804688,19.648090362548828,,
150.19999999999999,18.523040771484375,23.094783782958984,,
150.30000000000001,19.069808959960938,24.660999298095703,,
150.40000000000001,18.147453308105469,23.265968322753906,,
150.5,17.20721435546875,19.773284912109375,,
150.59999999999999,17.386066436767578,17.849369049072266,,
150.69999999999999,17.444831848144531,18.391029357910156,,
150.80000000000001,16.376838684082031,18.293937683105469,,
150.90000000000001,14.820846557617188,16.520767211914062,,
151,13.446258544921875,14.359237670898438,,
151.09999999999999,12.224967956542969,12.619285583496094,,
151.19999999999999,11.527450561523438,11.004524230957031,,
151.30000000000001,11.228515625,9.6350479125976562,,
151.40000000000001,10.855484008789062,8.8072280883789062,,
151.5,10.500343322753906,8.5108413696289062,,
151.59999999999999,10.249954223632812,8.5031814575195312,,
151.69999999999999,10.058326721191406,8.4980697631835938,,
151.80000000000001,9.8539276123046875,8.385650634765625,,
151.90000000000001,9.6801834106445312,8.2451248168945312,,
152,9.5779876708984375,8.1786956787109375,,
152.09999999999999,9.6980667114257812,8.4367523193359375,,
152.19999999999999,10.076210021972656,8.973297119140625,,
152.30000000000001,10.699630737304688,9.765350341796875,,
152.40000000000001,11.736961364746094,10.978973388671875,,
152.5,13.198417663574219,12.560516357421875,,
152.59999999999999,14.690536499023438,14.341354370117188,,
152.69999999999999,15.847953796386719,16.017433166503906,,
152.80000000000001,16.760093688964844,17.514663696289062,,
152.90000000000001,17.559806823730469,18.827934265136719,,
153,18.162784576416016,19.691524505615234,,
153.09999999999999,17.999263763427734,19.573993682861328,,
153.19999999999999,17.030921936035156,18.403804779052734,,
153.30000000000001,15.850509643554688,16.998554229736328,,
153.40000000000001,14.810623168945312,15.833473205566406,,
153.5,13.980247497558594,14.900901794433594,,
153.59999999999999,13.244407653808594,14.108848571777344,,
153.69999999999999,12.720634460449219,13.518646240234375,,
153.80000000000001,12.442138671875,13.242706298828125,,
153.90000000000001,12.304168701171875,13.038307189941406,,
154,12.066558837890625,12.75469970703125,,
154.09999999999999,11.772727966308594,12.529861450195312,,
154.19999999999999,11.558113098144531,12.437881469726562,,
154.30000000000001,11.379257202148438,12.348457336425781,,
154.40000000000001,11.317939758300781,12.213035583496094,,
154.5,11.292388916015625,11.988197326660156,,
154.59999999999999,11.179969787597656,11.786354064941406,,
154.69999999999999,11.039443969726562,11.962646484375,,
154.80000000000001,11.366485595703125,13.017860412597656,,
154.90000000000001,12.316947937011719,14.691390991210938,,
155,13.5101318359375,16.265270233154297,,
155.09999999999999,14.772300720214844,17.803379058837891,,
155.19999999999999,15.870948791503906,19.203517913818359,,
155.30000000000001,16.719207763671875,20.299613952636719,,
155.40000000000001,17.531700134277344,21.257740020751953,,
155.5,18.272651672363281,22.116218566894531,,
155.59999999999999,18.732551574707031,22.813732147216797,,
155.69999999999999,18.934394836425781,23.079452514648438,,
155.80000000000001,18.681449890136719,22.440704345703125,,
155.90000000000001,17.776981353759766,21.150428771972656,,
156,16.617012023925781,19.867820739746094,,
156.09999999999999,15.559242248535156,18.669525146484375,,
156.19999999999999,14.524467468261719,17.494224548339844,,
156.30000000000001,13.479469299316406,16.364913940429688,,
156.40000000000001,12.600547790527344,15.304588317871094,,
156.5,12.018013000488281,14.389900207519531,,
156.59999999999999,11.627098083496094,13.631065368652344,,
156.69999999999999,11.32049560546875,12.984649658203125,,
156.80000000000001,10.998565673828125,12.417442321777344,,
156.90000000000001,10.80438232421875,12.029075622558594,,
157,10.863151550292969,11.87066650390625,,
157.09999999999999,10.970458984375,11.745475769042969,,
157.19999999999999,10.921913146972656,11.408210754394531,,
157.30000000000001,10.737953186035156,10.955978393554688,,
157.40000000000001,10.745620727539062,10.861442565917969,,
157.5,11.310272216796875,11.505302429199219,,
157.59999999999999,12.562225341796875,12.757255554199219,,
157.69999999999999,13.875495910644531,14.108848571777344,,
157.80000000000001,14.825958251953125,15.427230834960938,,
157.90000000000001,15.704872131347656,16.988334655761719,,
158,16.629783630371094,18.735954284667969,,
158.09999999999999,17.856185913085938,20.412033081054688,,
158.19999999999999,18.919063568115234,21.408485412597656,,
158.30000000000001,19.243549346923828,21.196418762207031,,
158.40000000000001,18.535816192626953,19.665973663330078,,
158.5,16.76519775390625,17.182514190673828,,
158.59999999999999,14.997138977050781,14.466552734375,,
158.69999999999999,13.82183837890625,12.376556396484375,,
158.80000000000001,13.024681091308594,11.3009033203125,,
158.90000000000001,12.396148681640625,10.618721008300781,,
159,11.8544921875,9.9237594604492188,,
159.09999999999999,11.453353881835938,9.3718795776367188,,
159.19999999999999,11.241287231445312,9.121490478515625,,
159.30000000000001,11.251510620117188,9.1342620849609375,,
159.40000000000001,11.57855224609375,9.3284454345703125,,
159.5,12.094657897949219,9.5711669921875,,
159.59999999999999,12.830497741699219,10.521629333496094,,
159.69999999999999,14.110557556152344,12.943771362304688,,
159.80000000000001,15.265419006347656,15.639293670654297,,
159.90000000000001,15.855621337890625,18.0716552734375,,
160,17.071800231933594,21.405929565429688,24.016010284423828,24.165708541870117
160.09999999999999,18.109130859375,24.027359008789062,,
160.19999999999999,17.480598449707031,24.203655242919922,,
160.30000000000001,17.056472778320312,24.655887603759766,,
160.40000000000001,18.188335418701172,26.807197570800781,,
160.5,19.780101776123047,29.060707092285156,,
160.59999999999999,20.125026702880859,29.944740295410156,,
160.69999999999999,18.788761138916016,28.498607635498047,,
160.80000000000001,17.403949737548828,25.386619567871094,,
160.90000000000001,15.9757080078125,23.245529174804688,,
161,13.74774169921875,23.631332397460938,,
161.09999999999999,12.449806213378906,23.495918273925781,,
161.19999999999999,12.263290405273438,21.158092498779297,,
161.30000000000001,17.309413909912109,20.110542297363281,,
161.40000000000001,17.889400482177734,17.841705322265625,,
161.5,13.5101318359375,14.456329345703125,,
161.59999999999999,13.193313598632812,13.120063781738281,,
161.69999999999999,11.642425537109375,11.852783203125,,
161.80000000000001,10.697074890136719,11.615165710449219,,
161.90000000000001,11.32049560546875,13.47265625,,
162,12.927589416503906,17.333259582519531,,
162.09999999999999,15.0916748046875,23.283855438232422,,
162.19999999999999,16.555686950683594,28.644245147705078,,
162.30000000000001,16.793304443359375,29.919189453125,,
162.40000000000001,16.28741455078125,28.235443115234375,,
162.5,15.326736450195312,25.340629577636719,,
162.59999999999999,14.619003295898438,22.195423126220703,,
162.69999999999999,14.396713256835938,19.45135498046875,,
162.80000000000001,14.2076416015625,17.320484161376953,,
162.90000000000001,14.22808837890625,16.54376220703125,,
163,14.749305725097656,17.082870483398438,,
163.09999999999999,15.513252258300781,17.836593627929688,,
163.19999999999999,16.049797058105469,18.000114440917969,,
163.30000000000001,15.784080505371094,17.289825439453125,,
163.40000000000001,14.828514099121094,15.843692779541016,,
163.5,14.041572570800781,14.596855163574219,,
163.59999999999999,13.009353637695312,13.462432861328125,,
163.69999999999999,12.253067016601562,12.522193908691406,,
163.80000000000001,12.16619873046875,11.745475769042969,,
163.90000000000001,12.053779602050781,11.497642517089844,,
164,12.506011962890625,13.081741333007812,,
164.09999999999999,13.354278564453125,14.990325927734375,,
164.19999999999999,14.04412841796875,15.968887329101562,,
164.30000000000001,14.619003295898438,16.891242980957031,,
164.40000000000001,15.812187194824219,18.380809783935547,,
164.5,17.329856872558594,20.182083129882812,,
164.59999999999999,17.999263763427734,21.012458801269531,,
164.69999999999999,17.707996368408203,19.972572326660156,,
164.80000000000001,16.956825256347656,17.8876953125,,
164.90000000000001,16.162223815917969,16.004657745361328,,
165,15.444267272949219,14.369461059570312,,
165.09999999999999,14.877052307128906,12.966766357421875,,
165.19999999999999,14.48358154296875,11.970314025878906,,
165.30000000000001,14.06201171875,10.98919677734375,,
165.40000000000001,13.525459289550781,10.079612731933594,,
165.5,13.078338623046875,9.7244720458984375,,
165.59999999999999,12.526458740234375,9.4050979614257812,,
165.69999999999999,11.711410522460938,8.78167724609375,,
165.80000000000001,11.036888122558594,8.403533935546875,,
165.90000000000001,10.656196594238281,8.5389480590820312,,
166,10.929580688476562,9.323333740234375,,
166.09999999999999,11.512123107910156,10.033622741699219,,
166.19999999999999,11.443138122558594,10.046401977539062,,
166.30000000000001,10.98834228515625,9.893096923828125,,
166.40000000000001,10.80438232421875,10.146041870117188,,
166.5,11.402252197265625,11.254913330078125,,
166.59999999999999,12.385932922363281,12.624397277832031,,
166.69999999999999,13.106437683105469,13.661727905273438,,
166.80000000000001,13.760520935058594,14.412895202636719,,
166.90000000000001,14.350723266601562,14.701606750488281,,
167,14.588340759277344,14.476768493652344,,
167.09999999999999,14.33795166015625,13.9146728515625,,
167.19999999999999,13.701751708984375,13.155838012695312,,
167.30000000000001,13.134544372558594,12.468536376953125,,
167.40000000000001,12.753852844238281,11.993309020996094,,
167.5,12.3680419921875,11.574287414550781,,
167.59999999999999,11.949028015136719,11.109275817871094,,
167.69999999999999,11.6705322265625,10.774574279785156,,
167.80000000000001,11.542778015136719,10.529296875,,
167.90000000000001,11.5223388671875,10.112831115722656,,
168,11.438026428222656,9.4638595581054688,,
168.09999999999999,11.305168151855469,8.9758529663085938,,
168.19999999999999,11.473793029785156,9.3386611938476562,,
168.30000000000001,12.018013000488281,10.370887756347656,,
168.40000000000001,12.779403686523438,11.574287414550781,,
168.5,13.433479309082031,12.787910461425781,,
168.59999999999999,14.041572570800781,14.175277709960938,,
168.69999999999999,14.897499084472656,16.206504821777344,,
168.80000000000001,15.978263854980469,18.631198883056641,,
168.90000000000001,16.834182739257812,20.595993041992188,,
169,17.360515594482422,22.146877288818359,,
169.09999999999999,17.853630065917969,23.736087799072266,,
169.19999999999999,18.38507080078125,25.161777496337891,,
169.30000000000001,19.049369812011719,26.605354309082031,,
169.40000000000001,19.828643798828125,28.245662689208984,,
169.5,20.633468627929688,29.755668640136719,,
169.59999999999999,21.471511840820312,30.987178802490234,,
169.69999999999999,22.120479583740234,31.746013641357422,,
169.80000000000001,22.667251586914062,32.356658935546875,,
169.90000000000001,23.405643463134766,33.363327026367188,,
170,24.223243713378906,34.620388031005859,22.088354110717773,15.228425979614258
170.09999999999999,24.961639404296875,35.931102752685547,,
170.19999999999999,25.475193023681641,36.935218811035156,,
170.30000000000001,25.827785491943359,37.451328277587891,,
170.40000000000001,26.159934997558594,37.773258209228516,,
170.5,26.290241241455078,38.003208160400391,,
170.59999999999999,25.820121765136719,37.745151519775391,,
170.69999999999999,24.517070770263672,36.485538482666016,,
170.80000000000001,22.848655700683594,34.584617614746094,,
170.90000000000001,21.379531860351562,32.923870086669922,,
171,20.199119567871094,30.611595153808594,,
171.09999999999999,19.376411437988281,29.173130035400391,,
171.19999999999999,18.735103607177734,28.110248565673828,,
171.30000000000001,17.989044189453125,26.288532257080078,,
171.40000000000001,17.276199340820312,25.034027099609375,,
171.5,16.800971984863281,23.342617034912109,,
171.59999999999999,16.514808654785156,22.333393096923828,,
171.69999999999999,16.26953125,21.091663360595703,,
171.80000000000001,15.929718017578125,19.686412811279297,,
171.90000000000001,15.536247253417969,18.909694671630859,,
172,15.135108947753906,18.061435699462891,,
172.09999999999999,14.754417419433594,17.187625885009766,,
172.19999999999999,14.2076416015625,16.032764434814453,,
172.30000000000001,13.5101318359375,14.765487670898438,,
172.40000000000001,13.045120239257812,13.789474487304688,,
172.5,12.776847839355469,12.805801391601562,,
172.59999999999999,12.490684509277344,12.138946533203125,,
172.69999999999999,12.178977966308594,11.290687561035156,,
172.80000000000001,11.920921325683594,10.886993408203125,,
172.90000000000001,11.708854675292969,10.513961791992188,,
173,11.706298828125,10.365776062011719,,
173.09999999999999,11.8544921875,10.278907775878906,,
173.19999999999999,11.680747985839844,9.8905410766601562,,
173.30000000000001,11.238739013671875,9.2364654541015625,,
173.40000000000001,10.927024841308594,9.0218429565429688,,
173.5,10.758392333984375,9.011627197265625,,
173.59999999999999,10.559104919433594,8.9937362670898438,,
173.69999999999999,10.347038269042969,9.0371780395507812,,
173.80000000000001,10.234619140625,9.2569046020507812,,
173.90000000000001,10.163078308105469,9.5916061401367188,,
174,9.9765625,9.8675460815429688,,
174.09999999999999,9.820709228515625,9.9518661499023438,,
174.19999999999999,9.6955184936523438,9.8036727905273438,,
174.30000000000001,9.4425735473632812,9.3769912719726562,,
174.40000000000001,9.2305068969726562,9.1419296264648438,,
174.5,9.1257476806640625,9.0090713500976562,,
174.59999999999999,9.0746536254882812,8.8992080688476562,,
174.69999999999999,9.0184402465820312,8.7688980102539062,,
174.80000000000001,8.9034652709960938,8.6718063354492188,,
174.90000000000001,8.7706069946289062,8.5644989013671875,,
175,8.7092819213867188,8.4393081665039062,,
175.09999999999999,8.872802734375,8.5542831420898438,,
175.19999999999999,9.2126235961914062,8.9707412719726562,,
175.30000000000001,9.600982666015625,9.5277328491210938,,
175.40000000000001,10.127311706542969,10.258460998535156,,
175.5,10.893814086914062,11.13482666015625,,
175.59999999999999,11.805946350097656,11.860450744628906,,
175.69999999999999,12.518791198730469,12.340789794921875,,
175.80000000000001,12.81005859375,12.524749755859375,,
175.90000000000001,12.725746154785156,12.248809814453125,,
176,12.477912902832031,11.561515808105469,,
176.09999999999999,12.09210205078125,10.600837707519531,,
176.19999999999999,11.731849670410156,9.6605911254882812,,
176.30000000000001,11.793167114257812,9.2645721435546875,,
176.40000000000001,12.411483764648438,9.535400390625,,
176.5,13.236747741699219,10.097496032714844,,
176.59999999999999,13.97003173828125,10.659599304199219,,
176.69999999999999,14.708427429199219,11.298347473144531,,
176.80000000000001,15.434043884277344,12.016304016113281,,
176.90000000000001,15.914382934570312,12.652496337890625,,
177,16.366622924804688,13.610626220703125,,
177.09999999999999,17.227653503417969,15.424674987792969,,
177.19999999999999,18.316085815429688,17.772720336914062,,
177.30000000000001,19.391738891601562,20.240848541259766,,
177.40000000000001,20.459728240966797,23.112667083740234,,
177.5,21.504726409912109,25.266532897949219,,
177.59999999999999,22.483291625976562,26.975830078125,,
177.69999999999999,23.270229339599609,28.179233551025391,,
177.80000000000001,23.891094207763672,29.252334594726562,,
177.90000000000001,24.501739501953125,30.169578552246094,,
178,25.033180236816406,31.178802490234375,,
178.09999999999999,25.590167999267578,32.208469390869141,,
178.19999999999999,26.075618743896484,33.235576629638672,,
178.30000000000001,25.840560913085938,33.460418701171875,,
178.40000000000001,24.726581573486328,32.356658935546875,,
178.5,23.290668487548828,30.412303924560547,,
178.59999999999999,21.818988800048828,28.398963928222656,,
178.69999999999999,20.367748260498047,26.518482208251953,,
178.80000000000001,19.23077392578125,24.732540130615234,,
178.90000000000001,18.56903076171875,23.304294586181641,,
179,18.142345428466797,22.185203552246094,,
179.09999999999999,17.664558410644531,20.884708404541016,,
179.19999999999999,17.082023620605469,18.996562957763672,,
179.30000000000001,16.502037048339844,16.589752197265625,,
179.40000000000001,15.927162170410156,14.200828552246094,,
179.5,15.296073913574219,12.284576416015625,,
179.59999999999999,14.626663208007812,10.886993408203125,,
179.69999999999999,13.885711669921875,9.7730178833007812,,
179.80000000000001,13.101333618164062,8.8889846801757812,,
179.90000000000001,12.462577819824219,8.367767333984375,,
180,11.995018005371094,8.1480331420898438,17.179670333862305,10.73729419708252
180.09999999999999,11.601547241210938,8.053497314453125,,
180.19999999999999,11.236183166503906,7.9972915649414062,,
180.30000000000001,10.893814086914062,7.9640731811523438,,
180.40000000000001,10.576988220214844,7.9461898803710938,,
180.5,10.293388366699219,7.925750732421875,,
180.59999999999999,10.065994262695312,7.86187744140625,,
180.69999999999999,9.8718109130859375,7.7928924560546875,,
180.80000000000001,9.7057342529296875,7.71368408203125,,
180.90000000000001,9.5856475830078125,7.611480712890625,,
181,9.4093551635742188,7.4326324462890625,,
181.09999999999999,9.2151718139648438,7.2512283325195312,,
181.19999999999999,9.130859375,7.2384567260742188,,
181.30000000000001,9.0874252319335938,7.2870025634765625,,
181.40000000000001,9.084869384765625,7.335540771484375,,
181.5,9.1180877685546875,7.3994216918945312,,
181.59999999999999,9.2432785034179688,7.5143966674804688,,
181.69999999999999,9.784942626953125,7.8082199096679688,,
181.80000000000001,11.059883117675781,8.201690673828125,,
181.90000000000001,12.710418701171875,8.6130447387695312,,
182,14.11566162109375,9.3667678833007812,,
182.09999999999999,15.232200622558594,10.478195190429688,,
182.19999999999999,15.970596313476562,11.607505798339844,,
182.30000000000001,16.560798645019531,12.833900451660156,,
182.40000000000001,17.337520599365234,14.387344360351562,,
182.5,18.142345428466797,16.114524841308594,,
182.59999999999999,19.000823974609375,17.869808197021484,,
182.69999999999999,19.905296325683594,19.589324951171875,,
182.80000000000001,20.771438598632812,21.165760040283203,,
182.90000000000001,21.537940979003906,22.611888885498047,,
183,22.240566253662109,24.244533538818359,,
183.09999999999999,22.955963134765625,25.44793701171875,,
183.19999999999999,23.6279296875,26.444389343261719,,
183.30000000000001,24.220691680908203,27.341194152832031,,
183.40000000000001,24.675479888916016,28.015712738037109,,
183.5,24.982078552246094,28.473056793212891,,
183.59999999999999,25.403656005859375,29.093921661376953,,
183.69999999999999,25.940204620361328,30.052047729492188,,
183.80000000000001,26.382221221923828,30.979515075683594,,
183.90000000000001,26.875335693359375,32.139484405517578,,
184,27.501308441162109,32.974967956542969,,
184.09999999999999,28.122173309326172,33.629047393798828,,
184.19999999999999,28.461990356445312,34.334228515625,,
184.30000000000001,28.096626281738281,34.653602600097656,,
184.40000000000001,26.785911560058594,34.022518157958984,,
184.5,25.143043518066406,32.7884521484375,,
184.59999999999999,23.615154266357422,31.334659576416016,,
184.69999999999999,22.120479583740234,29.584484100341797,,
184.80000000000001,20.607921600341797,27.405067443847656,,
184.90000000000001,19.115798950195312,25.059577941894531,,
185,17.881736755371094,23.120334625244141,,
185.09999999999999,16.941497802734375,21.393154144287109,,
185.19999999999999,16.266975402832031,19.295497894287109,,
185.30000000000001,15.750862121582031,17.031768798828125,,
185.40000000000001,15.370170593261719,14.755264282226562,,
185.5,14.879608154296875,12.501754760742188,,
185.59999999999999,14.240859985351562,10.6749267578125,,
185.69999999999999,13.6199951171875,9.3744354248046875,,
185.80000000000001,12.909706115722656,8.5057373046875,,
185.90000000000001,12.283729553222656,7.93341064453125,,
186,11.862152099609375,7.7085723876953125,,
186.09999999999999,11.527450561523438,7.649810791015625,,
186.19999999999999,11.269393920898438,7.6140365600585938,,
186.30000000000001,11.064994812011719,7.5961532592773438,,
186.40000000000001,10.891258239746094,7.5987091064453125,,
186.5,10.763504028320312,7.631927490234375,,
186.59999999999999,10.69451904296875,7.657470703125,,
186.69999999999999,10.69451904296875,7.6830215454101562,,
186.80000000000001,10.737953186035156,7.78778076171875,,
186.90000000000001,10.929580688476562,8.0228424072265625,,
187,11.591323852539062,8.2400131225585938,,
187.09999999999999,12.546897888183594,8.2323532104492188,,
187.19999999999999,13.405372619628906,8.2527923583984375,,
187.30000000000001,14.217864990234375,8.6488113403320312,,
187.40000000000001,15.020133972167969,9.3667678833007812,,
187.5,15.870948791503906,10.268684387207031,,
187.59999999999999,16.583793640136719,11.252357482910156,,
187.69999999999999,17.053916931152344,12.353561401367188,,
187.80000000000001,17.442276000976562,13.516090393066406,,
187.90000000000001,17.879180908203125,14.642845153808594,,
188,18.431060791015625,15.751712799072266,,
188.09999999999999,18.967609405517578,16.755828857421875,,
188.19999999999999,19.317646026611328,17.583648681640625,,
188.30000000000001,19.631908416748047,18.452350616455078,,
188.40000000000001,20.104583740234375,19.571437835693359,,
188.5,20.605365753173828,20.774845123291016,,
188.59999999999999,21.108699798583984,21.899044036865234,,
188.69999999999999,21.527721405029297,22.941482543945312,,
188.80000000000001,21.831764221191406,23.848506927490234,,
188.90000000000001,22.105148315429688,24.640560150146484,,
189,22.414306640625,25.322742462158203,,
189.09999999999999,22.580379486083984,25.560359954833984,,
189.19999999999999,22.562496185302734,25.384063720703125,,
189.30000000000001,22.554828643798828,25.281864166259766,,
189.40000000000001,22.401531219482422,25.187328338623047,,
189.5,21.816436767578125,24.6201171875,,
189.59999999999999,20.779106140136719,23.495918273925781,,
189.69999999999999,19.588474273681641,22.113662719726562,,
189.80000000000001,18.599689483642578,20.785064697265625,,
189.90000000000001,17.874069213867188,19.627647399902344,,
190,17.225101470947266,18.483009338378906,8.4033613204956055,10.533708572387695
190.09999999999999,16.494369506835938,17.146743774414062,,
190.19999999999999,15.837738037109375,15.825809478759766,,
190.30000000000001,15.454483032226562,14.824249267578125,,
190.40000000000001,15.270523071289062,14.001541137695312,,
190.5,15.178543090820312,13.217155456542969,,
190.59999999999999,15.048240661621094,12.412330627441406,,
190.69999999999999,14.88983154296875,11.638160705566406,,
190.80000000000001,14.703315734863281,11.0428466796875,,
190.90000000000001,14.532127380371094,10.498634338378906,,
191,14.488693237304688,9.8036727905273438,,
191.09999999999999,14.3916015625,9.1444854736328125,,
191.19999999999999,14.010910034179688,8.6079330444335938,,
191.30000000000001,13.581672668457031,8.237457275390625,,
191.40000000000001,13.374717712402344,8.1429214477539062,,
191.5,13.280181884765625,8.109710693359375,,
191.59999999999999,13.213752746582031,8.0305023193359375,,
191.69999999999999,13.078338623046875,7.9308624267578125,,
191.80000000000001,12.863716125488281,7.851654052734375,,
191.90000000000001,12.666976928710938,7.815887451171875,,
192,12.490684509277344,7.7698974609375,,
192.09999999999999,12.347602844238281,7.69580078125,,
192.19999999999999,12.237739562988281,7.6293716430664062,,
192.30000000000001,12.140647888183594,7.5220565795898438,,
192.40000000000001,11.920921325683594,7.3074417114257812,,
192.5,11.678192138671875,7.1285858154296875,,
192.59999999999999,11.596435546875,7.1566925048828125,,
192.69999999999999,11.50445556640625,7.2129058837890625,,
192.80000000000001,11.422698974609375,7.2767791748046875,,
192.90000000000001,11.340934753417969,7.5808258056640625,,
193,11.087989807128906,7.8797607421875,,
193.09999999999999,10.8963623046875,7.9564056396484375,,
193.19999999999999,10.796722412109375,7.8005523681640625,,
193.30000000000001,10.679191589355469,7.685577392578125,,
193.40000000000001,10.553993225097656,7.4173049926757812,,
193.5,10.278053283691406,7.0953750610351562,,
193.59999999999999,10.020004272460938,6.6993484497070312,,
193.69999999999999,9.92291259765625,6.5434951782226562,,
193.80000000000001,9.6776275634765625,6.5537109375,,
193.90000000000001,9.2560577392578125,6.6252517700195312,,
194,9.1155319213867188,6.8654251098632812,,
194.09999999999999,9.2253952026367188,7.1924667358398438,,
194.19999999999999,9.2637176513671875,7.4862899780273438,,
194.30000000000001,9.342926025390625,7.907867431640625,,
194.40000000000001,9.5243301391601562,8.3319931030273438,,
194.5,9.6801834106445312,8.55938720703125,,
194.59999999999999,9.8079376220703125,8.8225555419921875,,
194.69999999999999,10.017448425292969,9.1189346313476562,,
194.80000000000001,10.270393371582031,9.4945220947265625,,
194.90000000000001,10.485008239746094,9.7730178833007812,,
195,10.599983215332031,9.8343353271484375,,
195.09999999999999,10.54888916015625,9.7168045043945312,,
195.19999999999999,10.352149963378906,9.4280929565429688,,
195.30000000000001,10.145195007324219,9.0857162475585938,,
195.40000000000001,9.9995574951171875,8.6488113403320312,,
195.5,9.8283767700195312,8.3422164916992188,,
195.59999999999999,9.6725234985351562,8.071380615234375,,
195.69999999999999,9.5830917358398438,7.979400634765625,,
195.80000000000001,9.5319976806640625,7.93341064453125,,
195.90000000000001,9.5064468383789062,7.887420654296875,,
196,9.5192184448242188,7.869537353515625,,
196.09999999999999,9.6674118041992188,8.053497314453125,,
196.19999999999999,10.060882568359375,8.3703231811523438,,
196.30000000000001,10.674079895019531,8.8225555419921875,,
196.40000000000001,11.269393920898438,9.425537109375,,
196.5,11.900482177734375,10.271240234375,,
196.59999999999999,12.7742919921875,11.68670654296875,,
196.69999999999999,13.862716674804688,13.1788330078125,,
196.80000000000001,14.869392395019531,14.85235595703125,,
196.90000000000001,15.694656372070312,16.500328063964844,,
197,16.254203796386719,17.995002746582031,,
197.09999999999999,16.721763610839844,19.673637390136719,,
197.19999999999999,17.17144775390625,21.428924560546875,,
197.30000000000001,17.263423919677734,22.387050628662109,,
197.40000000000001,17.375846862792969,22.522464752197266,,
197.5,17.787200927734375,23.271080017089844,,
197.59999999999999,17.978824615478516,24.556243896484375,,
197.69999999999999,17.784645080566406,25.146450042724609,,
197.80000000000001,17.787200927734375,25.005924224853516,,
197.90000000000001,18.055473327636719,24.908832550048828,,
198,18.216438293457031,25.103012084960938,,
198.09999999999999,18.466831207275391,25.389175415039062,,
198.19999999999999,18.801536560058594,25.966602325439453,,
198.30000000000001,18.898624420166016,26.855743408203125,,
198.40000000000001,18.819419860839844,27.512378692626953,,
198.5,18.712108612060547,27.982498168945312,,
198.59999999999999,18.620128631591797,28.123023986816406,,
198.69999999999999,18.602245330810547,28.028488159179688,,
198.80000000000001,18.714664459228516,28.146018981933594,,
198.90000000000001,18.676342010498047,28.008049011230469,,
199,18.589469909667969,27.80364990234375,,
199.09999999999999,18.474494934082031,27.755104064941406,,
199.19999999999999,18.249656677246094,27.864967346191406,,
199.30000000000001,18.2930908203125,28.227779388427734,,
199.40000000000001,18.461719512939453,28.797542572021484,,
199.5,18.512821197509766,29.20123291015625,,
199.59999999999999,18.576694488525391,29.380084991455078,,
199.69999999999999,18.7708740234375,29.592147827148438,,
199.80000000000001,19.034038543701172,29.814434051513672,,
199.90000000000001,19.279319763183594,29.832317352294922,,
200,19.580810546875,29.788883209228516,8.1300811767578125,8.1799592971801758
200.09999999999999,19.813316345214844,29.763332366943359,,
200.19999999999999,19.772434234619141,29.558933258056641,,
200.30000000000001,19.432621002197266,28.7413330078125,,
200.40000000000001,19.031486511230469,27.083137512207031,,
200.5,18.425949096679688,25.381507873535156,,
200.59999999999999,17.564914703369141,23.817848205566406,,
200.69999999999999,17.018142700195312,22.338504791259766,,
200.80000000000001,16.977264404296875,21.428924560546875,,
200.90000000000001,17.140785217285156,20.749294281005859,,
201,17.199550628662109,19.780948638916016,,
201.09999999999999,17.028366088867188,18.541774749755859,,
201.19999999999999,16.558242797851562,16.993442535400391,,
201.30000000000001,15.791748046875,15.171730041503906,,
201.40000000000001,14.887275695800781,13.56463623046875,,
201.5,14.100334167480469,12.463432312011719,,
201.59999999999999,13.43603515625,11.663711547851562,,
201.69999999999999,12.853492736816406,11.035186767578125,,
201.80000000000001,12.316947937011719,10.534400939941406,,
201.90000000000001,11.818717956542969,10.184371948242188,,
202,11.39459228515625,9.9825210571289062,,
202.09999999999999,11.067550659179688,9.7755661010742188,,
202.19999999999999,10.814605712890625,9.5200729370117188,,
202.30000000000001,10.651084899902344,9.2390213012695312,,
202.40000000000001,10.656196594238281,8.9528579711914062,,
202.5,10.773727416992188,8.6564788818359375,,
202.59999999999999,10.847824096679688,8.3371047973632812,,
202.69999999999999,10.924468994140625,8.1505889892578125,,
202.80000000000001,11.0087890625,8.1122665405273438,,
202.90000000000001,11.049667358398438,7.9972915649414062,,
203,11.075218200683594,7.8286590576171875,,
203.09999999999999,11.085433959960938,7.7085723876953125,,
203.19999999999999,11.116096496582031,7.6012649536132812,,
203.30000000000001,11.179969787597656,7.519500732421875,,
203.40000000000001,11.233627319335938,7.4811782836914062,,
203.5,11.233627319335938,7.4709625244140625,,
203.59999999999999,11.162086486816406,7.4402999877929688,,
203.69999999999999,10.944908142089844,7.2537841796875,,
203.80000000000001,10.640869140625,7.0008392333984375,,
203.90000000000001,10.433914184570312,6.9114151000976562,,
204,10.324043273925781,6.9471817016601562,,
204.09999999999999,10.249954223632812,7.0110626220703125,,
204.19999999999999,10.209068298339844,7.0749359130859375,,
204.30000000000001,10.191184997558594,7.1183700561523438,,
204.40000000000001,10.242286682128906,7.2001266479492188,,
204.5,10.576988220214844,7.4709625244140625,,
204.59999999999999,11.4124755859375,7.8644256591796875,,
204.69999999999999,12.577552795410156,8.2604522705078125,,
204.80000000000001,13.561233520507812,8.735687255859375,,
204.90000000000001,14.353279113769531,9.5967178344726562,,
205,15.175987243652344,10.958534240722656,,
205.09999999999999,15.978263854980469,12.601402282714844,,
205.19999999999999,16.834182739257812,14.479324340820312,,
205.30000000000001,17.761650085449219,16.579532623291016,,
205.40000000000001,18.717220306396484,18.827934265136719,,
205.5,19.713668823242188,21.073780059814453,,
205.59999999999999,20.630916595458984,23.028354644775391,,
205.69999999999999,21.4945068359375,24.701877593994141,,
205.80000000000001,22.444965362548828,26.510818481445312,,
205.90000000000001,23.441413879394531,28.685123443603516,,
206,24.478744506835938,31.038276672363281,,
206.09999999999999,25.554401397705078,33.381214141845703,,
206.19999999999999,26.474201202392578,35.637279510498047,,
206.30000000000001,27.30712890625,37.635288238525391,,
206.40000000000001,28.1170654296875,39.122299194335938,,
206.5,28.904003143310547,40.558208465576172,,
206.59999999999999,29.721603393554688,42.525558471679688,,
206.69999999999999,30.495769500732422,44.853164672851562,,
206.80000000000001,31.33636474609375,47.551242828369141,,
206.90000000000001,32.276603698730469,51.243217468261719,,
207,33.428909301757812,53.931076049804688,,
207.09999999999999,34.867374420166016,57.589836120605469,,
207.19999999999999,36.298175811767578,60.620067596435547,,
207.30000000000001,37.603778839111328,63.295150756835938,,
207.40000000000001,38.756084442138672,66.03155517578125,,
207.5,39.655445098876953,69.156318664550781,,
207.59999999999999,40.048915863037109,71.266754150390625,,
207.69999999999999,39.486812591552734,71.279525756835938,,
207.80000000000001,38.426490783691406,70.607559204101562,,
207.90000000000001,37.171985626220703,69.979034423828125,,
208,35.319610595703125,68.210968017578125,,
208.09999999999999,32.659854888916016,64.759170532226562,,
208.19999999999999,29.279590606689453,59.8331298828125,,
208.30000000000001,25.485416412353516,53.777778625488281,,
208.40000000000001,22.087265014648438,47.369838714599609,,
208.5,19.900184631347656,42.157638549804688,,
208.59999999999999,18.883296966552734,38.695613861083984,,
208.69999999999999,18.436168670654297,36.237701416015625,,
208.80000000000001,18.012039184570312,34.193702697753906,,
208.90000000000001,17.577690124511719,32.338771820068359,,
209,16.964492797851562,30.2130126953125,,
209.09999999999999,16.129005432128906,27.709114074707031,,
209.19999999999999,15.388053894042969,25.304859161376953,,
209.30000000000001,14.877052307128906,23.196983337402344,,
209.40000000000001,14.48358154296875,21.329277038574219,,
209.5,14.2459716796875,19.502452850341797,,
209.59999999999999,14.179542541503906,17.749725341796875,,
209.69999999999999,14.021133422851562,15.951004028320312,,
209.80000000000001,13.653213500976562,14.216156005859375,,
209.90000000000001,13.336387634277344,12.833900451660156,,
210,13.111549377441406,11.604949951171875,2.566295862197876,0
210.09999999999999,12.817726135253906,10.421981811523438,,
210.19999999999999,12.518791198730469,9.4536361694335938,,
210.30000000000001,12.24029541015625,8.8021163940429688,,
210.40000000000001,11.849380493164062,8.4239730834960938,,
210.5,11.358818054199219,8.1710281372070312,,
210.59999999999999,10.914253234863281,7.925750732421875,,
210.69999999999999,10.556549072265625,7.7750015258789062,,
210.80000000000001,10.25250244140625,7.6881332397460938,,
210.90000000000001,10.03277587890625,7.5884857177734375,,
211,9.9356842041015625,7.4454116821289062,,
211.09999999999999,9.8309326171875,7.1771316528320312,,
211.19999999999999,9.6265335083007812,6.896087646484375,,
211.30000000000001,9.4604568481445312,6.7811126708984375,,
211.40000000000001,9.3940277099609375,6.7632217407226562,,
211.5,9.360809326171875,6.8066558837890625,,
211.59999999999999,9.3582534790039062,6.9011917114257812,,
211.69999999999999,9.4502334594726562,7.05194091796875,,
211.80000000000001,9.9356842041015625,7.3585357666015625,,
211.90000000000001,11.159530639648438,7.6906890869140625,,
212,12.649093627929688,7.9640731811523438,,
212.09999999999999,13.740081787109375,8.4929580688476562,,
212.19999999999999,14.498916625976562,9.397430419921875,,
212.30000000000001,15.063568115234375,10.493522644042969,,
212.40000000000001,15.336952209472656,11.763359069824219,,
212.5,15.541358947753906,13.296356201171875,,
212.59999999999999,15.924606323242188,15.041427612304688,,
212.69999999999999,16.422828674316406,16.904018402099609,,
212.80000000000001,16.918502807617188,18.983787536621094,,
212.90000000000001,17.396286010742188,21.165760040283203,,
213,17.894508361816406,23.260860443115234,,
213.09999999999999,18.362075805664062,25.368732452392578,,
213.19999999999999,18.86285400390625,27.481719970703125,,
213.30000000000001,19.348304748535156,29.380084991455078,,
213.40000000000001,19.703449249267578,31.033168792724609,,
213.5,20.086700439453125,32.670925140380859,,
213.59999999999999,20.600254058837891,34.224365234375,,
213.69999999999999,21.170021057128906,35.466094970703125,,
213.80000000000001,21.729564666748047,36.452323913574219,,
213.90000000000001,22.212459564208984,37.415557861328125,,
214,22.613594055175781,38.248489379882812,,
214.09999999999999,22.866539001464844,38.590858459472656,,
214.19999999999999,22.8179931640625,38.169284820556641,,
214.30000000000001,22.7081298828125,37.612293243408203,,
214.40000000000001,22.723461151123047,37.415557861328125,,
214.5,22.764339447021484,37.139617919921875,,
214.59999999999999,22.626369476318359,36.477874755859375,,
214.69999999999999,22.023391723632812,35.151828765869141,,
214.80000000000001,21.118919372558594,33.143596649169922,,
214.90000000000001,20.199119567871094,30.703575134277344,,
215,19.437728881835938,27.91351318359375,,
215.09999999999999,18.740215301513672,25.1719970703125,,
215.19999999999999,17.909839630126953,22.887828826904297,,
215.30000000000001,17.130561828613281,20.882152557373047,,
215.40000000000001,16.591461181640625,18.643974304199219,,
215.5,16.25164794921875,16.301040649414062,,
215.59999999999999,15.957817077636719,14.15228271484375,,
215.69999999999999,15.709983825683594,12.174713134765625,,
215.80000000000001,15.408493041992188,10.646827697753906,,
215.90000000000001,14.986923217773438,9.5762786865234375,,
216,14.340507507324219,8.6743621826171875,,
216.09999999999999,13.65576171875,8.0407257080078125,,
216.19999999999999,13.183090209960938,7.8414306640625,,
216.30000000000001,12.753852844238281,7.8312149047851562,,
216.40000000000001,12.345046997070312,7.8082199096679688,,
216.5,11.977127075195312,7.7545623779296875,,
216.59999999999999,11.644981384277344,7.7111282348632812,,
216.69999999999999,11.379257202148438,7.6728057861328125,,
216.80000000000001,11.254066467285156,7.5092849731445312,,
216.90000000000001,11.182525634765625,7.30999755859375,,
217,11.070106506347656,7.2103500366210938,,
217.09999999999999,10.898918151855469,7.1464767456054688,,
217.19999999999999,10.735397338867188,7.0570526123046875,,
217.30000000000001,10.628089904785156,6.949737548828125,,
217.40000000000001,10.416023254394531,6.765777587890625,,
217.5,10.25250244140625,6.5792617797851562,,
217.59999999999999,10.191184997558594,6.5434951782226562,,
217.69999999999999,10.0889892578125,6.5613784790039062,,
217.80000000000001,10.014892578125,6.5716018676757812,,
217.90000000000001,9.9535675048828125,6.620147705078125,,
218,9.905029296875,6.6661376953125,,
218.09999999999999,9.8564834594726562,6.655914306640625,,
218.19999999999999,9.7926025390625,6.6405868530273438,,
218.30000000000001,9.7593917846679688,6.6610260009765625,,
218.40000000000001,9.7261734008789062,6.691680908203125,,
218.5,9.7185134887695312,6.7376708984375,,
218.59999999999999,9.7951583862304688,6.7095718383789062,,
218.69999999999999,9.8922500610351562,6.68402099609375,,
218.80000000000001,10.178413391113281,6.967620849609375,,
218.90000000000001,10.827377319335938,7.4173049926757812,,
219,11.74462890625,7.8363265991210938,,
219.09999999999999,12.613327026367188,8.4367523193359375,,
219.19999999999999,13.175422668457031,9.3003387451171875,,
219.30000000000001,13.571449279785156,10.396430969238281,,
219.40000000000001,13.954696655273438,11.809349060058594,,
219.5,14.312400817871094,13.567192077636719,,
219.59999999999999,14.716087341308594,15.475776672363281,,
219.69999999999999,15.359947204589844,17.412464141845703,,
219.80000000000001,16.190322875976562,19.333824157714844,,
219.90000000000001,17.061576843261719,21.173423767089844,,
220,18.042701721191406,22.974697113037109,0,0
220.09999999999999,19.067256927490234,24.660999298095703,,
220.19999999999999,20.010051727294922,26.232322692871094,,
220.30000000000001,20.835315704345703,27.772987365722656,,
220.40000000000001,21.555824279785156,29.344314575195312,,
220.5,22.238010406494141,31.051052093505859,,
220.59999999999999,22.869094848632812,32.545726776123047,,
220.69999999999999,23.459300994873047,33.478302001953125,,
220.80000000000001,24.013736724853516,34.237136840820312,,
220.90000000000001,24.611606597900391,35.197818756103516,,
221,25.245243072509766,36.288803100585938,,
221.09999999999999,25.738361358642578,37.395118713378906,,
221.19999999999999,26.177818298339844,38.373683929443359,,
221.30000000000001,26.676044464111328,39.02520751953125,,
221.40000000000001,26.972423553466797,39.582199096679688,,
221.5,27.003086090087891,39.564311981201172,,
221.59999999999999,27.051628112792969,39.39312744140625,,
221.69999999999999,27.276470184326172,39.715057373046875,,
221.80000000000001,27.631614685058594,40.328258514404297,,
221.90000000000001,27.953544616699219,40.926128387451172,,
222,28.265254974365234,41.424354553222656,,
222.09999999999999,28.566745758056641,41.805049896240234,,
222.19999999999999,28.750705718994141,42.195964813232422,,
222.30000000000001,28.873344421386719,42.436134338378906,,
222.40000000000001,29.070079803466797,42.492343902587891,,
222.5,29.527423858642578,42.942024230957031,,
222.59999999999999,30.227493286132812,44.010013580322266,,
222.69999999999999,30.840694427490234,45.205753326416016,,
222.80000000000001,31.372135162353516,46.358058929443359,,
222.90000000000001,31.901020050048828,47.510364532470703,,
223,32.097755432128906,48.44549560546875,,
223.09999999999999,32.113082885742188,48.882400512695312,,
223.19999999999999,32.281715393066406,49.051025390625,,
223.30000000000001,32.51422119140625,49.303970336914062,,
223.40000000000001,32.657299041748047,49.674446105957031,,
223.5,32.613864898681641,50.037258148193359,,
223.59999999999999,32.353256225585938,49.996376037597656,,
223.69999999999999,32.059429168701172,49.3831787109375,,
223.80000000000001,31.576534271240234,48.545135498046875,,
223.90000000000001,30.396125793457031,47.446487426757812,,
224,28.574409484863281,45.4459228515625,,
224.09999999999999,26.627498626708984,42.793834686279297,,
224.19999999999999,24.739353179931641,39.919456481933594,,
224.30000000000001,22.830768585205078,36.881565093994141,,
224.40000000000001,21.011611938476562,33.958644866943359,,
224.5,19.432621002197266,31.171138763427734,,
224.59999999999999,18.157676696777344,28.475612640380859,,
224.69999999999999,17.130561828613281,26.010040283203125,,
224.80000000000001,16.356399536132812,23.935379028320312,,
224.90000000000001,15.771308898925781,22.190315246582031,,
225,15.380393981933594,20.644538879394531,,
225.09999999999999,14.994583129882812,19.154972076416016,,
225.19999999999999,14.662437438964844,17.928573608398438,,
225.30000000000001,14.552566528320312,17.133968353271484,,
225.40000000000001,14.458038330078125,16.456893920898438,,
225.5,14.383941650390625,15.738937377929688,,
225.59999999999999,14.37371826171875,14.957107543945312,,
225.69999999999999,14.396713256835938,14.144622802734375,,
225.80000000000001,14.417152404785156,13.296356201171875,,
225.90000000000001,14.378829956054688,12.506866455078125,,
226,14.271522521972656,11.886001586914062,,
226.09999999999999,14.192314147949219,11.346893310546875,,
226.19999999999999,14.184646606445312,10.736251831054688,,
226.30000000000001,14.15399169921875,10.018295288085938,,
226.40000000000001,13.921485900878906,9.2824554443359375,,
226.5,13.614883422851562,8.7586822509765625,,
226.59999999999999,13.3619384765625,8.5542831420898438,,
226.69999999999999,13.1038818359375,8.4852981567382812,,
226.80000000000001,12.843276977539062,8.4239730834960938,,
226.90000000000001,12.577552795410156,8.2911148071289062,,
227,12.293952941894531,8.1608123779296875,,
227.09999999999999,11.995018005371094,8.1199264526367188,,
227.19999999999999,11.701187133789062,8.11737060546875,,
227.30000000000001,11.463577270507812,8.11737060546875,,
227.40000000000001,11.307723999023438,8.0994873046875,,
227.5,11.167198181152344,7.979400634765625,,
227.59999999999999,10.914253234863281,7.7520065307617188,,
227.69999999999999,10.635757446289062,7.6421432495117188,,
227.80000000000001,10.446685791015625,7.6983566284179688,,
227.90000000000001,10.3087158203125,7.7315673828125,,
228,10.229507446289062,7.7060165405273438,,
228.09999999999999,10.18096923828125,7.6549224853515625,,
228.19999999999999,10.091537475585938,7.5859375,,
228.30000000000001,9.9356842041015625,7.5322799682617188,,
228.40000000000001,9.8079376220703125,7.4735107421875,,
228.5,9.7415084838867188,7.3968658447265625,,
228.59999999999999,9.6827392578125,7.3023300170898438,,
228.69999999999999,9.5345535278320312,7.1055908203125,,
228.80000000000001,9.3556976318359375,6.9114151000976562,,
228.90000000000001,9.24072265625,6.8781967163085938,,
229,9.1640777587890625,6.8986358642578125,,
229.09999999999999,9.1461868286132812,6.9088592529296875,,
229.19999999999999,9.1334152221679688,6.9599609375,,
229.30000000000001,9.1104202270507812,7.0366058349609375,,
229.40000000000001,9.1053085327148438,7.0825958251953125,,
229.5,9.1053085327148438,7.1055908203125,,
229.59999999999999,9.1180877685546875,7.1055908203125,,
229.69999999999999,9.0542068481445312,6.9701766967773438,,
229.80000000000001,8.918792724609375,6.7760009765625,,
229.90000000000001,8.8574752807617188,6.7530059814453125,,
230,8.8344802856445312,6.821990966796875,3.7878787517547607,3.7783374786376953
230.09999999999999,8.8395919799804688,6.896087646484375,,
230.19999999999999,8.9162368774414062,7.0340576171875,,
230.30000000000001,9.0720977783203125,7.2793350219726562,,
230.40000000000001,9.4911117553710938,7.6651382446289062,,
230.5,10.311271667480469,8.0867156982421875,,
230.59999999999999,11.297500610351562,8.5082931518554688,,
230.69999999999999,11.989906311035156,8.7152481079101562,,
230.80000000000001,12.345046997070312,8.7765655517578125,,
230.90000000000001,12.674644470214844,9.1189346313476562,,
231,13.063003540039062,9.5941619873046875,,
231.09999999999999,13.494796752929688,9.967193603515625,,
231.19999999999999,13.959808349609375,10.248245239257812,,
231.30000000000001,14.437591552734375,10.498634338378906,,
231.40000000000001,14.897499084472656,10.743911743164062,,
231.5,15.29351806640625,11.02496337890625,,
231.59999999999999,15.436599731445312,11.229362487792969,,
231.69999999999999,15.431488037109375,11.54107666015625,,
231.80000000000001,15.528579711914062,12.282020568847656,,
231.90000000000001,15.663993835449219,13.19671630859375,,
232,15.850509643554688,14.121627807617188,,
232.09999999999999,16.174995422363281,15.133407592773438,,
232.19999999999999,16.604232788085938,16.150295257568359,,
232.30000000000001,17.112678527832031,17.080314636230469,,
232.40000000000001,17.493373870849609,17.97967529296875,,
232.5,17.672225952148438,18.968460083007812,,
232.59999999999999,18.037590026855469,20.210189819335938,,
232.69999999999999,18.775985717773438,21.579669952392578,,
232.80000000000001,19.611469268798828,22.841838836669922,,
232.90000000000001,20.349864959716797,24.032466888427734,,
233,20.986061096191406,25.138782501220703,,
233.09999999999999,21.525165557861328,26.043254852294922,,
233.19999999999999,22.041275024414062,26.853187561035156,,
233.30000000000001,22.641700744628906,27.716777801513672,,
233.40000000000001,23.303443908691406,28.680011749267578,,
233.5,23.985630035400391,29.862979888916016,,
233.59999999999999,24.629489898681641,31.171138763427734,,
233.69999999999999,25.219696044921875,32.522731781005859,,
233.80000000000001,25.776683807373047,33.899879455566406,,
233.90000000000001,26.254470825195312,35.174823760986328,,
234,26.716926574707031,36.286247253417969,,
234.09999999999999,27.184490203857422,37.200939178466797,,
234.19999999999999,27.65716552734375,38.17950439453125,,
234.30000000000001,28.101734161376953,39.459556579589844,,
234.40000000000001,28.331684112548828,40.6629638671875,,
234.5,28.456878662109375,41.700294494628906,,
234.59999999999999,28.689384460449219,42.696743011474609,,
234.69999999999999,28.881008148193359,43.593547821044922,,
234.80000000000001,29.057304382324219,44.380489349365234,,
234.90000000000001,29.440555572509766,45.062671661376953,,
235,29.803363800048828,45.491912841796875,,
235.09999999999999,30.186614990234375,45.916042327880859,,
235.19999999999999,30.804924011230469,47.045352935791016,,
235.30000000000001,31.267379760742188,48.8670654296875,,
235.40000000000001,31.512660980224609,51.079696655273438,,
235.5,31.885688781738281,53.220787048339844,,
235.59999999999999,32.529548645019531,54.896865844726562,,
235.69999999999999,33.257724761962891,56.256126403808594,,
235.80000000000001,33.919467926025391,57.462089538574219,,
235.90000000000001,34.333377838134766,58.757472991943359,,
236,34.550556182861328,60.185714721679688,,
236.09999999999999,35.046222686767578,61.859241485595703,,
236.19999999999999,35.822944641113281,63.6962890625,,
236.30000000000001,36.418258666992188,64.800048828125,,
236.40000000000001,36.793846130371094,65.012115478515625,,
236.5,37.036567687988281,65.206291198730469,,
236.59999999999999,37.057010650634766,65.758171081542969,,
236.69999999999999,37.054454803466797,66.310050964355469,,
236.80000000000001,37.194980621337891,66.560440063476562,,
236.90000000000001,37.447925567626953,66.902809143066406,,
237,37.685539245605469,67.4495849609375,,
237.09999999999999,37.943595886230469,67.955474853515625,,
237.19999999999999,37.872055053710938,68.216079711914062,,
237.30000000000001,37.391716003417969,68.067893981933594,,
237.40000000000001,36.906265258789062,67.840499877929688,,
237.5,36.183200836181641,67.546669006347656,,
237.59999999999999,35.352825164794922,66.361152648925781,,
237.69999999999999,35.135650634765625,64.899688720703125,,
237.80000000000001,35.467800140380859,64.552215576171875,,
237.90000000000001,35.638984680175781,64.797492980957031,,
238,35.452468872070312,64.76171875,,
238.09999999999999,35.186748504638672,64.636528015136719,,
238.19999999999999,35.01556396484375,64.807708740234375,,
238.30000000000001,34.662975311279297,64.623748779296875,,
238.40000000000001,33.730400085449219,63.453559875488281,,
238.5,32.263828277587891,61.593521118164062,,
238.59999999999999,30.41656494140625,59.140724182128906,,
238.69999999999999,28.416000366210938,55.972522735595703,,
238.80000000000001,26.36944580078125,52.467063903808594,,
238.90000000000001,24.251350402832031,48.907947540283203,,
239,22.189464569091797,45.267074584960938,,
239.09999999999999,20.362640380859375,41.805049896240234,,
239.19999999999999,18.778541564941406,38.700721740722656,,
239.30000000000001,17.39117431640625,35.629611968994141,,
239.40000000000001,16.300193786621094,32.338771820068359,,
239.5,15.589897155761719,29.211452484130859,,
239.59999999999999,15.2015380859375,26.55169677734375,,
239.69999999999999,14.986923217773438,24.229202270507812,,
239.80000000000001,14.892387390136719,22.180095672607422,,
239.90000000000001,14.854057312011719,20.478462219238281,,
240,14.848953247070312,19.00933837890625,4.3859648704528809,5.1903114318847656
240.09999999999999,14.795295715332031,17.667964935302734,,
240.19999999999999,14.774856567382812,16.209060668945312,,
240.30000000000001,14.716087341308594,14.188056945800781,,
240.40000000000001,14.4656982421875,12.136390686035156,,
240.5,14.266410827636719,10.603385925292969,,
240.59999999999999,14.108001708984375,9.4536361694335938,,
240.69999999999999,13.673652648925781,8.7612380981445312,,
240.80000000000001,13.05023193359375,8.4648513793945312,,
240.90000000000001,12.511123657226562,8.3600997924804688,,
241,12.035896301269531,8.3652114868164062,,
241.09999999999999,11.563217163085938,8.3933181762695312,,
241.19999999999999,11.116096496582031,8.3984222412109375,,
241.30000000000001,10.750732421875,8.4444122314453125,,
241.40000000000001,10.385368347167969,8.4188613891601562,,
241.5,9.9893417358398438,8.2451248168945312,,
241.59999999999999,9.654632568359375,8.109710693359375,,
241.69999999999999,9.3761367797851562,8.091827392578125,,
241.80000000000001,9.1206436157226562,8.0969314575195312,,
241.90000000000001,8.9060211181640625,8.0943756103515625,,
242,8.7143936157226562,8.1327056884765625,,
242.09999999999999,8.543212890625,8.1940231323242188,,
242.19999999999999,8.4103469848632812,8.2042465209960938,,
242.30000000000001,8.3055953979492188,8.1582565307617188,,
242.40000000000001,8.1701812744140625,7.9691848754882812,,
242.5,7.9913330078125,7.667694091796875,,
242.59999999999999,7.853363037109375,7.4811782836914062,,
242.69999999999999,7.7486038208007812,7.4300765991210938,,
242.80000000000001,7.6642913818359375,7.3943099975585938,,
242.90000000000001,7.6361846923828125,7.3534317016601562,,
243,7.6285171508789062,7.3483200073242188,,
243.09999999999999,7.595306396484375,7.3610916137695312,,
243.19999999999999,7.5697555541992188,7.3534317016601562,,
243.30000000000001,7.56719970703125,7.27166748046875,,
243.40000000000001,7.4905471801757812,7.0851516723632812,,
243.5,7.38323974609375,6.9446258544921875,,
243.59999999999999,7.3321380615234375,6.9522933959960938,,
243.69999999999999,7.3040390014648438,6.9931716918945312,,
243.80000000000001,7.2861480712890625,7.0110626220703125,,
243.90000000000001,7.2887039184570312,7.0161666870117188,,
244,7.2861480712890625,7.0033950805664062,,
244.09999999999999,7.3065872192382812,7.0085067749023438,,
244.19999999999999,7.355133056640625,7.0442733764648438,,
244.30000000000001,7.3525772094726562,6.9599609375,,
244.40000000000001,7.3270339965820312,6.8245468139648438,,
244.5,7.3576889038085938,6.8245468139648438,,
244.59999999999999,7.45733642578125,6.9344100952148438,,
244.69999999999999,7.7767105102539062,7.2103500366210938,,
244.80000000000001,8.3975753784179688,7.7213516235351562,,
244.90000000000001,9.1794052124023438,8.3984222412109375,,
245,10.0889892578125,9.0933837890625,,
245.09999999999999,10.965347290039062,9.691253662109375,,
245.19999999999999,11.46868896484375,9.9927444458007812,,
245.30000000000001,11.739517211914062,10.153709411621094,,
245.40000000000001,12.041007995605469,10.529296875,,
245.5,12.414031982421875,11.032630920410156,,
245.59999999999999,12.840721130371094,11.54107666015625,,
245.69999999999999,13.223968505859375,12.023971557617188,,
245.80000000000001,13.538238525390625,12.473648071289062,,
245.90000000000001,13.888267517089844,12.93865966796875,,
246,14.243415832519531,13.383232116699219,,
246.09999999999999,14.481033325195312,13.700050354003906,,
246.19999999999999,14.746749877929688,14.096076965332031,,
246.30000000000001,15.152992248535156,14.773147583007812,,
246.40000000000001,15.595008850097656,15.557533264160156,,
246.5,16.042137145996094,16.313812255859375,,
246.59999999999999,16.519920349121094,17.036880493164062,,
246.69999999999999,17.033477783203125,17.698623657226562,,
246.80000000000001,17.570026397705078,18.260723114013672,,
246.90000000000001,17.986488342285156,18.572433471679688,,
247,18.351856231689453,18.889255523681641,,
247.09999999999999,18.809200286865234,19.530559539794922,,
247.19999999999999,19.266544342041016,20.271507263183594,,
247.30000000000001,19.741775512695312,20.963912963867188,,
247.40000000000001,20.280879974365234,21.640987396240234,,
247.5,20.835315704345703,22.312953948974609,,
247.59999999999999,21.262001037597656,22.903160095214844,,
247.69999999999999,21.366756439208984,23.097339630126953,,
247.80000000000001,21.003944396972656,22.760078430175781,,
247.90000000000001,20.199119567871094,22.075340270996094,,
248,19.246105194091797,21.068668365478516,,
248.09999999999999,18.362075805664062,19.872928619384766,,
248.19999999999999,17.508705139160156,18.705295562744141,,
248.30000000000001,16.650222778320312,17.514663696289062,,
248.40000000000001,15.858177185058594,16.224388122558594,,
248.5,15.265419006347656,14.791030883789062,,
248.59999999999999,14.74163818359375,13.201828002929688,,
248.69999999999999,14.151435852050781,11.643272399902344,,
248.80000000000001,13.683868408203125,10.432205200195312,,
248.90000000000001,13.387489318847656,9.6478195190429688,,
249,13.121772766113281,9.1163787841796875,,
249.09999999999999,12.845832824707031,8.771453857421875,,
249.19999999999999,12.539230346679688,8.54150390625,,
249.30000000000001,12.217300415039062,8.3728713989257812,,
249.40000000000001,11.913253784179688,8.2425689697265625,,
249.5,11.644981384277344,8.1378173828125,,
249.59999999999999,11.422698974609375,8.0764923095703125,,
249.69999999999999,11.185081481933594,7.9819564819335938,,
249.80000000000001,10.904029846191406,7.7979965209960938,,
249.90000000000001,10.54888916015625,7.4760665893554688,,
250,10.234619140625,7.1924667358398438,4.3859648704528809,4.3859648704528809
250.09999999999999,10.027664184570312,7.0953750610351562,,
250.19999999999999,9.8462600708007812,7.0391616821289062,,
250.30000000000001,9.7134017944335938,7.0263900756835938,,
250.40000000000001,9.5294418334960938,7.0774917602539062,,
250.5,9.2739410400390625,7.1004867553710938,,
250.59999999999999,9.0925369262695312,7.1209259033203125,,
250.69999999999999,8.992889404296875,7.16180419921875,,
250.80000000000001,8.8906936645507812,7.1873550415039062,,
250.90000000000001,8.8063735961914062,7.2001266479492188,,
251,8.7092819213867188,7.0825958251953125,,
251.09999999999999,8.5457687377929688,6.857757568359375,,
251.19999999999999,8.4205703735351562,6.7427825927734375,,
251.30000000000001,8.349029541015625,6.7351226806640625,,
251.40000000000001,8.3004837036132812,6.7734451293945312,,
251.5,8.313262939453125,6.8909759521484375,,
251.59999999999999,8.3618087768554688,7.0033950805664062,,
251.69999999999999,8.4358978271484375,7.097930908203125,,
251.80000000000001,8.6837387084960938,7.3432083129882812,,
251.90000000000001,9.2075119018554688,7.7801132202148438,,
252,9.9356842041015625,8.3319931030273438,,
252.09999999999999,10.691963195800781,8.8404388427734375,,
252.19999999999999,11.473793029785156,9.4050979614257812,,
252.30000000000001,12.483016967773438,10.317230224609375,,
252.40000000000001,13.584228515625,11.512969970703125,,
252.5,14.48358154296875,12.759811401367188,,
252.59999999999999,15.132553100585938,13.825241088867188,,
252.69999999999999,15.671661376953125,14.745040893554688,,
252.80000000000001,16.200546264648438,15.618854522705078,,
252.90000000000001,16.688552856445312,16.377689361572266,,
253,17.105018615722656,16.944900512695312,,
253.09999999999999,17.332408905029297,17.409908294677734,,
253.19999999999999,17.539363861083984,18.107425689697266,,
253.30000000000001,17.935390472412109,19.131977081298828,,
253.40000000000001,18.397846221923828,20.261287689208984,,
253.5,18.931838989257812,21.431480407714844,,
253.59999999999999,19.491386413574219,22.685985565185547,,
253.69999999999999,20.038154602050781,23.996700286865234,,
253.80000000000001,20.490390777587891,25.437717437744141,,
253.90000000000001,20.758663177490234,26.947723388671875,,
254,21.106143951416016,28.516494750976562,,
254.09999999999999,21.627365112304688,30.289665222167969,,
254.19999999999999,22.151138305664062,32.0526123046875,,
254.30000000000001,22.682579040527344,33.968864440917969,,
254.40000000000001,23.24212646484375,35.583621978759766,,
254.5,23.855323791503906,37.435997009277344,,
254.59999999999999,24.514514923095703,39.045646667480469,,
254.69999999999999,25.168594360351562,41.138191223144531,,
254.80000000000001,25.942760467529297,43.611431121826172,,
254.90000000000001,26.877891540527344,46.319732666015625,,
255,27.953544616699219,48.68310546875,,
255.09999999999999,29.041973114013672,50.696449279785156,,
255.19999999999999,30.079303741455078,52.431293487548828,,
255.30000000000001,30.932674407958984,53.954071044921875,,
255.40000000000001,31.586753845214844,55.203468322753906,,
255.5,32.1641845703125,56.095161437988281,,
255.59999999999999,32.695625305175781,56.874435424804688,,
255.69999999999999,33.073764801025391,57.704811096191406,,
255.80000000000001,33.400806427001953,58.652717590332031,,
255.90000000000001,33.932243347167969,59.626174926757812,,
256,34.614429473876953,60.448883056640625,,
256.10000000000002,35.327274322509766,61.049308776855469,,
256.19999999999999,35.922588348388672,61.611404418945312,,
256.30000000000001,36.206195831298828,62.137737274169922,,
256.39999999999998,36.259849548339844,62.615524291992188,,
256.5,36.374824523925781,63.200614929199219,,
256.60000000000002,36.515350341796875,63.775489807128906,,
256.69999999999999,36.888378143310547,64.386138916015625,,
256.80000000000001,37.486248016357422,65.124534606933594,,
256.89999999999998,37.948703765869141,65.850151062011719,,
257,38.628334045410156,66.864486694335938,,
257.10000000000002,39.609455108642578,68.629989624023438,,
257.19999999999999,40.411724090576172,70.663772583007812,,
257.30000000000001,41.060695648193359,72.296417236328125,,
257.39999999999998,41.622795104980469,73.589248657226562,,
257.5,42.167007446289062,74.966392517089844,,
257.60000000000002,42.754657745361328,76.292434692382812,,
257.69999999999999,43.212005615234375,76.961845397949219,,
257.80000000000001,43.452175140380859,77.32720947265625,,
257.89999999999998,43.646354675292969,77.907196044921875,,
258,43.679569244384766,78.517845153808594,,
258.10000000000002,43.401073455810547,78.824440002441406,,
258.19999999999999,42.900295257568359,78.627708435058594,,
258.30000000000001,42.238548278808594,77.932746887207031,,
258.39999999999998,41.553810119628906,77.038497924804688,,
258.5,40.743873596191406,76.14935302734375,,
258.60000000000002,39.550689697265625,75.160568237304688,,
258.69999999999999,37.302288055419922,73.0782470703125,,
258.80000000000001,33.679298400878906,69.008132934570312,,
258.89999999999998,29.765041351318359,64.332481384277344,,
259,26.527854919433594,60.019641876220703,,
259.10000000000002,23.758235931396484,55.568832397460938,,
259.19999999999999,21.366756439208984,51.266212463378906,,
259.30000000000001,19.634464263916016,47.354507446289062,,
259.39999999999998,18.305866241455078,43.522006988525391,,
259.5,17.199550628662109,39.474887847900391,,
259.60000000000002,16.502037048339844,35.082843780517578,,
259.69999999999999,16.157112121582031,31.028057098388672,,
259.80000000000001,15.899055480957031,27.849639892578125,,
259.89999999999998,15.646110534667969,25.327854156494141,,
260,15.431488037109375,23.158657073974609,2.8790786266326904,2.8708133697509766
260.10000000000002,15.237312316894531,21.158092498779297,,
260.19999999999999,15.10955810546875,19.461574554443359,,
260.30000000000001,15.094230651855469,18.120197296142578,,
260.39999999999998,15.030357360839844,16.505439758300781,,
260.5,14.759529113769531,14.750152587890625,,
260.60000000000002,14.555122375488281,13.408782958984375,,
260.69999999999999,14.501472473144531,12.379112243652344,,
260.80000000000001,14.401824951171875,11.474647521972656,,
260.89999999999998,14.233192443847656,10.570175170898438,,
261,13.967475891113281,9.6963653564453125,,
261.10000000000002,13.543342590332031,9.0167312622070312,,
261.19999999999999,13.009353637695312,8.6309280395507812,,
261.30000000000001,12.506011962890625,8.4367523193359375,,
261.39999999999998,12.066558837890625,8.3422164916992188,,
261.5,11.644981384277344,8.2093582153320312,,
261.60000000000002,11.139091491699219,7.93341064453125,,
261.69999999999999,10.653640747070312,7.69580078125,,
261.80000000000001,10.313827514648438,7.6370315551757812,,
261.89999999999998,10.030220031738281,7.6089324951171875,,
262,9.8283767700195312,7.547607421875,,
262.10000000000002,9.6878509521484375,7.4990615844726562,,
262.19999999999999,9.5498809814453125,7.45562744140625,,
262.30000000000001,9.4246826171875,7.4019775390625,,
262.39999999999998,9.3173751831054688,7.335540771484375,,
262.5,9.2202835083007812,7.2665557861328125,,
262.60000000000002,9.0465469360351562,7.0902633666992188,,
262.69999999999999,8.826812744140625,6.8833084106445312,,
262.80000000000001,8.6658477783203125,6.811767578125,,
262.89999999999998,8.5099945068359375,6.7862167358398438,,
263,8.3796920776367188,6.712127685546875,,
263.10000000000002,8.3183670043945312,6.6584701538085938,,
263.19999999999999,8.26727294921875,6.6635818481445312,,
263.30000000000001,8.2059478759765625,6.673797607421875,,
263.39999999999998,8.2085037231445312,6.6993484497070312,,
263.5,8.22894287109375,6.6942367553710938,,
263.60000000000002,8.17529296875,6.581817626953125,,
263.69999999999999,8.1318588256835938,6.5102767944335938,,
263.80000000000001,8.1446304321289062,6.5792617797851562,,
263.89999999999998,8.2238388061523438,6.7555618286132812,,
264,8.5125503540039062,7.0928192138671875,,
264.10000000000002,9.00311279296875,7.5143966674804688,,
264.19999999999999,9.48089599609375,7.907867431640625,,
264.30000000000001,9.9254684448242188,8.2578964233398438,,
264.39999999999998,10.359817504882812,8.5312881469726562,,
264.5,10.73284912109375,8.7126922607421875,,
264.60000000000002,11.282173156738281,9.0857162475585938,,
264.69999999999999,12.058891296386719,9.8879928588867188,,
264.80000000000001,12.945472717285156,10.927871704101562,,
264.89999999999998,13.980247497558594,12.034187316894531,,
265,14.935821533203125,13.319351196289062,,
265.10000000000002,15.75341796875,14.842132568359375,,
265.19999999999999,16.675773620605469,16.393020629882812,,
265.30000000000001,17.547031402587891,17.724174499511719,,
265.39999999999998,18.175559997558594,18.7333984375,,
265.5,18.520484924316406,19.553554534912109,,
265.60000000000002,18.709556579589844,20.307277679443359,,
265.69999999999999,18.926731109619141,20.958805084228516,,
265.80000000000001,19.172008514404297,21.561782836914062,,
265.89999999999998,19.496494293212891,22.21075439453125,,
266,19.836311340332031,22.995140075683594,,
266.10000000000002,20.201675415039062,23.994144439697266,,
266.19999999999999,20.370304107666016,24.740203857421875,,
266.30000000000001,20.362640380859375,25.128562927246094,,
266.39999999999998,20.492946624755859,25.660003662109375,,
266.5,20.730560302734375,26.308975219726562,,
266.60000000000002,21.065265655517578,27.016708374023438,,
266.69999999999999,21.422966003417969,27.744884490966797,,
266.80000000000001,21.706569671630859,28.363193511962891,,
266.89999999999998,21.928855895996094,28.846088409423828,,
267,22.133255004882812,29.142467498779297,,
267.10000000000002,22.301883697509766,29.142467498779297,,
267.19999999999999,22.462848663330078,29.183349609375,,
267.30000000000001,22.723461151123047,29.558933258056641,,
267.39999999999998,22.927860260009766,29.883419036865234,,
267.5,22.713241577148438,29.811878204345703,,
267.60000000000002,21.867534637451172,29.09136962890625,,
267.69999999999999,20.605365753173828,27.627353668212891,,
267.80000000000001,19.325309753417969,25.895065307617188,,
267.89999999999998,18.173004150390625,24.272640228271484,,
268,17.186775207519531,22.696205139160156,,
268.10000000000002,16.376838684082031,21.004795074462891,,
268.19999999999999,15.556686401367188,19.208629608154297,,
268.30000000000001,14.838729858398438,17.422683715820312,,
268.39999999999998,14.440147399902344,15.7159423828125,,
268.5,14.138656616210938,14.060302734375,,
268.60000000000002,13.717086791992188,12.501754760742188,,
268.69999999999999,13.162651062011719,11.193595886230469,,
268.80000000000001,12.582664489746094,10.161376953125,,
268.89999999999998,12.046112060546875,9.4306411743164062,,
269,11.519783020019531,8.937530517578125,,
269.10000000000002,11.036888122558594,8.5312881469726562,,
269.19999999999999,10.638313293457031,8.2885589599609375,,
269.30000000000001,10.341934204101562,8.0994873046875,,
269.39999999999998,10.147750854492188,7.9129714965820312,,
269.5,9.905029296875,7.6881332397460938,,
269.60000000000002,9.6495285034179688,7.5169525146484375,,
269.69999999999999,9.5141067504882812,7.49395751953125,,
269.80000000000001,9.3991317749023438,7.4990615844726562,,
269.89999999999998,9.325042724609375,7.5067291259765625,,
270,9.3633651733398438,7.6370315551757812,0,0
270.10000000000002,9.6137542724609375,7.9742965698242188,,
270.19999999999999,10.163078308105469,8.4725189208984375,,
270.30000000000001,10.919357299804688,9.0550613403320312,,
270.39999999999998,11.739517211914062,9.7449111938476562,,
270.5,12.503463745117188,10.54718017578125,,
270.60000000000002,13.290397644042969,11.359672546386719,,
270.69999999999999,13.972587585449219,12.026527404785156,,
270.80000000000001,14.539794921875,12.695930480957031,,
270.89999999999998,15.152992248535156,13.585075378417969,,
271,15.763641357421875,14.609626770019531,,
271.10000000000002,16.374282836914062,15.649513244628906,,
271.19999999999999,16.91339111328125,16.633190155029297,,
271.30000000000001,17.406505584716797,17.629638671875,,
271.39999999999998,17.853630065917969,18.628643035888672,,
271.5,18.241989135742188,19.609764099121094,,
271.60000000000002,18.602245330810547,20.721187591552734,,
271.69999999999999,18.916511535644531,21.939922332763672,,
271.80000000000001,19.202671051025391,23.250637054443359,,
271.89999999999998,19.688121795654297,24.962490081787109,,
272,20.413738250732422,27.45361328125,,
272.10000000000002,21.075485229492188,31.007617950439453,,
272.19999999999999,21.670799255371094,35.113502502441406,,
272.30000000000001,22.483291625976562,39.055870056152344,,
272.39999999999998,23.561500549316406,43.003341674804688,,
272.5,24.851776123046875,46.363166809082031,,
272.60000000000002,26.374553680419922,50.502265930175781,,
272.69999999999999,28.114509582519531,54.321990966796875,,
272.80000000000001,29.936225891113281,58.172378540039062,,
272.89999999999998,31.939346313476562,62.319141387939453,,
273,34.369148254394531,66.752067565917969,,
273.10000000000002,37.008464813232422,71.320404052734375,,
273.19999999999999,39.703990936279297,75.681793212890625,,
273.30000000000001,41.939613342285156,78.65325927734375,,
273.39999999999998,43.342308044433594,79.552619934082031,,
273.5,44.205898284912109,79.552619934082031,,
273.60000000000002,44.722007751464844,79.550064086914062,,
273.69999999999999,45.112922668457031,79.552619934082031,,
273.80000000000001,45.307102203369141,79.552619934082031,,
273.89999999999998,45.312213897705078,79.552619934082031,,
274,45.360759735107422,79.552619934082031,,
274.10000000000002,45.600929260253906,79.552619934082031,,
274.19999999999999,46.132369995117188,79.552619934082031,,
274.30000000000001,46.84521484375,79.552619934082031,,
274.39999999999998,47.351104736328125,79.555168151855469,,
274.5,47.481407165527344,79.552619934082031,,
274.60000000000002,47.494182586669922,79.552619934082031,,
274.69999999999999,47.565723419189453,79.555168151855469,,
274.80000000000001,47.627044677734375,79.552619934082031,,
274.89999999999998,47.632152557373047,79.555168151855469,,
275,47.621932983398438,79.555168151855469,,
275.10000000000002,47.604049682617188,79.552619934082031,,
275.19999999999999,47.568279266357422,79.555168151855469,,
275.30000000000001,47.632152557373047,79.552619934082031,,
275.39999999999998,47.992408752441406,79.552619934082031,,
275.5,48.546844482421875,79.552619934082031,,
275.60000000000002,48.715473175048828,79.552619934082031,,
275.69999999999999,48.452308654785156,79.552619934082031,,
275.80000000000001,48.299007415771484,79.555168151855469,,
275.89999999999998,48.276012420654297,79.555168151855469,,
276,48.227470397949219,79.557723999023438,,
276.10000000000002,47.977077484130859,79.557723999023438,,
276.19999999999999,47.558059692382812,79.555168151855469,,
276.30000000000001,47.085384368896484,79.550064086914062,,
276.39999999999998,46.336769104003906,79.552619934082031,,
276.5,45.041385650634766,79.552619934082031,,
276.60000000000002,43.444507598876953,79.552619934082031,,
276.69999999999999,41.492488861083984,79.555168151855469,,
276.80000000000001,37.969142913818359,79.552619934082031,,
276.89999999999998,33.050769805908203,79.550064086914062,,
277,28.449214935302734,78.292999267578125,,
277.10000000000002,24.920761108398438,73.0782470703125,,
277.19999999999999,22.255893707275391,65.311050415039062,,
277.30000000000001,20.234889984130859,58.054847717285156,,
277.39999999999998,18.819419860839844,51.672454833984375,,
277.5,17.881736755371094,45.921154022216797,,
277.60000000000002,17.245540618896484,40.583759307861328,,
277.69999999999999,16.780532836914062,35.828903198242188,,
277.80000000000001,16.333404541015625,31.610599517822266,,
277.89999999999998,15.860733032226562,28.054039001464844,,
278,15.500473022460938,25.018699645996094,,
278.10000000000002,15.124893188476562,22.116218566894531,,
278.19999999999999,14.619003295898438,19.622539520263672,,
278.30000000000001,14.199981689453125,17.680740356445312,,
278.39999999999998,13.824394226074219,16.027652740478516,,
278.5,13.438591003417969,14.492095947265625,,
278.60000000000002,13.073226928710938,13.033195495605469,,
278.69999999999999,12.692527770996094,11.87066650390625,,
278.80000000000001,12.288841247558594,11.101615905761719,,
278.89999999999998,11.933692932128906,10.559951782226562,,
279,11.650093078613281,10.209922790527344,,
279.10000000000002,11.438026428222656,10.018295288085938,,
279.19999999999999,11.292388916015625,9.7500228881835938,,
279.30000000000001,11.067550659179688,9.3182220458984375,,
279.39999999999998,10.852928161621094,8.9758529663085938,,
279.5,10.76861572265625,8.8736572265625,,
279.60000000000002,10.681747436523438,8.7970046997070312,,
279.69999999999999,10.574432373046875,8.605377197265625,,
279.80000000000001,10.467124938964844,8.3882064819335938,,
279.89999999999998,10.367477416992188,8.2272415161132812,,
280,10.293388366699219,8.1352615356445312,3.4052214622497559,3.3670034408569336
280.10000000000002,10.25250244140625,8.0611648559570312,,
280.19999999999999,10.27294921875,7.9666290283203125,,
280.30000000000001,10.234619140625,7.759674072265625,,
280.39999999999998,10.094093322753906,7.5527191162109375,,
280.5,9.986785888671875,7.52972412109375,,
280.60000000000002,9.951019287109375,7.5782699584960938,,
280.69999999999999,9.9612350463867188,7.6242599487304688,,
280.80000000000001,10.025108337402344,7.7469024658203125,,
280.89999999999998,10.0889892578125,7.9027557373046875,,
281,10.18096923828125,8.1020431518554688,,
281.10000000000002,10.472236633300781,8.4725189208984375,,
281.19999999999999,10.84271240234375,8.8608779907226562,,
281.30000000000001,10.990898132324219,8.9962921142578125,,
281.39999999999998,10.766059875488281,8.78167724609375,,
281.5,10.359817504882812,8.5363922119140625,,
281.60000000000002,9.9637908935546875,8.513397216796875,,
281.69999999999999,9.5498809814453125,8.6079330444335938,,
281.80000000000001,9.1180877685546875,8.7229080200195312,,
281.89999999999998,8.5917587280273438,8.8583221435546875,,
282,7.9836654663085938,8.8506622314453125,,
282.10000000000002,7.4879989624023438,8.6385955810546875,,
282.19999999999999,7.1124114990234375,8.2068023681640625,,
282.30000000000001,6.8134765625,7.5808258056640625,,
282.39999999999998,6.5477523803710938,7.0825958251953125,,
282.5,6.2258224487304688,6.7708892822265625,,
282.60000000000002,5.8144683837890625,6.5664901733398438,,
282.69999999999999,5.3673477172851562,6.3723068237304688,,
282.80000000000001,5.019866943359375,6.1627960205078125,,
282.89999999999998,4.8001327514648438,6.0989227294921875,,
283,4.5701828002929688,6.1142578125,,
283.10000000000002,4.36578369140625,6.068267822265625,,
283.19999999999999,4.2405929565429688,5.976287841796875,,
283.30000000000001,4.1869354248046875,5.87408447265625,,
283.39999999999998,4.2175979614257812,5.7846603393554688,,
283.5,4.2227020263671875,5.7412261962890625,,
283.60000000000002,4.2354812622070312,5.7233428955078125,,
283.69999999999999,4.319793701171875,5.7131195068359375,,
283.80000000000001,4.4219970703125,5.608367919921875,,
283.89999999999998,4.5752944946289062,5.4678421020507812,,
284,4.77203369140625,5.4857254028320312,,
284.10000000000002,4.9125595092773438,5.5598220825195312,,
284.19999999999999,5.0326385498046875,5.6058120727539062,,
284.30000000000001,5.1322860717773438,5.6339111328125,,
284.39999999999998,5.1706085205078125,5.662017822265625,,
284.5,5.2063827514648438,5.7310028076171875,,
284.60000000000002,5.2677001953125,5.736114501953125,,
284.69999999999999,5.3290176391601562,5.7156753540039062,,
284.80000000000001,5.4925384521484375,6.02227783203125,,
284.89999999999998,5.819580078125,6.7070159912109375,,
285,6.1108474731445312,7.74945068359375,,
285.10000000000002,6.3689041137695312,8.9681930541992188,,
285.19999999999999,6.6831741333007812,10.107719421386719,,
285.30000000000001,7.2580490112304688,11.267692565917969,,
285.39999999999998,8.1957321166992188,12.649940490722656,,
285.5,9.066986083984375,14.287696838378906,,
285.60000000000002,9.876922607421875,16.196285247802734,,
285.69999999999999,10.709854125976562,18.490673065185547,,
285.80000000000001,11.486572265625,21.022678375244141,,
285.89999999999998,12.299057006835938,23.687541961669922,,
286,13.175422668457031,26.411174774169922,,
286.10000000000002,14.095222473144531,29.162910461425781,,
286.19999999999999,15.007362365722656,32.262123107910156,,
286.30000000000001,15.873504638671875,35.813571929931641,,
286.39999999999998,16.867401123046875,39.587306976318359,,
286.5,18.050365447998047,43.215408325195312,,
286.60000000000002,19.248661041259766,46.437263488769531,,
286.69999999999999,20.467395782470703,49.280975341796875,,
286.80000000000001,21.698905944824219,51.789985656738281,,
286.89999999999998,22.90997314453125,54.150810241699219,,
287,24.133819580078125,56.414535522460938,,
287.10000000000002,25.237579345703125,58.249027252197266,,
287.19999999999999,26.272354125976562,59.917442321777344,,
287.30000000000001,27.302021026611328,61.777481079101562,,
287.39999999999998,28.308689117431641,63.545539855957031,,
287.5,29.3306884765625,65.208847045898438,,
287.60000000000002,30.224941253662109,66.667755126953125,,
287.69999999999999,30.886684417724609,67.804725646972656,,
287.80000000000001,31.451339721679688,68.721969604492188,,
287.89999999999998,31.96234130859375,69.376052856445312,,
288,32.399246215820312,70.114448547363281,,
288.10000000000002,32.907688140869141,71.253974914550781,,
288.19999999999999,33.400806427001953,72.546806335449219,,
288.30000000000001,33.909248352050781,73.854965209960938,,
288.39999999999998,34.770282745361328,75.5438232421875,,
288.5,35.779510498046875,77.723236083984375,,
288.60000000000002,36.844944000244141,79.2230224609375,,
288.69999999999999,37.915489196777344,79.550064086914062,,
288.80000000000001,38.482700347900391,79.552619934082031,,
288.89999999999998,38.620670318603516,79.552619934082031,,
289,38.469924926757812,79.550064086914062,,
289.10000000000002,38.370281219482422,79.550064086914062,,
289.19999999999999,38.541465759277344,79.552619934082031,,
289.30000000000001,38.633445739746094,79.552619934082031,,
289.39999999999998,38.888942718505859,79.552619934082031,,
289.5,39.177658081054688,79.555168151855469,,
289.60000000000002,39.118892669677734,79.557723999023438,,
289.69999999999999,38.975814819335938,79.555168151855469,,
289.80000000000001,38.743309020996094,79.552619934082031,,
289.89999999999998,38.756084442138672,79.552619934082031,,
290,38.942600250244141,79.555168151855469,4.2979941368103027,4.398827075958252
290.10000000000002,39.108673095703125,79.555168151855469,,
290.19999999999999,39.509807586669922,79.552619934082031,,
290.30000000000001,39.985038757324219,79.550064086914062,,
290.39999999999998,40.286529541015625,79.552619934082031,,
290.5,40.524143218994141,79.552619934082031,,
290.60000000000002,40.823078155517578,79.552619934082031,,
290.69999999999999,40.984043121337891,79.552619934082031,,
290.80000000000001,41.037700653076172,79.552619934082031,,
290.89999999999998,40.940608978271484,79.552619934082031,,
291,40.444938659667969,79.550064086914062,,
291.10000000000002,39.343734741210938,79.550064086914062,,
291.19999999999999,37.759635925292969,79.192359924316406,,
291.30000000000001,35.419254302978516,76.491729736328125,,
291.39999999999998,32.003219604492188,71.448158264160156,,
291.5,28.260143280029297,66.006004333496094,,
291.60000000000002,25.125160217285156,60.783584594726562,,
291.69999999999999,22.710685729980469,55.877986907958984,,
291.80000000000001,20.748443603515625,51.291763305664062,,
291.89999999999998,19.166900634765625,46.968704223632812,,
292,17.85107421875,42.758064270019531,,
292.10000000000002,16.777976989746094,38.774818420410156,,
292.19999999999999,16.02935791015625,35.154384613037109,,
292.30000000000001,15.630783081054688,31.845657348632812,,
292.39999999999998,15.518363952636719,28.90740966796875,,
292.5,15.66143798828125,26.641124725341797,,
292.60000000000002,15.88372802734375,24.666107177734375,,
292.69999999999999,15.595008850097656,22.356388092041016,,
292.80000000000001,15.063568115234375,19.832050323486328,,
292.89999999999998,14.662437438964844,17.333259582519531,,
293,14.1361083984375,14.745040893554688,,
293.10000000000002,13.5101318359375,12.419990539550781,,
293.19999999999999,12.927589416503906,10.927871704101562,,
293.30000000000001,12.447250366210938,10.171592712402344,,
293.39999999999998,11.903038024902344,9.7500228881835938,,
293.5,11.289833068847656,9.4459762573242188,,
293.60000000000002,10.720069885253906,9.1802520751953125,,
293.69999999999999,10.178413391113281,8.9068679809570312,,
293.80000000000001,9.5882034301757812,8.5466156005859375,,
293.89999999999998,9.0414352416992188,8.2425689697265625,,
294,8.6581878662109375,8.1148223876953125,,
294.10000000000002,8.3541412353515625,8.0611648559570312,,
294.19999999999999,8.08331298828125,7.999847412109375,,
294.30000000000001,7.8380279541015625,7.9129714965820312,,
294.39999999999998,7.6029739379882812,7.8261032104492188,,
294.5,7.411346435546875,7.723907470703125,,
294.60000000000002,7.2657089233398438,7.5782699584960938,,
294.69999999999999,7.071533203125,7.335540771484375,,
294.80000000000001,6.8390274047851562,7.0953750610351562,,
294.89999999999998,6.6703948974609375,6.9599609375,,
295,6.53753662109375,6.8603134155273438,,
295.10000000000002,6.4021224975585938,6.8322067260742188,,
295.19999999999999,6.2462692260742188,6.86798095703125,,
295.30000000000001,6.05975341796875,6.8935317993164062,,
295.39999999999998,5.929443359375,6.8194351196289062,,
295.5,5.829803466796875,6.581817626953125,,
295.60000000000002,5.7224884033203125,6.3135452270507812,,
295.69999999999999,5.6407318115234375,6.1934585571289062,,
295.80000000000001,5.5640792846679688,6.1449127197265625,,
295.89999999999998,5.4720993041992188,6.0963668823242188,,
296,5.35968017578125,6.0401611328125,,
296.10000000000002,5.2728118896484375,5.9124069213867188,,
296.19999999999999,5.2447052001953125,5.7872161865234375,,
296.30000000000001,5.2140426635742188,5.6185836791992188,,
296.39999999999998,5.1552810668945312,5.4014129638671875,,
296.5,5.037750244140625,5.2685470581054688,,
296.60000000000002,4.82568359375,5.2174530029296875,,
296.69999999999999,4.5701828002929688,5.2251129150390625,,
296.80000000000001,4.3555679321289062,5.2685470581054688,,
296.89999999999998,4.2329254150390625,5.3375320434570312,,
297,4.1716079711914062,5.3554229736328125,,
297.10000000000002,4.1256179809570312,5.2659912109375,,
297.19999999999999,4.0872879028320312,5.2072296142578125,,
297.30000000000001,4.0336380004882812,5.1944580078125,,
297.39999999999998,3.9825363159179688,5.1919021606445312,,
297.5,3.9569854736328125,5.2992095947265625,,
297.60000000000002,3.9391021728515625,5.5087203979492188,,
297.69999999999999,3.9569854736328125,5.6696853637695312,,
297.80000000000001,3.9723129272460938,5.6773529052734375,,
297.89999999999998,3.9774246215820312,5.6109161376953125,,
298,4.0004196166992188,5.570037841796875,,
298.10000000000002,4.0055313110351562,5.5649261474609375,,
298.19999999999999,4.0029754638671875,5.6007003784179688,,
298.30000000000001,4.0285263061523438,5.6415786743164062,,
298.39999999999998,4.0387420654296875,5.7412261962890625,,
298.5,4.0234146118164062,5.9456253051757812,,
298.60000000000002,4.0131988525390625,6.047821044921875,,
298.69999999999999,3.9646530151367188,6.029937744140625,,
298.80000000000001,3.9416580200195312,6.1091461181640625,,
298.89999999999998,3.969757080078125,6.1653518676757812,,
299,3.9544296264648438,6.1014785766601562,,
299.10000000000002,3.9544296264648438,6.0784835815429688,,
299.19999999999999,4.0694046020507812,6.0708160400390625,,
299.30000000000001,4.25592041015625,6.068267822265625,,
299.39999999999998,4.4782028198242188,6.13214111328125,,
299.5,4.7745819091796875,6.3212127685546875,,
299.60000000000002,5.1041793823242188,6.6942367553710938,,
299.69999999999999,5.5104293823242188,7.2588958740234375,,
299.80000000000001,6.1670608520507812,7.8056640625,,
299.89999999999998,6.9974365234375,8.3013381958007812,,
300,7.7434921264648438,8.9911880493164062,3.9267017841339111,4.398827075958252
300.10000000000002,8.3234786987304688,9.7525711059570312,,
300.19999999999999,8.9520111083984375,10.4552001953125,,
300.30000000000001,9.7031784057617188,11.244697570800781,,
300.39999999999998,10.525894165039062,12.177268981933594,,
300.5,11.402252197265625,13.186492919921875,,
300.60000000000002,12.416587829589844,14.366905212402344,,
300.69999999999999,13.630218505859375,15.963779449462891,,
300.80000000000001,14.838729858398438,17.915798187255859,,
300.89999999999998,15.998703002929688,20.000679016113281,,
301,17.153556823730469,22.095779418945312,,
301.10000000000002,18.290534973144531,24.213874816894531,,
301.19999999999999,19.399406433105469,26.439277648925781,,
301.30000000000001,20.385635375976562,28.580368041992188,,
301.39999999999998,21.336093902587891,30.678024291992188,,
301.5,22.301883697509766,32.785900115966797,,
301.60000000000002,22.989181518554688,34.283126831054688,,
301.69999999999999,23.35198974609375,35.059848785400391,,
301.80000000000001,23.592159271240234,35.509529113769531,,
301.89999999999998,23.707134246826172,35.867229461669922,,
302,23.740348815917969,36.224929809570312,,
302.10000000000002,23.799114227294922,36.462543487548828,,
302.19999999999999,23.911533355712891,36.424217224121094,,
302.30000000000001,24.144039154052734,36.398666381835938,,
302.39999999999998,24.445529937744141,36.587738037109375,,
302.5,24.644821166992188,36.682273864746094,,
302.60000000000002,24.665260314941406,36.419109344482422,,
302.69999999999999,24.419979095458984,35.836566925048828,,
302.80000000000001,23.671363830566406,34.824787139892578,,
302.89999999999998,22.4500732421875,33.049064636230469,,
303,21.103591918945312,30.772560119628906,,
303.10000000000002,19.7647705078125,28.414295196533203,,
303.19999999999999,18.533260345458984,26.204219818115234,,
303.30000000000001,17.572578430175781,24.359508514404297,,
303.39999999999998,16.910835266113281,22.696205139160156,,
303.5,16.461158752441406,21.10699462890625,,
303.60000000000002,16.088127136230469,19.576549530029297,,
303.69999999999999,15.850509643554688,17.928573608398438,,
303.80000000000001,15.646110534667969,16.311260223388672,,
303.89999999999998,15.375282287597656,14.842132568359375,,
304,15.122337341308594,13.464988708496094,,
304.10000000000002,14.917938232421875,12.259025573730469,,
304.19999999999999,14.583229064941406,11.076065063476562,,
304.30000000000001,14.1361083984375,10.020851135253906,,
304.39999999999998,13.757965087890625,9.397430419921875,,
304.5,13.392601013183594,9.0806121826171875,,
304.60000000000002,13.042564392089844,8.9222030639648438,,
304.69999999999999,12.738517761230469,8.8583221435546875,,
304.80000000000001,12.452362060546875,8.8225555419921875,,
304.89999999999998,12.16619873046875,8.78167724609375,,
305,11.897926330566406,8.7331314086914062,,
305.10000000000002,11.678192138671875,8.689697265625,,
305.19999999999999,11.501899719238281,8.6718063354492188,,
305.30000000000001,11.39459228515625,8.5747222900390625,,
305.39999999999998,11.223403930664062,8.3192214965820312,,
305.5,11.019004821777344,8.127593994140625,,
305.60000000000002,10.91680908203125,8.1378173828125,,
305.69999999999999,10.850372314453125,8.2144622802734375,,
305.80000000000001,10.835044860839844,8.293670654296875,,
305.89999999999998,10.847824096679688,8.3243331909179688,,
306,10.822273254394531,8.3192214965820312,,
306.10000000000002,10.791610717773438,8.3473281860351562,,
306.19999999999999,10.781387329101562,8.403533935546875,,
306.30000000000001,10.809494018554688,8.4674072265625,,
306.39999999999998,10.832489013671875,8.4265289306640625,,
306.5,10.730293273925781,8.2042465209960938,,
306.60000000000002,10.679191589355469,8.0483856201171875,,
306.69999999999999,10.827377319335938,8.15570068359375,,
306.80000000000001,11.103317260742188,8.3907623291015625,,
306.89999999999998,11.455909729003906,8.6488113403320312,,
307,11.785507202148438,8.881317138671875,,
307.10000000000002,12.1483154296875,9.0703887939453125,,
307.19999999999999,12.53411865234375,9.2620162963867188,,
307.30000000000001,12.889266967773438,9.507293701171875,,
307.39999999999998,13.121772766113281,9.6197128295898438,,
307.5,13.206085205078125,9.5686111450195312,,
307.60000000000002,13.341499328613281,9.755126953125,,
307.69999999999999,13.627662658691406,10.169036865234375,,
307.80000000000001,14.046676635742188,10.685150146484375,,
307.89999999999998,14.519355773925781,11.288131713867188,,
308,14.971588134765625,12.003532409667969,,
308.10000000000002,15.344619750976562,12.826240539550781,,
308.19999999999999,15.681877136230469,13.641281127929688,,
308.30000000000001,15.850509643554688,14.259597778320312,,
308.39999999999998,15.881172180175781,14.81402587890625,,
308.5,15.955268859863281,15.539649963378906,,
308.60000000000002,16.083015441894531,16.334255218505859,,
308.69999999999999,16.302742004394531,17.118640899658203,,
308.80000000000001,16.601676940917969,17.90557861328125,,
308.89999999999998,16.915946960449219,18.628643035888672,,
309,17.2991943359375,19.234180450439453,,
309.10000000000002,17.646675109863281,19.579105377197266,,
309.19999999999999,17.879180908203125,19.847377777099609,,
309.30000000000001,18.109130859375,20.345603942871094,,
309.39999999999998,18.31097412109375,21.002239227294922,,
309.5,18.546035766601562,21.773849487304688,,
309.60000000000002,18.906291961669922,22.652767181396484,,
309.69999999999999,19.338085174560547,23.794853210449219,,
309.80000000000001,19.749439239501953,25.3201904296875,,
309.89999999999998,20.117359161376953,26.738212585449219,,
310,20.503166198730469,27.91351318359375,5.1282052993774414,0
310.10000000000002,20.970729827880859,29.063262939453125,,
310.19999999999999,21.453624725341797,29.993282318115234,,
310.30000000000001,21.844539642333984,30.685688018798828,,
310.39999999999998,22.117923736572266,31.168582916259766,,
310.5,22.263561248779297,31.395977020263672,,
310.60000000000002,22.32232666015625,31.510951995849609,,
310.69999999999999,22.271224975585938,31.270782470703125,,
310.80000000000001,22.186908721923828,30.854316711425781,,
310.89999999999998,22.189464569091797,30.762336730957031,,
311,22.186908721923828,30.729122161865234,,
311.10000000000002,22.17413330078125,30.629478454589844,,
311.19999999999999,22.071933746337891,30.455738067626953,,
311.30000000000001,21.836875915527344,30.092929840087891,,
311.39999999999998,21.5302734375,29.607479095458984,,
311.5,21.159801483154297,28.950843811035156,,
311.60000000000002,20.70245361328125,28.125579833984375,,
311.69999999999999,20.155685424804688,27.313087463378906,,
311.80000000000001,19.48883056640625,26.449497222900391,,
311.89999999999998,18.839859008789062,25.381507873535156,,
312,18.109130859375,23.991588592529297,,
312.10000000000002,17.309413909912109,22.599113464355469,,
312.19999999999999,16.685997009277344,21.589889526367188,,
312.30000000000001,16.192878723144531,20.772289276123047,,
312.39999999999998,15.766197204589844,19.972572326660156,,
312.5,15.398277282714844,19.213737487792969,,
312.60000000000002,15.119781494140625,18.539218902587891,,
312.69999999999999,14.930709838867188,17.897914886474609,,
312.80000000000001,14.805519104003906,17.259162902832031,,
312.89999999999998,14.710983276367188,16.622970581054688,,
313,14.608779907226562,15.953559875488281,,
313.10000000000002,14.509132385253906,15.266265869140625,,
313.19999999999999,14.429931640625,14.458885192871094,,
313.30000000000001,14.194869995117188,13.480316162109375,,
313.39999999999998,13.962364196777344,12.598846435546875,,
313.5,13.926597595214844,11.94476318359375,,
313.60000000000002,13.8397216796875,11.385215759277344,,
313.69999999999999,13.740081787109375,10.874221801757812,,
313.80000000000001,13.699203491210938,10.513961791992188,,
313.89999999999998,13.625106811523438,10.268684387207031,,
314,13.494796752929688,10.059173583984375,,
314.10000000000002,13.321060180664062,9.8726577758789062,,
314.19999999999999,13.134544372558594,9.7065811157226562,,
314.30000000000001,12.986358642578125,9.5430679321289062,,
314.39999999999998,12.873931884765625,9.305450439453125,,
314.5,12.605659484863281,8.9503021240234375,,
314.60000000000002,12.291397094726562,8.6462631225585938,,
314.69999999999999,12.109992980957031,8.52362060546875,,
314.80000000000001,11.995018005371094,8.459747314453125,,
314.89999999999998,11.933692932128906,8.3933181762695312,,
315,11.862152099609375,8.367767333984375,,
315.10000000000002,11.767623901367188,8.3728713989257812,,
315.19999999999999,11.683303833007812,8.3805389404296875,,
315.30000000000001,11.61431884765625,8.3958663940429688,,
315.39999999999998,11.568328857421875,8.4086456298828125,,
315.5,11.558113098144531,8.3626556396484375,,
315.60000000000002,11.440582275390625,8.173583984375,,
315.69999999999999,11.238739013671875,7.9896240234375,,
315.80000000000001,11.110984802246094,7.9819564819335938,,
315.89999999999998,11.052223205566406,8.0305023193359375,,
316,11.049667358398438,8.0560531616210938,,
316.10000000000002,11.0445556640625,8.0560531616210938,,
316.19999999999999,10.996009826660156,8.0407257080078125,,
316.30000000000001,10.914253234863281,8.0202865600585938,,
316.39999999999998,10.799278259277344,8.0279464721679688,,
316.5,10.704742431640625,8.0509414672851562,,
316.60000000000002,10.666412353515625,7.953857421875,,
316.69999999999999,10.5284423828125,7.6932449340820312,,
316.80000000000001,10.367477416992188,7.4990615844726562,,
316.89999999999998,10.255058288574219,7.4607391357421875,,
317,10.147750854492188,7.4632949829101562,,
317.10000000000002,10.145195007324219,7.5118408203125,,
317.19999999999999,10.193740844726562,7.6012649536132812,,
317.30000000000001,10.257614135742188,7.7060165405273438,,
317.39999999999998,10.398139953613281,7.9053115844726562,,
317.5,10.722625732421875,8.1812515258789062,,
317.60000000000002,11.271949768066406,8.4699630737304688,,
317.69999999999999,11.800834655761719,8.6232681274414062,,
317.80000000000001,12.311836242675781,8.7663421630859375,,
317.89999999999998,12.981246948242188,9.2236862182617188,,
318,13.724746704101562,9.9084320068359375,,
318.10000000000002,14.481033325195312,10.667266845703125,,
318.19999999999999,15.186210632324219,11.472091674804688,,
318.30000000000001,15.837738037109375,12.310127258300781,,
318.39999999999998,16.448379516601562,13.191604614257812,,
318.5,16.992591857910156,14.047531127929688,,
318.60000000000002,17.347740173339844,14.696502685546875,,
318.69999999999999,17.623680114746094,15.33013916015625,,
318.80000000000001,18.055473327636719,16.209060668945312,,
318.89999999999998,18.556255340576172,17.141635894775391,,
319,19.049369812011719,18.046104431152344,,
319.10000000000002,19.539928436279297,18.981235504150391,,
319.19999999999999,19.981945037841797,19.872928619384766,,
319.30000000000001,20.406074523925781,20.682865142822266,,
319.39999999999998,20.779106140136719,21.296062469482422,,
319.5,21.149581909179688,21.835170745849609,,
319.60000000000002,21.581375122070312,22.540348052978516,,
319.69999999999999,22.048938751220703,23.296627044677734,,
319.80000000000001,22.498619079589844,24.045242309570312,,
319.89999999999998,22.894645690917969,24.78619384765625,,
320,23.272785186767578,25.4300537109375,4.1180510520935059,0
320.10000000000002,23.541061401367188,25.900173187255859,,
320.19999999999999,23.814445495605469,26.191444396972656,,
320.30000000000001,24.075054168701172,26.326858520507812,,
320.39999999999998,24.381656646728516,26.597686767578125,,
320.5,24.8057861328125,27.164897918701172,,
320.60000000000002,25.155818939208984,27.724445343017578,,
320.69999999999999,25.337223052978516,28.074478149414062,,
320.80000000000001,25.209476470947266,28.043819427490234,,
320.89999999999998,24.747020721435547,27.573699951171875,,
321,24.034175872802734,26.835304260253906,,
321.10000000000002,23.078605651855469,25.941055297851562,,
321.19999999999999,22.143474578857422,24.949714660644531,,
321.30000000000001,21.172576904296875,23.738643646240234,,
321.39999999999998,19.989608764648438,22.402378082275391,,
321.5,18.793869018554688,21.365047454833984,,
321.60000000000002,17.705440521240234,20.056888580322266,,
321.69999999999999,16.798416137695312,18.534107208251953,,
321.80000000000001,16.026802062988281,17.596424102783203,,
321.89999999999998,15.375282287597656,16.520767211914062,,
322,14.897499084472656,15.511543273925781,,
322.10000000000002,14.567901611328125,14.568748474121094,,
322.19999999999999,14.304733276367188,13.751152038574219,,
322.30000000000001,14.11566162109375,13.038307189941406,,
322.39999999999998,13.949592590332031,12.320350646972656,,
322.5,13.773292541503906,11.543632507324219,,
322.60000000000002,13.579116821289062,10.641716003417969,,
322.69999999999999,13.2520751953125,9.655487060546875,,
322.80000000000001,12.912261962890625,8.9503021240234375,,
322.89999999999998,12.674644470214844,8.6104888916015625,,
323,12.457473754882812,8.37542724609375,,
323.10000000000002,12.247962951660156,8.1812515258789062,,
323.19999999999999,12.030784606933594,8.063720703125,,
323.30000000000001,11.83660888671875,7.9742965698242188,,
323.39999999999998,11.655197143554688,7.887420654296875,,
323.5,11.486572265625,7.7979965209960938,,
323.60000000000002,11.353713989257812,7.7085723876953125,,
323.69999999999999,11.228515625,7.631927490234375,,
323.80000000000001,11.144203186035156,7.6012649536132812,,
323.89999999999998,11.067550659179688,7.4990615844726562,,
324,10.8963623046875,7.299774169921875,,
324.10000000000002,10.753288269042969,7.2026824951171875,,
324.19999999999999,10.69451904296875,7.2307891845703125,,
324.30000000000001,10.69451904296875,7.2946624755859375,,
324.39999999999998,10.819717407226562,7.4888458251953125,,
324.5,11.162086486816406,7.8414306640625,,
324.60000000000002,11.719078063964844,8.22979736328125,,
324.69999999999999,12.35015869140625,8.5772781372070312,,
324.80000000000001,12.932701110839844,8.9349746704101562,,
324.89999999999998,13.443702697753906,9.4076461791992188,,
325,14.013465881347656,9.9927444458007812,,
325.10000000000002,14.5040283203125,10.506301879882812,,
325.19999999999999,14.920494079589844,11.09906005859375,,
325.30000000000001,15.464706420898438,12.0367431640625,,
325.39999999999998,16.031913757324219,13.097068786621094,,
325.5,16.637451171875,14.0986328125,,
325.60000000000002,17.230209350585938,15.056755065917969,,
325.69999999999999,17.746318817138672,15.943340301513672,,
325.80000000000001,18.277759552001953,16.783935546875,,
325.89999999999998,18.837306976318359,17.690959930419922,,
326,19.445396423339844,18.636310577392578,,
326.10000000000002,19.941066741943359,19.305717468261719,,
326.19999999999999,20.372859954833984,19.809055328369141,,
326.30000000000001,20.957954406738281,20.539783477783203,,
326.39999999999998,21.589038848876953,21.620548248291016,,
326.5,22.212459564208984,22.530128479003906,,
326.60000000000002,22.851211547851562,23.449928283691406,,
326.69999999999999,23.431194305419922,24.313518524169922,,
326.80000000000001,23.817001342773438,24.967597961425781,,
326.89999999999998,23.967746734619141,25.271644592285156,,
327,23.942195892333984,25.276752471923828,,
327.10000000000002,23.931976318359375,25.159225463867188,,
327.19999999999999,23.995849609375,25.325298309326172,,
327.30000000000001,24.054615020751953,25.63189697265625,,
327.39999999999998,24.034175872802734,25.823524475097656,,
327.5,23.865543365478516,25.803085327148438,,
327.60000000000002,23.53594970703125,25.606349945068359,,
327.69999999999999,23.027503967285156,25.289527893066406,,
327.80000000000001,22.347873687744141,24.709545135498047,,
327.89999999999998,21.422966003417969,23.595561981201172,,
328,20.388191223144531,22.335948944091797,,
328.10000000000002,19.424953460693359,21.352272033691406,,
328.19999999999999,18.604801177978516,20.417144775390625,,
328.30000000000001,17.973716735839844,19.566329956054688,,
328.39999999999998,17.396286010742188,18.861148834228516,,
328.5,16.795860290527344,18.168743133544922,,
328.60000000000002,16.197990417480469,17.461009979248047,,
328.69999999999999,15.689544677734375,16.781379699707031,,
328.80000000000001,15.285858154296875,15.99188232421875,,
328.89999999999998,14.81573486328125,15.049087524414062,,
329,14.404380798339844,14.246818542480469,,
329.10000000000002,14.222976684570312,13.671943664550781,,
329.19999999999999,14.128440856933594,13.204376220703125,,
329.30000000000001,14.069671630859375,12.795578002929688,,
329.39999999999998,14.023681640625,12.455764770507812,,
329.5,13.975143432617188,12.141502380371094,,
329.60000000000002,13.918930053710938,11.827232360839844,,
329.69999999999999,13.844833374023438,11.553848266601562,,
329.80000000000001,13.686424255371094,11.323898315429688,,
329.89999999999998,13.397712707519531,11.050514221191406,,
330,13.139656066894531,10.626380920410156,7.2639226913452148,7.2057642936706543
330.10000000000002,13.027236938476562,10.071952819824219,,
330.19999999999999,12.830497741699219,9.341217041015625,,
330.30000000000001,12.539230346679688,8.6769180297851562,,
330.39999999999998,12.316947937011719,8.3575439453125,,
330.5,12.107437133789062,8.1684722900390625,,
330.60000000000002,11.933692932128906,8.0100631713867188,,
330.69999999999999,11.816162109375,7.9027557373046875,,
330.80000000000001,11.742073059082031,7.8184356689453125,,
330.89999999999998,11.678192138671875,7.7826690673828125,,
331,11.673088073730469,7.8848724365234375,,
331.10000000000002,11.905593872070312,8.219573974609375,,
331.19999999999999,12.42425537109375,8.7101364135742188,,
331.30000000000001,13.078338623046875,9.2364654541015625,,
331.39999999999998,13.683868408203125,9.6938095092773438,,
331.5,14.138656616210938,10.092391967773438,,
331.60000000000002,14.611335754394531,10.662155151367188,,
331.69999999999999,15.204093933105469,11.461868286132812,,
331.80000000000001,15.837738037109375,12.38677978515625,,
331.89999999999998,16.530143737792969,13.396003723144531,,
332,17.255760192871094,14.441001892089844,,
332.10000000000002,17.953273773193359,15.4578857421875,,
332.19999999999999,18.617576599121094,16.449230194091797,,
332.30000000000001,19.276763916015625,17.455898284912109,,
332.39999999999998,20.004940032958984,18.513668060302734,,
332.5,20.717784881591797,19.415584564208984,,
332.60000000000002,21.374420166015625,20.176975250244141,,
332.69999999999999,22.000396728515625,21.099327087402344,,
332.80000000000001,22.427078247070312,22.139213562011719,,
332.89999999999998,22.664695739746094,22.599113464355469,,
333,22.907421112060547,23.110115051269531,,
333.10000000000002,23.170585632324219,23.68243408203125,,
333.19999999999999,23.305999755859375,24.195987701416016,,
333.30000000000001,23.288116455078125,24.627784729003906,,
333.39999999999998,23.364765167236328,25.049358367919922,,
333.5,23.505290985107422,25.271644592285156,,
333.60000000000002,23.676475524902344,25.389175415039062,,
333.69999999999999,23.965190887451172,25.711105346679688,,
333.80000000000001,24.335666656494141,26.127567291259766,,
333.89999999999998,24.724025726318359,26.587467193603516,,
334,25.017848968505859,27.021820068359375,,
334.10000000000002,25.242691040039062,27.371852874755859,,
334.19999999999999,25.421539306640625,27.663124084472656,,
334.30000000000001,25.636157989501953,27.887962341308594,,
334.39999999999998,25.748580932617188,27.836864471435547,,
334.5,25.63360595703125,27.606914520263672,,
334.60000000000002,25.237579345703125,27.420398712158203,,
334.69999999999999,24.396984100341797,26.886402130126953,,
334.80000000000001,23.224239349365234,25.785198211669922,,
334.89999999999998,22.002948760986328,24.489814758300781,,
335,20.830204010009766,23.237865447998047,,
335.10000000000002,19.729000091552734,22.039569854736328,,
335.19999999999999,18.824531555175781,20.943473815917969,,
335.30000000000001,18.001819610595703,19.770729064941406,,
335.39999999999998,17.158668518066406,18.5494384765625,,
335.5,16.407501220703125,17.545322418212891,,
335.60000000000002,15.840293884277344,16.740497589111328,,
335.69999999999999,15.490257263183594,16.002105712890625,,
335.80000000000001,15.255195617675781,15.284149169921875,,
335.89999999999998,15.027801513671875,14.543197631835938,,
336,14.813179016113281,13.697494506835938,,
336.10000000000002,14.636886596679688,12.665275573730469,,
336.19999999999999,14.481033325195312,11.507858276367188,,
336.30000000000001,14.294517517089844,10.409210205078125,,
336.39999999999998,14.077339172363281,9.4766311645507812,,
336.5,13.699203491210938,8.6692581176757812,,
336.60000000000002,13.285293579101562,8.0739364624023438,,
336.69999999999999,13.019569396972656,7.8184356689453125,,
336.80000000000001,12.797286987304688,7.7162399291992188,,
336.89999999999998,12.636322021484375,7.6600265502929688,,
337,12.48046875,7.6446990966796875,,
337.10000000000002,12.342498779296875,7.631927490234375,,
337.19999999999999,12.250518798828125,7.6446990966796875,,
337.30000000000001,12.135543823242188,7.6625823974609375,,
337.39999999999998,12.046112060546875,7.649810791015625,,
337.5,12.041007995605469,7.6804656982421875,,
337.60000000000002,12.041007995605469,7.7085723876953125,,
337.69999999999999,11.987350463867188,7.6446990966796875,,
337.80000000000001,11.918365478515625,7.7111282348632812,,
337.89999999999998,11.7803955078125,7.925750732421875,,
338,11.514678955078125,7.9206390380859375,,
338.10000000000002,11.151863098144531,7.7520065307617188,,
338.19999999999999,10.720069885253906,7.723907470703125,,
338.30000000000001,10.270393371582031,7.8439865112304688,,
338.39999999999998,9.8411483764648438,7.9513015747070312,,
338.5,9.40679931640625,8.0305023193359375,,
338.60000000000002,8.9673385620117188,8.0100631713867188,,
338.69999999999999,8.532989501953125,7.8107757568359375,,
338.80000000000001,8.1420745849609375,7.6651382446289062,,
338.89999999999998,7.8686904907226562,7.63958740234375,,
339,7.6821746826171875,7.6063766479492188,,
339.10000000000002,7.5518722534179688,7.5629425048828125,,
339.19999999999999,7.34747314453125,7.547607421875,,
339.30000000000001,7.0357589721679688,7.519500732421875,,
339.39999999999998,6.7879257202148438,7.4300765991210938,,
339.5,6.6448440551757812,7.2793350219726562,,
339.60000000000002,6.4378890991210938,7.06982421875,,
339.69999999999999,6.1440658569335938,6.931854248046875,,
339.80000000000001,5.9141159057617188,6.8168792724609375,,
339.89999999999998,5.7940292358398438,6.5792617797851562,,
340,5.7250442504882812,6.2931060791015625,7.5693860054016113,7.5821399688720703
340.10000000000002,5.6586151123046875,6.029937744140625,,
340.19999999999999,5.6407318115234375,5.8204269409179688,,
340.30000000000001,5.6381759643554688,5.6364669799804688,,
340.39999999999998,5.479766845703125,5.3758621215820312,,
340.5,5.2549285888671875,5.1178054809570312,,
340.60000000000002,5.203826904296875,4.926177978515625,,
340.69999999999999,5.2165985107421875,4.8035430908203125,,
340.80000000000001,5.1450576782226562,4.7830963134765625,,
340.89999999999998,5.0581893920898438,4.77032470703125,,
341,4.9585494995117188,4.80609130859375,,
341.10000000000002,4.853790283203125,4.816314697265625,,
341.19999999999999,4.797576904296875,4.7115631103515625,,
341.30000000000001,4.797576904296875,4.668121337890625,,
341.39999999999998,4.80780029296875,4.6936721801757812,,
341.5,4.7899169921875,4.6809005737304688,,
341.60000000000002,4.7311477661132812,4.688568115234375,,
341.69999999999999,4.7030487060546875,4.7677688598632812,,
341.80000000000001,4.7515869140625,5.0437088012695312,,
341.89999999999998,4.7694778442382812,5.258331298828125,,
342,4.7771377563476562,5.202117919921875,,
342.10000000000002,4.8001327514648438,5.1331329345703125,,
342.19999999999999,4.8282394409179688,5.1152496337890625,,
342.30000000000001,4.88189697265625,5.1612396240234375,,
342.39999999999998,4.9355545043945312,5.258331298828125,,
342.5,4.95599365234375,5.332427978515625,,
342.60000000000002,4.9994277954101562,5.3554229736328125,,
342.69999999999999,5.0633010864257812,5.3094329833984375,,
342.80000000000001,5.1833877563476562,5.43206787109375,,
342.89999999999998,5.6100692749023438,6.1909027099609375,,
343,6.2999191284179688,7.327880859375,,
343.10000000000002,7.153289794921875,8.2093582153320312,,
343.19999999999999,8.0960845947265625,9.1087112426757812,,
343.30000000000001,8.9724502563476562,10.503746032714844,,
343.39999999999998,9.7670516967773438,12.253921508789062,,
343.5,10.357261657714844,14.223823547363281,,
343.60000000000002,10.898918151855469,16.612747192382812,,
343.69999999999999,11.782951354980469,19.617427825927734,,
343.80000000000001,12.999130249023438,23.05645751953125,,
343.89999999999998,14.345611572265625,26.592578887939453,,
344,15.694656372070312,30.141471862792969,,
344.10000000000002,17.000259399414062,33.723583221435547,,
344.19999999999999,18.249656677246094,37.190719604492188,,
344.30000000000001,19.465835571289062,40.075313568115234,,
344.39999999999998,20.735668182373047,42.482124328613281,,
344.5,22.089820861816406,44.901706695556641,,
344.60000000000002,23.602378845214844,47.385166168212891,,
344.69999999999999,25.176258087158203,49.981048583984375,,
344.80000000000001,26.566181182861328,53.141582489013672,,
344.89999999999998,27.805355072021484,55.630149841308594,,
345,28.993431091308594,57.8453369140625,,
345.10000000000002,30.163619995117188,59.490756988525391,,
345.19999999999999,31.372135162353516,60.793807983398438,,
345.30000000000001,32.611309051513672,62.089191436767578,,
345.39999999999998,33.945018768310547,63.468894958496094,,
345.5,35.253177642822266,64.932907104492188,,
345.60000000000002,36.012016296386719,66.016227722167969,,
345.69999999999999,36.093772888183594,66.575775146484375,,
345.80000000000001,35.7335205078125,66.723960876464844,,
345.89999999999998,35.340049743652344,66.460800170898438,,
346,35.442249298095703,66.688194274902344,,
346.10000000000002,36.109104156494141,67.8890380859375,,
346.19999999999999,37.258853912353516,69.738861083984375,,
346.30000000000001,38.551685333251953,71.721542358398438,,
346.39999999999998,39.642669677734375,73.175338745117188,,
346.5,40.605903625488281,74.432395935058594,,
346.60000000000002,41.390289306640625,76.37164306640625,,
346.69999999999999,41.860408782958984,78.528060913085938,,
346.80000000000001,41.868072509765625,79.491294860839844,,
346.89999999999998,41.400508880615234,79.189804077148438,,
347,40.738765716552734,78.091156005859375,,
347.10000000000002,39.737205505371094,76.374198913574219,,
347.19999999999999,38.4188232421875,74.189674377441406,,
347.30000000000001,36.673759460449219,71.230979919433594,,
347.39999999999998,34.154529571533203,67.413810729980469,,
347.5,31.530544281005859,63.343696594238281,,
347.60000000000002,29.001094818115234,59.521415710449219,,
347.69999999999999,26.563625335693359,55.870323181152344,,
347.80000000000001,24.333110809326172,52.280548095703125,,
347.89999999999998,22.125591278076172,48.529808044433594,,
348,20.084144592285156,44.393264770507812,,
348.10000000000002,18.364631652832031,39.996109008789062,,
348.19999999999999,17.092239379882812,35.634723663330078,,
348.30000000000001,16.458602905273438,31.500732421875,,
348.39999999999998,16.146888732910156,27.668231964111328,,
348.5,15.633338928222656,24.387615203857422,,
348.60000000000002,15.232200622558594,21.901599884033203,,
348.69999999999999,15.096786499023438,20.026229858398438,,
348.80000000000001,14.992027282714844,18.365478515625,,
348.89999999999998,14.90771484375,16.668960571289062,,
349,14.864280700683594,14.739936828613281,,
349.10000000000002,14.828514099121094,12.5528564453125,,
349.19999999999999,14.608779907226562,10.73114013671875,,
349.30000000000001,14.141212463378906,9.7806777954101562,,
349.39999999999998,13.476913452148438,9.4127578735351562,,
349.5,12.743629455566406,9.2645721435546875,,
349.60000000000002,11.938804626464844,9.0678329467773438,,
349.69999999999999,11.093101501464844,8.78167724609375,,
349.80000000000001,10.423690795898438,8.5900497436523438,,
349.89999999999998,9.905029296875,8.4546356201171875,,
350,9.4579010009765625,8.3371047973632812,6.912442684173584,0
350.10000000000002,9.0695419311523438,8.1812515258789062,,
350.19999999999999,8.7425003051757812,7.93341064453125,,
350.30000000000001,8.5099945068359375,7.7009124755859375,,
350.39999999999998,8.3055953979492188,7.5782699584960938,,
350.5,8.037322998046875,7.5884857177734375,,
350.60000000000002,7.67706298828125,7.557830810546875,,
350.69999999999999,7.3628005981445312,7.5041732788085938,,
350.80000000000001,7.1430740356445312,7.49395751953125,,
350.89999999999998,7.0051040649414062,7.4326324462890625,,
351,6.933563232421875,7.4019775390625,,
351.10000000000002,6.841583251953125,7.3789825439453125,,
351.19999999999999,6.7291641235351562,7.2870025634765625,,
351.30000000000001,6.6269607543945312,7.1439208984375,,
351.39999999999998,6.4813232421875,6.8909759521484375,,
351.5,6.2948074340820312,6.6278076171875,,
351.60000000000002,6.1849441528320312,6.5205001831054688,,
351.69999999999999,6.1466217041015625,6.471954345703125,,
351.80000000000001,6.123626708984375,6.4387359619140625,,
351.89999999999998,6.09552001953125,6.3646469116210938,,
352,5.9984283447265625,6.2215652465820312,,
352.10000000000002,5.8323593139648438,5.9865036010742188,,
352.19999999999999,5.6356201171875,5.6952362060546875,,
352.30000000000001,5.423553466796875,5.5036087036132812,,
352.39999999999998,5.1987152099609375,5.4065170288085938,,
352.5,4.91766357421875,5.37841796875,,
352.60000000000002,4.5931777954101562,5.4141845703125,,
352.69999999999999,4.393890380859375,5.403961181640625,,
352.80000000000001,4.3427886962890625,5.3375320434570312,,
352.89999999999998,4.2635879516601562,5.5010528564453125,,
353,4.2073745727539062,6.0197219848632812,,
353.10000000000002,4.22015380859375,6.6814651489257812,,
353.19999999999999,4.2354812622070312,7.281890869140625,,
353.30000000000001,4.238037109375,7.4888458251953125,,
353.39999999999998,4.2635879516601562,7.2665557861328125,,
353.5,4.3351287841796875,6.9395217895507812,,
353.60000000000002,4.4168853759765625,6.6508026123046875,,
353.69999999999999,4.4475479125976562,6.5256118774414062,,
353.80000000000001,4.3964462280273438,6.5486068725585938,,
353.89999999999998,4.319793701171875,6.6354751586914062,,
354,4.2686920166015625,6.7964401245117188,,
354.10000000000002,4.2482528686523438,7.189910888671875,,
354.19999999999999,4.245697021484375,7.8414306640625,,
354.30000000000001,4.209930419921875,8.5389480590820312,,
354.39999999999998,4.1690521240234375,9.16748046875,,
354.5,4.1128387451171875,9.5737228393554688,,
354.60000000000002,4.0566329956054688,9.691253662109375,,
354.69999999999999,4.082183837890625,9.6094970703125,,
354.80000000000001,4.153717041015625,9.4664154052734375,,
354.89999999999998,4.2022628784179688,9.36932373046875,,
355,4.2124862670898438,9.3080062866210938,,
355.10000000000002,4.22015380859375,9.2262420654296875,,
355.19999999999999,4.2482528686523438,9.1470413208007812,,
355.30000000000001,4.25592041015625,9.0857162475585938,,
355.39999999999998,4.1664962768554688,9.121490478515625,,
355.5,4.0489654541015625,9.425537109375,,
355.60000000000002,4.1205062866210938,9.6938095092773438,,
355.69999999999999,4.3274612426757812,9.7449111938476562,,
355.80000000000001,4.5446319580078125,9.6222686767578125,,
355.89999999999998,4.8307952880859375,9.287567138671875,,
356,5.1655044555664062,8.8557662963867188,,
356.10000000000002,5.4312210083007812,8.5644989013671875,,
356.19999999999999,5.6049575805664062,8.4623031616210938,,
356.30000000000001,5.7710342407226562,8.403533935546875,,
356.39999999999998,5.9524383544921875,8.3422164916992188,,
356.5,6.1210708618164062,8.1863632202148438,,
356.60000000000002,6.2181625366210938,7.8107757568359375,,
356.69999999999999,6.3126983642578125,7.3202133178710938,,
356.80000000000001,6.5911941528320312,7.2001266479492188,,
356.89999999999998,7.1098556518554688,7.6804656982421875,,
357,7.7179489135742188,8.4852981567382812,,
357.10000000000002,8.3081512451171875,9.4689712524414062,,
357.19999999999999,8.9060211181640625,10.62127685546875,,
357.30000000000001,9.6393051147460938,11.832344055175781,,
357.39999999999998,10.201408386230469,13.309135437011719,,
357.5,10.423690795898438,15.544761657714844,,
357.60000000000002,10.684303283691406,18.958240509033203,,
357.69999999999999,11.141647338867188,23.467815399169922,,
357.80000000000001,11.849380493164062,28.557373046875,,
357.89999999999998,12.858604431152344,33.672481536865234,,
358,14.166763305664062,38.511653900146484,,
358.10000000000002,15.600120544433594,42.264949798583984,,
358.19999999999999,17.033477783203125,46.756637573242188,,
358.30000000000001,18.701889038085938,51.171676635742188,,
358.39999999999998,20.526161193847656,55.520286560058594,,
358.5,22.220123291015625,59.544410705566406,,
358.60000000000002,24.144039154052734,63.131629943847656,,
358.69999999999999,26.6453857421875,66.353485107421875,,
358.80000000000001,29.614295959472656,69.751632690429688,,
358.89999999999998,32.877029418945312,74.261215209960938,,
359,36.078445434570312,78.241905212402344,,
359.10000000000002,38.955375671386719,79.555168151855469,,
359.19999999999999,41.525703430175781,79.557723999023438,,
359.30000000000001,43.556930541992188,79.555168151855469,,
359.39999999999998,44.895748138427734,79.552619934082031,,
359.5,45.790000915527344,79.552619934082031,,
359.60000000000002,46.349544525146484,79.555168151855469,,
359.69999999999999,46.49517822265625,79.552619934082031,,
359.80000000000001,46.364875793457031,79.550064086914062,,
359.89999999999998,45.991844177246094,79.552619934082031,,
360,45.409305572509766,79.555168151855469,4.7430830001831055,4.8543691635131836
360.10000000000002,44.885528564453125,79.552619934082031,,
360.19999999999999,44.693904876708984,79.552619934082031,,
360.30000000000001,44.489505767822266,79.550064086914062,,
360.39999999999998,44.047489166259766,79.550064086914062,,
360.5,43.618247985839844,79.555168151855469,,
360.60000000000002,43.189010620117188,79.555168151855469,,
360.69999999999999,42.713779449462891,79.552619934082031,,
360.80000000000001,42.131240844726562,79.555168151855469,,
360.89999999999998,41.732658386230469,79.555168151855469,,
361,41.776092529296875,79.555168151855469,,
361.10000000000002,41.765872955322266,79.552619934082031,,
361.19999999999999,41.349411010742188,79.552619934082031,,
361.30000000000001,40.782199859619141,79.552619934082031,,
361.39999999999998,40.146003723144531,79.552619934082031,,
361.5,39.149555206298828,79.552619934082031,,
361.60000000000002,37.639549255371094,79.552619934082031,,
361.69999999999999,35.932807922363281,79.557723999023438,,
361.80000000000001,34.282279968261719,79.555168151855469,,
361.89999999999998,31.188175201416016,79.555168151855469,,
362,26.188041687011719,79.432533264160156,,
362.10000000000002,21.750003814697266,75.479949951171875,,
362.19999999999999,19.430065155029297,66.333045959472656,,
362.30000000000001,18.461719512939453,56.828445434570312,,
362.39999999999998,17.866405487060547,49.012702941894531,,
362.5,17.317081451416016,42.33648681640625,,
362.60000000000002,16.716651916503906,36.797248840332031,,
362.69999999999999,15.996147155761719,32.228908538818359,,
362.80000000000001,15.336952209472656,28.314647674560547,,
362.89999999999998,14.854057312011719,24.775974273681641,,
363,14.37371826171875,21.375267028808594,,
363.10000000000002,13.742637634277344,18.000114440917969,,
363.19999999999999,12.932701110839844,14.951995849609375,,
363.30000000000001,12.181533813476562,12.721481323242188,,
363.39999999999998,11.517227172851562,11.403106689453125,,
363.5,10.881034851074219,10.736251831054688,,
363.60000000000002,10.278053283691406,10.467971801757812,,
363.69999999999999,9.7363967895507812,10.396430969238281,,
363.80000000000001,9.1334152221679688,10.199699401855469,,
363.89999999999998,8.497222900390625,9.73724365234375,,
364,7.9478988647460938,9.16748046875,,
364.10000000000002,7.3321380615234375,8.4444122314453125,,
364.19999999999999,6.5860824584960938,7.593597412109375,,
364.30000000000001,5.8604583740234375,6.8245468139648438,,
364.39999999999998,5.1833877563476562,6.1653518676757812,,
364.5,4.5471878051757812,5.6952362060546875,,
364.60000000000002,4.1383895874023438,5.4627304077148438,,
364.69999999999999,3.9569854736328125,5.403961181640625,,
364.80000000000001,3.8343429565429688,5.5087203979492188,,
364.89999999999998,3.7730255126953125,5.626251220703125,,
365,3.7551422119140625,5.6339111328125,,
365.10000000000002,3.7883529663085938,5.5598220825195312,,
365.19999999999999,3.8190155029296875,5.4448471069335938,,
365.30000000000001,3.8394546508789062,5.3298721313476562,,
365.39999999999998,3.8854446411132812,5.2711029052734375,,
365.5,3.9646530151367188,5.2915420532226562,,
365.60000000000002,4.0566329956054688,5.2353363037109375,,
365.69999999999999,4.1383895874023438,5.1689071655273438,,
365.80000000000001,4.2227020263671875,5.1919021606445312,,
365.89999999999998,4.301910400390625,5.2557754516601562,,
366,4.40411376953125,5.4090728759765625,,
366.10000000000002,4.5267486572265625,5.65435791015625,,
366.19999999999999,4.6826019287109375,5.9354019165039062,,
366.30000000000001,4.8461227416992188,6.1372528076171875,,
366.39999999999998,5.0530776977539062,6.3953018188476562,,
366.5,5.5359725952148438,6.9906158447265625,,
366.60000000000002,6.307586669921875,7.6983566284179688,,
366.69999999999999,6.97955322265625,8.127593994140625,,
366.80000000000001,7.4215621948242188,8.33966064453125,,
366.89999999999998,7.7920379638671875,8.5491714477539062,,
367,8.0986404418945312,8.7050247192382812,,
367.10000000000002,8.4818878173828125,8.863433837890625,,
367.19999999999999,9.18707275390625,9.121490478515625,,
367.30000000000001,10.10687255859375,9.535400390625,,
367.39999999999998,11.021560668945312,10.202255249023438,,
367.5,11.846824645996094,11.093948364257812,,
367.60000000000002,12.574996948242188,12.059738159179688,,
367.69999999999999,13.285293579101562,13.145614624023438,,
367.80000000000001,14.013465881347656,14.494651794433594,,
367.89999999999998,14.708427429199219,16.022544860839844,,
368,15.467262268066406,17.747169494628906,,
368.10000000000002,16.274642944335938,19.5433349609375,,
368.19999999999999,17.064132690429688,21.219413757324219,,
368.30000000000001,17.797420501708984,22.770298004150391,,
368.39999999999998,18.589469909667969,24.423385620117188,,
368.5,19.560371398925781,26.416282653808594,,
368.60000000000002,20.595146179199219,28.669792175292969,,
368.69999999999999,21.739784240722656,31.122592926025391,,
368.80000000000001,22.7081298828125,33.164039611816406,,
368.89999999999998,22.585491180419922,33.583057403564453,,
369,21.290103912353516,32.466522216796875,,
369.10000000000002,19.892520904541016,31.127704620361328,,
369.19999999999999,18.834751129150391,30.034164428710938,,
369.30000000000001,18.014595031738281,28.986614227294922,,
369.39999999999998,17.554695129394531,28.143463134765625,,
369.5,17.398841857910156,27.668231964111328,,
369.60000000000002,17.516368865966797,27.471500396728516,,
369.69999999999999,17.897064208984375,27.310535430908203,,
369.80000000000001,17.733543395996094,26.173557281494141,,
369.89999999999998,17.094795227050781,24.129558563232422,,
370,16.724319458007812,22.231193542480469,4.6367850303649902,4.8543691635131836
370.10000000000002,16.456047058105469,20.447803497314453,,
370.19999999999999,16.111122131347656,18.62353515625,,
370.30000000000001,15.686988830566406,16.942344665527344,,
370.39999999999998,15.347175598144531,15.544761657714844,,
370.5,14.910270690917969,14.139511108398438,,
370.60000000000002,14.396713256835938,12.785362243652344,,
370.69999999999999,14.026237487792969,11.755691528320312,,
370.80000000000001,13.671096801757812,10.909988403320312,,
370.89999999999998,13.26995849609375,10.181816101074219,,
371,12.807502746582031,9.5609512329101562,,
371.10000000000002,12.339942932128906,9.11126708984375,,
371.19999999999999,11.905593872070312,8.8046722412109375,,
371.30000000000001,11.425247192382812,8.4265289306640625,,
371.39999999999998,10.98834228515625,8.11737060546875,,
371.5,10.638313293457031,8.0560531616210938,,
371.60000000000002,10.278053283691406,8.0739364624023438,,
371.69999999999999,9.8973617553710938,8.0126190185546875,,
371.80000000000001,9.55499267578125,7.8797607421875,,
371.89999999999998,9.286712646484375,7.7698974609375,,
372,9.0618743896484375,7.6651382446289062,,
372.10000000000002,8.8574752807617188,7.5246124267578125,,
372.19999999999999,8.6581878662109375,7.3227691650390625,,
372.30000000000001,8.4614486694335938,6.9855117797851562,,
372.39999999999998,8.2085037231445312,6.5716018676757812,,
372.5,7.9376754760742188,6.2854385375976562,,
372.60000000000002,7.7307205200195312,6.1755752563476562,,
372.69999999999999,7.5620880126953125,6.1372528076171875,,
372.80000000000001,7.4139022827148438,6.1091461181640625,,
372.89999999999998,7.27337646484375,6.121917724609375,,
373,7.1226272583007812,6.1346969604492188,,
373.10000000000002,6.969329833984375,6.1065902709960938,,
373.19999999999999,6.8339157104492188,6.0708160400390625,,
373.30000000000001,6.7547073364257812,5.9890594482421875,,
373.39999999999998,6.6729507446289062,5.828094482421875,,
373.5,6.6141891479492188,5.7437820434570312,,
373.60000000000002,6.6269607543945312,5.76422119140625,,
373.69999999999999,6.6090774536132812,5.79998779296875,,
373.80000000000001,6.5962982177734375,5.8510894775390625,,
373.89999999999998,6.6320724487304688,5.9149627685546875,,
374,6.6857223510742188,5.9916152954101562,,
374.10000000000002,6.767486572265625,6.0835952758789062,,
374.19999999999999,6.9080123901367188,6.1985702514648438,,
374.30000000000001,7.079193115234375,6.2803268432617188,,
374.39999999999998,7.3398056030273438,6.4745101928710938,,
374.5,7.7664871215820312,6.967620849609375,,
374.60000000000002,8.4077987670898438,7.5859375,,
374.69999999999999,9.22283935546875,8.183807373046875,,
374.80000000000001,10.104316711425781,8.8021163940429688,,
374.89999999999998,11.067550659179688,9.4613037109375,,
375,12.117652893066406,10.148597717285156,,
375.10000000000002,13.116661071777344,10.662155151367188,,
375.19999999999999,13.701751708984375,10.894660949707031,,
375.30000000000001,14.021133422851562,11.155265808105469,,
375.39999999999998,14.383941650390625,11.564071655273438,,
375.5,14.695648193359375,11.954986572265625,,
375.60000000000002,14.953704833984375,12.292243957519531,,
375.69999999999999,15.204093933105469,12.637168884277344,,
375.80000000000001,15.487701416015625,12.989761352539062,,
375.89999999999998,15.671661376953125,13.143058776855469,,
376,15.817298889160156,13.240150451660156,,
376.10000000000002,16.144332885742188,13.700050354003906,,
376.19999999999999,16.573577880859375,14.3924560546875,,
376.30000000000001,16.992591857910156,15.069526672363281,,
376.39999999999998,17.360515594482422,15.669952392578125,,
376.5,17.641563415527344,16.132408142089844,,
376.60000000000002,17.812751770019531,16.380245208740234,,
376.69999999999999,17.810195922851562,16.303592681884766,,
376.80000000000001,17.631343841552734,15.99188232421875,,
376.89999999999998,17.296638488769531,15.383796691894531,,
377,16.788192749023438,14.111404418945312,,
377.10000000000002,16.228652954101562,12.547744750976562,,
377.19999999999999,15.697212219238281,11.344337463378906,,
377.30000000000001,15.214317321777344,10.519073486328125,,
377.39999999999998,14.744194030761719,9.893096923828125,,
377.5,14.067123413085938,9.3182220458984375,,
377.60000000000002,13.423263549804688,8.909423828125,,
377.69999999999999,13.0323486328125,8.7203521728515625,,
377.80000000000001,12.684867858886719,8.605377197265625,,
377.89999999999998,12.342498779296875,8.5312881469726562,,
378,12.002677917480469,8.5082931518554688,,
378.10000000000002,11.683303833007812,8.5057373046875,,
378.19999999999999,11.43035888671875,8.4827423095703125,,
378.30000000000001,11.090545654296875,8.2783432006835938,,
378.39999999999998,10.720069885253906,8.0279464721679688,,
378.5,10.477348327636719,7.9461898803710938,,
378.60000000000002,10.265281677246094,7.9180831909179688,,
378.69999999999999,10.101760864257812,7.9180831909179688,,
378.80000000000001,9.9893417358398438,7.9513015747070312,,
378.89999999999998,9.8871383666992188,7.9691848754882812,,
379,9.81304931640625,7.9461898803710938,,
379.10000000000002,9.7977142333984375,7.8312149047851562,,
379.19999999999999,9.6878509521484375,7.575714111328125,,
379.30000000000001,9.498779296875,7.3789825439453125,,
379.39999999999998,9.3480377197265625,7.3534317016601562,,
379.5,9.2177276611328125,7.34576416015625,,
379.60000000000002,9.1257476806640625,7.327880859375,,
379.69999999999999,9.0286636352539062,7.317657470703125,,
379.80000000000001,8.8957977294921875,7.2921066284179688,,
379.89999999999998,8.7654953002929688,7.264007568359375,,
380,8.7016220092773438,7.2103500366210938,0,0
380.10000000000002,8.6147537231445312,7.0085067749023438,,
380.19999999999999,8.4844436645507812,6.7887725830078125,,
380.30000000000001,8.3924636840820312,6.7402267456054688,,
380.39999999999998,8.2979278564453125,6.7606658935546875,,
380.5,8.2340545654296875,6.7632217407226562,,
380.60000000000002,8.2110595703125,6.7785568237304688,,
380.69999999999999,8.2033920288085938,6.8015518188476562,,
380.80000000000001,8.221282958984375,6.8143234252929688,,
380.89999999999998,8.2544937133789062,6.811767578125,,
381,8.221282958984375,6.6865768432617188,,
381.10000000000002,8.1267471313476562,6.5230560302734375,,
381.19999999999999,8.0526504516601562,6.507720947265625,,
381.30000000000001,8.0322113037109375,6.5511627197265625,,
381.39999999999998,8.0219879150390625,6.5767059326171875,,
381.5,8.0015487670898438,6.6278076171875,,
381.60000000000002,8.0015487670898438,6.6967926025390625,,
381.69999999999999,8.0066604614257812,6.730010986328125,,
381.80000000000001,8.0526504516601562,6.7223434448242188,,
381.89999999999998,8.0424270629882812,6.5894851684570312,,
382,7.9785537719726562,6.4464035034179688,,
382.10000000000002,8.0041046142578125,6.4566268920898438,,
382.19999999999999,8.0756454467773438,6.5230560302734375,,
382.30000000000001,8.1982879638671875,6.64569091796875,,
382.39999999999998,8.4103469848632812,6.8986358642578125,,
382.5,8.8574752807617188,7.3202133178710938,,
382.60000000000002,9.6597442626953125,7.8644256591796875,,
382.69999999999999,10.543777465820312,8.275787353515625,,
382.80000000000001,11.190193176269531,8.5363922119140625,,
382.89999999999998,11.79827880859375,8.9860763549804688,,
383,12.531562805175781,9.6580429077148438,,
383.10000000000002,13.282737731933594,10.434761047363281,,
383.19999999999999,14.010910034179688,11.28302001953125,,
383.30000000000001,14.66754150390625,12.144050598144531,,
383.39999999999998,15.306297302246094,12.987205505371094,,
383.5,15.916938781738281,13.671943664550781,,
383.60000000000002,16.348731994628906,14.182945251464844,,
383.69999999999999,16.767753601074219,14.81402587890625,,
383.80000000000001,17.363071441650391,15.621410369873047,,
383.89999999999998,17.999263763427734,16.456893920898438,,
384,18.653347015380859,17.315372467041016,,
384.10000000000002,19.286983489990234,18.189182281494141,,
384.19999999999999,19.872081756591797,19.00933837890625,,
384.30000000000001,20.375415802001953,19.489677429199219,,
384.39999999999998,20.569595336914062,19.413028717041016,,
384.5,20.229778289794922,18.843265533447266,,
384.60000000000002,19.580810546875,18.038440704345703,,
384.69999999999999,18.832195281982422,17.098197937011719,,
384.80000000000001,18.001819610595703,16.071090698242188,,
384.89999999999998,17.227653503417969,15.171730041503906,,
385,16.553138732910156,14.397567749023438,,
385.10000000000002,16.065132141113281,13.6182861328125,,
385.19999999999999,15.520912170410156,12.757255554199219,,
385.30000000000001,14.989479064941406,12.062294006347656,,
385.39999999999998,14.710983276367188,11.661155700683594,,
385.5,14.496360778808594,11.349449157714844,,
385.60000000000002,14.271522521972656,11.0428466796875,,
385.69999999999999,14.016021728515625,10.754135131835938,,
385.80000000000001,13.757965087890625,10.467971801757812,,
385.89999999999998,13.52801513671875,10.186927795410156,,
386,13.410484313964844,9.9033203125,,
386.10000000000002,13.180534362792969,9.4408645629882812,,
386.19999999999999,12.81005859375,8.9681930541992188,,
386.30000000000001,12.541786193847656,8.7459030151367188,,
386.39999999999998,12.306724548339844,8.6232681274414062,,
386.5,12.125320434570312,8.5185089111328125,,
386.60000000000002,11.951583862304688,8.4086456298828125,,
386.69999999999999,11.754844665527344,8.2732315063476562,,
386.80000000000001,11.596435546875,8.1582565307617188,,
386.89999999999998,11.471237182617188,8.063720703125,,
387,11.361373901367188,7.9768524169921875,,
387.10000000000002,11.289833068847656,7.9129714965820312,,
387.19999999999999,11.159530639648438,7.7469024658203125,,
387.30000000000001,10.929580688476562,7.49395751953125,,
387.39999999999998,10.776283264160156,7.4121932983398438,,
387.5,10.778839111328125,7.5067291259765625,,
387.60000000000002,10.8963623046875,7.7187957763671875,,
387.69999999999999,11.093101501464844,8.00750732421875,,
387.80000000000001,11.435470581054688,8.3422164916992188,,
387.89999999999998,11.943916320800781,8.7280197143554688,,
388,12.485572814941406,9.2185821533203125,,
388.10000000000002,13.063003540039062,9.8266677856445312,,
388.19999999999999,13.7681884765625,10.498634338378906,,
388.30000000000001,14.350723266601562,10.973861694335938,,
388.39999999999998,14.731422424316406,11.397994995117188,,
388.5,15.2015380859375,12.12872314453125,,
388.60000000000002,15.824958801269531,12.994865417480469,,
388.69999999999999,16.537803649902344,13.922332763671875,,
388.80000000000001,17.278755187988281,14.936668395996094,,
388.89999999999998,17.989044189453125,15.88201904296875,,
389,18.620128631591797,16.722614288330078,,
389.10000000000002,19.192451477050781,17.499332427978516,,
389.19999999999999,19.690673828125,18.053768157958984,,
389.30000000000001,20.030490875244141,18.373142242431641,,
389.39999999999998,20.324314117431641,18.687408447265625,,
389.5,20.651355743408203,19.027225494384766,,
389.60000000000002,20.940071105957031,19.305717468261719,,
389.69999999999999,21.078041076660156,19.367038726806641,,
389.80000000000001,20.669239044189453,18.856037139892578,,
389.89999999999998,19.797985076904297,17.915798187255859,,
390,18.885848999023438,16.934680938720703,0,0
390.10000000000002,17.983936309814453,15.802814483642578,,
390.19999999999999,17.002815246582031,14.522758483886719,,
390.30000000000001,16.118782043457031,13.444549560546875,,
390.39999999999998,15.518363952636719,12.670387268066406,,
390.5,15.114669799804688,12.021415710449219,,
390.60000000000002,14.787628173828125,11.489974975585938,,
390.69999999999999,14.486137390136719,11.093948364257812,,
390.80000000000001,14.187202453613281,10.777130126953125,,
390.89999999999998,13.924041748046875,10.519073486328125,,
391,13.760520935058594,10.243133544921875,,
391.10000000000002,13.459030151367188,9.7909011840820312,,
391.19999999999999,13.088554382324219,9.3488845825195312,,
391.30000000000001,12.891822814941406,9.1725921630859375,,
391.39999999999998,12.741073608398438,9.07550048828125,,
391.5,12.582664489746094,8.9400863647460938,,
391.60000000000002,12.467689514160156,8.8608779907226562,,
391.69999999999999,12.38848876953125,8.8378829956054688,,
391.80000000000001,12.309280395507812,8.8302230834960938,,
391.89999999999998,12.235183715820312,8.8225555419921875,,
392,12.168754577636719,8.7331314086914062,,
392.10000000000002,11.987350463867188,8.4674072265625,,
392.19999999999999,11.793167114257812,8.2425689697265625,,
392.30000000000001,11.747177124023438,8.2476806640625,,
392.39999999999998,11.74462890625,8.3268814086914062,,
392.5,11.765068054199219,8.3958663940429688,,
392.60000000000002,11.811058044433594,8.4623031616210938,,
392.69999999999999,11.841712951660156,8.4980697631835938,,
392.80000000000001,11.849380493164062,8.5440597534179688,,
392.89999999999998,11.851936340332031,8.5798263549804688,,
393,11.887702941894531,8.569610595703125,,
393.10000000000002,11.877487182617188,8.421417236328125,,
393.19999999999999,11.719078063964844,8.1684722900390625,,
393.30000000000001,11.596435546875,8.053497314453125,,
393.39999999999998,11.795722961425781,8.283447265625,,
393.5,12.434478759765625,8.753570556640625,,
393.60000000000002,13.310836791992188,9.2441329956054688,,
393.69999999999999,14.11566162109375,9.7679061889648438,,
393.80000000000001,14.828514099121094,10.404098510742188,,
393.89999999999998,15.554130554199219,11.203811645507812,,
394,16.3052978515625,12.156829833984375,,
394.10000000000002,17.09735107421875,13.163497924804688,,
394.19999999999999,17.736099243164062,13.988761901855469,,
394.30000000000001,18.259876251220703,14.7220458984375,,
394.39999999999998,18.873073577880859,15.608634948730469,,
394.5,19.504161834716797,16.551429748535156,,
394.60000000000002,20.196563720703125,17.496780395507812,,
394.69999999999999,20.901744842529297,18.437019348144531,,
394.80000000000001,21.4945068359375,19.423248291015625,,
394.89999999999998,22.066825866699219,20.486129760742188,,
395,22.738788604736328,21.518348693847656,,
395.10000000000002,23.374984741210938,22.348724365234375,,
395.19999999999999,23.868099212646484,22.918487548828125,,
395.30000000000001,24.287120819091797,23.490810394287109,,
395.39999999999998,24.634601593017578,24.208763122558594,,
395.5,24.841556549072266,24.906280517578125,,
395.60000000000002,24.974414825439453,25.453048706054688,,
395.69999999999999,25.117496490478516,25.808193206787109,,
395.80000000000001,25.260574340820312,26.063694000244141,,
395.89999999999998,25.421539306640625,26.403507232666016,,
396,25.508411407470703,26.595134735107422,,
396.10000000000002,25.424095153808594,26.296199798583984,,
396.19999999999999,25.043399810791016,25.667667388916016,,
396.30000000000001,24.483856201171875,24.985485076904297,,
396.39999999999998,23.829776763916016,24.321182250976562,,
396.5,22.927860260009766,23.577678680419922,,
396.60000000000002,22.015724182128906,22.808624267578125,,
396.69999999999999,21.216011047363281,22.077892303466797,,
396.80000000000001,20.40863037109375,21.311393737792969,,
396.89999999999998,19.519489288330078,20.360935211181641,,
397,18.328861236572266,18.912250518798828,,
397.10000000000002,17.053916931152344,17.254055023193359,,
397.19999999999999,16.019142150878906,15.820697784423828,,
397.30000000000001,15.262863159179688,14.540641784667969,,
397.39999999999998,14.751861572265625,13.3985595703125,,
397.5,14.274078369140625,12.468536376953125,,
397.60000000000002,13.82183837890625,11.771026611328125,,
397.69999999999999,13.484580993652344,11.224250793457031,,
397.80000000000001,13.2520751953125,10.779685974121094,,
397.89999999999998,13.152427673339844,10.536956787109375,,
398,13.134544372558594,10.475639343261719,,
398.10000000000002,13.208641052246094,10.450088500976562,,
398.19999999999999,13.060447692871094,10.115386962890625,,
398.30000000000001,12.332275390625,9.5226211547851562,,
398.39999999999998,11.369041442871094,9.1470413208007812,,
398.5,10.487564086914062,9.0243988037109375,,
398.60000000000002,9.6801834106445312,8.8021163940429688,,
398.69999999999999,8.8855819702148438,8.4265289306640625,,
398.80000000000001,8.0219879150390625,8.017730712890625,,
398.89999999999998,7.1737289428710938,7.4173049926757812,,
399,6.4021224975585938,6.3493118286132812,,
399.10000000000002,5.7173843383789062,5.6492462158203125,,
399.19999999999999,5.185943603515625,5.1433563232421875,,
399.30000000000001,4.7158203125,5.1586837768554688,,
399.39999999999998,4.3708953857421875,5.6134719848632812,,
399.5,4.2635879516601562,6.3007659912109375,,
399.60000000000002,4.2303695678710938,7.3687591552734375,,
399.69999999999999,4.3146820068359375,8.7561264038085938,,
399.80000000000001,4.5804061889648438,9.801116943359375,,
399.89999999999998,4.7694778442382812,10.243133544921875,,
400,4.7771377563476562,10.414321899414062,9.230769157409668,9.2449922561645508
400.10000000000002,4.7822494506835938,10.628936767578125,,
400.19999999999999,4.8026885986328125,10.73114013671875,,
400.30000000000001,4.7107086181640625,10.897216796875,,
400.39999999999998,4.6545028686523438,11.295791625976562,,
400.5,4.69793701171875,11.581954956054688,,
400.60000000000002,4.77203369140625,11.653495788574219,,
400.69999999999999,4.8767852783203125,11.783798217773438,,
400.80000000000001,5.0070877075195312,11.832344055175781,,
400.89999999999998,5.2753677368164062,11.868110656738281,,
401,5.4567718505859375,11.840011596679688,,
401.10000000000002,5.4082260131835938,11.535964965820312,,
401.19999999999999,5.3264694213867188,11.323898315429688,,
401.30000000000001,5.3162460327148438,11.275352478027344,,
401.39999999999998,5.331573486328125,11.17315673828125,,
401.5,5.3060226440429688,10.991752624511719,,
401.60000000000002,5.3341293334960938,10.797569274902344,,
401.69999999999999,5.3673477172851562,10.710700988769531,,
401.80000000000001,5.387786865234375,10.751579284667969,,
401.89999999999998,5.4465484619140625,10.787345886230469,,
402,5.4593276977539062,10.981529235839844,,
402.10000000000002,5.4184494018554688,11.229362487792969,,
402.19999999999999,5.3980026245117188,11.311126708984375,,
402.30000000000001,5.4491043090820312,11.211479187011719,,
402.39999999999998,5.4669876098632812,11.088836669921875,,
402.5,5.4567718505859375,11.086280822753906,,
402.60000000000002,5.5104293823242188,10.986640930175781,,
402.69999999999999,5.5385284423828125,10.876777648925781,,
402.80000000000001,5.4848785400390625,10.838447570800781,,
402.89999999999998,5.4286651611328125,10.779685974121094,,
403,5.4107818603515625,10.603385925292969,,
403.10000000000002,5.4312210083007812,10.386215209960938,,
403.19999999999999,5.4005584716796875,10.301902770996094,,
403.30000000000001,5.35968017578125,10.181816101074219,,
403.39999999999998,5.35968017578125,9.9544219970703125,,
403.5,5.3980026245117188,9.6427078247070312,,
403.60000000000002,5.6764984130859375,9.425537109375,,
403.69999999999999,6.2564849853515625,9.5916061401367188,,
403.80000000000001,6.657623291015625,9.7679061889648438,,
403.89999999999998,6.527313232421875,10.460311889648438,,
404,6.5503082275390625,12.652496337890625,,
404.10000000000002,7.19927978515625,16.663848876953125,,
404.19999999999999,8.22894287109375,22.509689331054688,,
404.30000000000001,9.4246826171875,28.922737121582031,,
404.39999999999998,10.720069885253906,34.888664245605469,,
404.5,12.431922912597656,40.583759307861328,,
404.60000000000002,14.721199035644531,45.974807739257812,,
404.69999999999999,17.340076446533203,51.996940612792969,,
404.80000000000001,20.035598754882812,56.984302520751953,,
404.89999999999998,22.511394500732422,61.843910217285156,,
405,25.263130187988281,66.044334411621094,,
405.10000000000002,28.262699127197266,67.303947448730469,,
405.19999999999999,30.350135803222656,65.239509582519531,,
405.30000000000001,31.07830810546875,63.103527069091797,,
405.39999999999998,31.576534271240234,63.065200805664062,,
405.5,33.523445129394531,66.716293334960938,,
405.60000000000002,36.558784484863281,72.830413818359375,,
405.69999999999999,38.970703125,77.690025329589844,,
405.80000000000001,40.079574584960938,79.516845703125,,
405.89999999999998,40.209880828857422,79.552619934082031,,
406,39.862400054931641,79.552619934082031,,
406.10000000000002,39.397388458251953,79.552619934082031,,
406.19999999999999,39.290081024169922,79.552619934082031,,
406.30000000000001,39.652889251708984,79.555168151855469,,
406.39999999999998,40.061687469482422,79.555168151855469,,
406.5,40.475597381591797,79.555168151855469,,
406.60000000000002,40.871623992919922,79.555168151855469,,
406.69999999999999,41.139900207519531,79.557723999023438,,
406.80000000000001,41.137344360351562,79.557723999023438,,
406.89999999999998,41.022369384765625,79.555168151855469,,
407,41.111793518066406,79.552619934082031,,
407.10000000000002,41.298309326171875,79.555168151855469,,
407.19999999999999,41.413284301757812,79.552619934082031,,
407.30000000000001,41.41839599609375,79.552619934082031,,
407.39999999999998,41.244655609130859,79.552619934082031,,
407.5,41.127124786376953,79.552619934082031,,
407.60000000000002,41.193553924560547,79.552619934082031,,
407.69999999999999,41.45416259765625,79.552619934082031,,
407.80000000000001,41.809310913085938,79.550064086914062,,
407.89999999999998,41.962608337402344,79.552619934082031,,
408,41.942169189453125,79.552619934082031,,
408.10000000000002,41.924285888671875,79.552619934082031,,
408.19999999999999,41.916618347167969,79.550064086914062,,
408.30000000000001,41.931949615478516,79.550064086914062,,
408.39999999999998,41.980495452880859,79.550064086914062,,
408.5,41.931949615478516,79.550064086914062,,
408.60000000000002,41.903842926025391,79.552619934082031,,
408.69999999999999,42.174674987792969,79.552619934082031,,
408.80000000000001,42.389293670654297,79.552619934082031,,
408.89999999999998,42.266654968261719,79.552619934082031,,
409,42.092914581298828,79.555168151855469,,
409.10000000000002,42.052032470703125,79.557723999023438,,
409.19999999999999,42.049480438232422,79.557723999023438,,
409.30000000000001,41.845077514648438,79.555168151855469,,
409.39999999999998,41.594688415527344,79.555168151855469,,
409.5,41.367294311523438,79.555168151855469,,
409.60000000000002,41.300865173339844,79.552619934082031,,
409.69999999999999,41.41839599609375,79.555168151855469,,
409.80000000000001,41.724994659423828,79.555168151855469,,
409.89999999999998,42.067363739013672,79.555168151855469,,
410,42.266654968261719,79.555168151855469,4.6875,0
410.10000000000002,42.580917358398438,79.552619934082031,,
410.19999999999999,42.905403137207031,79.552619934082031,,
410.30000000000001,43.07403564453125,79.552619934082031,,
410.39999999999998,43.132801055908203,79.550064086914062,,
410.5,43.163459777832031,79.552619934082031,,
410.60000000000002,43.209449768066406,79.552619934082031,,
410.69999999999999,43.120025634765625,79.552619934082031,,
410.80000000000001,42.716335296630859,79.550064086914062,,
410.89999999999998,42.15423583984375,79.552619934082031,,
411,41.5103759765625,79.552619934082031,,
411.10000000000002,40.943164825439453,79.552619934082031,,
411.19999999999999,40.488372802734375,79.552619934082031,,
411.30000000000001,39.956935882568359,79.552619934082031,,
411.39999999999998,39.361618041992188,79.555168151855469,,
411.5,38.666660308837891,79.552619934082031,,
411.60000000000002,37.84906005859375,79.552619934082031,,
411.69999999999999,37.036567687988281,79.552619934082031,,
411.80000000000001,36.172981262207031,79.555168151855469,,
411.89999999999998,34.7396240234375,79.555168151855469,,
412,32.820819854736328,79.552619934082031,,
412.10000000000002,29.851909637451172,79.555168151855469,,
412.19999999999999,25.539070129394531,77.472846984863281,,
412.30000000000001,21.706569671630859,70.101669311523438,,
412.39999999999998,20.137798309326172,58.1033935546875,,
412.5,20.010051727294922,45.139324188232422,,
412.60000000000002,19.677898406982422,34.045513153076172,,
412.69999999999999,19.312534332275391,26.188888549804688,,
412.80000000000001,19.092803955078125,21.009902954101562,,
412.89999999999998,18.157676696777344,17.277050018310547,,
413,16.404945373535156,14.757820129394531,,
413.10000000000002,14.603668212890625,13.079185485839844,,
413.19999999999999,12.983802795410156,11.76080322265625,,
413.30000000000001,11.693527221679688,10.792457580566406,,
413.39999999999998,10.686859130859375,10.140937805175781,,
413.5,9.784942626953125,9.6299362182617188,,
413.60000000000002,8.9698944091796875,9.1470413208007812,,
413.69999999999999,8.274932861328125,8.6922531127929688,,
413.80000000000001,7.723052978515625,8.2732315063476562,,
413.89999999999998,7.2478256225585938,7.887420654296875,,
414,6.841583251953125,7.5910415649414062,,
414.10000000000002,6.5068740844726562,7.2972183227539062,,
414.19999999999999,6.197723388671875,6.9727325439453125,,
414.30000000000001,5.9141159057617188,6.7632217407226562,,
414.39999999999998,5.6867218017578125,6.655914306640625,,
414.5,5.5257568359375,6.6482467651367188,,
414.60000000000002,5.369903564453125,6.7708892822265625,,
414.69999999999999,5.203826904296875,6.7964401245117188,,
414.80000000000001,5.0760726928710938,6.64569091796875,,
414.89999999999998,4.945770263671875,6.344207763671875,,
415,4.7081527709960938,6.0606002807617188,,
415.10000000000002,4.3811187744140625,6.1704635620117188,,
415.19999999999999,4.1562728881835938,6.5307159423828125,,
415.30000000000001,4.0668487548828125,6.7862167358398438,,
415.39999999999998,4.0004196166992188,7.0187225341796875,,
415.5,3.9416580200195312,7.327880859375,,
415.60000000000002,3.9391021728515625,7.63958740234375,,
415.69999999999999,3.9569854736328125,7.7724456787109375,,
415.80000000000001,3.9467620849609375,7.6600265502929688,,
415.89999999999998,3.898223876953125,7.5041732788085938,,
416,3.85223388671875,7.4990615844726562,,
416.10000000000002,3.8215713500976562,7.5731582641601562,,
416.19999999999999,3.8036880493164062,7.74945068359375,,
416.30000000000001,3.81390380859375,8.3626556396484375,,
416.39999999999998,3.8087921142578125,9.11126708984375,,
416.5,3.824127197265625,9.5226211547851562,,
416.60000000000002,3.8164596557617188,9.7116928100585938,,
416.69999999999999,3.7934646606445312,9.9058761596679688,,
416.80000000000001,3.8547821044921875,10.097496032714844,,
416.89999999999998,3.9442138671875,10.202255249023438,,
417,4.0183029174804688,10.273796081542969,,
417.10000000000002,4.100067138671875,9.985076904296875,,
417.19999999999999,4.3095779418945312,8.9707412719726562,,
417.30000000000001,4.4935379028320312,7.9845123291015625,,
417.39999999999998,4.5982894897460938,7.4581832885742188,,
417.5,4.6034011840820312,7.3585357666015625,,
417.60000000000002,4.4986419677734375,7.501617431640625,,
417.69999999999999,4.4373245239257812,7.63958740234375,,
417.80000000000001,4.3862228393554688,7.8414306640625,,
417.89999999999998,4.3734512329101562,7.91552734375,,
418,4.347900390625,7.925750732421875,,
418.10000000000002,4.2763595581054688,7.9666290283203125,,
418.19999999999999,4.209930419921875,8.1403656005859375,,
418.30000000000001,4.1307220458984375,8.3779830932617188,,
418.39999999999998,4.0694046020507812,8.5440597534179688,,
418.5,4.0336380004882812,8.827667236328125,,
418.60000000000002,4.0208587646484375,9.0908279418945312,,
418.69999999999999,4.08984375,9.1419296264648438,,
418.80000000000001,4.1230621337890625,9.1163787841796875,,
418.89999999999998,3.9672088623046875,9.4025421142578125,,
419,3.933990478515625,9.8675460815429688,,
419.10000000000002,4.0310821533203125,10.110275268554688,,
419.19999999999999,4.025970458984375,10.457756042480469,,
419.30000000000001,4.0004196166992188,11.014747619628906,,
419.39999999999998,4.0183029174804688,11.303459167480469,,
419.5,4.117950439453125,11.183372497558594,,
419.60000000000002,4.1792678833007812,10.986640930175781,,
419.69999999999999,4.29168701171875,10.940650939941406,,
419.80000000000001,4.450103759765625,11.027519226074219,,
419.89999999999998,4.4475479125976562,11.196151733398438,,
420,4.4168853759765625,11.525741577148438,4.1152262687683105,0
420.10000000000002,4.521636962890625,11.750587463378906,,
420.19999999999999,4.7873611450195312,11.612617492675781,,
420.30000000000001,5.0633010864257812,11.477195739746094,,
420.39999999999998,5.23193359375,11.456756591796875,,
420.5,5.3469085693359375,11.380111694335938,,
420.60000000000002,5.4184494018554688,11.413322448730469,,
420.69999999999999,5.4465484619140625,11.520637512207031,,
420.80000000000001,5.4107818603515625,11.477195739746094,,
420.89999999999998,5.331573486328125,10.98919677734375,,
421,5.24981689453125,10.317230224609375,,
421.10000000000002,5.2574844360351562,9.6401519775390625,,
421.19999999999999,5.3673477172851562,8.6360397338867188,,
421.30000000000001,5.571746826171875,7.6753616333007812,,
421.39999999999998,5.9473342895507812,7.2946624755859375,,
421.5,6.3944549560546875,7.5527191162109375,,
421.60000000000002,7.1941680908203125,8.0305023193359375,,
421.69999999999999,8.4665603637695312,8.5823822021484375,,
421.80000000000001,9.7823867797851562,9.3897628784179688,,
421.89999999999998,10.965347290039062,10.368331909179688,,
422,12.033340454101562,11.581954956054688,,
422.10000000000002,12.950584411621094,12.767471313476562,,
422.19999999999999,13.52801513671875,13.615737915039062,,
422.30000000000001,13.849945068359375,14.389900207519531,,
422.39999999999998,14.235748291015625,15.319915771484375,,
422.5,14.726310729980469,16.362358093261719,,
422.60000000000002,15.186210632324219,17.438014984130859,,
422.69999999999999,15.66143798828125,18.511112213134766,,
422.80000000000001,16.172439575195312,19.46923828125,,
422.89999999999998,16.473930358886719,20.164199829101562,,
423,16.721763610839844,20.882152557373047,,
423.10000000000002,17.110122680664062,21.916927337646484,,
423.19999999999999,17.503593444824219,23.102447509765625,,
423.30000000000001,17.894508361816406,24.387615203857422,,
423.39999999999998,18.31097412109375,25.726432800292969,,
423.5,18.699337005615234,26.779094696044922,,
423.60000000000002,19.12091064453125,27.678455352783203,,
423.69999999999999,19.677898406982422,28.743888854980469,,
423.80000000000001,20.306430816650391,29.832317352294922,,
423.89999999999998,20.896636962890625,30.953964233398438,,
424,21.394859313964844,32.152259826660156,,
424.10000000000002,21.834320068359375,33.238132476806641,,
424.19999999999999,22.192020416259766,33.881992340087891,,
424.30000000000001,22.447521209716797,34.272907257080078,,
424.39999999999998,22.680023193359375,34.906547546386719,,
424.5,22.902309417724609,35.71392822265625,,
424.60000000000002,23.030059814453125,36.592849731445312,,
424.69999999999999,23.142478942871094,37.469211578369141,,
424.80000000000001,23.316219329833984,38.156509399414062,,
424.89999999999998,23.561500549316406,38.496322631835938,,
425,23.671363830566406,38.17950439453125,,
425.10000000000002,23.438861846923828,37.392562866210938,,
425.19999999999999,22.823104858398438,36.33990478515625,,
425.30000000000001,21.681018829345703,34.553958892822266,,
425.39999999999998,20.349864959716797,32.147148132324219,,
425.5,19.154125213623047,29.650913238525391,,
425.60000000000002,18.165340423583984,27.341194152832031,,
425.69999999999999,17.439720153808594,25.330410003662109,,
425.80000000000001,16.841850280761719,23.347728729248047,,
425.89999999999998,16.134117126464844,21.446807861328125,,
426,15.582237243652344,19.962352752685547,,
426.10000000000002,15.377838134765625,18.692520141601562,,
426.19999999999999,15.221977233886719,17.489112854003906,,
426.30000000000001,15.081459045410156,16.462005615234375,,
426.39999999999998,14.956260681152344,15.508987426757812,,
426.5,14.739082336425781,14.494651794433594,,
426.60000000000002,14.424819946289062,13.447105407714844,,
426.69999999999999,14.069671630859375,12.455764770507812,,
426.80000000000001,13.724746704101562,11.505302429199219,,
426.89999999999998,13.392601013183594,10.611053466796875,,
427,12.899482727050781,9.7270278930664062,,
427.10000000000002,12.347602844238281,9.0371780395507812,,
427.19999999999999,11.915809631347656,8.7331314086914062,,
427.30000000000001,11.5223388671875,8.6309280395507812,,
427.39999999999998,11.110984802246094,8.6130447387695312,,
427.5,10.778839111328125,8.5900497436523438,,
427.60000000000002,10.5667724609375,8.5185089111328125,,
427.69999999999999,10.367477416992188,8.4418563842773438,,
427.80000000000001,10.168190002441406,8.403533935546875,,
427.89999999999998,10.030220031738281,8.3575439453125,,
428,9.9740142822265625,8.22979736328125,,
428.10000000000002,9.8539276123046875,7.9385223388671875,,
428.19999999999999,9.6341934204101562,7.6370315551757812,,
428.30000000000001,9.4400177001953125,7.5424957275390625,,
428.39999999999998,9.3020477294921875,7.56549072265625,,
428.5,9.2279510498046875,7.5808258056640625,,
428.60000000000002,9.22283935546875,7.6089324951171875,,
428.69999999999999,9.2637176513671875,7.7366790771484375,,
428.80000000000001,9.3684768676757812,8.017730712890625,,
428.89999999999998,9.6163101196289062,8.3652114868164062,,
429,9.968902587890625,8.63348388671875,,
429.10000000000002,10.403251647949219,8.7050247192382812,,
429.19999999999999,10.845268249511719,8.6283721923828125,,
429.30000000000001,11.335823059082031,8.7382431030273438,,
429.39999999999998,11.974578857421875,9.1291580200195312,,
429.5,12.733413696289062,9.6350479125976562,,
429.60000000000002,13.520347595214844,10.258460998535156,,
429.69999999999999,14.220420837402344,10.98919677734375,,
429.80000000000001,14.866836547851562,11.745475769042969,,
429.89999999999998,15.464706420898438,12.527305603027344,,
430,15.970596313476562,13.217155456542969,4.1666669845581055,0
430.10000000000002,16.297637939453125,13.769035339355469,,
430.19999999999999,16.599128723144531,14.420562744140625,,
430.30000000000001,17.000259399414062,15.291816711425781,,
430.39999999999998,17.449939727783203,16.226943969726562,,
430.5,17.968605041503906,17.133968353271484,,
430.60000000000002,18.512821197509766,18.010334014892578,,
430.69999999999999,19.036594390869141,18.812602996826172,,
430.80000000000001,19.542484283447266,19.428359985351562,,
430.89999999999998,20.033046722412109,19.842269897460938,,
431,20.508274078369141,20.340492248535156,,
431.10000000000002,20.919631958007812,20.92303466796875,,
431.19999999999999,21.083148956298828,21.170867919921875,,
431.30000000000001,20.837871551513672,20.841274261474609,,
431.39999999999998,20.173568725585938,19.970020294189453,,
431.5,19.261436462402344,18.815158843994141,,
431.60000000000002,18.374851226806641,17.338367462158203,,
431.69999999999999,17.513816833496094,15.411895751953125,,
431.80000000000001,16.770309448242188,13.485427856445312,,
431.89999999999998,16.284858703613281,11.937095642089844,,
432,15.924606323242188,10.830787658691406,,
432.10000000000002,15.648666381835938,10.115386962890625,,
432.19999999999999,15.405937194824219,9.6989212036132812,,
432.30000000000001,15.081459045410156,9.4306411743164062,,
432.39999999999998,14.7978515625,9.2364654541015625,,
432.5,14.511688232421875,8.9324188232421875,,
432.60000000000002,14.133552551269531,8.551727294921875,,
432.69999999999999,13.8397216796875,8.3830947875976562,,
432.80000000000001,13.632766723632812,8.329437255859375,,
432.89999999999998,13.49224853515625,8.2860031127929688,,
433,13.428367614746094,8.3345489501953125,,
433.10000000000002,13.351722717285156,8.4341964721679688,,
433.19999999999999,13.246963500976562,8.5057373046875,,
433.30000000000001,13.16009521484375,8.5542831420898438,,
433.39999999999998,13.080886840820312,8.5670547485351562,,
433.5,12.942916870117188,8.5644989013671875,,
433.60000000000002,12.781951904296875,8.5440597534179688,,
433.69999999999999,12.712966918945312,8.4418563842773438,,
433.80000000000001,12.541786193847656,8.1812515258789062,,
433.89999999999998,12.327163696289062,7.953857421875,,
434,12.227523803710938,7.9410781860351562,,
434.10000000000002,12.132987976074219,7.9768524169921875,,
434.19999999999999,12.097213745117188,8.035614013671875,,
434.30000000000001,12.125320434570312,8.1250381469726562,,
434.39999999999998,12.140647888183594,8.1761398315429688,,
434.5,12.125320434570312,8.2349014282226562,,
434.60000000000002,12.120208740234375,8.311553955078125,,
434.69999999999999,12.176422119140625,8.4009780883789062,,
434.80000000000001,12.332275390625,8.5261764526367188,,
434.89999999999998,12.715522766113281,8.6360397338867188,,
435,13.162651062011719,8.6718063354492188,,
435.10000000000002,13.625106811523438,8.863433837890625,,
435.19999999999999,14.266410827636719,9.4510879516601562,,
435.30000000000001,15.015022277832031,10.309562683105469,,
435.39999999999998,15.801963806152344,11.231918334960938,,
435.5,16.458602905273438,11.998420715332031,,
435.60000000000002,16.938941955566406,12.591178894042969,,
435.69999999999999,17.352851867675781,13.163497924804688,,
435.80000000000001,17.7412109375,13.78436279296875,,
435.89999999999998,18.078468322753906,14.3924560546875,,
436,18.443836212158203,14.849800109863281,,
436.10000000000002,18.709556579589844,15.087417602539062,,
436.19999999999999,18.880741119384766,15.378684997558594,,
436.30000000000001,19.159236907958984,15.963779449462891,,
436.39999999999998,19.455615997314453,16.5999755859375,,
436.5,19.757106781005859,17.223392486572266,,
436.60000000000002,20.081588745117188,17.857032775878906,,
436.69999999999999,20.375415802001953,18.401248931884766,,
436.80000000000001,20.633468627929688,18.822822570800781,,
436.89999999999998,20.796989440917969,19.101318359375,,
437,20.807209014892578,19.180522918701172,,
437.10000000000002,20.6104736328125,18.871368408203125,,
437.19999999999999,20.462284088134766,18.559658050537109,,
437.30000000000001,20.531269073486328,18.684852600097656,,
437.39999999999998,20.674350738525391,18.988899230957031,,
437.5,20.858310699462891,19.310829162597656,,
437.60000000000002,21.052490234375,19.640422821044922,,
437.69999999999999,21.223674774169922,19.880592346191406,,
437.80000000000001,21.323318481445312,19.995567321777344,,
437.89999999999998,21.384639739990234,20.051780700683594,,
438,21.407634735107422,20.0211181640625,,
438.10000000000002,21.279884338378906,19.681304931640625,,
438.19999999999999,21.182796478271484,19.300609588623047,,
438.30000000000001,21.190460205078125,19.264839172363281,,
438.39999999999998,21.095924377441406,19.277614593505859,,
438.5,20.924739837646484,19.172859191894531,,
438.60000000000002,20.666683197021484,18.932689666748047,,
438.69999999999999,20.252773284912109,18.462570190429688,,
438.80000000000001,19.744331359863281,17.882583618164062,,
438.89999999999998,19.281875610351562,17.381805419921875,,
439,18.890960693359375,16.955120086669922,,
439.10000000000002,18.487270355224609,16.35980224609375,,
439.19999999999999,17.884288787841797,15.519210815429688,,
439.30000000000001,17.214881896972656,14.745040893554688,,
439.39999999999998,16.691108703613281,14.165061950683594,,
439.5,16.254203796386719,13.6182861328125,,
439.60000000000002,15.886283874511719,13.130287170410156,,
439.69999999999999,15.564353942871094,12.73681640625,,
439.80000000000001,15.296073913574219,12.338233947753906,,
439.89999999999998,15.096786499023438,11.914100646972656,,
440,14.966484069824219,11.46697998046875,4.1666669845581055,0
440.10000000000002,14.841285705566406,11.032630920410156,,
440.19999999999999,14.675209045410156,10.605941772460938,,
440.30000000000001,14.511688232421875,10.140937805175781,,
440.39999999999998,14.399269104003906,9.5328445434570312,,
440.5,14.233192443847656,8.863433837890625,,
440.60000000000002,14.031349182128906,8.4290847778320312,,
440.69999999999999,13.862716674804688,8.2476806640625,,
440.80000000000001,13.686424255371094,8.1786956787109375,,
440.89999999999998,13.535682678222656,8.2042465209960938,,
441,13.377273559570312,8.2349014282226562,,
441.10000000000002,13.23419189453125,8.2170181274414062,,
441.19999999999999,13.116661071777344,8.2170181274414062,,
441.30000000000001,13.019569396972656,8.2119064331054688,,
441.39999999999998,13.009353637695312,8.173583984375,,
441.5,13.027236938476562,8.1301498413085938,,
441.60000000000002,12.973579406738281,7.9845123291015625,,
441.69999999999999,12.776847839355469,7.7366790771484375,,
441.80000000000001,12.57244873046875,7.6012649536132812,,
441.89999999999998,12.46002197265625,7.6242599487304688,,
442,12.355270385742188,7.6830215454101562,,
442.10000000000002,12.2965087890625,7.7111282348632812,,
442.19999999999999,12.299057006835938,7.74945068359375,,
442.30000000000001,12.283729553222656,7.7826690673828125,,
442.39999999999998,12.242851257324219,7.8184356689453125,,
442.5,12.191749572753906,7.8542098999023438,,
442.60000000000002,12.140647888183594,7.8720932006835938,,
442.69999999999999,12.127876281738281,7.8184356689453125,,
442.80000000000001,12.010345458984375,7.5680465698242188,,
442.89999999999998,11.839157104492188,7.4402999877929688,,
443,11.749732971191406,7.4786224365234375,,
443.10000000000002,11.675643920898438,7.52972412109375,,
443.19999999999999,11.657752990722656,7.56549072265625,,
443.30000000000001,11.690971374511719,7.6165924072265625,,
443.39999999999998,11.713966369628906,7.6600265502929688,,
443.5,11.708854675292969,7.703460693359375,,
443.60000000000002,11.711410522460938,7.7315673828125,,
443.69999999999999,11.747177124023438,7.7187957763671875,,
443.80000000000001,11.675643920898438,7.547607421875,,
443.89999999999998,11.50445556640625,7.3380966186523438,,
444,11.404808044433594,7.3304367065429688,,
444.10000000000002,11.353713989257812,7.4147491455078125,,
444.19999999999999,11.213188171386719,7.465850830078125,,
444.30000000000001,11.024116516113281,7.4862899780273438,,
444.39999999999998,10.975570678710938,7.5322799682617188,,
444.5,11.0445556640625,7.657470703125,,
444.60000000000002,11.149307250976562,7.8542098999023438,,
444.69999999999999,11.28472900390625,7.9461898803710938,,
444.80000000000001,11.28472900390625,7.8107757568359375,,
444.89999999999998,11.187637329101562,7.703460693359375,,
445,11.174858093261719,7.78778076171875,,
445.10000000000002,11.28472900390625,7.999847412109375,,
445.19999999999999,11.586212158203125,8.2987823486328125,,
445.30000000000001,12.076774597167969,8.6513671875,,
445.39999999999998,12.679756164550781,9.00140380859375,,
445.5,13.34405517578125,9.3999862670898438,,
445.60000000000002,13.9879150390625,9.8215560913085938,,
445.69999999999999,14.424819946289062,10.161376953125,,
445.80000000000001,14.820846557617188,10.631492614746094,,
445.89999999999998,15.352287292480469,11.385215759277344,,
446,15.91949462890625,12.246253967285156,,
446.10000000000002,16.519920349121094,13.135391235351562,,
446.19999999999999,17.084571838378906,14.021980285644531,,
446.30000000000001,17.541919708251953,14.829360961914062,,
446.39999999999998,17.953273773193359,15.526870727539062,,
446.5,18.226661682128906,15.986774444580078,,
446.60000000000002,18.415729522705078,16.410903930664062,,
446.69999999999999,18.740215301513672,17.052207946777344,,
446.80000000000001,19.1387939453125,17.752277374267578,,
446.89999999999998,19.601249694824219,18.465122222900391,,
447,20.130134582519531,19.190742492675781,,
447.10000000000002,20.651355743408203,19.872928619384766,,
447.19999999999999,21.108699798583984,20.501457214355469,,
447.30000000000001,21.443405151367188,20.866825103759766,,
447.39999999999998,21.617145538330078,20.935810089111328,,
447.5,21.589038848876953,20.808059692382812,,
447.60000000000002,21.141914367675781,20.266399383544922,,
447.69999999999999,20.308986663818359,19.315940856933594,,
447.80000000000001,19.401958465576172,18.240283966064453,,
447.89999999999998,18.454055786132812,17.098197937011719,,
448,17.439720153808594,15.779819488525391,,
448.10000000000002,16.540359497070312,14.37457275390625,,
448.19999999999999,15.865837097167969,12.905441284179688,,
448.30000000000001,15.165771484375,11.408210754394531,,
448.39999999999998,14.422264099121094,10.243133544921875,,
448.5,13.883163452148438,9.5124053955078125,,
448.60000000000002,13.474357604980469,9.0243988037109375,,
448.69999999999999,13.147323608398438,8.7305755615234375,,
448.80000000000001,12.881599426269531,8.5568313598632812,,
448.89999999999998,12.6260986328125,8.4265289306640625,,
449,12.396148681640625,8.3626556396484375,,
449.10000000000002,12.219856262207031,8.3549880981445312,,
449.19999999999999,12.158538818359375,8.32177734375,,
449.30000000000001,12.015457153320312,8.1224822998046875,,
449.39999999999998,11.816162109375,7.9385223388671875,,
449.5,11.72418212890625,7.9564056396484375,,
449.60000000000002,11.639869689941406,8.0202865600585938,,
449.69999999999999,11.565773010253906,8.0790481567382812,,
449.80000000000001,11.481460571289062,8.1199264526367188,,
449.89999999999998,11.397148132324219,8.11737060546875,,
450,11.33837890625,8.0867156982421875,8.0213899612426758,0
450.10000000000002,11.28472900390625,8.0509414672851562,,
450.19999999999999,11.287277221679688,8.0509414672851562,,
450.30000000000001,11.231071472167969,7.89764404296875,,
450.39999999999998,11.064994812011719,7.6472549438476562,,
450.5,10.95257568359375,7.5859375,,
450.60000000000002,10.8963623046875,7.631927490234375,,
450.69999999999999,10.860595703125,7.6804656982421875,,
450.80000000000001,10.829933166503906,7.7213516235351562,,
450.89999999999998,10.781387329101562,7.7341232299804688,,
451,10.689407348632812,7.6881332397460938,,
451.10000000000002,10.628089904785156,7.6804656982421875,,
451.19999999999999,10.727737426757812,7.8107757568359375,,
451.30000000000001,10.868263244628906,8.1889114379882812,,
451.39999999999998,11.24639892578125,9.287567138671875,,
451.5,12.058891296386719,11.086280822753906,,
451.60000000000002,12.9940185546875,13.209487915039062,,
451.69999999999999,13.765632629394531,15.199836730957031,,
451.80000000000001,14.199981689453125,16.454338073730469,,
451.89999999999998,14.156547546386719,16.804374694824219,,
452,13.908706665039062,16.533542633056641,,
452.10000000000002,13.742637634277344,16.188617706298828,,
452.19999999999999,13.538238525390625,15.968887329101562,,
452.30000000000001,13.313392639160156,16.160514831542969,,
452.39999999999998,13.517791748046875,17.185070037841797,,
452.5,14.460586547851562,18.894363403320312,,
452.60000000000002,15.817298889160156,21.063560485839844,,
452.69999999999999,17.202106475830078,22.928707122802734,,
452.80000000000001,18.362075805664062,24.839847564697266,,
452.89999999999998,19.018711090087891,25.488819122314453,,
453,19.192451477050781,25.289527893066406,,
453.10000000000002,19.389186859130859,25.021255493164062,,
453.19999999999999,19.611469268798828,24.2164306640625,,
453.30000000000001,19.136241912841797,22.668098449707031,,
453.39999999999998,18.203666687011719,21.022678375244141,,
453.5,17.306861877441406,19.405364990234375,,
453.60000000000002,16.233757019042969,17.575984954833984,,
453.69999999999999,15.44171142578125,16.201393127441406,,
453.80000000000001,15.122337341308594,15.621410369873047,,
453.89999999999998,14.659881591796875,14.85235595703125,,
454,14.051788330078125,13.587631225585938,,
454.10000000000002,13.663429260253906,12.46087646484375,,
454.19999999999999,13.591888427734375,11.694374084472656,,
454.30000000000001,13.407928466796875,11.012191772460938,,
454.39999999999998,13.004241943359375,10.409210205078125,,
454.5,12.7001953125,10.232917785644531,,
454.60000000000002,12.485572814941406,10.416877746582031,,
454.69999999999999,12.245407104492188,10.43731689453125,,
454.80000000000001,12.186637878417969,10.322341918945312,,
454.89999999999998,12.322052001953125,10.358108520507812,,
455,12.309280395507812,10.186927795410156,,
455.10000000000002,12.362937927246094,9.9748611450195312,,
455.19999999999999,12.529006958007812,10.077056884765625,,
455.30000000000001,12.541786193847656,10.258460998535156,,
455.39999999999998,12.467689514160156,10.375991821289062,,
455.5,12.370597839355469,10.350440979003906,,
455.60000000000002,12.237739562988281,10.166481018066406,,
455.69999999999999,12.015457153320312,9.8241119384765625,,
455.80000000000001,11.951583862304688,9.7960128784179688,,
455.89999999999998,12.122764587402344,10.169036865234375,,
456,12.265846252441406,10.409210205078125,,
456.10000000000002,12.309280395507812,10.39898681640625,,
456.19999999999999,12.232627868652344,10.097496032714844,,
456.30000000000001,12.181533813476562,9.755126953125,,
456.39999999999998,12.09210205078125,9.2058029174804688,,
456.5,11.959243774414062,8.753570556640625,,
456.60000000000002,11.96435546875,8.5363922119140625,,
456.69999999999999,12.097213745117188,8.4188613891601562,,
456.80000000000001,12.242851257324219,8.3626556396484375,,
456.89999999999998,12.301612854003906,8.4699630737304688,,
457,12.444694519042969,8.9068679809570312,,
457.10000000000002,12.582664489746094,9.3284454345703125,,
457.19999999999999,12.508567810058594,9.4229812622070312,,
457.30000000000001,12.396148681640625,9.4408645629882812,,
457.39999999999998,12.322052001953125,9.3999862670898438,,
457.5,12.242851257324219,9.2824554443359375,,
457.60000000000002,12.247962951660156,9.4383087158203125,,
457.69999999999999,12.4063720703125,9.8036727905273438,,
457.80000000000001,12.416587829589844,9.801116943359375,,
457.89999999999998,12.250518798828125,9.535400390625,,
458,12.173866271972656,9.4485321044921875,,
458.10000000000002,12.217300415039062,9.5098495483398438,,
458.19999999999999,12.316947937011719,9.5967178344726562,,
458.30000000000001,12.416587829589844,9.6478195190429688,,
458.39999999999998,12.557113647460938,9.6708145141601562,,
458.5,12.513679504394531,9.489410400390625,,
458.60000000000002,12.345046997070312,9.2390213012695312,,
458.69999999999999,12.291397094726562,9.1751480102539062,,
458.80000000000001,12.283729553222656,9.1649246215820312,,
458.89999999999998,12.316947937011719,9.1904754638671875,,
459,12.391036987304688,9.2824554443359375,,
459.10000000000002,12.449806213378906,9.27734375,,
459.19999999999999,12.337387084960938,9.0627212524414062,,
459.30000000000001,12.196861267089844,8.9043121337890625,,
459.39999999999998,12.163642883300781,8.909423828125,,
459.5,12.163642883300781,8.9043121337890625,,
459.60000000000002,12.217300415039062,8.8992080688476562,,
459.69999999999999,12.316947937011719,8.8889846801757812,,
459.80000000000001,12.304168701171875,8.6948013305664062,,
459.89999999999998,12.115097045898438,8.329437255859375,,
460,11.98223876953125,8.0943756103515625,8.1892633438110352,8.3025827407836914
460.10000000000002,11.959243774414062,8.025390625,,
460.19999999999999,11.972023010253906,7.9845123291015625,,
460.30000000000001,12.0001220703125,7.9513015747070312,,
460.39999999999998,12.089553833007812,7.9640731811523438,,
460.5,12.138092041015625,7.9666290283203125,,
460.60000000000002,12.012901306152344,7.833770751953125,,
460.69999999999999,11.8902587890625,7.723907470703125,,
460.80000000000001,11.864707946777344,7.7698974609375,,
460.89999999999998,11.869819641113281,7.8797607421875,,
461,11.887702941894531,7.9845123291015625,,
461.10000000000002,11.923477172851562,8.04583740234375,,
461.19999999999999,11.979682922363281,8.0228424072265625,,
461.30000000000001,11.877487182617188,7.887420654296875,,
461.39999999999998,11.734405517578125,7.7443466186523438,,
461.5,11.706298828125,7.7826690673828125,,
461.60000000000002,11.706298828125,7.8490982055664062,,
461.69999999999999,11.726737976074219,7.925750732421875,,
461.80000000000001,11.752288818359375,7.9768524169921875,,
461.89999999999998,11.834053039550781,8.0739364624023438,,
462,11.867263793945312,8.04583740234375,,
462.10000000000002,11.729293823242188,7.8746490478515625,,
462.19999999999999,11.611763000488281,7.759674072265625,,
462.30000000000001,11.588768005371094,7.8107757568359375,,
462.39999999999998,11.598991394042969,7.8950881958007812,,
462.5,11.629653930664062,7.9564056396484375,,
462.60000000000002,11.642425537109375,8.0126190185546875,,
462.69999999999999,11.690971374511719,8.0662765502929688,,
462.80000000000001,11.831497192382812,8.1250381469726562,,
462.89999999999998,11.874931335449219,8.1071548461914062,,
463,11.938804626464844,8.2604522705078125,,
463.10000000000002,12.263290405273438,8.7280197143554688,,
463.19999999999999,12.695083618164062,9.3386611938476562,,
463.30000000000001,13.08599853515625,9.7679061889648438,,
463.39999999999998,13.333831787109375,10.117942810058594,,
463.5,13.41815185546875,10.324897766113281,,
463.60000000000002,13.377273559570312,10.278907775878906,,
463.69999999999999,13.052787780761719,9.92120361328125,,
463.80000000000001,12.549453735351562,9.1342620849609375,,
463.89999999999998,12.222412109375,8.7126922607421875,,
464,12.061447143554688,8.513397216796875,,
464.10000000000002,11.977127075195312,8.2987823486328125,,
464.19999999999999,11.931137084960938,8.2144622802734375,,
464.30000000000001,11.910697937011719,8.1761398315429688,,
464.39999999999998,11.956687927246094,8.1582565307617188,,
464.5,11.969467163085938,8.08160400390625,,
464.60000000000002,11.818717956542969,7.8644256591796875,,
464.69999999999999,11.673088073730469,7.777557373046875,,
464.80000000000001,11.604103088378906,7.7622299194335938,,
464.89999999999998,11.57855224609375,7.8133316040039062,,
465,11.581108093261719,7.8746490478515625,,
465.10000000000002,11.565773010253906,7.9410781860351562,,
465.19999999999999,11.611763000488281,7.9691848754882812,,
465.30000000000001,11.706298828125,8.0023956298828125,,
465.39999999999998,11.767623901367188,8.0790481567382812,,
465.5,11.972023010253906,8.689697265625,,
465.60000000000002,12.447250366210938,9.7704620361328125,,
465.69999999999999,13.190757751464844,11.114387512207031,,
465.80000000000001,14.202537536621094,13.477767944335938,,
465.89999999999998,15.227088928222656,16.469669342041016,,
466,15.957817077636719,17.872364044189453,,
466.10000000000002,15.955268859863281,18.472789764404297,,
466.19999999999999,15.633338928222656,18.370590209960938,,
466.30000000000001,15.945045471191406,18.656749725341797,,
466.39999999999998,17.776981353759766,19.906143188476562,,
466.5,19.642131805419922,21.1248779296875,,
466.60000000000002,19.248661041259766,20.261287689208984,,
466.69999999999999,17.276199340820312,17.087978363037109,,
466.80000000000001,15.574569702148438,13.587631225585938,,
466.89999999999998,14.96392822265625,12.041854858398438,,
467,14.976699829101562,12.545188903808594,,
467.10000000000002,15.365058898925781,13.886566162109375,,
467.19999999999999,15.922050476074219,15.322471618652344,,
467.30000000000001,16.445823669433594,16.329143524169922,,
467.39999999999998,16.450935363769531,16.007213592529297,,
467.5,16.72943115234375,15.493659973144531,,
467.60000000000002,17.194438934326172,15.000541687011719,,
467.69999999999999,16.762641906738281,14.126731872558594,,
467.80000000000001,15.686988830566406,12.869674682617188,,
467.89999999999998,15.017578125,11.433761596679688,,
468,15.043128967285156,11.0428466796875,,
468.10000000000002,14.861724853515625,10.889549255371094,,
468.19999999999999,14.248527526855469,10.271240234375,,
468.30000000000001,13.538238525390625,9.6197128295898438,,
468.39999999999998,12.991462707519531,9.0525054931640625,,
468.5,12.909706115722656,8.7791213989257812,,
468.60000000000002,13.507575988769531,8.9988479614257812,,
468.69999999999999,13.775848388671875,9.0933837890625,,
468.80000000000001,13.277626037597656,8.9451980590820312,,
468.89999999999998,12.912261962890625,9.121490478515625,,
469,12.930145263671875,9.5558395385742188,,
469.10000000000002,12.907150268554688,10.020851135253906,,
469.19999999999999,12.687423706054688,10.800125122070312,,
469.30000000000001,12.503463745117188,12.115951538085938,,
469.39999999999998,12.725746154785156,13.687271118164062,,
469.5,13.56378173828125,15.575416564941406,,
469.60000000000002,14.562789916992188,17.915798187255859,,
469.69999999999999,15.117225646972656,20.248512268066406,,
469.80000000000001,15.436599731445312,22.123882293701172,,
469.89999999999998,15.878616333007812,23.138217926025391,,
470,16.259307861328125,22.642547607421875,10.638298034667969,10.647737503051758
470.10000000000002,16.034469604492188,20.414588928222656,,
470.19999999999999,15.434043884277344,17.803379058837891,,
470.30000000000001,14.90771484375,15.968887329101562,,
470.39999999999998,14.309844970703125,14.486991882324219,,
470.5,13.505020141601562,12.913108825683594,,
470.60000000000002,12.751296997070312,11.487419128417969,,
470.69999999999999,12.16619873046875,10.513961791992188,,
470.80000000000001,11.708854675292969,9.9467544555664062,,
470.89999999999998,11.389480590820312,9.5737228393554688,,
471,11.128868103027344,9.2058029174804688,,
471.10000000000002,10.799278259277344,8.8251113891601562,,
471.19999999999999,10.464569091796875,8.6156005859375,,
471.30000000000001,10.362373352050781,8.6130447387695312,,
471.39999999999998,10.638313293457031,8.8327713012695312,,
471.5,11.231071472167969,9.6299362182617188,,
471.60000000000002,11.752288818359375,10.897216796875,,
471.69999999999999,12.506011962890625,12.75469970703125,,
471.80000000000001,13.494796752929688,15.89990234375,,
471.89999999999998,14.486137390136719,20.537227630615234,,
472,15.5694580078125,26.201663970947266,,
472.10000000000002,15.824958801269531,30.238563537597656,,
472.19999999999999,15.589897155761719,31.418972015380859,,
472.30000000000001,15.55157470703125,31.467517852783203,,
472.39999999999998,15.160659790039062,30.639698028564453,,
472.5,14.133552551269531,28.478168487548828,,
472.60000000000002,12.833053588867188,25.994709014892578,,
472.69999999999999,11.673088073730469,24.489814758300781,,
472.80000000000001,10.7864990234375,23.122890472412109,,
472.89999999999998,10.170745849609375,20.463134765625,,
473,9.7236175537109375,17.080314636230469,,
473.10000000000002,9.6316375732421875,14.333686828613281,,
473.19999999999999,10.178413391113281,12.813461303710938,,
473.30000000000001,10.249954223632812,11.806793212890625,,
473.39999999999998,9.5754318237304688,11.116943359375,,
473.5,9.1640777587890625,11.339225769042969,,
473.60000000000002,9.2126235961914062,12.655052185058594,,
473.69999999999999,9.1615219116210938,14.791030883789062,,
473.80000000000001,8.81915283203125,15.910125732421875,,
473.89999999999998,8.8881378173828125,16.561649322509766,,
474,9.3122634887695312,17.880027770996094,,
474.10000000000002,10.147750854492188,18.891807556152344,,
474.19999999999999,11.366485595703125,19.903587341308594,,
474.30000000000001,12.465133666992188,21.175979614257812,,
474.39999999999998,12.930145263671875,20.322608947753906,,
474.5,12.817726135253906,17.156963348388672,,
474.60000000000002,12.408927917480469,14.285140991210938,,
474.69999999999999,11.305168151855469,12.445541381835938,,
474.80000000000001,10.267837524414062,11.155265808105469,,
474.89999999999998,10.076210021972656,10.038734436035156,,
475,9.6520767211914062,9.4766311645507812,,
475.10000000000002,8.8779144287109375,9.2466812133789062,,
475.19999999999999,8.5662078857421875,9.1138229370117188,,
475.30000000000001,8.1982879638671875,8.9503021240234375,,
475.39999999999998,8.0066604614257812,8.7663421630859375,,
475.5,8.1267471313476562,8.2911148071289062,,
475.60000000000002,8.19317626953125,7.6728057861328125,,
475.69999999999999,8.5483169555664062,7.6651382446289062,,
475.80000000000001,9.40679931640625,8.0790481567382812,,
475.89999999999998,10.065994262695312,8.7510147094726562,,
476,10.80438232421875,9.5865020751953125,,
476.10000000000002,11.642425537109375,10.526741027832031,,
476.19999999999999,12.247962951660156,11.732696533203125,,
476.30000000000001,13.49224853515625,13.390892028808594,,
476.39999999999998,14.501472473144531,15.460441589355469,,
476.5,14.529571533203125,17.067539215087891,,
476.60000000000002,14.550018310546875,17.338367462158203,,
476.69999999999999,13.936813354492188,15.981662750244141,,
476.80000000000001,12.613327026367188,13.963211059570312,,
476.89999999999998,12.373153686523438,12.601402282714844,,
477,11.770172119140625,11.280464172363281,,
477.10000000000002,10.720069885253906,9.7602386474609375,,
477.19999999999999,10.0889892578125,8.6743621826171875,,
477.30000000000001,9.1436386108398438,7.9742965698242188,,
477.39999999999998,8.8574752807617188,7.5987091064453125,,
477.5,8.808929443359375,7.4147491455078125,,
477.60000000000002,8.1420745849609375,7.207794189453125,,
477.69999999999999,7.6975021362304688,7.0544967651367188,,
477.80000000000001,7.7256088256835938,7.0749359130859375,,
477.89999999999998,8.0960845947265625,7.3432083129882812,,
478,8.9545669555664062,8.1148223876953125,,
478.10000000000002,10.109428405761719,9.2722320556640625,,
478.19999999999999,11.233627319335938,10.516517639160156,,
478.30000000000001,12.194305419921875,11.822120666503906,,
478.39999999999998,12.815170288085938,13.27081298828125,,
478.5,13.502464294433594,15.171730041503906,,
478.60000000000002,14.693092346191406,16.962783813476562,,
478.69999999999999,15.048240661621094,17.933685302734375,,
478.80000000000001,14.713539123535156,17.969455718994141,,
478.89999999999998,14.519355773925781,17.363918304443359,,
479,14.225532531738281,16.237163543701172,,
479.10000000000002,13.941925048828125,14.372016906738281,,
479.19999999999999,13.208641052246094,12.465980529785156,,
479.30000000000001,12.125320434570312,10.922767639160156,,
479.39999999999998,11.243843078613281,9.7270278930664062,,
479.5,10.551437377929688,8.7944488525390625,,
479.60000000000002,9.8615875244140625,8.0994873046875,,
479.69999999999999,9.3454818725585938,7.649810791015625,,
479.80000000000001,9.0542068481445312,7.264007568359375,,
479.89999999999998,8.8242568969726562,6.8807525634765625,,
480,8.67095947265625,6.6508026123046875,11.737089157104492,11.194029808044434
480.10000000000002,8.6760711669921875,6.6686859130859375,,
480.19999999999999,8.9162368774414062,7.0212783813476562,,
480.30000000000001,9.5422134399414062,7.741790771484375,,
480.39999999999998,10.525894165039062,8.8353271484375,,
480.5,11.553001403808594,10.281455993652344,,
480.60000000000002,12.288841247558594,11.888557434082031,,
480.69999999999999,12.945472717285156,13.518646240234375,,
480.80000000000001,13.456474304199219,14.727157592773438,,
480.89999999999998,13.745193481445312,15.11041259765625,,
481,14.146324157714844,14.517646789550781,,
481.10000000000002,14.253631591796875,13.063850402832031,,
481.19999999999999,13.74774169921875,11.385215759277344,,
481.30000000000001,13.040008544921875,9.9365310668945312,,
481.39999999999998,12.454917907714844,8.6462631225585938,,
481.5,11.816162109375,7.483734130859375,,
481.60000000000002,11.087989807128906,6.6533584594726562,,
481.69999999999999,10.32659912109375,6.1117019653320312,,
481.80000000000001,9.7440567016601562,5.6773529052734375,,
481.89999999999998,9.3046035766601562,5.2608871459960938,,
482,8.8114852905273438,4.9415130615234375,,
482.10000000000002,8.515106201171875,4.80609130859375,,
482.19999999999999,8.41290283203125,4.7728805541992188,,
482.30000000000001,8.4486770629882812,4.8469772338867188,,
482.39999999999998,8.7425003051757812,5.1152496337890625,,
482.5,9.4579010009765625,5.5674819946289062,,
482.60000000000002,10.249954223632812,6.0657119750976562,,
482.69999999999999,10.801834106445312,6.5894851684570312,,
482.80000000000001,11.33837890625,7.1950225830078125,,
482.89999999999998,11.910697937011719,7.8669815063476562,,
483,12.398704528808594,8.5568313598632812,,
483.10000000000002,12.840721130371094,9.1751480102539062,,
483.19999999999999,13.298065185546875,9.655487060546875,,
483.30000000000001,13.581672668457031,9.8701019287109375,,
483.39999999999998,13.494796752929688,9.7627944946289062,,
483.5,13.114105224609375,9.3923187255859375,,
483.60000000000002,12.59033203125,8.8557662963867188,,
483.69999999999999,11.913253784179688,8.3703231811523438,,
483.80000000000001,11.011337280273438,7.9768524169921875,,
483.89999999999998,10.145195007324219,7.6344757080078125,,
484,9.48089599609375,7.3968658447265625,,
484.10000000000002,8.9596786499023438,7.5169525146484375,,
484.19999999999999,8.4537887573242188,7.9896240234375,,
484.30000000000001,8.1011962890625,8.2860031127929688,,
484.39999999999998,8.0041046142578125,8.2400131225585938,,
484.5,8.3107070922851562,8.37542724609375,,
484.60000000000002,8.900909423828125,9.1087112426757812,,
484.69999999999999,9.2892684936523438,10.071952819824219,,
484.80000000000001,9.8641433715820312,11.004524230957031,,
484.89999999999998,10.789054870605469,11.995864868164062,,
485,11.619430541992188,13.033195495605469,,
485.10000000000002,12.531562805175781,14.021980285644531,,
485.19999999999999,13.328727722167969,15.118072509765625,,
485.30000000000001,13.586776733398438,16.025100708007812,,
485.39999999999998,13.402816772460938,16.584644317626953,,
485.5,13.446258544921875,16.817150115966797,,
485.60000000000002,13.995582580566406,16.546318054199219,,
485.69999999999999,14.184646606445312,15.818145751953125,,
485.80000000000001,14.529571533203125,15.148735046386719,,
485.89999999999998,14.608779907226562,14.660728454589844,,
486,12.935256958007812,13.579963684082031,,
486.10000000000002,11.76251220703125,12.077621459960938,,
486.19999999999999,10.962799072265625,10.718360900878906,,
486.30000000000001,10.042999267578125,9.617156982421875,,
486.39999999999998,10.086433410644531,8.7459030151367188,,
486.5,10.472236633300781,8.1378173828125,,
486.60000000000002,10.390472412109375,7.8848724365234375,,
486.69999999999999,9.2892684936523438,7.6344757080078125,,
486.80000000000001,8.3413619995117188,7.3840866088867188,,
486.89999999999998,8.405242919921875,7.3891983032226562,,
487,9.194732666015625,8.1378173828125,,
487.10000000000002,10.255058288574219,9.8547744750976562,,
487.19999999999999,11.823829650878906,12.021415710449219,,
487.30000000000001,13.165206909179688,14.144622802734375,,
487.39999999999998,14.33795166015625,15.848804473876953,,
487.5,14.866836547851562,16.886135101318359,,
487.60000000000002,14.248527526855469,17.036880493164062,,
487.69999999999999,13.576560974121094,16.459449768066406,,
487.80000000000001,12.942916870117188,14.85235595703125,,
487.89999999999998,11.765068054199219,12.721481323242188,,
488,10.362373352050781,10.91510009765625,,
488.10000000000002,10.329154968261719,9.8726577758789062,,
488.19999999999999,10.500343322753906,9.3999862670898438,,
488.30000000000001,9.9816741943359375,9.0780563354492188,,
488.39999999999998,9.7696075439453125,9.3616561889648438,,
488.5,9.86669921875,9.9825210571289062,,
488.60000000000002,9.9331283569335938,10.421981811523438,,
488.69999999999999,9.8820343017578125,10.646827697753906,,
488.80000000000001,9.7721633911132812,10.697921752929688,,
488.89999999999998,9.5396575927734375,10.572731018066406,,
489,9.18707275390625,10.337669372558594,,
489.10000000000002,8.8600311279296875,10.107719421386719,,
489.19999999999999,8.7833786010742188,10.077056884765625,,
489.30000000000001,9.1742935180664062,10.623832702636719,,
489.39999999999998,10.076210021972656,11.722480773925781,,
489.5,11.041999816894531,12.895225524902344,,
489.60000000000002,11.897926330566406,13.863571166992188,,
489.69999999999999,12.804946899414062,14.949447631835938,,
489.80000000000001,13.622550964355469,16.152847290039062,,
489.89999999999998,14.110557556152344,17.323040008544922,,
490,14.378829956054688,18.191738128662109,20.460357666015625,10.212765693664551
490.10000000000002,14.312400817871094,18.288829803466797,,
490.19999999999999,13.704307556152344,17.484004974365234,,
490.30000000000001,12.868827819824219,15.4962158203125,,
490.39999999999998,12.375709533691406,13.554412841796875,,
490.5,12.475357055664062,12.351005554199219,,
490.60000000000002,12.631210327148438,11.285575866699219,,
490.69999999999999,11.828941345214844,10.238021850585938,,
490.80000000000001,10.551437377929688,9.8292236328125,,
490.89999999999998,9.9612350463867188,10.618721008300781,,
491,10.237174987792969,12.008636474609375,,
491.10000000000002,11.443138122558594,13.536529541015625,,
491.19999999999999,12.084442138671875,15.27392578125,,
491.30000000000001,11.757400512695312,16.674068450927734,,
491.39999999999998,11.703742980957031,16.832477569580078,,
491.5,13.428367614746094,16.2320556640625,,
491.60000000000002,13.936813354492188,15.468109130859375,,
491.69999999999999,12.173866271972656,13.960662841796875,,
491.80000000000001,12.230072021484375,13.424110412597656,,
491.89999999999998,13.019569396972656,14.349021911621094,,
492,13.487136840820312,15.286705017089844,,
492.10000000000002,14.212753295898438,16.413459777832031,,
492.19999999999999,14.746749877929688,17.435459136962891,,
492.30000000000001,14.869392395019531,17.851924896240234,,
492.39999999999998,14.9818115234375,17.974563598632812,,
492.5,15.107002258300781,18.048660278320312,,
492.60000000000002,14.787628173828125,17.499332427978516,,
492.69999999999999,14.108001708984375,16.234607696533203,,
492.80000000000001,13.390045166015625,14.739936828613281,,
492.89999999999998,12.79217529296875,13.385787963867188,,
493,12.35015869140625,12.282020568847656,,
493.10000000000002,11.895370483398438,11.438873291015625,,
493.19999999999999,11.553001403808594,10.955978393554688,,
493.30000000000001,11.407363891601562,10.782241821289062,,
493.39999999999998,11.282173156738281,10.6749267578125,,
493.5,11.151863098144531,10.575286865234375,,
493.60000000000002,11.039443969726562,10.498634338378906,,
493.69999999999999,10.937248229980469,10.401542663574219,,
493.80000000000001,10.812049865722656,10.156265258789062,,
493.89999999999998,10.589767456054688,9.7346878051757812,,
494,10.403251647949219,9.3386611938476562,,
494.10000000000002,10.347038269042969,9.0959396362304688,,
494.19999999999999,10.357261657714844,9.0167312622070312,,
494.30000000000001,10.459457397460938,9.1317062377929688,,
494.39999999999998,10.500343322753906,9.231353759765625,,
494.5,10.661308288574219,9.305450439453125,,
494.60000000000002,11.098213195800781,9.5124053955078125,,
494.69999999999999,11.6705322265625,10.020851135253906,,
494.80000000000001,12.334831237792969,10.958534240722656,,
494.89999999999998,13.004241943359375,12.011192321777344,,
495,13.594444274902344,13.005088806152344,,
495.10000000000002,14.069671630859375,13.960662841796875,,
495.19999999999999,14.450370788574219,14.806365966796875,,
495.30000000000001,14.7237548828125,15.281593322753906,,
495.39999999999998,14.4656982421875,15.028648376464844,,
495.5,13.701751708984375,14.159950256347656,,
495.60000000000002,12.97613525390625,13.15838623046875,,
495.69999999999999,12.360382080078125,12.23858642578125,,
495.80000000000001,11.800834655761719,11.408210754394531,,
495.89999999999998,11.292388916015625,10.598281860351562,,
496,10.932136535644531,9.875213623046875,,
496.10000000000002,10.605094909667969,9.2083587646484375,,
496.19999999999999,10.247398376464844,8.5823822021484375,,
496.30000000000001,10.017448425292969,8.2323532104492188,,
496.39999999999998,9.9331283569335938,8.1301498413085938,,
496.5,9.9765625,8.183807373046875,,
496.60000000000002,10.0889892578125,8.3805389404296875,,
496.69999999999999,10.170745849609375,8.5849380493164062,,
496.80000000000001,10.234619140625,8.8021163940429688,,
496.89999999999998,10.587211608886719,9.4204254150390625,,
497,11.514678955078125,10.552291870117188,,
497.10000000000002,12.597991943359375,11.799125671386719,,
497.19999999999999,13.972587585449219,13.339797973632812,,
497.30000000000001,15.487701416015625,15.600967407226562,,
497.39999999999998,16.632339477539062,17.97967529296875,,
497.5,17.074356079101562,19.489677429199219,,
497.60000000000002,17.363071441650391,21.050785064697266,,
497.69999999999999,17.020698547363281,22.841838836669922,,
497.80000000000001,15.255195617675781,23.350284576416016,,
497.89999999999998,13.826950073242188,22.481582641601562,,
498,12.963363647460938,19.987903594970703,,
498.10000000000002,11.926033020019531,17.35369873046875,,
498.19999999999999,10.983238220214844,15.337806701660156,,
498.30000000000001,10.354705810546875,13.551856994628906,,
498.39999999999998,10.119644165039062,12.430213928222656,,
498.5,10.122200012207031,12.072517395019531,,
498.60000000000002,10.020004272460938,11.663711547851562,,
498.69999999999999,9.9561233520507812,11.198707580566406,,
498.80000000000001,9.6904067993164062,10.892105102539062,,
498.89999999999998,8.96478271484375,10.598281860351562,,
499,8.3566970825195312,10.352996826171875,,
499.10000000000002,8.0117721557617188,10.115386962890625,,
499.19999999999999,7.4496688842773438,9.9237594604492188,,
499.30000000000001,6.92333984375,9.9595260620117188,,
499.39999999999998,6.9029006958007812,10.064285278320312,,
499.5,6.9540023803710938,9.6708145141601562,,
499.60000000000002,6.7189407348632812,9.29522705078125,,
499.69999999999999,6.6499557495117188,9.3948745727539062,,
499.80000000000001,7.1328506469726562,9.8879928588867188,,
499.89999999999998,7.8354721069335938,10.812896728515625,,
500,8.4818878173828125,12.082733154296875,26.068065643310547,8.6517667770385742
500.10000000000002,9.0874252319335938,13.78436279296875,,
500.19999999999999,9.6571884155273438,15.590747833251953,,
500.30000000000001,10.25250244140625,17.110973358154297,,
500.39999999999998,10.645973205566406,17.841705322265625,,
500.5,10.929580688476562,17.238723754882812,,
500.60000000000002,10.444129943847656,15.8641357421875,,
500.69999999999999,9.544769287109375,14.277481079101562,,
500.80000000000001,9.3046035766601562,12.616729736328125,,
500.89999999999998,9.0056686401367188,11.254913330078125,,
501,7.871246337890625,10.301902770996094,,
501.10000000000002,6.9156723022460938,9.81134033203125,,
501.19999999999999,6.8671340942382812,10.094947814941406,,
501.30000000000001,6.8083648681640625,10.577842712402344,,
501.39999999999998,6.657623291015625,10.585502624511719,,
501.5,6.70361328125,10.513961791992188,,
501.60000000000002,7.5901947021484375,10.536956787109375,,
501.69999999999999,8.1778488159179688,10.401542663574219,,
501.80000000000001,8.2877120971679688,10.046401977539062,,
501.89999999999998,10.668968200683594,10.511405944824219,,
502,11.512123107910156,11.548736572265625,,
502.10000000000002,11.220848083496094,13.209487915039062,,
502.19999999999999,12.212188720703125,16.622970581054688,,
502.30000000000001,13.037452697753906,21.503017425537109,,
502.39999999999998,13.86016845703125,26.807197570800781,,
502.5,13.277626037597656,29.638137817382812,,
502.60000000000002,12.960807800292969,30.090373992919922,,
502.69999999999999,13.796287536621094,30.890087127685547,,
502.80000000000001,14.102890014648438,30.146583557128906,,
502.89999999999998,13.402816772460938,27.072917938232422,,
503,12.454917907714844,24.0682373046875,,
503.10000000000002,11.236183166503906,21.055892944335938,,
503.19999999999999,9.5779876708984375,17.752277374267578,,
503.30000000000001,8.0245437622070312,15.340362548828125,,
503.39999999999998,6.83135986328125,13.80224609375,,
503.5,6.1006317138671875,12.340789794921875,,
503.60000000000002,5.9601058959960938,10.649375915527344,,
503.69999999999999,6.3586883544921875,8.7152481079101562,,
503.80000000000001,6.877349853515625,7.2333450317382812,,
503.89999999999998,7.2222747802734375,6.638031005859375,,
504,7.5416488647460938,6.6533584594726562,,
504.10000000000002,8.0654220581054688,7.2537841796875,,
504.19999999999999,8.8906936645507812,8.26556396484375,,
504.30000000000001,9.66485595703125,9.3361129760742188,,
504.39999999999998,10.306159973144531,10.496078491210938,,
504.5,10.559104919433594,12.151718139648438,,
504.60000000000002,11.328163146972656,14.182945251464844,,
504.69999999999999,12.109992980957031,15.158950805664062,,
504.80000000000001,11.767623901367188,14.964775085449219,,
504.89999999999998,11.611763000488281,13.825241088867188,,
505,11.629653930664062,12.072517395019531,,
505.10000000000002,10.781387329101562,10.375991821289062,,
505.19999999999999,9.8922500610351562,9.0908279418945312,,
505.30000000000001,9.5422134399414062,8.173583984375,,
505.39999999999998,8.9341278076171875,7.30999755859375,,
505.5,8.3464736938476562,6.8092117309570312,,
505.60000000000002,8.4614486694335938,6.6226959228515625,,
505.69999999999999,8.4358978271484375,6.6763534545898438,,
505.80000000000001,8.182952880859375,6.9625167846679688,,
505.89999999999998,8.5764236450195312,7.299774169921875,,
506,8.7680511474609375,7.703460693359375,,
506.10000000000002,8.7654953002929688,7.9742965698242188,,
506.19999999999999,9.0567626953125,7.851654052734375,,
506.30000000000001,9.1180877685546875,7.5961532592773438,,
506.39999999999998,8.8957977294921875,7.1924667358398438,,
506.5,8.6913986206054688,6.804107666015625,,
506.60000000000002,8.5227737426757812,6.563934326171875,,
506.69999999999999,8.4640045166015625,6.3825302124023438,,
506.80000000000001,8.4614486694335938,6.3595352172851562,,
506.89999999999998,8.405242919921875,6.4208526611328125,,
507,8.3107070922851562,6.3084335327148438,,
507.10000000000002,8.1165237426757812,6.0784835815429688,,
507.19999999999999,7.963226318359375,5.966064453125,,
507.30000000000001,7.963226318359375,5.9302978515625,,
507.39999999999998,8.0628738403320312,6.1653518676757812,,
507.5,8.5559844970703125,6.8986358642578125,,
507.60000000000002,9.5524368286132812,7.8925323486328125,,
507.69999999999999,10.579544067382812,8.92730712890625,,
507.80000000000001,11.466133117675781,10.064285278320312,,
507.89999999999998,12.084442138671875,11.086280822753906,,
508,12.015457153320312,11.367332458496094,,
508.10000000000002,11.381813049316406,10.680038452148438,,
508.19999999999999,10.615318298339844,9.4459762573242188,,
508.30000000000001,9.9024734497070312,8.19146728515625,,
508.39999999999998,9.1921768188476562,7.2129058837890625,,
508.5,8.5381011962890625,6.6150360107421875,,
508.60000000000002,8.1011962890625,6.2164535522460938,,
508.69999999999999,7.8738021850585938,5.884307861328125,,
508.80000000000001,7.779266357421875,5.6390228271484375,,
508.89999999999998,7.7179489135742188,5.4576187133789062,,
509,7.5723114013671875,5.32220458984375,,
509.10000000000002,7.447113037109375,5.3170928955078125,,
509.19999999999999,7.393463134765625,5.460174560546875,,
509.30000000000001,7.2580490112304688,5.9609527587890625,,
509.39999999999998,7.3985671997070312,6.86798095703125,,
509.5,7.7945938110351562,7.3636474609375,,
509.60000000000002,8.1088638305664062,7.557830810546875,,
509.69999999999999,8.872802734375,7.9513015747070312,,
509.80000000000001,9.8079376220703125,9.1725921630859375,,
509.89999999999998,10.760948181152344,11.50274658203125,,
510,11.94647216796875,13.771591186523438,22.805805206298828,18.957345962524414
510.10000000000002,12.748741149902344,15.580528259277344,,
510.19999999999999,12.958251953125,16.209060668945312,,
510.30000000000001,12.733413696289062,15.066970825195312,,
510.39999999999998,11.984794616699219,13.255477905273438,,
510.5,10.965347290039062,11.840011596679688,,
510.60000000000002,10.111984252929688,10.708145141601562,,
510.69999999999999,9.5984268188476562,9.6401519775390625,,
510.80000000000001,9.33270263671875,8.7203521728515625,,
510.89999999999998,9.0158843994140625,7.9768524169921875,,
511,8.7706069946289062,7.5041732788085938,,
511.10000000000002,8.6735153198242188,7.189910888671875,,
511.19999999999999,8.5483169555664062,6.8986358642578125,,
511.30000000000001,8.37713623046875,6.471954345703125,,
511.39999999999998,8.2033920288085938,5.920074462890625,,
511.5,7.945343017578125,5.4806137084960938,,
511.60000000000002,7.7307205200195312,5.2659912109375,,
511.69999999999999,7.723052978515625,5.240447998046875,,
511.80000000000001,7.7997055053710938,5.3835220336914062,,
511.89999999999998,8.0041046142578125,5.7897720336914062,,
512,8.6096420288085938,6.4642868041992188,,
512.10000000000002,9.1538543701171875,7.3662033081054688,,
512.20000000000005,9.8053817749023438,8.6718063354492188,,
512.29999999999995,10.904029846191406,10.301902770996094,,
512.39999999999998,12.094657897949219,12.069961547851562,,
512.5,12.807502746582031,13.367897033691406,,
512.60000000000002,12.968467712402344,13.912117004394531,,
512.70000000000005,13.231636047363281,13.12261962890625,,
512.79999999999995,13.16009521484375,11.750587463378906,,
512.89999999999998,12.983802795410156,11.247245788574219,,
513,12.794731140136719,10.955978393554688,,
513.10000000000002,13.119216918945312,10.828231811523438,,
513.20000000000005,13.635322570800781,10.85888671875,,
513.29999999999995,12.922477722167969,10.143486022949219,,
513.39999999999998,11.915809631347656,8.7254638671875,,
513.5,11.527450561523438,7.6651382446289062,,
513.60000000000002,11.402252197265625,7.1132583618164062,,
513.70000000000005,11.300056457519531,6.712127685546875,,
513.79999999999995,11.251510620117188,6.4208526611328125,,
513.89999999999998,10.950019836425781,6.24200439453125,,
514,10.674079895019531,6.0887069702148438,,
514.10000000000002,10.375144958496094,5.8434219360351562,,
514.20000000000005,10.36492919921875,5.6569061279296875,,
514.29999999999995,10.827377319335938,5.7744369506835938,,
514.39999999999998,11.182525634765625,6.047821044921875,,
514.5,11.547889709472656,6.3416519165039062,,
514.60000000000002,12.173866271972656,6.8015518188476562,,
514.70000000000005,12.863716125488281,7.34576416015625,,
514.79999999999995,13.303176879882812,8.0586090087890625,,
514.89999999999998,13.806510925292969,9.0550613403320312,,
515,14.429931640625,10.089836120605469,,
515.10000000000002,14.974143981933594,11.063285827636719,,
515.20000000000005,15.454483032226562,11.995864868164062,,
515.29999999999995,15.725318908691406,12.565628051757812,,
515.39999999999998,15.671661376953125,12.297355651855469,,
515.5,15.135108947753906,11.193595886230469,,
515.60000000000002,14.394157409667969,9.8420028686523438,,
515.70000000000005,13.71197509765625,8.7024688720703125,,
515.79999999999995,12.899482727050781,7.795440673828125,,
515.89999999999998,12.104881286621094,7.133697509765625,,
516,11.440582275390625,6.6763534545898438,,
516.10000000000002,10.865707397460938,6.31610107421875,,
516.20000000000005,10.439018249511719,6.0197219848632812,,
516.29999999999995,10.178413391113281,5.76422119140625,,
516.39999999999998,9.8896942138671875,5.4652862548828125,,
516.5,9.5600967407226562,5.2148971557617188,,
516.60000000000002,9.3659210205078125,5.1459121704101562,,
516.70000000000005,9.2586135864257812,5.128021240234375,,
516.79999999999995,9.1921768188476562,5.1254730224609375,,
516.89999999999998,9.1538543701171875,5.1408004760742188,,
517,9.1564102172851562,5.1867904663085938,,
517.10000000000002,9.342926025390625,5.3707504272460938,,
517.20000000000005,9.9331283569335938,5.7080078125,,
517.29999999999995,10.875923156738281,6.1372528076171875,,
517.39999999999998,11.793167114257812,6.6789093017578125,,
517.5,12.531562805175781,7.218017578125,,
517.60000000000002,12.935256958007812,7.6753616333007812,,
517.70000000000005,13.213752746582031,8.1991348266601562,,
517.79999999999995,13.642990112304688,8.8097763061523438,,
517.89999999999998,14.074783325195312,9.3999862670898438,,
518,14.478477478027344,9.8803253173828125,,
518.10000000000002,14.693092346191406,10.066841125488281,,
518.20000000000005,14.488693237304688,9.7270278930664062,,
518.29999999999995,13.944480895996094,8.937530517578125,,
518.39999999999998,13.246963500976562,8.053497314453125,,
518.5,12.49835205078125,7.3074417114257812,,
518.60000000000002,11.867263793945312,6.7504501342773438,,
518.70000000000005,11.251510620117188,6.2547760009765625,,
518.79999999999995,10.589767456054688,5.828094482421875,,
518.89999999999998,10.117088317871094,5.6236953735351562,,
519,9.8283767700195312,5.54193115234375,,
519.10000000000002,9.6214218139648438,5.4627304077148438,,
519.20000000000005,9.4732284545898438,5.4014129638671875,,
519.29999999999995,9.3914718627929688,5.3298721313476562,,
519.39999999999998,9.4579010009765625,5.2327804565429688,,
519.5,9.8999176025390625,5.332427978515625,,
519.60000000000002,10.704742431640625,5.72589111328125,,
519.70000000000005,11.478904724121094,6.160247802734375,,
519.79999999999995,12.048667907714844,6.5409393310546875,,
519.89999999999998,12.245407104492188,6.875640869140625,,
520,12.373153686523438,7.2588958740234375,22.029373168945312,14.218009948730469
520.10000000000002,12.868827819824219,7.8950881958007812,,
520.20000000000005,13.484580993652344,8.6769180297851562,,
520.29999999999995,14.064567565917969,9.4613037109375,,
520.39999999999998,14.634330749511719,10.227806091308594,,
520.5,15.140220642089844,10.904876708984375,,
520.60000000000002,15.505584716796875,11.387771606445312,,
520.70000000000005,15.487701416015625,11.211479187011719,,
520.79999999999995,14.979255676269531,10.120491027832031,,
520.89999999999998,14.064567565917969,8.6513671875,,
521,13.078338623046875,7.437744140625,,
521.10000000000002,12.31439208984375,6.6405868530273438,,
521.20000000000005,11.6322021484375,6.1423568725585938,,
521.29999999999995,11.098213195800781,5.792327880859375,,
521.39999999999998,10.773727416992188,5.5036087036132812,,
521.5,10.500343322753906,5.311981201171875,,
521.60000000000002,10.211624145507812,5.1944580078125,,
521.70000000000005,10.0506591796875,5.0385971069335938,,
521.79999999999995,9.8692550659179688,4.8648605346679688,,
521.89999999999998,9.6520767211914062,4.7498855590820312,,
522,9.5473251342773438,4.714111328125,,
522.10000000000002,9.4579010009765625,4.73455810546875,,
522.20000000000005,9.4400177001953125,4.816314697265625,,
522.29999999999995,9.5856475830078125,5.036041259765625,,
522.39999999999998,10.129867553710938,5.4141845703125,,
522.5,11.093101501464844,5.8664169311523438,,
522.60000000000002,11.956687927246094,6.2496719360351562,,
522.70000000000005,12.549453735351562,6.68402099609375,,
522.79999999999995,13.147323608398438,7.355987548828125,,
522.89999999999998,13.770736694335938,8.1045989990234375,,
523,14.327728271484375,8.7637863159179688,,
523.10000000000002,14.782524108886719,9.2415771484375,,
523.20000000000005,14.810623168945312,9.33355712890625,,
523.29999999999995,14.217864990234375,8.89154052734375,,
523.39999999999998,13.410484313964844,8.0841598510742188,,
523.5,12.523902893066406,7.1413650512695312,,
523.60000000000002,11.65264892578125,6.3646469116210938,,
523.70000000000005,11.031784057617188,5.94818115234375,,
523.79999999999995,10.576988220214844,5.7156753540039062,,
523.89999999999998,10.239730834960938,5.5547103881835938,,
524,9.9918975830078125,5.4448471069335938,,
524.10000000000002,9.8079376220703125,5.3554229736328125,,
524.20000000000005,9.6520767211914062,5.28643798828125,,
524.29999999999995,9.5575485229492188,5.2353363037109375,,
524.39999999999998,9.5064468383789062,5.1178054809570312,,
524.5,9.3684768676757812,4.9619522094726562,,
524.60000000000002,9.2458343505859375,4.926177978515625,,
524.70000000000005,9.2100677490234375,4.95428466796875,,
524.79999999999995,9.2918243408203125,5.02838134765625,,
524.89999999999998,9.6699676513671875,5.3145370483398438,,
525,10.395584106445312,5.746337890625,,
525.10000000000002,11.3026123046875,6.20623779296875,,
525.20000000000005,12.153427124023438,6.7887725830078125,,
525.29999999999995,12.925033569335938,7.6242599487304688,,
525.39999999999998,13.630218505859375,8.4827423095703125,,
525.5,14.016021728515625,9.2185821533203125,,
525.60000000000002,14.314956665039062,10.079612731933594,,
525.70000000000005,14.767189025878906,10.945762634277344,,
525.79999999999995,14.790184020996094,11.147605895996094,,
525.89999999999998,14.120773315429688,10.396430969238281,,
526,13.091110229492188,9.2645721435546875,,
526.10000000000002,11.959243774414062,8.2860031127929688,,
526.20000000000005,10.980682373046875,7.5501632690429688,,
526.29999999999995,10.3828125,7.0085067749023438,,
526.39999999999998,10.025108337402344,6.6508026123046875,,
526.5,9.8539276123046875,6.4796218872070312,,
526.60000000000002,10.134979248046875,6.3263168334960938,,
526.70000000000005,10.49267578125,6.0503768920898438,,
526.79999999999995,10.32659912109375,5.72589111328125,,
526.89999999999998,9.8999176025390625,5.3886337280273438,,
527,9.6163101196289062,5.1050262451171875,,
527.10000000000002,9.51666259765625,4.9951629638671875,,
527.20000000000005,9.51666259765625,5.0130462646484375,,
527.29999999999995,9.608642578125,5.148468017578125,,
527.39999999999998,10.140083312988281,5.4397354125976562,,
527.5,10.996009826660156,5.7769927978515625,,
527.60000000000002,11.706298828125,6.2292327880859375,,
527.70000000000005,12.27606201171875,6.9114151000976562,,
527.79999999999995,12.886711120605469,7.7750015258789062,,
527.89999999999998,13.571449279785156,9.07550048828125,,
528,14.215309143066406,10.490966796875,,
528.10000000000002,14.767189025878906,11.364776611328125,,
528.20000000000005,14.662437438964844,11.303459167480469,,
528.29999999999995,13.8780517578125,10.25335693359375,,
528.39999999999998,12.922477722167969,8.7740097045898438,,
528.5,11.857048034667969,7.4326324462890625,,
528.60000000000002,11.036888122558594,6.5792617797851562,,
528.70000000000005,10.564216613769531,6.1014785766601562,,
528.79999999999995,10.244842529296875,5.8153228759765625,,
528.89999999999998,9.9637908935546875,5.6415786743164062,,
529,9.70062255859375,5.534271240234375,,
529.10000000000002,9.5038909912109375,5.4908370971679688,,
529.20000000000005,9.4272384643554688,5.48828125,,
529.29999999999995,9.360809326171875,5.3911895751953125,,
529.39999999999998,9.1921768188476562,5.2225570678710938,,
529.5,9.0772018432617188,5.1612396240234375,,
529.60000000000002,9.0516586303710938,5.1561279296875,,
529.70000000000005,9.0976486206054688,5.1765670776367188,,
529.79999999999995,9.2381668090820312,5.2455520629882812,,
529.89999999999998,9.5319976806640625,5.4192962646484375,,
530,10.145195007324219,5.7795486450195312,21.707670211791992,26.086956024169922
530.10000000000002,10.983238220214844,6.2854385375976562,,
530.20000000000005,11.793167114257812,6.7708892822265625,,
530.29999999999995,12.342498779296875,7.2946624755859375,,
530.39999999999998,12.820281982421875,7.9640731811523438,,
530.5,13.37982177734375,8.605377197265625,,
530.60000000000002,13.855056762695312,9.1598129272460938,,
530.70000000000005,14.225532531738281,9.6197128295898438,,
530.79999999999995,14.268966674804688,9.7193603515625,,
530.89999999999998,13.842277526855469,9.2850112915039062,,
531,13.129432678222656,8.5466156005859375,,
531.10000000000002,12.324607849121094,7.7724456787109375,,
531.20000000000005,11.438026428222656,6.9982833862304688,,
531.29999999999995,10.812049865722656,6.3850860595703125,,
531.39999999999998,10.270393371582031,6.0401611328125,,
531.5,9.8973617553710938,5.8153228759765625,,
531.60000000000002,9.6444168090820312,5.626251220703125,,
531.70000000000005,9.4885635375976562,5.4806137084960938,,
531.79999999999995,9.360809326171875,5.3809661865234375,,
531.89999999999998,9.2560577392578125,5.3273162841796875,,
532,9.2100677490234375,5.311981201171875,,
532.10000000000002,9.2024002075195312,5.2327804565429688,,
532.20000000000005,9.0772018432617188,5.0871429443359375,,
532.29999999999995,8.9341278076171875,5.0334930419921875,,
532.39999999999998,8.8881378173828125,5.056488037109375,,
532.5,8.9315719604492188,5.13824462890625,,
532.60000000000002,9.233062744140625,5.3988571166992188,,
532.70000000000005,9.8539276123046875,5.8255386352539062,,
532.79999999999995,10.65875244140625,6.35186767578125,,
532.89999999999998,11.466133117675781,6.9292984008789062,,
533,12.278617858886719,7.4045257568359375,,
533.10000000000002,12.858604431152344,7.8005523681640625,,
533.20000000000005,13.254631042480469,8.2987823486328125,,
533.29999999999995,13.691535949707031,8.8302230834960938,,
533.39999999999998,14.067123413085938,9.2543487548828125,,
533.5,14.238304138183594,9.38720703125,,
533.60000000000002,13.924041748046875,9.0346221923828125,,
533.70000000000005,13.26995849609375,8.3447723388671875,,
533.79999999999995,12.559669494628906,7.6421432495117188,,
533.89999999999998,11.869819641113281,6.9522933959960938,,
534,11.164642333984375,6.2931060791015625,,
534.10000000000002,10.564216613769531,5.8817520141601562,,
534.20000000000005,10.188629150390625,5.6875686645507812,,
534.29999999999995,9.9407958984375,5.5777053833007812,,
534.39999999999998,9.7900543212890625,5.5266036987304688,,
534.5,9.6571884155273438,5.4984970092773438,,
534.60000000000002,9.5396575927734375,5.48828125,,
534.70000000000005,9.4860076904296875,5.4908370971679688,,
534.79999999999995,9.470672607421875,5.4192962646484375,,
534.89999999999998,9.3454818725585938,5.2736587524414062,,
535,9.2253952026367188,5.2276687622070312,,
535.10000000000002,9.29693603515625,5.3298721313476562,,
535.20000000000005,9.6163101196289062,5.6032562255859375,,
535.29999999999995,10.25250244140625,6.0197219848632812,,
535.39999999999998,10.998565673828125,6.507720947265625,,
535.5,11.683303833007812,7.0749359130859375,,
535.60000000000002,12.31439208984375,7.6830215454101562,,
535.70000000000005,12.896926879882812,8.1965789794921875,,
535.79999999999995,13.290397644042969,8.6641464233398438,,
535.89999999999998,13.632766723632812,9.1904754638671875,,
536,13.954696655273438,9.5788345336914062,,
536.10000000000002,13.929153442382812,9.5405120849609375,,
536.20000000000005,13.487136840820312,9.00140380859375,,
536.29999999999995,12.822837829589844,8.2246856689453125,,
536.39999999999998,12.104881286621094,7.4760665893554688,,
536.5,11.455909729003906,6.8526458740234375,,
536.60000000000002,10.932136535644531,6.3007659912109375,,
536.70000000000005,10.385368347167969,5.8715286254882812,,
536.79999999999995,9.930572509765625,5.65435791015625,,
536.89999999999998,9.6597442626953125,5.5547103881835938,,
537,9.4681167602539062,5.4984970092773438,,
537.10000000000002,9.3378143310546875,5.4806137084960938,,
537.20000000000005,9.2356185913085938,5.478057861328125,,
537.29999999999995,9.1461868286132812,5.4806137084960938,,
537.39999999999998,9.1053085327148438,5.495941162109375,,
537.5,9.1436386108398438,5.460174560546875,,
537.60000000000002,9.11297607421875,5.3451995849609375,,
537.70000000000005,9.1461868286132812,5.3886337280273438,,
537.79999999999995,9.5345535278320312,5.7233428955078125,,
537.89999999999998,10.226959228515625,6.1832427978515625,,
538,11.0087890625,6.71978759765625,,
538.10000000000002,11.719078063964844,7.3125457763671875,,
538.20000000000005,12.360382080078125,7.9206390380859375,,
538.29999999999995,12.932701110839844,8.5210647583007812,,
538.39999999999998,13.5101318359375,9.0039596557617188,,
538.5,13.913818359375,9.341217041015625,,
538.60000000000002,14.166763305664062,9.6835861206054688,,
538.70000000000005,14.383941650390625,9.9288711547851562,,
538.79999999999995,14.222976684570312,9.7397994995117188,,
538.89999999999998,13.709419250488281,9.1623687744140625,,
539,13.029792785644531,8.4520797729492188,,
539.10000000000002,12.263290405273438,7.7469024658203125,,
539.20000000000005,11.565773010253906,7.1004867553710938,,
539.29999999999995,11.041999816894531,6.507720947265625,,
539.39999999999998,10.520782470703125,6.0043869018554688,,
539.5,10.035331726074219,5.679901123046875,,
539.60000000000002,9.7542800903320312,5.5317153930664062,,
539.70000000000005,9.5473251342773438,5.4525070190429688,,
539.79999999999995,9.40679931640625,5.4090728759765625,,
539.89999999999998,9.2918243408203125,5.3937454223632812,,
540,9.1819610595703125,5.3886337280273438,23.157894134521484,16.703786849975586
540.10000000000002,9.1283035278320312,5.3988571166992188,,
540.20000000000005,9.1615219116210938,5.3554229736328125,,
540.29999999999995,9.1283035278320312,5.2711029052734375,,
540.39999999999998,9.1436386108398438,5.2711029052734375,,
540.5,9.4936676025390625,5.5598220825195312,,
540.60000000000002,10.127311706542969,6.02227783203125,,
540.70000000000005,10.835044860839844,6.5588226318359375,,
540.79999999999995,11.484016418457031,7.1311416625976562,,
540.89999999999998,12.125320434570312,7.7341232299804688,,
541,12.781951904296875,8.3371047973632812,,
541.10000000000002,13.384933471679688,8.81744384765625,,
541.20000000000005,13.793731689453125,9.2262420654296875,,
541.29999999999995,14.120773315429688,9.655487060546875,,
541.39999999999998,14.251083374023438,9.801116943359375,,
541.5,13.906158447265625,9.4459762573242188,,
541.60000000000002,13.267402648925781,8.7484588623046875,,
541.70000000000005,12.5162353515625,7.9461898803710938,,
541.79999999999995,11.777839660644531,7.2103500366210938,,
541.89999999999998,11.182525634765625,6.5945968627929688,,
542,10.610206604003906,6.0554885864257812,,
542.10000000000002,10.081321716308594,5.6952362060546875,,
542.20000000000005,9.7440567016601562,5.552154541015625,,
542.29999999999995,9.5319976806640625,5.4908370971679688,,
542.39999999999998,9.3940277099609375,5.4576187133789062,,
542.5,9.2637176513671875,5.4090728759765625,,
542.60000000000002,9.1461868286132812,5.3605270385742188,,
542.70000000000005,9.1104202270507812,5.3528671264648438,,
542.79999999999995,9.130859375,5.3017654418945312,,
542.89999999999998,9.0593185424804688,5.1867904663085938,,
543,9.010772705078125,5.1995620727539062,,
543.10000000000002,9.2356185913085938,5.460174560546875,,
543.20000000000005,9.8053817749023438,5.8868560791015625,,
543.29999999999995,10.6025390625,6.379974365234375,,
543.39999999999998,11.358818054199219,6.913970947265625,,
543.5,11.984794616699219,7.4965057373046875,,
543.60000000000002,12.597991943359375,8.08160400390625,,
543.70000000000005,13.091110229492188,8.5619430541992188,,
543.79999999999995,13.410484313964844,8.9962921142578125,,
543.89999999999998,13.742637634277344,9.4459762573242188,,
544,13.9879150390625,9.7142486572265625,,
544.10000000000002,13.862716674804688,9.5456161499023438,,
544.20000000000005,13.300621032714844,8.9298629760742188,,
544.29999999999995,12.529006958007812,8.1403656005859375,,
544.39999999999998,11.765068054199219,7.355987548828125,,
544.5,11.156974792480469,6.6405868530273438,,
544.60000000000002,10.607650756835938,6.1244735717773438,,
544.70000000000005,10.083877563476562,5.902191162109375,,
544.79999999999995,9.7134017944335938,5.810211181640625,,
544.89999999999998,9.4425735473632812,5.6977920532226562,,
545,9.2816085815429688,5.6058120727539062,,
545.10000000000002,9.2126235961914062,5.552154541015625,,
545.20000000000005,9.1845169067382812,5.5291595458984375,,
545.29999999999995,9.1742935180664062,5.5240478515625,,
545.39999999999998,9.18707275390625,5.4678421020507812,,
545.5,9.1564102172851562,5.3809661865234375,,
545.60000000000002,9.2586135864257812,5.5138320922851562,,
545.70000000000005,9.7312850952148438,5.937957763671875,,
545.79999999999995,10.518226623535156,6.4642868041992188,,
545.89999999999998,11.409919738769531,7.059600830078125,,
546,12.199417114257812,7.7315673828125,,
546.10000000000002,12.909706115722656,8.4188613891601562,,
546.20000000000005,13.566337585449219,9.0499496459960938,,
546.29999999999995,14.092666625976562,9.4970779418945312,,
546.39999999999998,14.41204833984375,9.8445510864257812,,
546.5,14.616447448730469,10.128158569335938,,
546.60000000000002,14.491249084472656,10.015739440917969,,
546.70000000000005,13.883163452148438,9.4280929565429688,,
546.79999999999995,13.083442687988281,8.605377197265625,,
546.89999999999998,12.250518798828125,7.7545623779296875,,
547,11.499343872070312,7.0289459228515625,,
547.10000000000002,10.9346923828125,6.4285202026367188,,
547.20000000000005,10.403251647949219,5.9226303100585938,,
547.29999999999995,9.9407958984375,5.5828170776367188,,
547.39999999999998,9.6623001098632812,5.4192962646484375,,
547.5,9.4757843017578125,5.3451995849609375,,
547.60000000000002,9.3659210205078125,5.3017654418945312,,
547.70000000000005,9.2662734985351562,5.2685470581054688,,
547.79999999999995,9.1921768188476562,5.2659912109375,,
547.89999999999998,9.2151718139648438,5.2685470581054688,,
548,9.2483901977539062,5.2838821411132812,,
548.10000000000002,9.4400177001953125,5.5240478515625,,
548.20000000000005,10.017448425292969,6.029937744140625,,
548.29999999999995,10.837600708007812,6.6278076171875,,
548.39999999999998,11.639869689941406,7.2870025634765625,,
548.5,12.373153686523438,8.0202865600585938,,
548.60000000000002,13.093666076660156,8.7612380981445312,,
548.70000000000005,13.78607177734375,9.3821029663085938,,
548.79999999999995,14.225532531738281,9.84710693359375,,
548.89999999999998,14.481033325195312,10.266128540039062,,
549,14.659881591796875,10.496078491210938,,
549.10000000000002,14.4656982421875,10.284011840820312,,
549.20000000000005,13.901046752929688,9.7219161987304688,,
549.29999999999995,13.134544372558594,9.0243988037109375,,
549.39999999999998,12.316947937011719,8.293670654296875,,
549.5,11.627098083496094,7.5424957275390625,,
549.60000000000002,10.937248229980469,6.8654251098632812,,
549.70000000000005,10.313827514648438,6.42596435546875,,
549.79999999999995,9.9075775146484375,6.1525802612304688,,
549.89999999999998,9.608642578125,5.94818115234375,,
550,9.3863601684570312,5.79998779296875,23.288637161254883,23.272212982177734
550.10000000000002,9.2024002075195312,5.6875686645507812,,
550.20000000000005,9.0720977783203125,5.6134719848632812,,
550.29999999999995,9.0133285522460938,5.516387939453125,,
550.39999999999998,8.8881378173828125,5.3605270385742188,,
550.5,8.7297286987304688,5.2787704467773438,,
550.60000000000002,8.6556320190429688,5.28643798828125,,
550.70000000000005,8.653076171875,5.3426437377929688,,
550.79999999999995,8.8242568969726562,5.552154541015625,,
550.89999999999998,9.2535018920898438,5.9405136108398438,,
551,9.876922607421875,6.4387359619140625,,
551.10000000000002,10.592323303222656,6.9727325439453125,,
551.20000000000005,11.215744018554688,7.4454116821289062,,
551.29999999999995,11.693527221679688,7.9487457275390625,,
551.39999999999998,12.201972961425781,8.5568313598632812,,
551.5,12.730857849121094,9.11126708984375,,
551.60000000000002,13.231636047363281,9.6094970703125,,
551.70000000000005,13.663429260253906,10.043846130371094,,
551.79999999999995,13.929153442382812,10.284011840820312,,
551.89999999999998,13.788627624511719,10.102607727050781,,
552,13.21630859375,9.4229812622070312,,
552.10000000000002,12.352714538574219,8.55938720703125,,
552.20000000000005,11.471237182617188,7.8209915161132812,,
552.29999999999995,10.809494018554688,7.243560791015625,,
552.39999999999998,10.293388366699219,6.804107666015625,,
552.5,9.9152450561523438,6.4796218872070312,,
552.60000000000002,9.618865966796875,6.2471160888671875,,
552.70000000000005,9.3940277099609375,6.075927734375,,
552.79999999999995,9.2739410400390625,5.9507369995117188,,
552.89999999999998,9.18707275390625,5.7821044921875,,
553,9.02099609375,5.6236953735351562,,
553.10000000000002,8.900909423828125,5.5623779296875,,
553.20000000000005,8.8498077392578125,5.534271240234375,,
553.29999999999995,8.8063735961914062,5.5240478515625,,
553.39999999999998,8.826812744140625,5.5777053833007812,,
553.5,9.00311279296875,5.8408660888671875,,
553.60000000000002,9.5217742919921875,6.305877685546875,,
553.70000000000005,10.352149963378906,6.8092117309570312,,
553.79999999999995,11.105873107910156,7.3380966186523438,,
553.89999999999998,11.721633911132812,7.9231948852539062,,
554,12.334831237792969,8.551727294921875,,
554.10000000000002,12.90203857421875,9.1649246215820312,,
554.20000000000005,13.482025146484375,9.7116928100585938,,
554.29999999999995,14.023681640625,10.171592712402344,,
554.39999999999998,14.424819946289062,10.475639343261719,,
554.5,14.452926635742188,10.416877746582031,,
554.60000000000002,13.926597595214844,9.7960128784179688,,
554.70000000000005,12.973579406738281,8.8711013793945312,,
554.79999999999995,11.933692932128906,7.9513015747070312,,
554.89999999999998,11.070106506347656,7.0493850708007812,,
555,10.377700805664062,6.305877685546875,,
555.10000000000002,10.06854248046875,6.1270294189453125,,
555.20000000000005,9.8896942138671875,6.2113418579101562,,
555.29999999999995,9.37103271484375,6.2828826904296875,,
555.39999999999998,8.7936019897460938,6.620147705078125,,
555.5,8.5278778076171875,7.207794189453125,,
555.60000000000002,8.4001312255859375,7.7647857666015625,,
555.70000000000005,8.2263870239257812,8.0994873046875,,
555.79999999999995,8.136962890625,8.7177963256835938,,
555.89999999999998,8.239166259765625,9.6503753662109375,,
556,8.883026123046875,10.685150146484375,,
556.10000000000002,10.168190002441406,12.0009765625,,
556.20000000000005,11.46868896484375,13.47265625,,
556.29999999999995,12.227523803710938,14.972442626953125,,
556.39999999999998,12.649093627929688,16.124744415283203,,
556.5,13.001686096191406,17.478893280029297,,
556.60000000000002,12.909706115722656,17.969455718994141,,
556.70000000000005,12.230072021484375,16.906574249267578,,
556.79999999999995,11.376708984375,15.1640625,,
556.89999999999998,10.25250244140625,13.406227111816406,,
557,9.3173751831054688,11.840011596679688,,
557.10000000000002,8.7987136840820312,10.774574279785156,,
557.20000000000005,8.3337020874023438,10.680038452148438,,
557.29999999999995,8.2008438110351562,11.1910400390625,,
557.39999999999998,8.3899078369140625,12.044410705566406,,
557.5,8.5713119506835938,12.655052185058594,,
557.60000000000002,8.2928237915039062,11.428657531738281,,
557.70000000000005,7.7537155151367188,9.5865020751953125,,
557.79999999999995,7.613189697265625,9.0601730346679688,,
557.89999999999998,7.8763580322265625,9.3539962768554688,,
558,7.9836654663085938,9.7142486572265625,,
558.10000000000002,7.945343017578125,9.7960128784179688,,
558.20000000000005,7.945343017578125,9.5098495483398438,,
558.29999999999995,7.7715988159179688,9.0090713500976562,,
558.39999999999998,7.6745071411132812,8.7305755615234375,,
558.5,7.889129638671875,8.6130447387695312,,
558.60000000000002,8.090972900390625,8.4750747680664062,,
558.70000000000005,7.6080780029296875,8.1480331420898438,,
558.79999999999995,7.245269775390625,7.8414306640625,,
558.89999999999998,7.5339889526367188,7.8312149047851562,,
559,7.8124771118164062,8.311553955078125,,
559.10000000000002,8.1957321166992188,9.1317062377929688,,
559.20000000000005,8.6913986206054688,9.839447021484375,,
559.29999999999995,8.9392318725585938,10.524185180664062,,
559.39999999999998,9.1666336059570312,11.147605895996094,,
559.5,9.5013351440429688,11.28302001953125,,
559.60000000000002,9.3505935668945312,10.705589294433594,,
559.70000000000005,8.6939544677734375,9.6682586669921875,,
559.79999999999995,7.8789138793945312,8.5823822021484375,,
559.89999999999998,7.2324981689453125,7.78778076171875,,
560,6.8160324096679688,7.373870849609375,23.291925430297852,0
560.10000000000002,6.4889907836914062,7.1643600463867188,,
560.20000000000005,6.2820358276367188,6.9931716918945312,,
560.29999999999995,6.2207183837890625,6.857757568359375,,
560.39999999999998,6.2820358276367188,6.7530059814453125,,
560.5,6.3510208129882812,6.6482467651367188,,
560.60000000000002,6.3944549560546875,6.6048126220703125,,
560.70000000000005,6.3791275024414062,6.60992431640625,,
560.79999999999995,6.1389541625976562,6.6252517700195312,,
560.89999999999998,5.8349075317382812,6.6175918579101562,,
561,5.7710342407226562,6.5792617797851562,,
561.10000000000002,5.9984283447265625,6.5486068725585938,,
561.20000000000005,6.3689041137695312,6.6789093017578125,,
561.29999999999995,6.97955322265625,7.0468292236328125,,
561.39999999999998,7.7843780517578125,7.5220565795898438,,
561.5,8.4614486694335938,8.0739364624023438,,
561.60000000000002,9.0414352416992188,8.735687255859375,,
561.70000000000005,9.452789306640625,9.36932373046875,,
561.79999999999995,9.7261734008789062,9.8649978637695312,,
561.89999999999998,9.9075775146484375,10.266128540039062,,
562,10.073654174804688,10.649375915527344,,
562.10000000000002,10.201408386230469,10.818008422851562,,
562.20000000000005,9.912689208984375,10.506301879882812,,
562.29999999999995,9.3403701782226562,9.8701019287109375,,
562.39999999999998,8.7297286987304688,9.1700363159179688,,
562.5,8.1880645751953125,8.5185089111328125,,
562.60000000000002,7.6157455444335938,7.8925323486328125,,
562.70000000000005,7.01531982421875,7.4249725341796875,,
562.79999999999995,6.6908340454101562,7.2461166381835938,,
562.89999999999998,6.6499557495117188,7.1745758056640625,,
563,6.6090774536132812,7.0647125244140625,,
563.10000000000002,6.1389541625976562,6.9165267944335938,,
563.20000000000005,5.6024093627929688,6.8092117309570312,,
563.29999999999995,5.4899826049804688,6.7530059814453125,,
563.39999999999998,5.5180892944335938,6.6303634643554688,,
563.5,5.4848785400390625,6.4796218872070312,,
563.60000000000002,5.4720993041992188,6.489837646484375,,
563.70000000000005,5.6509475708007812,6.7070159912109375,,
563.79999999999995,6.0929641723632812,7.01361083984375,,
563.89999999999998,6.7444915771484375,7.327880859375,,
564,7.4241180419921875,7.6906890869140625,,
564.10000000000002,8.0807571411132812,8.1122665405273438,,
564.20000000000005,8.7271728515625,8.4674072265625,,
564.29999999999995,9.194732666015625,8.7484588623046875,,
564.39999999999998,9.5805435180664062,9.1163787841796875,,
564.5,10.022552490234375,9.5456161499023438,,
564.60000000000002,10.410919189453125,9.9058761596679688,,
564.70000000000005,10.51055908203125,10.06939697265625,,
564.79999999999995,10.083877563476562,9.8701019287109375,,
564.89999999999998,9.3582534790039062,9.33355712890625,,
565,8.6275253295898438,8.6360397338867188,,
565.10000000000002,7.8865737915039062,7.9027557373046875,,
565.20000000000005,7.1916122436523438,7.3202133178710938,,
565.29999999999995,6.6627273559570312,6.9701766967773438,,
565.39999999999998,6.251373291015625,6.7606658935546875,,
565.5,5.9319992065429688,6.6354751586914062,,
565.60000000000002,5.7199325561523438,6.5690460205078125,,
565.70000000000005,5.54364013671875,6.5205001831054688,,
565.79999999999995,5.4158935546875,6.454071044921875,,
565.89999999999998,5.3494644165039062,6.3365402221679688,,
566,5.2753677368164062,6.2292327880859375,,
566.10000000000002,5.2191543579101562,6.2164535522460938,,
566.20000000000005,5.2191543579101562,6.2445602416992188,,
566.29999999999995,5.3009185791015625,6.3544235229492188,,
566.39999999999998,5.6381759643554688,6.599700927734375,,
566.5,6.3050308227539062,6.9088592529296875,,
566.60000000000002,7.12518310546875,7.2512283325195312,,
566.70000000000005,7.853363037109375,7.5706024169921875,,
566.79999999999995,8.4742279052734375,7.9461898803710938,,
566.89999999999998,9.03887939453125,8.4444122314453125,,
567,9.5498809814453125,8.955413818359375,,
567.10000000000002,10.053215026855469,9.4383087158203125,,
567.20000000000005,10.500343322753906,9.8777694702148438,,
567.29999999999995,10.707298278808594,10.130714416503906,,
567.39999999999998,10.405807495117188,9.8828811645507812,,
567.5,9.64697265625,9.2058029174804688,,
567.60000000000002,8.7987136840820312,8.5031814575195312,,
567.70000000000005,8.0194320678710938,7.9231948852539062,,
567.79999999999995,7.2759323120117188,7.4505157470703125,,
567.89999999999998,6.6269607543945312,7.1132583618164062,,
568,6.20538330078125,6.8986358642578125,,
568.10000000000002,6.0342025756835938,6.7274551391601562,,
568.20000000000005,5.9319992065429688,6.507720947265625,,
568.29999999999995,5.8323593139648438,6.333984375,,
568.39999999999998,5.755706787109375,6.2726669311523438,,
568.5,5.663726806640625,6.24200439453125,,
568.60000000000002,5.6228485107421875,6.2164535522460938,,
568.70000000000005,5.5870742797851562,6.1985702514648438,,
568.79999999999995,5.5487518310546875,6.1985702514648438,,
568.89999999999998,5.5819625854492188,6.1576919555664062,,
569,5.6228485107421875,6.0912628173828125,,
569.10000000000002,5.7633743286132812,6.1985702514648438,,
569.20000000000005,6.24371337890625,6.489837646484375,,
569.29999999999995,6.9565582275390625,6.8424301147460938,,
569.39999999999998,7.5927505493164062,7.2384567260742188,,
569.5,8.1497421264648438,7.657470703125,,
569.60000000000002,8.7297286987304688,8.0483856201171875,,
569.70000000000005,9.3173751831054688,8.3600997924804688,,
569.79999999999995,9.7670516967773438,8.6820297241210938,,
569.89999999999998,10.083877563476562,9.1598129272460938,,
570,10.321487426757812,9.709136962890625,20,0
570.10000000000002,10.168190002441406,10.061729431152344,,
570.20000000000005,9.2560577392578125,9.8445510864257812,,
570.29999999999995,8.0066604614257812,9.213470458984375,,
570.39999999999998,7.3755722045898438,8.7612380981445312,,
570.5,7.2146072387695312,8.403533935546875,,
570.60000000000002,6.8517990112304688,7.7979965209960938,,
570.70000000000005,6.2743682861328125,7.2052383422851562,,
570.79999999999995,5.2574844360351562,6.8271026611328125,,
570.89999999999998,2.2093658447265625,6.4387359619140625,,
571,-0.6139068603515625,6.0963668823242188,,
571.10000000000002,-1.2066726684570312,5.8715286254882812,,
571.20000000000005,-1.2424392700195312,5.7131195068359375,,
571.29999999999995,-1.1402359008789062,5.6058120727539062,,
571.39999999999998,-1.1734542846679688,5.5189361572265625,,
571.5,-1.2654342651367188,5.5444869995117188,,
571.60000000000002,-1.3216476440429688,5.8587570190429688,,
571.70000000000005,-1.3420867919921875,6.4029693603515625,,
571.79999999999995,-1.22711181640625,7.0621566772460938,,
571.89999999999998,-1.1223526000976562,7.8107757568359375,,
572,-1.1657867431640625,8.7152481079101562,,
572.10000000000002,-1.2117767333984375,9.6963653564453125,,
572.20000000000005,-1.2194442749023438,10.250801086425781,,
572.29999999999995,-1.199005126953125,10.117942810058594,,
572.39999999999998,-1.1606826782226562,9.4510879516601562,,
572.5,-1.1479034423828125,8.6820297241210938,,
572.60000000000002,-1.1657867431640625,8.2272415161132812,,
572.70000000000005,-1.22711181640625,7.8209915161132812,,
572.79999999999995,-1.2475509643554688,7.06982421875,,
572.89999999999998,-1.2015609741210938,6.3467559814453125,,
573,-1.199005126953125,5.9124069213867188,,
573.10000000000002,-1.22711181640625,5.6594619750976562,,
573.20000000000005,-1.1734542846679688,5.516387939453125,,
573.29999999999995,-0.951171875,5.4269561767578125,,
573.39999999999998,-0.87451934814453125,5.386077880859375,,
573.5,-1.1504592895507812,5.340087890625,,
573.60000000000002,-1.3318634033203125,5.2787704467773438,,
573.70000000000005,-1.3318634033203125,5.240447998046875,,
573.79999999999995,-1.3446426391601562,5.3451995849609375,,
573.89999999999998,-1.3446426391601562,5.6492462158203125,,
574,-1.3446426391601562,6.1474685668945312,,
574.10000000000002,-1.3395309448242188,6.8935317993164062,,
574.20000000000005,-1.3420867919921875,7.9513015747070312,,
574.29999999999995,-1.3471908569335938,9.1623687744140625,,
574.39999999999998,-1.3446426391601562,10.061729431152344,,
574.5,-1.3523025512695312,10.488410949707031,,
574.60000000000002,-1.3523025512695312,10.501190185546875,,
574.70000000000005,-1.3548583984375,9.9723052978515625,,
574.79999999999995,-1.3548583984375,8.9400863647460938,,
574.89999999999998,-1.3523025512695312,8.1786956787109375,,
575,-1.3574142456054688,7.9359664916992188,,
575.10000000000002,-1.3523025512695312,7.8312149047851562,,
575.20000000000005,-1.3420867919921875,7.741790771484375,,
575.29999999999995,-1.33697509765625,7.5246124267578125,,
575.39999999999998,-1.3395309448242188,7.2742233276367188,,
575.5,-1.3420867919921875,6.5051727294921875,,
575.60000000000002,-1.3420867919921875,5.3605270385742188,,
575.70000000000005,-1.3420867919921875,4.8929672241210938,,
575.79999999999995,-1.3446426391601562,5.0385971069335938,,
575.89999999999998,-1.3471908569335938,5.3809661865234375,,
576,-1.3471908569335938,6.0606002807617188,,
576.10000000000002,-1.3497467041015625,6.8066558837890625,,
576.20000000000005,-1.3548583984375,7.0928192138671875,,
576.29999999999995,-1.3497467041015625,7.1822433471679688,,
576.39999999999998,-1.3471908569335938,7.4581832885742188,,
576.5,-1.3471908569335938,8.0126190185546875,,
576.60000000000002,-1.3446426391601562,8.5338363647460938,,
576.70000000000005,-1.3446426391601562,8.4699630737304688,,
576.79999999999995,-1.3471908569335938,8.017730712890625,,
576.89999999999998,-1.3523025512695312,7.2384567260742188,,
577,-1.3574142456054688,6.4387359619140625,,
577.10000000000002,-1.3574142456054688,6.3544235229492188,,
577.20000000000005,-1.3523025512695312,6.6252517700195312,,
577.29999999999995,-1.3523025512695312,7.1030426025390625,,
577.39999999999998,-1.3548583984375,6.9701766967773438,,
577.5,-1.3497467041015625,4.8393096923828125,,
577.60000000000002,-1.3497467041015625,2.8029708862304688,,
577.70000000000005,-1.3523025512695312,1.855072021484375,,
577.79999999999995,-1.3497467041015625,2.0441360473632812,,
577.89999999999998,-1.3497467041015625,2.000701904296875,,
578,-1.3497467041015625,1.947052001953125,,
578.10000000000002,-1.3471908569335938,2.7774276733398438,,
578.20000000000005,-1.3471908569335938,4.1775665283203125,,
578.29999999999995,-1.3420867919921875,6.7708892822265625,,
578.39999999999998,-1.3446426391601562,8.15570068359375,,
578.5,-1.3471908569335938,6.3646469116210938,,
578.60000000000002,-1.3446426391601562,4.5633697509765625,,
578.70000000000005,-1.3420867919921875,4.1392364501953125,,
578.79999999999995,-1.3395309448242188,4.5480422973632812,,
578.89999999999998,-1.33697509765625,4.9977188110351562,,
579,-1.3395309448242188,5.240447998046875,,
579.10000000000002,-1.3344192504882812,5.092254638671875,,
579.20000000000005,-1.3241958618164062,4.5940322875976562,,
579.29999999999995,-1.319091796875,3.9399490356445312,,
579.39999999999998,-1.3216476440429688,3.8658523559570312,,
579.5,-1.3216476440429688,3.1836700439453125,,
579.60000000000002,-1.3216476440429688,2.6777801513671875,,
579.70000000000005,-1.319091796875,2.6471176147460938,,
579.79999999999995,-1.3165359497070312,1.5280303955078125,,
579.89999999999998,-1.3165359497070312,0.66443634033203125,,
580,-1.3216476440429688,0.437042236328125,0,21.108179092407227
580.10000000000002,-1.326751708984375,0.401275634765625,,
580.20000000000005,-1.326751708984375,0.36295318603515625,,
580.29999999999995,-1.326751708984375,0.3144073486328125,,
580.39999999999998,-1.319091796875,0.2633056640625,,
580.5,-1.319091796875,0.25052642822265625,,
580.60000000000002,-1.319091796875,0.2581939697265625,,
580.70000000000005,-1.3139801025390625,0.24286651611328125,,
580.79999999999995,-1.3114242553710938,0.23775482177734375,,
580.89999999999998,-1.3139801025390625,0.2403106689453125,,
581,-1.308868408203125,0.2403106689453125,,
581.10000000000002,-1.3037567138671875,0.23775482177734375,,
581.20000000000005,-1.308868408203125,0.22498321533203125,,
581.29999999999995,-1.308868408203125,0.2122039794921875,,
581.39999999999998,-1.3063125610351562,0.23264312744140625,,
581.5,-1.3063125610351562,0.26074981689453125,,
581.60000000000002,-1.3139801025390625,0.26586151123046875,,
581.70000000000005,-1.308868408203125,0.26586151123046875,,
581.79999999999995,-1.308868408203125,0.27352142333984375,,
581.89999999999998,-1.3318634033203125,0.2633056640625,,
582,-1.3497467041015625,0.2300872802734375,,
582.10000000000002,-1.3446426391601562,0.21475982666015625,,
582.20000000000005,-1.3395309448242188,0.2224273681640625,,
582.29999999999995,-1.3395309448242188,0.235198974609375,,
582.39999999999998,-1.3420867919921875,0.25563812255859375,,
582.5,-1.3420867919921875,0.2760772705078125,,
582.60000000000002,-1.3420867919921875,0.27863311767578125,,
582.70000000000005,-1.3420867919921875,0.27352142333984375,,
582.79999999999995,-1.3420867919921875,0.15088653564453125,,
582.89999999999998,-1.3446426391601562,0.01802825927734375,,
583,-1.3446426391601562,0.11000823974609375,,
583.10000000000002,-1.3395309448242188,0.24542236328125,,
583.20000000000005,-1.3344192504882812,0.26586151123046875,,
583.29999999999995,-1.3344192504882812,0.25052642822265625,,
583.39999999999998,-1.33697509765625,0.25052642822265625,,
583.5,-1.3344192504882812,0.25563812255859375,,
583.60000000000002,-1.3318634033203125,0.2581939697265625,,
583.70000000000005,-1.3318634033203125,0.2633056640625,,
583.79999999999995,-1.326751708984375,0.2633056640625,,
583.89999999999998,-1.3216476440429688,0.26074981689453125,,
584,-1.3241958618164062,0.2633056640625,,
584.10000000000002,-1.3216476440429688,0.2633056640625,,
584.20000000000005,-1.3139801025390625,0.26074981689453125,,
584.29999999999995,-1.3165359497070312,0.2684173583984375,,
584.39999999999998,-1.319091796875,0.27352142333984375,,
584.5,-1.3139801025390625,0.27097320556640625,,
584.60000000000002,-1.3139801025390625,0.26074981689453125,,
584.70000000000005,-1.3139801025390625,0.25052642822265625,,
584.79999999999995,-1.3139801025390625,0.24542236328125,,
584.89999999999998,-1.308868408203125,0.2403106689453125,,
585,-1.3063125610351562,0.24286651611328125,,
585.10000000000002,-1.3114242553710938,0.25052642822265625,,
585.20000000000005,-1.3114242553710938,0.25563812255859375,,
585.29999999999995,-1.3063125610351562,0.25563812255859375,,
585.39999999999998,-1.3114242553710938,0.2581939697265625,,
585.5,-1.3114242553710938,0.26074981689453125,,
585.60000000000002,-1.308868408203125,0.26074981689453125,,
585.70000000000005,-1.3037567138671875,0.26586151123046875,,
585.79999999999995,-1.3037567138671875,0.26586151123046875,,
585.89999999999998,-1.3114242553710938,0.2581939697265625,,
586,-1.308868408203125,0.2581939697265625,,
586.10000000000002,-1.2986526489257812,0.26586151123046875,,
586.20000000000005,-1.2986526489257812,0.25563812255859375,,
586.29999999999995,-1.2986526489257812,0.24797821044921875,,
586.39999999999998,-1.3037567138671875,0.24542236328125,,
586.5,-1.308868408203125,0.24542236328125,,
586.60000000000002,-1.3063125610351562,0.24542236328125,,
586.70000000000005,-1.3012008666992188,0.24797821044921875,,
586.79999999999995,-1.3012008666992188,0.24542236328125,,
586.89999999999998,-1.3037567138671875,0.25052642822265625,,
587,-1.2986526489257812,0.25563812255859375,,
587.10000000000002,-1.2986526489257812,0.2581939697265625,,
587.20000000000005,-1.3012008666992188,0.26074981689453125,,
587.29999999999995,-1.2935409545898438,0.2633056640625,,
587.39999999999998,-1.2960968017578125,0.2633056640625,,
587.5,-1.2960968017578125,0.26074981689453125,,
587.60000000000002,-1.2884292602539062,0.26074981689453125,,
587.70000000000005,-1.2935409545898438,0.2633056640625,,
587.79999999999995,-1.2935409545898438,0.26586151123046875,,
587.89999999999998,-1.2960968017578125,0.2633056640625,,
588,-1.2986526489257812,0.24286651611328125,,
588.10000000000002,-1.2960968017578125,0.21987152099609375,,
588.20000000000005,-1.2960968017578125,0.217315673828125,,
588.29999999999995,-1.3012008666992188,0.21987152099609375,,
588.39999999999998,-1.2986526489257812,0.235198974609375,,
588.5,-1.2960968017578125,0.253082275390625,,
588.60000000000002,-1.2935409545898438,0.26074981689453125,,
588.70000000000005,-1.2935409545898438,0.2581939697265625,,
588.79999999999995,-1.2986526489257812,0.25563812255859375,,
588.89999999999998,-1.2986526489257812,0.2633056640625,,
589,-1.2986526489257812,0.26586151123046875,,
589.10000000000002,-1.2935409545898438,0.2581939697265625,,
589.20000000000005,-1.2960968017578125,0.2581939697265625,,
589.29999999999995,-1.2960968017578125,0.2633056640625,,
589.39999999999998,-1.3012008666992188,0.25052642822265625,,
589.5,-1.3063125610351562,0.235198974609375,,
589.60000000000002,-1.3063125610351562,0.22753143310546875,,
589.70000000000005,-1.3063125610351562,0.22753143310546875,,
589.79999999999995,-1.3012008666992188,0.22498321533203125,,
589.89999999999998,-1.3012008666992188,0.21987152099609375,,
590,-1.2960968017578125,0.21987152099609375,0,3.6764702796936035
590.10000000000002,-1.2986526489257812,0.2224273681640625,,
590.20000000000005,-1.3063125610351562,0.22498321533203125,,
590.29999999999995,-1.3037567138671875,0.22753143310546875,,
590.39999999999998,-1.2986526489257812,0.22753143310546875,,
590.5,-1.2986526489257812,0.22753143310546875,,
590.60000000000002,-1.2986526489257812,0.22753143310546875,,
590.70000000000005,-1.3012008666992188,0.2300872802734375,,
590.79999999999995,-1.3037567138671875,0.22753143310546875,,
590.89999999999998,-1.2960968017578125,0.2224273681640625,,
591,-1.2960968017578125,0.21987152099609375,,
591.10000000000002,-1.2986526489257812,0.2224273681640625,,
591.20000000000005,-1.3012008666992188,0.22753143310546875,,
591.29999999999995,-1.2935409545898438,0.22753143310546875,,
591.39999999999998,-1.2935409545898438,0.22498321533203125,,
591.5,-1.2960968017578125,0.22498321533203125,,
591.60000000000002,-1.2960968017578125,0.22498321533203125,,
591.70000000000005,-1.3037567138671875,0.22498321533203125,,
591.79999999999995,-1.3012008666992188,0.22753143310546875,,
591.89999999999998,-1.2986526489257812,0.2300872802734375,,
592,-1.2986526489257812,0.22753143310546875,,
592.10000000000002,-1.2935409545898438,0.22753143310546875,,
592.20000000000005,-1.2960968017578125,0.235198974609375,,
592.29999999999995,-1.2986526489257812,0.23264312744140625,,
592.39999999999998,-1.3012008666992188,0.2300872802734375,,
592.5,-1.2986526489257812,0.23264312744140625,,
592.60000000000002,-1.2960968017578125,0.235198974609375,,
592.70000000000005,-1.2960968017578125,0.23264312744140625,,
592.79999999999995,-1.3037567138671875,0.21987152099609375,,
592.89999999999998,-1.3063125610351562,0.2122039794921875,,
593,-1.3012008666992188,0.2224273681640625,,
593.10000000000002,-1.2986526489257812,0.2300872802734375,,
593.20000000000005,-1.3012008666992188,0.23264312744140625,,
593.29999999999995,-1.3012008666992188,0.23264312744140625,,
593.39999999999998,-1.2986526489257812,0.2300872802734375,,
593.5,-1.2986526489257812,0.2300872802734375,,
593.60000000000002,-1.2986526489257812,0.2300872802734375,,
593.70000000000005,-1.290985107421875,0.235198974609375,,
593.79999999999995,-1.2960968017578125,0.235198974609375,,
593.89999999999998,-1.2986526489257812,0.23775482177734375,,
594,-1.2960968017578125,0.235198974609375,,
594.10000000000002,-1.2960968017578125,0.23264312744140625,,
594.20000000000005,-1.2986526489257812,0.235198974609375,,
594.29999999999995,-1.3012008666992188,0.2403106689453125,,
594.39999999999998,-1.2935409545898438,0.23775482177734375,,
594.5,-1.2935409545898438,0.23775482177734375,,
594.60000000000002,-1.2960968017578125,0.23775482177734375,,
594.70000000000005,-1.290985107421875,0.235198974609375,,
594.79999999999995,-1.290985107421875,0.2403106689453125,,
594.89999999999998,-1.290985107421875,0.24286651611328125,,
595,-1.2935409545898438,0.24542236328125,,
595.10000000000002,-1.2986526489257812,0.23775482177734375,,
595.20000000000005,-1.2960968017578125,0.23264312744140625,,
595.29999999999995,-1.2935409545898438,0.23264312744140625,,
595.39999999999998,-1.2935409545898438,0.23264312744140625,,
595.5,-1.2960968017578125,0.23775482177734375,,
595.60000000000002,-1.2986526489257812,0.23775482177734375,,
595.70000000000005,-1.3012008666992188,0.2403106689453125,,
595.79999999999995,-1.2986526489257812,0.24542236328125,,
595.89999999999998,-1.2935409545898438,0.24542236328125,,
596,-1.2935409545898438,0.24286651611328125,,
596.10000000000002,-1.2935409545898438,0.2403106689453125,,
596.20000000000005,-1.2884292602539062,0.2403106689453125,,
596.29999999999995,-1.290985107421875,0.2403106689453125,,
596.39999999999998,-1.2935409545898438,0.24542236328125,,
596.5,-1.2935409545898438,0.25563812255859375,,
596.60000000000002,-1.290985107421875,0.26074981689453125,,
596.70000000000005,-1.2960968017578125,0.26586151123046875,,
596.79999999999995,-1.2960968017578125,0.2684173583984375,,
596.89999999999998,-1.2884292602539062,0.26586151123046875,,
597,-1.2935409545898438,0.2684173583984375,,
597.10000000000002,-1.2960968017578125,0.27097320556640625,,
597.20000000000005,-1.2935409545898438,0.26586151123046875,,
597.29999999999995,-1.2935409545898438,0.2633056640625,,
597.39999999999998,-1.2960968017578125,0.26074981689453125,,
597.5,-1.290985107421875,0.2581939697265625,,
597.60000000000002,-1.2935409545898438,0.2581939697265625,,
597.70000000000005,-1.2935409545898438,0.2581939697265625,,
597.79999999999995,-1.2960968017578125,0.26074981689453125,,
597.89999999999998,-1.2986526489257812,0.2633056640625,,
598,-1.2986526489257812,0.2581939697265625,,
598.10000000000002,-1.2935409545898438,0.253082275390625,,
598.20000000000005,-1.290985107421875,0.25052642822265625,,
598.29999999999995,-1.3012008666992188,0.24542236328125,,
598.39999999999998,-1.3012008666992188,0.253082275390625,,
598.5,-1.2960968017578125,0.2581939697265625,,
598.60000000000002,-1.2960968017578125,0.26586151123046875,,
598.70000000000005,-1.2986526489257812,0.26586151123046875,,
598.79999999999995,-1.2986526489257812,0.2633056640625,,
598.89999999999998,-1.2935409545898438,0.2633056640625,,
599,-1.2884292602539062,0.2633056640625,,
599.10000000000002,-1.2884292602539062,0.2633056640625,,
599.20000000000005,-1.2884292602539062,0.26074981689453125,,
599.29999999999995,-1.2833175659179688,0.2581939697265625,,
599.39999999999998,-1.2884292602539062,0.26074981689453125,,
599.5,-1.290985107421875,0.2633056640625,,
599.60000000000002,-1.2884292602539062,0.2633056640625,,
599.70000000000005,-1.2884292602539062,0.26586151123046875,,
599.79999999999995,-1.2833175659179688,0.2633056640625,,
599.89999999999998,-1.28076171875,0.2633056640625,,
600,-1.2935409545898438,0.2633056640625,0,15.624999046325684
600.10000000000002,-1.2960968017578125,0.2633056640625,,
600.20000000000005,-1.290985107421875,0.2684173583984375,,
600.29999999999995,-1.290985107421875,0.27097320556640625,,
600.39999999999998,-1.290985107421875,0.27097320556640625,,
600.5,-1.2935409545898438,0.2633056640625,,
600.60000000000002,-1.2935409545898438,0.25563812255859375,,
600.70000000000005,-1.2884292602539062,0.24542236328125,,
600.79999999999995,-1.290985107421875,0.24542236328125,,
600.89999999999998,-1.2935409545898438,0.25052642822265625,,
601,-1.2884292602539062,0.2581939697265625,,
601.10000000000002,-1.2833175659179688,0.26074981689453125,,
601.20000000000005,-1.2884292602539062,0.2633056640625,,
601.29999999999995,-1.2858734130859375,0.26586151123046875,,
601.39999999999998,-1.2858734130859375,0.2633056640625,,
601.5,-1.2884292602539062,0.26074981689453125,,
601.60000000000002,-1.2858734130859375,0.2633056640625,,
601.70000000000005,-1.2884292602539062,0.2581939697265625,,
601.79999999999995,-1.2858734130859375,0.2633056640625,,
601.89999999999998,-1.2858734130859375,0.2684173583984375,,
602,-1.2884292602539062,0.27097320556640625,,
602.10000000000002,-1.2884292602539062,0.27352142333984375,,
602.20000000000005,-1.2986526489257812,0.2684173583984375,,
602.29999999999995,-1.2960968017578125,0.2633056640625,,
602.39999999999998,-1.2884292602539062,0.2633056640625,,
602.5,-1.2884292602539062,0.2684173583984375,,
602.60000000000002,-1.2858734130859375,0.2684173583984375,,
602.70000000000005,-1.2884292602539062,0.26586151123046875,,
602.79999999999995,-1.290985107421875,0.26586151123046875,,
602.89999999999998,-1.290985107421875,0.26586151123046875,,
603,-1.2935409545898438,0.26586151123046875,,
603.10000000000002,-1.2960968017578125,0.2684173583984375,,
603.20000000000005,-1.2935409545898438,0.26586151123046875,,
603.29999999999995,-1.290985107421875,0.2633056640625,,
603.39999999999998,-1.2884292602539062,0.27097320556640625,,
603.5,-1.290985107421875,0.27097320556640625,,
603.60000000000002,-1.2935409545898438,0.27097320556640625,,
603.70000000000005,-1.2858734130859375,0.27352142333984375,,
603.79999999999995,-1.2833175659179688,0.2760772705078125,,
603.89999999999998,-1.2884292602539062,0.2760772705078125,,
604,-1.290985107421875,0.27352142333984375,,
604.10000000000002,-1.2884292602539062,0.2760772705078125,,
604.20000000000005,-1.290985107421875,0.27863311767578125,,
604.29999999999995,-1.290985107421875,0.2760772705078125,,
604.39999999999998,-1.2935409545898438,0.2760772705078125,,
604.5,-1.2960968017578125,0.27863311767578125,,
604.60000000000002,-1.2858734130859375,0.28118896484375,,
604.70000000000005,-1.2884292602539062,0.28118896484375,,
604.79999999999995,-1.290985107421875,0.28118896484375,,
604.89999999999998,-1.2858734130859375,0.27863311767578125,,
605,-1.2884292602539062,0.27863311767578125,,
605.10000000000002,-1.290985107421875,0.2760772705078125,,
605.20000000000005,-1.2858734130859375,0.2760772705078125,,
605.29999999999995,-1.2858734130859375,0.28374481201171875,,
605.39999999999998,-1.290985107421875,0.28118896484375,,
605.5,-1.290985107421875,0.2760772705078125,,
605.60000000000002,-1.2960968017578125,0.2760772705078125,,
605.70000000000005,-1.2986526489257812,0.27863311767578125,,
605.79999999999995,-1.2935409545898438,0.2760772705078125,,
605.89999999999998,-1.2935409545898438,0.27352142333984375,,
606,-1.2935409545898438,0.27097320556640625,,
606.10000000000002,-1.290985107421875,0.27097320556640625,,
606.20000000000005,-1.290985107421875,0.27352142333984375,,
606.29999999999995,-1.2935409545898438,0.27352142333984375,,
606.39999999999998,-1.2935409545898438,0.2684173583984375,,
606.5,-1.290985107421875,0.27352142333984375,,
606.60000000000002,-1.2935409545898438,0.27352142333984375,,
606.70000000000005,-1.2935409545898438,0.27097320556640625,,
606.79999999999995,-1.2935409545898438,0.27352142333984375,,
606.89999999999998,-1.290985107421875,0.2760772705078125,,
607,-1.2935409545898438,0.27352142333984375,,
607.10000000000002,-1.2935409545898438,0.27097320556640625,,
607.20000000000005,-1.290985107421875,0.27097320556640625,,
607.29999999999995,-1.290985107421875,0.2684173583984375,,
607.39999999999998,-1.2935409545898438,0.26586151123046875,,
607.5,-1.2960968017578125,0.26586151123046875,,
607.60000000000002,-1.2935409545898438,0.27097320556640625,,
607.70000000000005,-1.2935409545898438,0.2684173583984375,,
607.79999999999995,-1.2960968017578125,0.2684173583984375,,
607.89999999999998,-1.290985107421875,0.27097320556640625,,
608,-1.2884292602539062,0.2760772705078125,,
608.10000000000002,-1.2884292602539062,0.2760772705078125,,
608.20000000000005,-1.2858734130859375,0.27352142333984375,,
608.29999999999995,-1.2858734130859375,0.27352142333984375,,
608.39999999999998,-1.2935409545898438,0.2760772705078125,,
608.5,-1.2935409545898438,0.2760772705078125,,
608.60000000000002,-1.2884292602539062,0.27352142333984375,,
608.70000000000005,-1.2858734130859375,0.2684173583984375,,
608.79999999999995,-1.28076171875,0.27352142333984375,,
608.89999999999998,-1.2858734130859375,0.2760772705078125,,
609,-1.290985107421875,0.2684173583984375,,
609.10000000000002,-1.2884292602539062,0.26586151123046875,,
609.20000000000005,-1.290985107421875,0.27097320556640625,,
609.29999999999995,-1.2935409545898438,0.27097320556640625,,
609.39999999999998,-1.2884292602539062,0.27097320556640625,,
609.5,-1.2884292602539062,0.2684173583984375,,
609.60000000000002,-1.2884292602539062,0.27097320556640625,,
609.70000000000005,-1.2884292602539062,0.27352142333984375,,
609.79999999999995,-1.2935409545898438,0.27352142333984375,,
609.89999999999998,-1.2935409545898438,0.2760772705078125,,
610,-1.2935409545898438,0.27097320556640625,0,0
610.10000000000002,-1.2884292602539062,0.2684173583984375,,
610.20000000000005,-1.2884292602539062,0.27097320556640625,,
610.29999999999995,-1.2858734130859375,0.27352142333984375,,
610.39999999999998,-1.2858734130859375,0.2684173583984375,,
610.5,-1.2884292602539062,0.2684173583984375,,
610.60000000000002,-1.2858734130859375,0.2684173583984375,,
610.70000000000005,-1.2884292602539062,0.2684173583984375,,
610.79999999999995,-1.2884292602539062,0.2684173583984375,,
610.89999999999998,-1.2858734130859375,0.26586151123046875,,
611,-1.28076171875,0.2684173583984375,,
611.10000000000002,-1.2833175659179688,0.2760772705078125,,
611.20000000000005,-1.2833175659179688,0.2760772705078125,,
611.29999999999995,-1.28076171875,0.27352142333984375,,
611.39999999999998,-1.2833175659179688,0.2760772705078125,,
611.5,-1.28076171875,0.27863311767578125,,
611.60000000000002,-1.2756576538085938,0.2760772705078125,,
611.70000000000005,-1.28076171875,0.27352142333984375,,
611.79999999999995,-1.2858734130859375,0.27352142333984375,,
611.89999999999998,-1.2884292602539062,0.27352142333984375,,
612,-1.2935409545898438,0.27352142333984375,,
612.10000000000002,-1.2884292602539062,0.2760772705078125,,
612.20000000000005,-1.28076171875,0.27863311767578125,,
612.29999999999995,-1.2782058715820312,0.27863311767578125,,
612.39999999999998,-1.2858734130859375,0.27352142333984375,,
612.5,-1.2858734130859375,0.27097320556640625,,
612.60000000000002,-1.2833175659179688,0.27352142333984375,,
612.70000000000005,-1.2884292602539062,0.27863311767578125,,
612.79999999999995,-1.2858734130859375,0.28118896484375,,
612.89999999999998,-1.2858734130859375,0.2760772705078125,,
613,-1.2884292602539062,0.2760772705078125,,
613.10000000000002,-1.2858734130859375,0.27352142333984375,,
613.20000000000005,-1.2756576538085938,0.2684173583984375,,
613.29999999999995,-1.2756576538085938,0.2684173583984375,,
613.39999999999998,-1.28076171875,0.27097320556640625,,
613.5,-1.28076171875,0.27097320556640625,,
613.60000000000002,-1.2833175659179688,0.27097320556640625,,
613.70000000000005,-1.2833175659179688,0.26586151123046875,,
613.79999999999995,-1.2833175659179688,0.2684173583984375,,
613.89999999999998,-1.2884292602539062,0.27352142333984375,,
614,-1.2833175659179688,0.2760772705078125,,
614.10000000000002,-1.28076171875,0.27352142333984375,,
614.20000000000005,-1.2884292602539062,0.27352142333984375,,
614.29999999999995,-1.2884292602539062,0.2760772705078125,,
614.39999999999998,-1.2833175659179688,0.27863311767578125,,
614.5,-1.2833175659179688,0.27352142333984375,,
614.60000000000002,-1.2884292602539062,0.2760772705078125,,
614.70000000000005,-1.2858734130859375,0.2760772705078125,,
614.79999999999995,-1.28076171875,0.27352142333984375,,
614.89999999999998,-1.2782058715820312,0.27352142333984375,,
615,-1.2833175659179688,0.2760772705078125,,
615.10000000000002,-1.2833175659179688,0.27352142333984375,,
615.20000000000005,-1.2782058715820312,0.2684173583984375,,
615.29999999999995,-1.28076171875,0.2684173583984375,,
615.39999999999998,-1.2833175659179688,0.27352142333984375,,
615.5,-1.2833175659179688,0.27352142333984375,,
615.60000000000002,-1.2833175659179688,0.27352142333984375,,
615.70000000000005,-1.2833175659179688,0.27863311767578125,,
615.79999999999995,-1.2858734130859375,0.27863311767578125,,
615.89999999999998,-1.2858734130859375,0.27097320556640625,,
616,-1.2782058715820312,0.27097320556640625,,
616.10000000000002,-1.28076171875,0.27352142333984375,,
616.20000000000005,-1.28076171875,0.2760772705078125,,
616.29999999999995,-1.2833175659179688,0.27863311767578125,,
616.39999999999998,-1.2833175659179688,0.27863311767578125,,
616.5,-1.2833175659179688,0.28118896484375,,
616.60000000000002,-1.2884292602539062,0.28118896484375,,
616.70000000000005,-1.2884292602539062,0.27863311767578125,,
616.79999999999995,-1.2858734130859375,0.2760772705078125,,
616.89999999999998,-1.28076171875,0.28118896484375,,
617,-1.2756576538085938,0.28374481201171875,,
617.10000000000002,-1.2833175659179688,0.27863311767578125,,
617.20000000000005,-1.2858734130859375,0.28118896484375,,
617.29999999999995,-1.28076171875,0.2863006591796875,,
617.39999999999998,-1.2833175659179688,0.27863311767578125,,
617.5,-1.28076171875,0.27863311767578125,,
617.60000000000002,-1.2782058715820312,0.2863006591796875,,
617.70000000000005,-1.2833175659179688,0.28374481201171875,,
617.79999999999995,-1.2884292602539062,0.28374481201171875,,
617.89999999999998,-1.2858734130859375,0.2863006591796875,,
618,-1.2833175659179688,0.28374481201171875,,
618.10000000000002,-1.2858734130859375,0.2863006591796875,,
618.20000000000005,-1.2833175659179688,0.28374481201171875,,
618.29999999999995,-1.2858734130859375,0.28374481201171875,,
618.39999999999998,-1.28076171875,0.28374481201171875,,
618.5,-1.2756576538085938,0.28118896484375,,
618.60000000000002,-1.28076171875,0.27863311767578125,,
618.70000000000005,-1.2858734130859375,0.28118896484375,,
618.79999999999995,-1.2833175659179688,0.2863006591796875,,
618.89999999999998,-1.2833175659179688,0.28885650634765625,,
619,-1.2782058715820312,0.2863006591796875,,
619.10000000000002,-1.273101806640625,0.2863006591796875,,
619.20000000000005,-1.2782058715820312,0.2863006591796875,,
619.29999999999995,-1.2858734130859375,0.28374481201171875,,
619.39999999999998,-1.2858734130859375,0.27863311767578125,,
619.5,-1.28076171875,0.27863311767578125,,
619.60000000000002,-1.28076171875,0.27863311767578125,,
619.70000000000005,-1.2858734130859375,0.27863311767578125,,
619.79999999999995,-1.2833175659179688,0.28374481201171875,,
619.89999999999998,-1.28076171875,0.28374481201171875,,
620,-1.2782058715820312,0.28374481201171875,0,0
620.10000000000002,-1.273101806640625,0.28118896484375,,
620.20000000000005,-1.2782058715820312,0.28118896484375,,
620.29999999999995,-1.2833175659179688,0.28118896484375,,
620.39999999999998,-1.2833175659179688,0.28118896484375,,
620.5,-1.28076171875,0.28118896484375,,
620.60000000000002,-1.28076171875,0.28118896484375,,
620.70000000000005,-1.2858734130859375,0.28118896484375,,
620.79999999999995,-1.2833175659179688,0.28118896484375,,
620.89999999999998,-1.28076171875,0.28374481201171875,,
621,-1.2833175659179688,0.2863006591796875,,
621.10000000000002,-1.2833175659179688,0.2863006591796875,,
621.20000000000005,-1.2833175659179688,0.28118896484375,,
621.29999999999995,-1.28076171875,0.27863311767578125,,
621.39999999999998,-1.28076171875,0.27863311767578125,,
621.5,-1.28076171875,0.28118896484375,,
621.60000000000002,-1.2833175659179688,0.28374481201171875,,
621.70000000000005,-1.2833175659179688,0.28374481201171875,,
621.79999999999995,-1.2884292602539062,0.28374481201171875,,
621.89999999999998,-1.2884292602539062,0.28118896484375,,
622,-1.2833175659179688,0.2863006591796875,,
622.10000000000002,-1.28076171875,0.2863006591796875,,
622.20000000000005,-1.2833175659179688,0.2863006591796875,,
622.29999999999995,-1.2833175659179688,0.28885650634765625,,
622.39999999999998,-1.2756576538085938,0.28374481201171875,,
622.5,-1.2756576538085938,0.28118896484375,,
622.60000000000002,-1.28076171875,0.28374481201171875,,
622.70000000000005,-1.28076171875,0.2863006591796875,,
622.79999999999995,-1.2782058715820312,0.2863006591796875,,
622.89999999999998,-1.2782058715820312,0.28374481201171875,,
623,-1.2782058715820312,0.28374481201171875,,
623.10000000000002,-1.2756576538085938,0.2863006591796875,,
623.20000000000005,-1.273101806640625,0.28118896484375,,
623.29999999999995,-1.2756576538085938,0.2760772705078125,,
623.39999999999998,-1.273101806640625,0.28118896484375,,
623.5,-1.2782058715820312,0.28374481201171875,,
623.60000000000002,-1.2782058715820312,0.28374481201171875,,
623.70000000000005,-1.2756576538085938,0.28374481201171875,,
623.79999999999995,-1.2782058715820312,0.28885650634765625,,
623.89999999999998,-1.2782058715820312,0.28885650634765625,,
624,-1.273101806640625,0.2863006591796875,,
624.10000000000002,-1.2756576538085938,0.28885650634765625,,
624.20000000000005,-1.273101806640625,0.291412353515625,,
624.29999999999995,-1.2705459594726562,0.2863006591796875,,
624.39999999999998,-1.2756576538085938,0.28374481201171875,,
624.5,-1.2756576538085938,0.28885650634765625,,
624.60000000000002,-1.2756576538085938,0.28885650634765625,,
624.70000000000005,-1.2756576538085938,0.28374481201171875,,
624.79999999999995,-1.2756576538085938,0.28118896484375,,
624.89999999999998,-1.2705459594726562,0.28118896484375,,
625,-1.2705459594726562,0.2863006591796875,,
625.10000000000002,-1.273101806640625,0.2863006591796875,,
625.20000000000005,-1.2705459594726562,0.28885650634765625,,
625.29999999999995,-1.2756576538085938,0.28885650634765625,,
625.39999999999998,-1.28076171875,0.28118896484375,,
625.5,-1.273101806640625,0.2863006591796875,,
625.60000000000002,-1.2654342651367188,0.28885650634765625,,
625.70000000000005,-1.2679901123046875,0.28374481201171875,,
625.79999999999995,-1.273101806640625,0.28374481201171875,,
625.89999999999998,-1.2756576538085938,0.2863006591796875,,
626,-1.2782058715820312,0.291412353515625,,
626.10000000000002,-1.28076171875,0.28885650634765625,,
626.20000000000005,-1.2782058715820312,0.2863006591796875,,
626.29999999999995,-1.2705459594726562,0.28118896484375,,
626.39999999999998,-1.2679901123046875,0.27863311767578125,,
626.5,-1.2705459594726562,0.28374481201171875,,
626.60000000000002,-1.2705459594726562,0.2863006591796875,,
626.70000000000005,-1.2679901123046875,0.2863006591796875,,
626.79999999999995,-1.273101806640625,0.2863006591796875,,
626.89999999999998,-1.273101806640625,0.28885650634765625,,
627,-1.2756576538085938,0.291412353515625,,
627.10000000000002,-1.2756576538085938,0.28885650634765625,,
627.20000000000005,-1.2654342651367188,0.2863006591796875,,
627.29999999999995,-1.2654342651367188,0.28118896484375,,
627.39999999999998,-1.2679901123046875,0.2863006591796875,,
627.5,-1.2705459594726562,0.28885650634765625,,
627.60000000000002,-1.273101806640625,0.2863006591796875,,
627.70000000000005,-1.2705459594726562,0.28374481201171875,,
627.79999999999995,-1.2679901123046875,0.28374481201171875,,
627.89999999999998,-1.2705459594726562,0.28885650634765625,,
628,-1.2756576538085938,0.2863006591796875,,
628.10000000000002,-1.2705459594726562,0.2863006591796875,,
628.20000000000005,-1.2705459594726562,0.28118896484375,,
628.29999999999995,-1.2756576538085938,0.2760772705078125,,
628.39999999999998,-1.273101806640625,0.28118896484375,,
628.5,-1.2679901123046875,0.28885650634765625,,
628.60000000000002,-1.2679901123046875,0.28374481201171875,,
628.70000000000005,-1.2679901123046875,0.28374481201171875,,
628.79999999999995,-1.2705459594726562,0.28885650634765625,,
628.89999999999998,-1.2705459594726562,0.28885650634765625,,
629,-1.2654342651367188,0.2863006591796875,,
629.10000000000002,-1.2679901123046875,0.28885650634765625,,
629.20000000000005,-1.273101806640625,0.291412353515625,,
629.29999999999995,-1.2679901123046875,0.28885650634765625,,
629.39999999999998,-1.2679901123046875,0.28374481201171875,,
629.5,-1.2679901123046875,0.2863006591796875,,
629.60000000000002,-1.2705459594726562,0.28885650634765625,,
629.70000000000005,-1.273101806640625,0.28885650634765625,,
629.79999999999995,-1.2705459594726562,0.291412353515625,,
629.89999999999998,-1.2679901123046875,0.291412353515625,,
630,-1.2679901123046875,0.291412353515625,0,0
630.10000000000002,-1.2654342651367188,0.291412353515625,,
630.20000000000005,-1.2705459594726562,0.291412353515625,,
630.29999999999995,-1.2705459594726562,0.29396820068359375,,
630.39999999999998,-1.26287841796875,0.28885650634765625,,
630.5,-1.2679901123046875,0.291412353515625,,
630.60000000000002,-1.2705459594726562,0.29396820068359375,,
630.70000000000005,-1.2705459594726562,0.28374481201171875,,
630.79999999999995,-1.2705459594726562,0.2863006591796875,,
630.89999999999998,-1.2705459594726562,0.28885650634765625,,
631,-1.2679901123046875,0.28885650634765625,,
631.10000000000002,-1.2679901123046875,0.29396820068359375,,
631.20000000000005,-1.2679901123046875,0.291412353515625,,
631.29999999999995,-1.2679901123046875,0.2863006591796875,,
631.39999999999998,-1.2654342651367188,0.28885650634765625,,
631.5,-1.26287841796875,0.28885650634765625,,
631.60000000000002,-1.2654342651367188,0.2863006591796875,,
631.70000000000005,-1.2654342651367188,0.2863006591796875,,
631.79999999999995,-1.2654342651367188,0.28885650634765625,,
631.89999999999998,-1.2654342651367188,0.29396820068359375,,
632,-1.26287841796875,0.29396820068359375,,
632.10000000000002,-1.26287841796875,0.291412353515625,,
632.20000000000005,-1.2654342651367188,0.291412353515625,,
632.29999999999995,-1.273101806640625,0.28885650634765625,,
632.39999999999998,-1.2756576538085938,0.2863006591796875,,
632.5,-1.2705459594726562,0.291412353515625,,
632.60000000000002,-1.2705459594726562,0.291412353515625,,
632.70000000000005,-1.2679901123046875,0.2863006591796875,,
632.79999999999995,-1.26287841796875,0.29396820068359375,,
632.89999999999998,-1.2654342651367188,0.299072265625,,
633,-1.2705459594726562,0.299072265625,,
633.10000000000002,-1.2705459594726562,0.29396820068359375,,
633.20000000000005,-1.2705459594726562,0.291412353515625,,
633.29999999999995,-1.2654342651367188,0.29396820068359375,,
633.39999999999998,-1.2654342651367188,0.291412353515625,,
633.5,-1.2603225708007812,0.28885650634765625,,
633.60000000000002,-1.2577667236328125,0.28885650634765625,,
633.70000000000005,-1.2654342651367188,0.2863006591796875,,
633.79999999999995,-1.2705459594726562,0.28885650634765625,,
633.89999999999998,-1.2654342651367188,0.2863006591796875,,
634,-1.2603225708007812,0.28374481201171875,,
634.10000000000002,-1.2603225708007812,0.28374481201171875,,
634.20000000000005,-1.26287841796875,0.28885650634765625,,
634.29999999999995,-1.2654342651367188,0.28885650634765625,,
634.39999999999998,-1.2679901123046875,0.291412353515625,,
634.5,-1.26287841796875,0.28885650634765625,,
634.60000000000002,-1.2603225708007812,0.291412353515625,,
634.70000000000005,-1.2654342651367188,0.291412353515625,,
634.79999999999995,-1.2654342651367188,0.28374481201171875,,
634.89999999999998,-1.26287841796875,0.27863311767578125,,
635,-1.26287841796875,0.28118896484375,,
635.10000000000002,-1.2603225708007812,0.28374481201171875,,
635.20000000000005,-1.2552108764648438,0.28374481201171875,,
635.29999999999995,-1.2603225708007812,0.291412353515625,,
635.39999999999998,-1.2654342651367188,0.28885650634765625,,
635.5,-1.26287841796875,0.28885650634765625,,
635.60000000000002,-1.2654342651367188,0.29396820068359375,,
635.70000000000005,-1.2705459594726562,0.29651641845703125,,
635.79999999999995,-1.2705459594726562,0.29396820068359375,,
635.89999999999998,-1.26287841796875,0.291412353515625,,
636,-1.2603225708007812,0.29651641845703125,,
636.10000000000002,-1.2577667236328125,0.29651641845703125,,
636.20000000000005,-1.2577667236328125,0.29396820068359375,,
636.29999999999995,-1.2552108764648438,0.29396820068359375,,
636.39999999999998,-1.2552108764648438,0.29651641845703125,,
636.5,-1.2603225708007812,0.29651641845703125,,
636.60000000000002,-1.2603225708007812,0.29396820068359375,,
636.70000000000005,-1.2603225708007812,0.291412353515625,,
636.79999999999995,-1.2603225708007812,0.29396820068359375,,
636.89999999999998,-1.2603225708007812,0.29396820068359375,,
637,-1.2603225708007812,0.28885650634765625,,
637.10000000000002,-1.2654342651367188,0.291412353515625,,
637.20000000000005,-1.26287841796875,0.291412353515625,,
637.29999999999995,-1.26287841796875,0.2863006591796875,,
637.39999999999998,-1.2654342651367188,0.29396820068359375,,
637.5,-1.26287841796875,0.299072265625,,
637.60000000000002,-1.2654342651367188,0.29396820068359375,,
637.70000000000005,-1.2603225708007812,0.291412353515625,,
637.79999999999995,-1.2603225708007812,0.29396820068359375,,
637.89999999999998,-1.2654342651367188,0.29651641845703125,,
638,-1.2679901123046875,0.2863006591796875,,
638.10000000000002,-1.26287841796875,0.26586151123046875,,
638.20000000000005,-1.2577667236328125,0.253082275390625,,
638.29999999999995,-1.26287841796875,0.25052642822265625,,
638.39999999999998,-1.2679901123046875,0.24797821044921875,,
638.5,-1.2654342651367188,0.253082275390625,,
638.60000000000002,-1.2679901123046875,0.253082275390625,,
638.70000000000005,-1.2705459594726562,0.253082275390625,,
638.79999999999995,-1.2705459594726562,0.253082275390625,,
638.89999999999998,-1.2654342651367188,0.253082275390625,,
639,-1.26287841796875,0.2581939697265625,,
639.10000000000002,-1.2679901123046875,0.2581939697265625,,
639.20000000000005,-1.2654342651367188,0.26074981689453125,,
639.29999999999995,-1.26287841796875,0.26586151123046875,,
639.39999999999998,-1.2577667236328125,0.2684173583984375,,
639.5,-1.2552108764648438,0.2684173583984375,,
639.60000000000002,-1.2603225708007812,0.253082275390625,,
639.70000000000005,-1.2603225708007812,0.24286651611328125,,
639.79999999999995,-1.2679901123046875,0.25052642822265625,,
639.89999999999998,-1.2679901123046875,0.253082275390625,,
640,-1.2603225708007812,0.253082275390625,0,0
640.10000000000002,-1.2577667236328125,0.24542236328125,,
640.20000000000005,-1.2577667236328125,0.24286651611328125,,
640.29999999999995,-1.2577667236328125,0.25052642822265625,,
640.39999999999998,-1.2577667236328125,0.24542236328125,,
640.5,-1.2552108764648438,0.2403106689453125,,
640.60000000000002,-1.2603225708007812,0.2403106689453125,,
640.70000000000005,-1.2654342651367188,0.24797821044921875,,
640.79999999999995,-1.2603225708007812,0.25052642822265625,,
640.89999999999998,-1.2603225708007812,0.25052642822265625,,
641,-1.26287841796875,0.253082275390625,,
641.10000000000002,-1.2654342651367188,0.25052642822265625,,
641.20000000000005,-1.2603225708007812,0.25563812255859375,,
641.29999999999995,-1.2577667236328125,0.25052642822265625,,
641.39999999999998,-1.2577667236328125,0.24797821044921875,,
641.5,-1.2552108764648438,0.24797821044921875,,
641.60000000000002,-1.2577667236328125,0.24797821044921875,,
641.70000000000005,-1.2603225708007812,0.25052642822265625,,
641.79999999999995,-1.26287841796875,0.25052642822265625,,
641.89999999999998,-1.26287841796875,0.24797821044921875,,
642,-1.2654342651367188,0.25052642822265625,,
642.10000000000002,-1.26287841796875,0.24797821044921875,,
642.20000000000005,-1.2577667236328125,0.24797821044921875,,
642.29999999999995,-1.2603225708007812,0.25052642822265625,,
642.39999999999998,-1.2603225708007812,0.24797821044921875,,
642.5,-1.2603225708007812,0.24797821044921875,,
642.60000000000002,-1.2526626586914062,0.25052642822265625,,
642.70000000000005,-1.2526626586914062,0.25052642822265625,,
642.79999999999995,-1.2552108764648438,0.253082275390625,,
642.89999999999998,-1.2526626586914062,0.253082275390625,,
643,-1.2577667236328125,0.24797821044921875,,
643.10000000000002,-1.2654342651367188,0.24797821044921875,,
643.20000000000005,-1.26287841796875,0.25563812255859375,,
643.29999999999995,-1.26287841796875,0.2633056640625,,
643.39999999999998,-1.2603225708007812,0.26586151123046875,,
643.5,-1.2577667236328125,0.26586151123046875,,
643.60000000000002,-1.2552108764648438,0.2633056640625,,
643.70000000000005,-1.2526626586914062,0.25563812255859375,,
643.79999999999995,-1.2552108764648438,0.253082275390625,,
643.89999999999998,-1.2552108764648438,0.26074981689453125,,
644,-1.2552108764648438,0.2581939697265625,,
644.10000000000002,-1.2577667236328125,0.25563812255859375,,
644.20000000000005,-1.2577667236328125,0.2581939697265625,,
644.29999999999995,-1.2577667236328125,0.2581939697265625,,
644.39999999999998,-1.2552108764648438,0.253082275390625,,
644.5,-1.2501068115234375,0.253082275390625,,
644.60000000000002,-1.2552108764648438,0.2581939697265625,,
644.70000000000005,-1.2577667236328125,0.26074981689453125,,
644.79999999999995,-1.2552108764648438,0.253082275390625,,
644.89999999999998,-1.2526626586914062,0.253082275390625,,
645,-1.2526626586914062,0.2581939697265625,,
645.10000000000002,-1.2552108764648438,0.26074981689453125,,
645.20000000000005,-1.2552108764648438,0.2581939697265625,,
645.29999999999995,-1.2577667236328125,0.25563812255859375,,
645.39999999999998,-1.26287841796875,0.253082275390625,,
645.5,-1.26287841796875,0.25563812255859375,,
645.60000000000002,-1.2654342651367188,0.26074981689453125,,
645.70000000000005,-1.2603225708007812,0.26586151123046875,,
645.79999999999995,-1.2552108764648438,0.2684173583984375,,
645.89999999999998,-1.2577667236328125,0.2684173583984375,,
646,-1.2603225708007812,0.26586151123046875,,
646.10000000000002,-1.2577667236328125,0.26586151123046875,,
646.20000000000005,-1.2552108764648438,0.2684173583984375,,
646.29999999999995,-1.2577667236328125,0.27097320556640625,,
646.39999999999998,-1.2603225708007812,0.26586151123046875,,
646.5,-1.2577667236328125,0.26074981689453125,,
646.60000000000002,-1.2552108764648438,0.26074981689453125,,
646.70000000000005,-1.2526626586914062,0.26074981689453125,,
646.79999999999995,-1.2501068115234375,0.26074981689453125,,
646.89999999999998,-1.2526626586914062,0.2633056640625,,
647,-1.2577667236328125,0.2684173583984375,,
647.10000000000002,-1.2552108764648438,0.26586151123046875,,
647.20000000000005,-1.2526626586914062,0.26074981689453125,,
647.29999999999995,-1.2577667236328125,0.2581939697265625,,
647.39999999999998,-1.2577667236328125,0.26074981689453125,,
647.5,-1.2526626586914062,0.26586151123046875,,
647.60000000000002,-1.2552108764648438,0.2684173583984375,,
647.70000000000005,-1.2577667236328125,0.2684173583984375,,
647.79999999999995,-1.2552108764648438,0.27352142333984375,,
647.89999999999998,-1.2552108764648438,0.27352142333984375,,
648,-1.2552108764648438,0.27097320556640625,,
648.10000000000002,-1.2552108764648438,0.2684173583984375,,
648.20000000000005,-1.2552108764648438,0.26586151123046875,,
648.29999999999995,-1.2552108764648438,0.26586151123046875,,
648.39999999999998,-1.2552108764648438,0.2633056640625,,
648.5,-1.2577667236328125,0.2633056640625,,
648.60000000000002,-1.2603225708007812,0.2633056640625,,
648.70000000000005,-1.2577667236328125,0.2633056640625,,
648.79999999999995,-1.2526626586914062,0.26074981689453125,,
648.89999999999998,-1.2526626586914062,0.2633056640625,,
649,-1.2526626586914062,0.26586151123046875,,
649.10000000000002,-1.2526626586914062,0.2684173583984375,,
649.20000000000005,-1.2552108764648438,0.2684173583984375,,
649.29999999999995,-1.2552108764648438,0.26586151123046875,,
649.39999999999998,-1.2501068115234375,0.26074981689453125,,
649.5,-1.2475509643554688,0.2581939697265625,,
649.60000000000002,-1.2526626586914062,0.26074981689453125,,
649.70000000000005,-1.2552108764648438,0.26586151123046875,,
649.79999999999995,-1.2577667236328125,0.26586151123046875,,
649.89999999999998,-1.2552108764648438,0.27352142333984375,,
650,-1.2526626586914062,0.2760772705078125,0,0
650.10000000000002,-1.2526626586914062,0.27097320556640625,,
650.20000000000005,-1.2501068115234375,0.27097320556640625,,
650.29999999999995,-1.2552108764648438,0.27097320556640625,,
650.39999999999998,-1.26287841796875,0.2684173583984375,,
650.5,-1.2577667236328125,0.26586151123046875,,
650.60000000000002,-1.2526626586914062,0.2684173583984375,,
650.70000000000005,-1.2526626586914062,0.27097320556640625,,
650.79999999999995,-1.2577667236328125,0.27352142333984375,,
650.89999999999998,-1.2603225708007812,0.2684173583984375,,
651,-1.2552108764648438,0.2633056640625,,
651.10000000000002,-1.2501068115234375,0.26586151123046875,,
651.20000000000005,-1.2475509643554688,0.2684173583984375,,
651.29999999999995,-1.2449951171875,0.26586151123046875,,
651.39999999999998,-1.2475509643554688,0.27097320556640625,,
651.5,-1.2449951171875,0.27352142333984375,,
651.60000000000002,-1.2424392700195312,0.27097320556640625,,
651.70000000000005,-1.2475509643554688,0.2760772705078125,,
651.79999999999995,-1.2501068115234375,0.2760772705078125,,
651.89999999999998,-1.2552108764648438,0.2760772705078125,,
652,-1.2526626586914062,0.27352142333984375,,
652.10000000000002,-1.2424392700195312,0.27097320556640625,,
652.20000000000005,-1.2449951171875,0.27097320556640625,,
652.29999999999995,-1.2449951171875,0.26586151123046875,,
652.39999999999998,-1.2424392700195312,0.26586151123046875,,
652.5,-1.2475509643554688,0.2684173583984375,,
652.60000000000002,-1.2475509643554688,0.27352142333984375,,
652.70000000000005,-1.2475509643554688,0.27352142333984375,,
652.79999999999995,-1.2501068115234375,0.2760772705078125,,
652.89999999999998,-1.2526626586914062,0.28118896484375,,
653,-1.2501068115234375,0.28118896484375,,
653.10000000000002,-1.2501068115234375,0.28374481201171875,,
653.20000000000005,-1.2526626586914062,0.2760772705078125,,
653.29999999999995,-1.2501068115234375,0.27352142333984375,,
653.39999999999998,-1.2424392700195312,0.27352142333984375,,
653.5,-1.2424392700195312,0.27097320556640625,,
653.60000000000002,-1.2501068115234375,0.27097320556640625,,
653.70000000000005,-1.2501068115234375,0.2684173583984375,,
653.79999999999995,-1.2449951171875,0.26586151123046875,,
653.89999999999998,-1.2424392700195312,0.2684173583984375,,
654,-1.2373275756835938,0.27352142333984375,,
654.10000000000002,-1.2424392700195312,0.27352142333984375,,
654.20000000000005,-1.2475509643554688,0.2760772705078125,,
654.29999999999995,-1.2526626586914062,0.2760772705078125,,
654.39999999999998,-1.2526626586914062,0.27352142333984375,,
654.5,-1.2424392700195312,0.2760772705078125,,
654.60000000000002,-1.2424392700195312,0.27352142333984375,,
654.70000000000005,-1.2475509643554688,0.2684173583984375,,
654.79999999999995,-1.2501068115234375,0.2684173583984375,,
654.89999999999998,-1.2449951171875,0.27097320556640625,,
655,-1.2449951171875,0.27352142333984375,,
655.10000000000002,-1.2424392700195312,0.27352142333984375,,
655.20000000000005,-1.2373275756835938,0.2760772705078125,,
655.29999999999995,-1.2398834228515625,0.27863311767578125,,
655.39999999999998,-1.2424392700195312,0.28374481201171875,,
655.5,-1.2449951171875,0.27863311767578125,,
655.60000000000002,-1.2449951171875,0.28118896484375,,
655.70000000000005,-1.2449951171875,0.28118896484375,,
655.79999999999995,-1.2449951171875,0.28118896484375,,
655.89999999999998,-1.2449951171875,0.28118896484375,,
656,-1.2501068115234375,0.27863311767578125,,
656.10000000000002,-1.2424392700195312,0.2760772705078125,,
656.20000000000005,-1.2398834228515625,0.27352142333984375,,
656.29999999999995,-1.2449951171875,0.27863311767578125,,
656.39999999999998,-1.2449951171875,0.27863311767578125,,
656.5,-1.2449951171875,0.2760772705078125,,
656.60000000000002,-1.2449951171875,0.2760772705078125,,
656.70000000000005,-1.2398834228515625,0.27863311767578125,,
656.79999999999995,-1.2424392700195312,0.27863311767578125,,
656.89999999999998,-1.2424392700195312,0.27863311767578125,,
657,-1.2424392700195312,0.2760772705078125,,
657.10000000000002,-1.2424392700195312,0.2760772705078125,,
657.20000000000005,-1.2398834228515625,0.2760772705078125,,
657.29999999999995,-1.2398834228515625,0.27863311767578125,,
657.39999999999998,-1.234771728515625,0.28118896484375,,
657.5,-1.2398834228515625,0.27863311767578125,,
657.60000000000002,-1.2449951171875,0.28118896484375,,
657.70000000000005,-1.2424392700195312,0.28118896484375,,
657.79999999999995,-1.2424392700195312,0.27863311767578125,,
657.89999999999998,-1.2449951171875,0.2760772705078125,,
658,-1.2475509643554688,0.27863311767578125,,
658.10000000000002,-1.2475509643554688,0.28118896484375,,
658.20000000000005,-1.2501068115234375,0.2863006591796875,,
658.29999999999995,-1.2526626586914062,0.28374481201171875,,
658.39999999999998,-1.2526626586914062,0.27863311767578125,,
658.5,-1.2526626586914062,0.28118896484375,,
658.60000000000002,-1.2475509643554688,0.27352142333984375,,
658.70000000000005,-1.2424392700195312,0.25563812255859375,,
658.79999999999995,-1.2398834228515625,0.25563812255859375,,
658.89999999999998,-1.2424392700195312,0.2581939697265625,,
659,-1.2398834228515625,0.2581939697265625,,
659.10000000000002,-1.2398834228515625,0.2581939697265625,,
659.20000000000005,-1.2449951171875,0.2581939697265625,,
659.29999999999995,-1.2424392700195312,0.2581939697265625,,
659.39999999999998,-1.2424392700195312,0.25563812255859375,,
659.5,-1.2449951171875,0.253082275390625,,
659.60000000000002,-1.2475509643554688,0.25563812255859375,,
659.70000000000005,-1.2449951171875,0.2581939697265625,,
659.79999999999995,-1.2424392700195312,0.25563812255859375,,
659.89999999999998,-1.2424392700195312,0.2633056640625,,
660,-1.2424392700195312,0.26586151123046875,0,0
660.10000000000002,-1.2398834228515625,0.2633056640625,,
660.20000000000005,-1.2424392700195312,0.26586151123046875,,
660.29999999999995,-1.2449951171875,0.2684173583984375,,
660.39999999999998,-1.2398834228515625,0.26586151123046875,,
660.5,-1.2373275756835938,0.26074981689453125,,
660.60000000000002,-1.2424392700195312,0.26074981689453125,,
660.70000000000005,-1.2424392700195312,0.2633056640625,,
660.79999999999995,-1.234771728515625,0.2633056640625,,
660.89999999999998,-1.234771728515625,0.2633056640625,,
661,-1.2449951171875,0.2633056640625,,
661.10000000000002,-1.2424392700195312,0.2684173583984375,,
661.20000000000005,-1.2398834228515625,0.2684173583984375,,
661.29999999999995,-1.2424392700195312,0.27097320556640625,,
661.39999999999998,-1.2424392700195312,0.27097320556640625,,
661.5,-1.2398834228515625,0.27097320556640625,,
661.60000000000002,-1.2398834228515625,0.27097320556640625,,
661.70000000000005,-1.2373275756835938,0.27097320556640625,,
661.79999999999995,-1.2398834228515625,0.2760772705078125,,
661.89999999999998,-1.2398834228515625,0.27863311767578125,,
662,-1.2373275756835938,0.2760772705078125,,
662.10000000000002,-1.2424392700195312,0.27352142333984375,,
662.20000000000005,-1.2424392700195312,0.2760772705078125,,
662.29999999999995,-1.2322158813476562,0.27863311767578125,,
662.39999999999998,-1.2373275756835938,0.27352142333984375,,
662.5,-1.2398834228515625,0.27097320556640625,,
662.60000000000002,-1.234771728515625,0.27097320556640625,,
662.70000000000005,-1.234771728515625,0.27352142333984375,,
662.79999999999995,-1.2373275756835938,0.2760772705078125,,
662.89999999999998,-1.2424392700195312,0.28118896484375,,
663,-1.2449951171875,0.28118896484375,,
663.10000000000002,-1.2373275756835938,0.28374481201171875,,
663.20000000000005,-1.2373275756835938,0.2863006591796875,,
663.29999999999995,-1.2424392700195312,0.27863311767578125,,
663.39999999999998,-1.2424392700195312,0.27352142333984375,,
663.5,-1.2424392700195312,0.2684173583984375,,
663.60000000000002,-1.2424392700195312,0.2684173583984375,,
663.70000000000005,-1.234771728515625,0.27097320556640625,,
663.79999999999995,-1.2296676635742188,0.27352142333984375,,
663.89999999999998,-1.2398834228515625,0.2760772705078125,,
664,-1.2449951171875,0.27352142333984375,,
664.10000000000002,-1.2373275756835938,0.27352142333984375,,
664.20000000000005,-1.2373275756835938,0.27097320556640625,,
