Datensatz 1:Zeit(s),Datensatz 1:Force 1(N),Datensatz 1:Respiration Rate 1(bpm),Datensatz 1:Force 2(N),Datensatz 1:Respiration Rate 2(bpm),Datensatz 2:Zeit(s),Datensatz 2:Force 1(N),Datensatz 2:Respiration Rate 1(bpm),Datensatz 2:Force 2(N),Datensatz 2:Respiration Rate 2(bpm),Datensatz 3:Zeit(s),Datensatz 3:Force 1(N),Datensatz 3:Respiration Rate 1(bpm),Datensatz 3:Force 2(N),Datensatz 3:Respiration Rate 2(bpm),Datensatz 4:Zeit(s),Datensatz 4:Force 1(N),Datensatz 4:Respiration Rate 1(bpm),Datensatz 4:Force 2(N),Datensatz 4:Respiration Rate 2(bpm)
0,14.885566711425781,22.372880935668945,12.2965087890625,22.357723236083984,0,10.529296875,21.398002624511719,8.4716720581054688,21.413276672363281,0,12.808357238769531,20.761245727539062,10.101760864257812,20.775623321533203,0,14.361793518066406,0,10.909141540527344,14.457831382751465
0.10000000000000001,13.973434448242188,,11.742073059082031,,0.10000000000000001,11.589622497558594,,9.1155319213867188,,0.10000000000000001,11.479751586914062,,9.3863601684570312,,0.10000000000000001,12.698486328125,,9.9356842041015625,
0.20000000000000001,12.703598022460938,,10.911697387695312,,0.20000000000000001,13.099624633789062,,9.9714584350585938,,0.20000000000000001,10.10516357421875,,8.6735153198242188,,0.20000000000000001,10.772018432617188,,8.7092819213867188,
0.29999999999999999,12.062294006347656,,10.408363342285156,,0.29999999999999999,14.027091979980469,,10.393028259277344,,0.29999999999999999,9.9135360717773438,,8.5764236450195312,,0.29999999999999999,10.401542663574219,,8.3541412353515625,
0.40000000000000002,11.510414123535156,,9.9637908935546875,,0.40000000000000002,14.972442626953125,,10.80438232421875,,0.40000000000000002,9.7449111938476562,,8.4716720581054688,,0.40000000000000002,10.25335693359375,,8.1957321166992188,
0.5,10.978973388671875,,9.5422134399414062,,0.5,15.915233612060547,,11.202964782714844,,0.5,9.6503753662109375,,8.4333419799804688,,0.5,10.128158569335938,,8.0986404418945312,
0.59999999999999998,10.465415954589844,,9.194732666015625,,0.59999999999999998,16.814594268798828,,11.583663940429688,,0.59999999999999998,9.5456161499023438,,8.3541412353515625,,0.59999999999999998,9.801116943359375,,7.9785537719726562,
0.69999999999999996,10.061729431152344,,8.9366836547851562,,0.69999999999999996,17.662853240966797,,11.938804626464844,,0.69999999999999996,9.8087844848632812,,8.3873519897460938,,0.69999999999999996,9.4459762573242188,,7.797149658203125,
0.80000000000000004,9.765350341796875,,8.7399444580078125,,0.80000000000000004,18.480453491210938,,12.281173706054688,,0.80000000000000004,10.62127685546875,,8.6505203247070312,,0.80000000000000004,9.5609512329101562,,7.7537155151367188,
0.90000000000000002,9.3999862670898438,,8.6198577880859375,,0.90000000000000002,19.052772521972656,,12.577552795410156,,0.90000000000000002,11.456756591796875,,9.0874252319335938,,0.90000000000000002,10.383659362792969,,8.0654220581054688,
1,8.8506622314453125,,8.4818878173828125,,,,,,,1,12.197708129882812,,9.600982666015625,,1,11.587066650390625,,8.7425003051757812,
1.1000000000000001,8.3192214965820312,,8.2877120971679688,,,,,,,1.1000000000000001,13.155838012695312,,10.137527465820312,,1.1000000000000001,12.759811401367188,,9.5371017456054688,
1.2,8.1071548461914062,,8.1880645751953125,,,,,,,1.2,14.251930236816406,,10.686859130859375,,1.2,13.993873596191406,,10.203964233398438,
1.3,8.1020431518554688,,8.182952880859375,,,,,,,1.3,15.325027465820312,,11.220848083496094,,1.3,15.445114135742188,,10.796722412109375,
1.3999999999999999,8.1480331420898438,,8.2008438110351562,,,,,,,1.3999999999999999,16.255050659179688,,11.793167114257812,,1.3999999999999999,16.868247985839844,,11.381813049316406,
1.5,8.5082931518554688,,8.2953720092773438,,,,,,,1.5,17.192733764648438,,12.309280395507812,,1.5,18.145748138427734,,11.851936340332031,
1.6000000000000001,9.1342620849609375,,8.7143936157226562,,,,,,,1.6000000000000001,18.194293975830078,,12.684867858886719,,1.6000000000000001,19.461574554443359,,12.309280395507812,
1.7,9.8522186279296875,,9.4732284545898438,,,,,,,1.7,19.006782531738281,,12.927589416503906,,1.7,20.787620544433594,,12.858604431152344,
1.8,10.91510009765625,,10.3087158203125,,,,,,,1.8,19.264839172363281,,12.930145263671875,,1.8,21.955253601074219,,13.390045166015625,
1.8999999999999999,12.305015563964844,,11.144203186035156,,,,,,,1.8999999999999999,18.618423461914062,,12.707862854003906,,1.8999999999999999,22.729419708251953,,13.742637634277344,
2,13.812469482421875,,11.867263793945312,,,,,,,2,17.535102844238281,,12.526458740234375,,2,22.711532592773438,,13.686424255371094,
2.1000000000000001,15.4962158203125,,12.564781188964844,,,,,,,2.1000000000000001,16.592308044433594,,12.357826232910156,,2.1000000000000001,21.870937347412109,,13.259742736816406,
2.2000000000000002,17.302600860595703,,13.356826782226562,,,,,,,2.2000000000000002,15.608634948730469,,11.974578857421875,,2.2000000000000002,20.624099731445312,,12.741073608398438,
2.2999999999999998,18.907138824462891,,14.11566162109375,,,,,,,2.2999999999999998,14.5380859375,,11.491683959960938,,2.2999999999999998,19.08343505859375,,12.196861267089844,
2.3999999999999999,20.143760681152344,,14.74163818359375,,,,,,,2.3999999999999999,13.595291137695312,,10.985794067382812,,2.3999999999999999,17.463565826416016,,11.588768005371094,
2.5,20.769733428955078,,15.043128967285156,,,,,,,2.5,12.872230529785156,,10.530998229980469,,2.5,16.239719390869141,,11.108428955078125,
2.6000000000000001,20.373710632324219,,14.813179016113281,,,,,,,2.6000000000000001,12.299911499023438,,10.14263916015625,,2.6000000000000001,15.40423583984375,,10.814605712890625,
2.7000000000000002,19.170303344726562,,14.22808837890625,,,,,,,2.7000000000000002,11.840011596679688,,9.7798309326171875,,2.7000000000000002,14.696502685546875,,10.553993225097656,
2.7999999999999998,17.767608642578125,,13.6199951171875,,,,,,,2.7999999999999998,11.362220764160156,,9.4885635375976562,,2.7999999999999998,14.004096984863281,,10.239730834960938,
2.8999999999999999,16.226943969726562,,13.045120239257812,,,,,,,2.8999999999999999,10.723472595214844,,9.1564102172851562,,2.8999999999999999,13.30657958984375,,9.8871383666992188,
3,14.492095947265625,,12.401260375976562,,,,,,,3,10.153709411621094,,8.8421478271484375,,3,12.734260559082031,,9.6495285034179688,
3.1000000000000001,12.905441284179688,,11.734405517578125,,,,,,,3.1000000000000001,9.8241119384765625,,8.6326370239257812,,3.1000000000000001,12.264137268066406,,9.48089599609375,
3.2000000000000002,11.691818237304688,,11.128868103027344,,,,,,,3.2000000000000002,9.6324920654296875,,8.4742279052734375,,3.2000000000000002,11.607505798339844,,9.2764968872070312,
3.2999999999999998,10.795013427734375,,10.569328308105469,,,,,,,3.2999999999999998,9.5149612426757812,,8.3899078369140625,,3.2999999999999998,10.62127685546875,,9.1538543701171875,
3.3999999999999999,10.128158569335938,,10.073654174804688,,,,,,,3.3999999999999999,9.4842987060546875,,8.3439178466796875,,3.3999999999999999,9.70147705078125,,9.0005569458007812,
3.5,9.6197128295898438,,9.6750717163085938,,,,,,,3.5,9.5277328491210938,,8.3388137817382812,,3.5,9.1725921630859375,,8.497222900390625,
3.6000000000000001,9.2824554443359375,,9.3863601684570312,,,,,,,3.6000000000000001,9.9390869140625,,8.4818878173828125,,3.6000000000000001,8.909423828125,,7.9555587768554688,
3.7000000000000002,9.121490478515625,,9.2381668090820312,,,,,,,3.7000000000000002,10.881881713867188,,8.9826736450195312,,3.7000000000000002,8.8404388427734375,,7.8175888061523438,
3.7999999999999998,9.0141830444335938,,9.2662734985351562,,,,,,,3.7999999999999998,12.384223937988281,,9.8896942138671875,,3.7999999999999998,8.8251113891601562,,7.8508071899414062,
3.8999999999999999,8.8762130737304688,,9.3046035766601562,,,,,,,3.8999999999999999,14.101181030273438,,10.753288269042969,,3.8999999999999999,8.7484588623046875,,7.7715988159179688,
4,8.63348388671875,,9.1334152221679688,,,,,,,4,15.654624938964844,,11.39459228515625,,4,8.6641464233398438,,7.6183013916015625,
4.0999999999999996,8.4418563842773438,,8.8881378173828125,,,,,,,4.0999999999999996,17.228504180908203,,12.035896301269531,,4.0999999999999996,8.9477462768554688,,7.6668472290039062,
4.2000000000000002,8.4265289306640625,,8.7578277587890625,,,,,,,4.2000000000000002,18.672077178955078,,12.574996948242188,,4.2000000000000002,9.66314697265625,,7.8967971801757812,
4.2999999999999998,8.6564788818359375,,8.7782669067382812,,,,,,,4.2999999999999998,19.936805725097656,,13.052787780761719,,4.2999999999999998,10.467971801757812,,8.2774887084960938,
4.4000000000000004,9.4408645629882812,,9.0158843994140625,,,,,,,4.4000000000000004,20.846382141113281,,13.512687683105469,,4.4000000000000004,11.469535827636719,,8.9034652709960938,
4.5,10.496078491210938,,9.5345535278320312,,,,,,,4.5,21.170867919921875,,13.760520935058594,,4.5,12.744476318359375,,9.636749267578125,
4.5999999999999996,11.633056640625,,10.316383361816406,,,,,,,4.5999999999999996,20.877044677734375,,13.734970092773438,,4.5999999999999996,14.124176025390625,,10.295944213867188,
4.7000000000000002,13.074073791503906,,11.169754028320312,,,,,,,4.7000000000000002,19.865264892578125,,13.525459289550781,,4.7000000000000002,15.468109130859375,,10.840156555175781,
4.7999999999999998,14.688835144042969,,11.96435546875,,,,,,,4.7999999999999998,18.506004333496094,,13.231636047363281,,4.7999999999999998,16.704727172851562,,11.369041442871094,
4.9000000000000004,16.285709381103516,,12.75640869140625,,,,,,,4.9000000000000004,16.965339660644531,,12.661872863769531,,4.9000000000000004,17.767608642578125,,11.874931335449219,
5,17.862144470214844,,13.494796752929688,,,,,,,5,15.25604248046875,,11.83660888671875,,5,18.613315582275391,,12.299057006835938,
5.0999999999999996,19.459018707275391,,14.330284118652344,,,,,,,5.0999999999999996,13.835464477539062,,11.082878112792969,,5.0999999999999996,18.577545166015625,,12.352714538574219,
5.2000000000000002,21.275623321533203,,15.520912170410156,,,,,,,5.2000000000000002,12.688270568847656,,10.533554077148438,,5.2000000000000002,17.581092834472656,,11.956687927246094,
5.2999999999999998,23.409049987792969,,16.923606872558594,,,,,,,5.2999999999999998,11.553848266601562,,10.196296691894531,,5.2999999999999998,16.472225189208984,,11.461021423339844,
5.4000000000000004,25.785198211669922,,18.139789581298828,,,,,,,5.4000000000000004,10.567619323730469,,9.820709228515625,,5.4000000000000004,15.422119140625,,11.0087890625,
5.5,28.283988952636719,,19.080028533935547,,,,,,,5.5,9.7781219482421875,,9.3122634887695312,,5.5,14.412895202636719,,10.592323303222656,
5.5999999999999996,30.509391784667969,,19.935955047607422,,,,,,,5.5999999999999996,9.157257080078125,,8.9392318725585938,,5.5999999999999996,13.585075378417969,,10.211624145507812,
5.7000000000000002,32.392429351806641,,20.771438598632812,,,,,,,5.7000000000000002,8.7867813110351562,,8.7706069946289062,,5.7000000000000002,13.2503662109375,,9.9484634399414062,
5.7999999999999998,33.848777770996094,,21.443405151367188,,,,,,,5.7999999999999998,8.5440597534179688,,8.773162841796875,,5.7999999999999998,13.153282165527344,,9.784942626953125,
5.9000000000000004,34.019962310791016,,21.40252685546875,,,,,,,5.9000000000000004,8.403533935546875,,8.7782669067382812,,5.9000000000000004,12.744476318359375,,9.4962234497070312,
6,31.932529449462891,,20.043266296386719,,,,,,,6,8.5823822021484375,,8.7322769165039062,,6,11.911552429199219,,9.0644302368164062,
6.0999999999999996,28.501163482666016,,18.065696716308594,,,,,,,6.0999999999999996,9.0346221923828125,,8.8625869750976562,,6.0999999999999996,11.02496337890625,,8.7195053100585938,
6.2000000000000002,25.223098754882812,,16.445823669433594,,,,,,,6.2000000000000002,9.5379562377929688,,9.0899810791015625,,6.2000000000000002,10.608497619628906,,8.5866470336914062,
6.2999999999999998,22.328285217285156,,15.137664794921875,,,,,,,6.2999999999999998,9.9697494506835938,,9.1666336059570312,,6.2999999999999998,10.5650634765625,,8.4435653686523438,
6.4000000000000004,19.867820739746094,,14.059455871582031,,,,,,,6.4000000000000004,10.161376953125,,9.084869384765625,,6.4000000000000004,10.485862731933594,,8.274932861328125,
6.5,17.857032775878906,,13.183090209960938,,,,,,,6.5,10.117942810058594,,9.0337677001953125,,6.5,9.9825210571289062,,8.1778488159179688,
6.5999999999999996,16.252494812011719,,12.48046875,,,,,,,6.5999999999999996,10.071952819824219,,9.0414352416992188,,6.5999999999999996,9.3539962768554688,,8.0424270629882812,
6.7000000000000002,14.798698425292969,,11.956687927246094,,,,,,,6.7000000000000002,9.8828811645507812,,9.0133285522460938,,6.7000000000000002,9.0243988037109375,,7.9657821655273438,
6.7999999999999998,13.311691284179688,,11.402252197265625,,,,,,,6.7999999999999998,9.617156982421875,,8.9698944091796875,,6.7999999999999998,8.8583221435546875,,8.0066604614257812,
6.9000000000000004,12.01885986328125,,10.858039855957031,,,,,,,6.9000000000000004,9.6222686767578125,,8.9954452514648438,,6.9000000000000004,8.6130447387695312,,8.0041046142578125,
7,11.063285827636719,,10.464569091796875,,,,,,,7,9.9646377563476562,,9.1283035278320312,,7,8.4290847778320312,,7.93511962890625,
7.0999999999999996,10.393882751464844,,10.14263916015625,,,,,,,7.0999999999999996,10.682594299316406,,9.4221267700195312,,7.0999999999999996,8.5159530639648438,,7.9019088745117188,
7.2000000000000002,9.9339828491210938,,9.8794784545898438,,,,,,,7.2000000000000002,11.592170715332031,,9.9075775146484375,,7.2000000000000002,8.6871414184570312,,7.8738021850585938,
7.2999999999999998,9.6043853759765625,,9.636749267578125,,,,,,,7.2999999999999998,12.540077209472656,,10.515670776367188,,7.2999999999999998,8.9860763549804688,,7.8227005004882812,
7.4000000000000004,9.3565521240234375,,9.4476776123046875,,,,,,,7.4000000000000004,13.574851989746094,,11.095657348632812,,7.4000000000000004,9.3386611938476562,,7.8022613525390625,
7.5,9.1649246215820312,,9.3046035766601562,,,,,,,7.5,14.379676818847656,,11.509567260742188,,7.5,9.5405120849609375,,7.8124771118164062,
7.5999999999999996,9.0397262573242188,,9.1972885131835938,,,,,,,7.5999999999999996,14.798698425292969,,11.662864685058594,,7.5999999999999996,9.6605911254882812,,7.7997055053710938,
7.7000000000000002,8.8659896850585938,,9.1615219116210938,,,,,,,7.7000000000000002,14.796142578125,,11.514678955078125,,7.7000000000000002,9.599273681640625,,7.705169677734375,
7.7999999999999998,8.5823822021484375,,9.0720977783203125,,,,,,,7.7999999999999998,14.387344360351562,,11.223403930664062,,7.7999999999999998,9.4383087158203125,,7.6080780029296875,
7.9000000000000004,8.4265289306640625,,9.0005569458007812,,,,,,,7.9000000000000004,13.899337768554688,,10.955131530761719,,7.9000000000000004,9.5762786865234375,,7.6106338500976562,
8,8.7561264038085938,,9.1717376708984375,,,,,,,8,13.457321166992188,,10.725181579589844,,8,10.023406982421875,,7.723052978515625,
8.0999999999999996,9.5226211547851562,,9.64697265625,,,,,,,8.0999999999999996,13.020416259765625,,10.490119934082031,,8.0999999999999996,10.705589294433594,,8.0143280029296875,
8.1999999999999993,10.368331909179688,,10.357261657714844,,,,,,,8.1999999999999993,12.550300598144531,,10.275497436523438,,8.1999999999999993,11.597282409667969,,8.4333419799804688,
8.3000000000000007,11.28302001953125,,11.082878112792969,,,,,,,8.3000000000000007,11.954986572265625,,10.007225036621094,,8.3000000000000007,12.560516357421875,,8.7987136840820312,
8.4000000000000004,12.371452331542969,,11.719078063964844,,,,,,,8.4000000000000004,11.367332458496094,,9.6852951049804688,,8.4000000000000004,13.495651245117188,,9.1180877685546875,
8.5,13.60040283203125,,12.319503784179688,,,,,,,8.5,10.955978393554688,,9.4246826171875,,8.5,14.11651611328125,,9.3275985717773438,
8.5999999999999996,14.946891784667969,,12.876487731933594,,,,,,,8.5999999999999996,10.659599304199219,,9.2151718139648438,,8.5999999999999996,14.507431030273438,,9.4272384643554688,
8.6999999999999993,16.201393127441406,,13.430923461914062,,,,,,,8.6999999999999993,10.432205200195312,,9.0567626953125,,8.6999999999999993,14.921340942382812,,9.5013351440429688,
8.8000000000000007,17.269382476806641,,13.918930053710938,,,,,,,8.8000000000000007,10.225250244140625,,8.9136886596679688,,8.8000000000000007,15.07208251953125,,9.4579010009765625,
8.9000000000000004,18.260723114013672,,14.291961669921875,,,,,,,8.9000000000000004,10.010627746582031,,8.826812744140625,,8.9000000000000004,14.931556701660156,,9.3505935668945312,
9,18.889255523681641,,14.475921630859375,,,,,,,9,9.7960128784179688,,8.8242568969726562,,9,14.801254272460938,,9.286712646484375,
9.0999999999999996,18.500892639160156,,14.166763305664062,,,,,,,9.0999999999999996,9.4664154052734375,,8.8779144287109375,,9.0999999999999996,14.683723449707031,,9.2994918823242188,
9.1999999999999993,17.236167907714844,,13.517791748046875,,,,,,,9.1999999999999993,9.0269546508789062,,8.8523635864257812,,9.1999999999999993,14.295364379882812,,9.2560577392578125,
9.3000000000000007,15.710834503173828,,12.807502746582031,,,,,,,9.3000000000000007,8.7612380981445312,,8.7884902954101562,,9.3000000000000007,13.963211059570312,,9.1564102172851562,
9.4000000000000004,14.11651611328125,,12.089553833007812,,,,,,,9.4000000000000004,8.9809646606445312,,8.8881378173828125,,9.4000000000000004,14.1343994140625,,9.1717376708984375,
9.5,12.683158874511719,,11.376708984375,,,,,,,9.5,9.9007644653320312,,9.2100677490234375,,9.5,15.345466613769531,,9.5524368286132812,
9.5999999999999996,11.564071655273438,,10.717514038085938,,,,,,,9.5999999999999996,10.966201782226562,,9.6418609619140625,,9.5999999999999996,17.731838226318359,,10.477348327636719,
9.6999999999999993,10.570175170898438,,10.101760864257812,,,,,,,9.6999999999999993,11.977981567382812,,10.18096923828125,,9.6999999999999993,20.626655578613281,,11.6322021484375,
9.8000000000000007,9.7576828002929688,,9.5294418334960938,,,,,,,9.8000000000000007,13.403671264648438,,10.809494018554688,,9.8000000000000007,23.664546966552734,,12.820281982421875,
9.9000000000000004,9.305450439453125,,9.1640777587890625,,,,,,,9.9000000000000004,15.056755065917969,,11.3026123046875,,9.9000000000000004,26.572139739990234,,13.977691650390625,
10,9.0320663452148438,0,8.975006103515625,17.964071273803711,,,,,,10,16.43389892578125,21.352313995361328,11.621986389160156,21.38275146484375,10,29.168018341064453,5.5762081146240234,14.997138977050781,13.863216400146484
10.1,8.8148880004882812,,8.8472518920898438,,,,,,,10.1,17.282157897949219,,11.859603881835938,,10.1,31.403644561767578,,15.91949462890625,
10.199999999999999,8.6411514282226562,,8.7859344482421875,,,,,,,10.199999999999999,17.931129455566406,,12.051223754882812,,10.199999999999999,33.289234161376953,,16.767753601074219,
10.300000000000001,8.5057373046875,,8.7527236938476562,,,,,,,10.300000000000001,18.592872619628906,,12.278617858886719,,10.300000000000001,34.553958892822266,,17.411613464355469,
10.4,8.4367523193359375,,8.7067337036132812,,,,,,,10.4,18.953128814697266,,12.391036987304688,,10.4,34.699592590332031,,17.539363861083984,
10.5,8.4418563842773438,,8.6377487182617188,,,,,,,10.5,18.697628021240234,,12.127876281738281,,10.5,33.43231201171875,,16.979820251464844,
10.6,8.3703231811523438,,8.5815353393554688,,,,,,,10.6,18.081874847412109,,11.7803955078125,,10.6,31.002510070800781,,15.914382934570312,
10.699999999999999,8.2119064331054688,,8.5381011962890625,,,,,,,10.699999999999999,17.61175537109375,,11.650093078613281,,10.699999999999999,27.885410308837891,,14.470809936523438,
10.800000000000001,8.4265289306640625,,8.6632919311523438,,,,,,,10.800000000000001,17.3358154296875,,11.565773010253906,,10.800000000000001,24.466819763183594,,12.797286987304688,
10.9,9.07550048828125,,9.1819610595703125,,,,,,,10.9,17.080314636230469,,11.458465576171875,,10.9,21.413593292236328,,11.420143127441406,
11,9.8343353271484375,,9.9637908935546875,,,,,,,11,16.633190155029297,,11.343490600585938,,11,19.032333374023438,,10.459457397460938,
11.1,10.687705993652344,,10.679191589355469,,,,,,,11.1,15.938228607177734,,11.082878112792969,,11.1,17.210620880126953,,9.746612548828125,
11.199999999999999,11.719924926757812,,11.243843078613281,,,,,,,11.199999999999999,15.493659973144531,,10.794166564941406,,11.199999999999999,15.963779449462891,,9.3224868774414062,
11.300000000000001,12.943771362304688,,11.803390502929688,,,,,,,11.300000000000001,15.856468200683594,,10.773727416992188,,11.300000000000001,15.059310913085938,,9.0618743896484375,
11.4,14.264701843261719,,12.365493774414062,,,,,,,11.4,17.248943328857422,,11.261734008789062,,11.4,14.034751892089844,,8.7654953002929688,
11.5,15.3863525390625,,12.881599426269531,,,,,,,11.5,19.26739501953125,,12.127876281738281,,11.5,12.923332214355469,,8.4537887573242188,
11.6,16.17584228515625,,13.23419189453125,,,,,,,11.6,21.518348693847656,,13.093666076660156,,11.6,12.131278991699219,,8.239166259765625,
11.699999999999999,16.638298034667969,,13.415596008300781,,,,,,,11.699999999999999,24.014583587646484,,14.07989501953125,,11.699999999999999,11.714813232421875,,8.1037521362304688,
11.800000000000001,16.403240203857422,,13.259742736816406,,,,,,,11.800000000000001,26.600242614746094,,15.0916748046875,,11.800000000000001,11.479751586914062,,7.9759979248046875,
11.9,15.3480224609375,,12.659317016601562,,,,,,,11.9,28.807762145996094,,16.090682983398438,,11.9,11.244697570800781,,7.8048171997070312,
12,13.863571166992188,,11.918365478515625,,,,,,,12,30.465957641601562,,16.938941955566406,,12,11.019851684570312,,7.6285171508789062,
12.1,12.448097229003906,,11.231071472167969,,,,,,,12.1,31.85076904296875,,17.682445526123047,,12.1,10.848670959472656,,7.4650039672851562,
12.199999999999999,11.375,,10.617874145507812,,,,,,,12.199999999999999,32.951972961425781,,18.262428283691406,,12.199999999999999,10.73114013671875,,7.3423614501953125,
12.300000000000001,10.580390930175781,,10.155418395996094,,,,,,,12.300000000000001,33.549842834472656,,18.615020751953125,,12.300000000000001,10.608497619628906,,7.2963714599609375,
12.4,9.8164520263671875,,9.7951583862304688,,,,,,,12.4,33.406764984130859,,18.655899047851562,,12.4,10.782241821289062,,7.3653564453125,
12.5,9.1368179321289062,,9.4323501586914062,,,,,,,12.5,32.231464385986328,,18.052921295166016,,12.5,11.535964965820312,,7.7256088256835938,
12.6,8.7663421630859375,,9.14874267578125,,,,,,,12.6,30.062267303466797,,16.80352783203125,,12.6,12.465980529785156,,8.405242919921875,
12.699999999999999,8.6207122802734375,,8.9775619506835938,,,,,,,12.699999999999999,27.295204162597656,,15.326736450195312,,12.699999999999999,13.58251953125,,9.22283935546875,
12.800000000000001,8.569610595703125,,8.8676986694335938,,,,,,,12.800000000000001,24.323738098144531,,13.964920043945312,,12.800000000000001,14.987770080566406,,9.9893417358398438,
12.9,8.5491714477539062,,8.8012619018554688,,,,,,,12.9,21.635879516601562,,12.769180297851562,,12.9,16.518215179443359,,10.645973205566406,
13,8.54150390625,,8.7706069946289062,,,,,,,13,19.507564544677734,,11.788063049316406,,13,18.107425689697266,,11.236183166503906,
13.1,8.5542831420898438,,8.762939453125,,,,,,,13.1,17.895359039306641,,11.080322265625,,13.1,19.671085357666016,,11.772727966308594,
13.199999999999999,8.5951614379882812,,8.8012619018554688,,,,,,,13.199999999999999,16.653629302978516,,10.58465576171875,,13.199999999999999,21.135097503662109,,12.329719543457031,
13.300000000000001,8.4980697631835938,,8.8344802856445312,,,,,,,13.300000000000001,15.723609924316406,,10.306159973144531,,13.300000000000001,22.205642700195312,,12.766624450683594,
13.4,8.2911148071289062,,8.7961578369140625,,,,,,,13.4,15.102745056152344,,10.229507446289062,,13.4,22.928707122802734,,13.068115234375,
13.5,8.2425689697265625,,8.762939453125,,,,,,,13.5,14.566192626953125,,10.109428405761719,,13.5,23.695209503173828,,13.397712707519531,
13.6,8.3013381958007812,,8.7552719116210938,,,,,,,13.6,13.863571166992188,,9.7951583862304688,,13.6,24.134670257568359,,13.632766723632812,
13.699999999999999,8.3882064819335938,,8.7501678466796875,,,,,,,13.699999999999999,13.099624633789062,,9.4630126953125,,13.699999999999999,23.733531951904297,,13.6199951171875,
13.800000000000001,8.5031814575195312,,8.7680511474609375,,,,,,,13.800000000000001,12.307571411132812,,9.1512985229492188,,13.800000000000001,22.831619262695312,,13.354278564453125,
13.9,8.8072280883789062,,8.8574752807617188,,,,,,,13.9,11.640716552734375,,8.8319244384765625,,13.9,21.666538238525391,,12.935256958007812,
14,9.4050979614257812,,9.1845169067382812,,,,,,,14,11.321342468261719,,8.59686279296875,,14,20.291950225830078,,12.419143676757812,
14.1,10.0872802734375,,9.8309326171875,,,,,,,14.1,11.175712585449219,,8.4486770629882812,,14.1,18.82537841796875,,11.772727966308594,
14.199999999999999,10.7132568359375,,10.467124938964844,,,,,,,14.199999999999999,11.045402526855469,,8.349029541015625,,14.199999999999999,17.259162902832031,,10.942352294921875,
14.300000000000001,11.528297424316406,,10.939804077148438,,,,,,,14.300000000000001,10.874221801757812,,8.2366104125976562,,14.300000000000001,15.884574890136719,,10.303604125976562,
14.4,12.675491333007812,,11.407363891601562,,,,,,,14.4,10.784797668457031,,8.1803970336914062,,14.4,15.031204223632812,,10.030220031738281,
14.5,13.889122009277344,,11.880043029785156,,,,,,,14.5,11.277908325195312,,8.3822479248046875,,14.5,14.04241943359375,,9.7491683959960938,
14.6,15.008209228515625,,12.324607849121094,,,,,,,14.6,12.379112243652344,,8.9264602661132812,,14.6,12.427658081054688,,9.4579010009765625,
14.699999999999999,16.027652740478516,,12.738517761230469,,,,,,,14.699999999999999,13.602958679199219,,9.7415084838867188,,14.699999999999999,10.984085083007812,,9.1666336059570312,
14.800000000000001,16.858028411865234,,13.101333618164062,,,,,,,14.800000000000001,14.793586730957031,,10.58465576171875,,14.800000000000001,10.176704406738281,,8.9468994140625,
14.9,17.223392486572266,,13.246963500976562,,,,,,,14.9,16.160514831542969,,11.305168151855469,,14.9,9.6784820556640625,,9.0823135375976562,
15,16.893798828125,,13.093666076660156,,,,,,,15,17.765052795410156,,12.007789611816406,,15,9.157257080078125,,9.141082763671875,
15.1,15.779819488525391,,12.610771179199219,,,,,,,15.1,19.328712463378906,,12.684867858886719,,15.1,8.7791213989257812,,8.6786270141601562,
15.199999999999999,14.203384399414062,,11.905593872070312,,,,,,,15.199999999999999,20.741630554199219,,13.295509338378906,,15.199999999999999,8.52362060546875,,8.0424270629882812,
15.300000000000001,12.747032165527344,,11.205520629882812,,,,,,,15.300000000000001,22.011463165283203,,13.849945068359375,,15.300000000000001,8.3141098022460938,,7.8124771118164062,
15.4,11.584510803222656,,10.617874145507812,,,,,,,15.4,23.176544189453125,,14.383941650390625,,15.4,8.6769180297851562,,8.3464736938476562,
15.5,10.669822692871094,,10.150306701660156,,,,,,,15.5,24.183212280273438,,14.859169006347656,,15.5,9.433197021484375,,9.03887939453125,
15.6,10.000411987304688,,9.7517242431640625,,,,,,,15.6,24.89605712890625,,15.173439025878906,,15.6,9.8624420166015625,,8.8447036743164062,
15.699999999999999,9.5405120849609375,,9.4093551635742188,,,,,,,15.699999999999999,25.169445037841797,,15.357398986816406,,15.699999999999999,9.4945220947265625,,7.815032958984375,
15.800000000000001,9.2390213012695312,,9.158966064453125,,,,,,,15.800000000000001,25.146450042724609,,15.451927185058594,,15.800000000000001,8.6641464233398438,,7.0945281982421875,
15.9,9.0601730346679688,,9.0312118530273438,,,,,,,15.9,24.911388397216797,,15.380393981933594,,15.9,8.3064422607421875,,6.9591140747070312,
16,8.827667236328125,,8.92901611328125,,,,,,,16,24.055461883544922,,14.923042297363281,,16,8.5440597534179688,,7.3704681396484375,
16.100000000000001,8.5670547485351562,,8.7859344482421875,,,,,,,16.100000000000001,22.525020599365234,,14.123329162597656,,16.100000000000001,9.3131179809570312,,8.5636520385742188,
16.199999999999999,8.4801864624023438,,8.6939544677734375,,,,,,,16.199999999999999,20.578109741210938,,13.172866821289062,,16.199999999999999,11.086280822753906,,9.95867919921875,
16.300000000000001,8.4852981567382812,,8.67095947265625,,,,,,,16.300000000000001,18.523887634277344,,12.227523803710938,,16.300000000000001,13.500762939453125,,10.927024841308594,
16.399999999999999,8.5926055908203125,,8.6965103149414062,,,,,,,16.399999999999999,16.730278015136719,,11.417587280273438,,16.399999999999999,15.360801696777344,,11.407363891601562,
16.5,9.0243988037109375,,8.8906936645507812,,,,,,,16.5,15.199836730957031,,10.73284912109375,,16.5,16.722614288330078,,11.698638916015625,
16.600000000000001,9.6401519775390625,,9.3633651733398438,,,,,,,16.600000000000001,13.866127014160156,,10.25250244140625,,16.600000000000001,18.265834808349609,,12.163642883300781,
16.699999999999999,10.327445983886719,,10.055770874023438,,,,,,,16.699999999999999,12.60650634765625,,9.8232650756835938,,16.699999999999999,19.46923828125,,12.68231201171875,
16.800000000000001,11.326454162597656,,10.778839111328125,,,,,,,16.800000000000001,11.4490966796875,,9.3659210205078125,,16.800000000000001,19.770729064941406,,12.879043579101562,
16.899999999999999,12.468536376953125,,11.427803039550781,,,,,,,16.899999999999999,10.593170166015625,,9.0414352416992188,,16.899999999999999,19.441135406494141,,12.815170288085938,
17,13.641281127929688,,11.969467163085938,,,,,,,17,9.9774169921875,,8.8063735961914062,,17,18.983787536621094,,12.702751159667969,
17.100000000000001,14.9801025390625,,12.508567810058594,,,,,,,17.100000000000001,9.5200729370117188,,8.5789794921875,,17.100000000000001,18.258167266845703,,12.546897888183594,
17.199999999999999,16.375133514404297,,13.068115234375,,,,,,,17.199999999999999,9.25946044921875,,8.39501953125,,17.199999999999999,17.072650909423828,,12.168754577636719,
17.300000000000001,17.604087829589844,,13.597000122070312,,,,,,,17.300000000000001,9.1598129272460938,,8.2493820190429688,,17.300000000000001,15.685283660888672,,11.619430541992188,
17.399999999999999,18.554550170898438,,14.102890014648438,,,,,,,17.399999999999999,9.0984954833984375,,8.1241912841796875,,17.399999999999999,14.180389404296875,,11.123764038085938,
17.5,19.400253295898438,,14.560234069824219,,,,,,,17.5,9.0448379516601562,,8.0245437622070312,,17.5,12.588623046875,,10.760948181152344,
17.600000000000001,20.253623962402344,,14.984367370605469,,,,,,,17.600000000000001,8.8864288330078125,,7.9530029296875,,17.600000000000001,11.060737609863281,,10.431358337402344,
17.699999999999999,20.84893798828125,,15.316513061523438,,,,,,,17.699999999999999,8.605377197265625,,7.853363037109375,,17.699999999999999,9.8905410766601562,,9.951019287109375,
17.800000000000001,20.933254241943359,,15.388053894042969,,,,,,,17.800000000000001,8.4648513793945312,,7.7843780517578125,,17.800000000000001,9.1266021728515625,,9.4272384643554688,
17.899999999999999,20.381374359130859,,15.096786499023438,,,,,,,17.899999999999999,8.5312881469726562,,7.8227005004882812,,17.899999999999999,8.4623031616210938,,9.00311279296875,
18,19.180522918701172,,14.452926635742188,,,,,,,18,9.019287109375,,8.073089599609375,,18,7.8669815063476562,,8.589202880859375,
18.100000000000001,17.466117858886719,,13.553565979003906,,,,,,,18.100000000000001,9.9007644653320312,,8.6658477783203125,,18.100000000000001,7.4709625244140625,,8.2800445556640625,
18.199999999999999,15.501327514648438,,12.6644287109375,,,,,,,18.199999999999999,10.9329833984375,,9.4323501586914062,,18.199999999999999,7.172027587890625,,8.0756454467773438,
18.300000000000001,13.659172058105469,,11.954132080078125,,,,,,,18.300000000000001,12.136390686035156,,10.175857543945312,,18.300000000000001,6.9548492431640625,,7.82525634765625,
18.399999999999999,12.225814819335938,,11.33837890625,,,,,,,18.399999999999999,13.45477294921875,,10.852928161621094,,18.399999999999999,6.8449859619140625,,7.6157455444335938,
18.5,11.237030029296875,,10.812049865722656,,,,,,,18.5,14.727157592773438,,11.361373901367188,,18.5,6.7785568237304688,,7.503326416015625,
18.600000000000001,10.368331909179688,,10.318939208984375,,,,,,,18.600000000000001,15.958667755126953,,11.785507202148438,,18.600000000000001,6.7351226806640625,,7.4650039672851562,
18.699999999999999,9.6069412231445312,,9.859039306640625,,,,,,,18.699999999999999,17.233615875244141,,12.237739562988281,,18.699999999999999,6.5971527099609375,,7.4266738891601562,
18.800000000000001,9.1904754638671875,,9.5498809814453125,,,,,,,18.800000000000001,18.45745849609375,,12.71807861328125,,18.800000000000001,6.3876419067382812,,7.3398056030273438,
18.899999999999999,9.0090713500976562,,9.3633651733398438,,,,,,,18.899999999999999,19.663417816162109,,13.259742736816406,,18.899999999999999,6.3416519165039062,,7.2938156127929688,
19,8.9298629760742188,,9.250946044921875,,,,,,,19,20.943473815917969,,13.806510925292969,,19,6.379974365234375,,7.3142547607421875,
19.100000000000001,8.8940963745117188,,9.1666336059570312,,,,,,,19.100000000000001,22.144325256347656,,14.230636596679688,,19.100000000000001,6.53582763671875,,7.4062347412109375,
19.199999999999999,8.9017562866210938,,9.1155319213867188,,,,,,,19.199999999999999,23.023242950439453,,14.55767822265625,,19.199999999999999,6.988067626953125,,7.7486038208007812,
19.300000000000001,8.9477462768554688,,9.0899810791015625,,,,,,,19.300000000000001,23.122890472412109,,14.624107360839844,,19.300000000000001,7.6268157958984375,,8.5048828125,
19.399999999999999,8.9758529663085938,,9.1001968383789062,,,,,,,19.399999999999999,22.366607666015625,,14.261299133300781,,19.399999999999999,8.385650634765625,,9.40679931640625,
19.5,8.8481063842773438,,9.0516586303710938,,,,,,,19.5,21.515792846679688,,13.765632629394531,,19.5,9.3028945922851562,,10.132423400878906,
19.600000000000001,8.6692581176757812,,8.9520111083984375,,,,,,,19.600000000000001,20.726299285888672,,13.290397644042969,,19.600000000000001,10.255912780761719,,10.605094909667969,
19.699999999999999,8.6590347290039062,,8.9060211181640625,,,,,,,19.699999999999999,19.476905822753906,,12.620986938476562,,19.699999999999999,11.339225769042969,,10.919357299804688,
19.800000000000001,8.7331314086914062,,8.900909423828125,,,,,,,19.800000000000001,18.046104431152344,,11.800834655761719,,19.800000000000001,12.685714721679688,,11.24639892578125,
19.899999999999999,8.9579696655273438,,8.9980010986328125,,,,,,,19.899999999999999,16.878467559814453,,10.947463989257812,,19.899999999999999,14.1343994140625,,11.601547241210938,
20,9.4868545532226562,0,9.29693603515625,7.8636956214904785,,,,,,20,15.810478210449219,12.195121765136719,10.352149963378906,12.22826099395752,20,15.567756652832031,7.7253222465515137,12.005233764648438,11.583011627197266
20.100000000000001,10.202255249023438,,9.8309326171875,,,,,,,20.100000000000001,14.663284301757812,,10.083877563476562,,20.100000000000001,16.927013397216797,,12.472801208496094,
20.199999999999999,11.088836669921875,,10.459457397460938,,,,,,,20.199999999999999,13.569747924804688,,9.8232650756835938,,20.199999999999999,18.212177276611328,,12.945472717285156,
20.300000000000001,12.218147277832031,,11.064994812011719,,,,,,,20.300000000000001,12.780250549316406,,9.6239776611328125,,20.300000000000001,19.405364990234375,,13.395156860351562,
20.399999999999999,13.298912048339844,,11.57855224609375,,,,,,,20.399999999999999,12.041854858398438,,9.3633651733398438,,20.399999999999999,20.248512268066406,,13.757965087890625,
20.5,14.303031921386719,,11.966911315917969,,,,,,,20.5,11.122055053710938,,9.0797576904296875,,20.5,20.66497802734375,,13.913818359375,
20.600000000000001,15.590747833251953,,12.398704528808594,,,,,,,20.600000000000001,10.281455993652344,,8.808929443359375,,20.600000000000001,20.595993041992188,,13.7681884765625,
20.699999999999999,17.044544219970703,,12.927589416503906,,,,,,,20.699999999999999,9.8138961791992188,,8.6300811767578125,,20.699999999999999,19.770729064941406,,13.318504333496094,
20.800000000000001,18.391029357910156,,13.505020141601562,,,,,,,20.800000000000001,9.4561920166015625,,8.441009521484375,,20.800000000000001,18.337375640869141,,12.776847839355469,
20.899999999999999,19.566329956054688,,14.087562561035156,,,,,,,20.899999999999999,8.8864288330078125,,8.0015487670898438,,20.899999999999999,16.620414733886719,,12.291397094726562,
21,20.552558898925781,,14.585784912109375,,,,,,,21,8.3166656494140625,,7.5339889526367188,,21,14.762931823730469,,11.772727966308594,
21.100000000000001,21.377822875976562,,15.002250671386719,,,,,,,21.100000000000001,7.7826690673828125,,7.1405181884765625,,21.100000000000001,12.907997131347656,,11.259178161621094,
21.199999999999999,21.888824462890625,,15.234756469726562,,,,,,,21.199999999999999,7.38153076171875,,7.061309814453125,,21.199999999999999,11.088836669921875,,10.76861572265625,
21.300000000000001,21.679313659667969,,15.122337341308594,,,,,,,21.300000000000001,7.501617431640625,,7.6106338500976562,,21.300000000000001,9.525177001953125,,10.249954223632812,
21.399999999999999,20.358379364013672,,14.542350769042969,,,,,,,21.399999999999999,8.0407257080078125,,8.4205703735351562,,21.399999999999999,8.4699630737304688,,9.86669921875,
21.5,18.278610229492188,,13.635322570800781,,,,,,,21.5,8.8557662963867188,,9.2764968872070312,,21.5,7.815887451171875,,9.6418609619140625,
21.600000000000001,16.132408142089844,,12.743629455566406,,,,,,,21.600000000000001,9.8982086181640625,,10.625534057617188,,21.600000000000001,7.4121932983398438,,9.378692626953125,
21.699999999999999,14.188056945800781,,12.071662902832031,,,,,,,21.699999999999999,10.818008422851562,,11.759956359863281,,21.699999999999999,7.16180419921875,,9.0567626953125,
21.800000000000001,12.596290588378906,,11.517227172851562,,,,,,,21.800000000000001,11.850227355957031,,12.145759582519531,,21.800000000000001,7.0468292236328125,,8.7552719116210938,
21.899999999999999,11.433761596679688,,10.9346923828125,,,,,,,21.899999999999999,13.34234619140625,,12.42425537109375,,21.899999999999999,7.0570526123046875,,8.45123291015625,
22,10.651931762695312,,10.43646240234375,,,,,,,22,15.064422607421875,,12.838165283203125,,22,7.0033950805664062,,8.1676254272460938,
22.100000000000001,10.084724426269531,,10.071098327636719,,,,,,,22.100000000000001,16.766048431396484,,13.397712707519531,,22.100000000000001,6.8194351196289062,,7.8865737915039062,
22.199999999999999,9.6580429077148438,,9.7772750854492188,,,,,,,22.199999999999999,18.207069396972656,,13.990470886230469,,22.199999999999999,6.7274551391601562,,7.6259689331054688,
22.300000000000001,9.3948745727539062,,9.5600967407226562,,,,,,,22.300000000000001,19.349155426025391,,14.455482482910156,,22.300000000000001,6.7274551391601562,,7.4828872680664062,
22.399999999999999,9.305450439453125,,9.3582534790039062,,,,,,,22.399999999999999,20.353267669677734,,14.8336181640625,,22.399999999999999,6.97784423828125,,7.5084381103515625,
22.5,9.5686111450195312,,8.7859344482421875,,,,,,,22.5,20.902595520019531,,15.061012268066406,,22.5,8.0023956298828125,,7.9121246337890625,
22.600000000000001,10.100051879882812,,7.963226318359375,,,,,,,22.600000000000001,20.376262664794922,,14.846397399902344,,22.600000000000001,9.7040328979492188,,8.7757186889648438,
22.699999999999999,10.375991821289062,,7.4828872680664062,,,,,,,22.699999999999999,18.922470092773438,,14.187202453613281,,22.699999999999999,11.776130676269531,,9.8360443115234375,
22.800000000000001,10.593170166015625,,7.2171630859375,,,,,,,22.800000000000001,17.210620880126953,,13.433479309082031,,22.800000000000001,14.297920227050781,,10.919357299804688,
22.899999999999999,10.961090087890625,,6.9284515380859375,,,,,,,22.899999999999999,15.516654968261719,,12.75640869140625,,22.899999999999999,17.248943328857422,,11.941360473632812,
23,11.252357482910156,,6.64739990234375,,,,,,,23,13.930000305175781,,12.127876281738281,,23,20.478462219238281,,12.853492736816406,
23.100000000000001,11.354560852050781,,6.6780624389648438,,,,,,,23.100000000000001,12.557960510253906,,11.629653930664062,,23.100000000000001,23.664546966552734,,13.801399230957031,
23.199999999999999,11.26513671875,,7.4650039672851562,,,,,,,23.199999999999999,11.397994995117188,,11.269393920898438,,23.199999999999999,26.710109710693359,,14.818290710449219,
23.300000000000001,11.180816650390625,,8.791046142578125,,,,,,,23.300000000000001,10.554847717285156,,10.875923156738281,,23.300000000000001,29.82720947265625,,15.824958801269531,
23.399999999999999,11.272796630859375,,10.099205017089844,,,,,,,23.399999999999999,9.9825210571289062,,10.408363342285156,,23.399999999999999,33.059284210205078,,16.696212768554688,
23.5,11.5947265625,,11.167198181152344,,,,,,,23.5,9.3821029663085938,,9.9101333618164062,,23.5,36.140613555908203,,17.462715148925781,
23.600000000000001,12.087844848632812,,11.9285888671875,,,,,,,23.600000000000001,8.8353271484375,,9.4553451538085938,,23.600000000000001,38.649623870849609,,18.188335418701172,
23.699999999999999,12.816017150878906,,12.636322021484375,,,,,,,23.699999999999999,8.5542831420898438,,9.141082763671875,,23.699999999999999,39.968002319335938,,18.638015747070312,
23.800000000000001,13.809913635253906,,13.443702697753906,,,,,,,23.800000000000001,8.4341964721679688,,8.96478271484375,,23.800000000000001,39.014987945556641,,18.336524963378906,
23.899999999999999,14.77825927734375,,14.184646606445312,,,,,,,23.899999999999999,8.3907623291015625,,8.8472518920898438,,23.899999999999999,35.982204437255859,,17.181663513183594,
24,15.360801696777344,,14.721199035644531,,,,,,,24,8.3626556396484375,,8.7527236938476562,,24,32.167587280273438,,15.554130554199219,
24.100000000000001,15.480880737304688,,15.050796508789062,,,,,,,24.100000000000001,8.3473281860351562,,8.699066162109375,,24.100000000000001,28.135799407958984,,13.671096801757812,
24.199999999999999,15.314811706542969,,15.390609741210938,,,,,,,24.199999999999999,8.3575439453125,,8.6684036254882812,,24.199999999999999,24.188323974609375,,11.874931335449219,
24.300000000000001,15.069526672363281,,15.727867126464844,,,,,,,24.300000000000001,8.3498764038085938,,8.642852783203125,,24.300000000000001,20.675197601318359,,10.661308288574219,
24.399999999999999,14.826805114746094,,15.789192199707031,,,,,,,24.399999999999999,8.3166656494140625,,8.6275253295898438,,24.399999999999999,17.793159484863281,,9.9893417358398438,
24.5,14.530426025390625,,15.482589721679688,,,,,,,24.5,8.3319931030273438,,8.6786270141601562,,24.5,15.54986572265625,,9.6214218139648438,
24.600000000000001,14.0986328125,,14.874504089355469,,,,,,,24.600000000000001,8.4878463745117188,,8.8855819702148438,,24.600000000000001,13.595291137695312,,9.4246826171875,
24.699999999999999,13.74859619140625,,14.064567565917969,,,,,,,24.699999999999999,8.8583221435546875,,9.3659210205078125,,24.699999999999999,11.768470764160156,,9.0516586303710938,
24.800000000000001,13.620841979980469,,13.459030151367188,,,,,,,24.800000000000001,9.4945220947265625,,10.06854248046875,,24.800000000000001,10.230361938476562,,8.3720245361328125,
24.899999999999999,13.551856994628906,,13.239303588867188,,,,,,,24.899999999999999,10.352996826171875,,10.725181579589844,,24.899999999999999,9.019287109375,,7.6898422241210938,
25,13.493095397949219,,13.208641052246094,,,,,,,25,11.362220764160156,,11.277061462402344,,25,8.2885589599609375,,7.16351318359375,
25.100000000000001,13.449661254882812,,13.290397644042969,,,,,,,25.100000000000001,12.430213928222656,,11.742073059082031,,25.100000000000001,7.8567657470703125,,6.7623748779296875,
25.199999999999999,13.429222106933594,,13.502464294433594,,,,,,,25.199999999999999,13.498207092285156,,12.150871276855469,,25.199999999999999,7.4735107421875,,6.42767333984375,
25.300000000000001,13.500762939453125,,14.164207458496094,,,,,,,25.300000000000001,14.5380859375,,12.592887878417969,,25.300000000000001,7.3534317016601562,,6.0827484130859375,
25.399999999999999,13.56463623046875,,15.858177185058594,,,,,,,25.399999999999999,15.501327514648438,,13.034896850585938,,25.399999999999999,7.41986083984375,,5.7863693237304688,
25.5,13.434326171875,,17.610904693603516,,,,,,,25.5,16.398128509521484,,13.443702697753906,,25.5,7.409637451171875,,5.607513427734375,
25.600000000000001,13.130287170410156,,18.206218719482422,,,,,,,25.600000000000001,16.990890502929688,,13.757965087890625,,25.600000000000001,7.3610916137695312,,5.5743026733398438,
25.699999999999999,12.900337219238281,,18.254764556884766,,,,,,,25.699999999999999,17.001110076904297,,13.778404235839844,,25.699999999999999,7.2870025634765625,,5.6100692749023438,
25.800000000000001,12.82879638671875,,18.326305389404297,,,,,,,25.800000000000001,16.344474792480469,,13.461585998535156,,25.800000000000001,7.2512283325195312,,5.7071609497070312,
25.899999999999999,12.724037170410156,,18.400398254394531,,,,,,,25.899999999999999,15.138511657714844,,12.927589416503906,,25.899999999999999,7.2614517211914062,,5.9677734375,
26,12.701042175292969,,18.423397064208984,,,,,,,26,13.694938659667969,,12.273513793945312,,26,7.299774169921875,,6.3663482666015625,
26.100000000000001,12.79046630859375,,18.474494934082031,,,,,,,26.100000000000001,12.289688110351562,,11.598991394042969,,26.100000000000001,7.6012649536132812,,7.1021881103515625,
26.199999999999999,12.780250549316406,,18.658454895019531,,,,,,,26.199999999999999,11.145050048828125,,10.955131530761719,,26.199999999999999,8.3141098022460938,,8.313262939453125,
26.300000000000001,12.741920471191406,,18.903736114501953,,,,,,,26.300000000000001,10.324897766113281,,10.387924194335938,,26.300000000000001,9.5916061401367188,,9.5396575927734375,
26.399999999999999,12.721481323242188,,19.108135223388672,,,,,,,26.399999999999999,9.7730178833007812,,9.8743667602539062,,26.399999999999999,11.443984985351562,,10.4569091796875,
26.5,12.545188903808594,,19.169456481933594,,,,,,,26.5,9.4204254150390625,,9.4757843017578125,,26.5,13.641281127929688,,11.1927490234375,
26.600000000000001,12.164497375488281,,19.059589385986328,,,,,,,26.600000000000001,9.1725921630859375,,9.2713851928710938,,26.600000000000001,16.053203582763672,,11.857048034667969,
26.699999999999999,11.896217346191406,,18.911399841308594,,,,,,,26.699999999999999,8.8327713012695312,,9.1053085327148438,,26.699999999999999,18.559658050537109,,12.559669494628906,
26.800000000000001,11.901329040527344,,18.745326995849609,,,,,,,26.800000000000001,8.4699630737304688,,8.9111328125,,26.800000000000001,20.933254241943359,,13.244407653808594,
26.899999999999999,11.972869873046875,,18.548591613769531,,,,,,,26.899999999999999,8.3268814086914062,,8.7859344482421875,,26.899999999999999,23.125442504882812,,13.832061767578125,
27,12.013748168945312,,18.428504943847656,,,,,,,27,8.311553955078125,,8.7016220092773438,,27,25.376399993896484,,14.455482482910156,
27.100000000000001,12.108283996582031,,18.300754547119141,,,,,,,27.100000000000001,8.3345489501953125,,8.6300811767578125,,27.100000000000001,27.704002380371094,,15.040573120117188,
27.199999999999999,12.218147277832031,,18.144901275634766,,,,,,,27.199999999999999,8.6820297241210938,,8.6888427734375,,27.199999999999999,30.036720275878906,,15.526023864746094,
27.300000000000001,12.274360656738281,,18.073360443115234,,,,,,,27.300000000000001,9.6989212036132812,,9.0925369262695312,,27.300000000000001,32.3106689453125,,15.932273864746094,
27.399999999999999,12.343345642089844,,17.948165893554688,,,,,,,27.399999999999999,11.288131713867188,,9.9152450561523438,,27.399999999999999,34.145156860351562,,16.236312866210938,
27.5,12.289688110351562,,17.403949737548828,,,,,,,27.5,13.477767944335938,,10.955131530761719,,27.5,35.013858795166016,,16.369178771972656,
27.600000000000001,11.891105651855469,,16.371726989746094,,,,,,,27.600000000000001,16.344474792480469,,12.030784606933594,,27.600000000000001,34.398101806640625,,16.139228820800781,
27.699999999999999,11.104171752929688,,15.068679809570312,,,,,,,27.699999999999999,19.609764099121094,,13.004241943359375,,27.699999999999999,32.211025238037109,,15.344619750976562,
27.800000000000001,10.368331909179688,,13.581672668457031,,,,,,,27.800000000000001,23.230197906494141,,13.944480895996094,,27.800000000000001,28.807762145996094,,13.944480895996094,
27.899999999999999,10.360664367675781,,11.591323852539062,,,,,,,27.899999999999999,27.330974578857422,,14.976699829101562,,27.899999999999999,24.737648010253906,,12.24029541015625,
28,10.98919677734375,,9.3633651733398438,,,,,,,28,31.904422760009766,,16.065132141113281,,28,20.736518859863281,,10.743064880371094,
28.100000000000001,11.880889892578125,,7.5978622436523438,,,,,,,28.100000000000001,36.825351715087891,,17.214881896972656,,28.100000000000001,17.752277374267578,,9.7568359375,
28.199999999999999,13.053634643554688,,6.2743682861328125,,,,,,,28.199999999999999,41.687519073486328,,18.487270355224609,,28.199999999999999,15.889682769775391,,9.2764968872070312,
28.300000000000001,15.3863525390625,,5.019866943359375,,,,,,,28.300000000000001,46.222640991210938,,19.884853363037109,,28.300000000000001,14.147171020507812,,9.1512985229492188,
28.399999999999999,18.684852600097656,,3.824127197265625,,,,,,,28.399999999999999,50.348968505859375,,21.32843017578125,,28.399999999999999,12.006080627441406,,9.0567626953125,
28.5,23.028354644775391,,2.6718215942382812,,,,,,,28.5,53.673023223876953,,22.784778594970703,,28.5,9.9723052978515625,,8.7884902954101562,
28.600000000000001,28.360637664794922,,1.6549301147460938,,,,,,,28.600000000000001,56.245906829833984,,23.924308776855469,,28.600000000000001,8.6283721923828125,,8.4716720581054688,
28.699999999999999,32.277454376220703,,1.184814453125,,,,,,,28.699999999999999,58.458538055419922,,25.074058532714844,,28.699999999999999,7.9180831909179688,,8.1497421264648438,
28.800000000000001,34.071063995361328,,1.0570602416992188,,,,,,,28.800000000000001,59.917442321777344,,25.74346923828125,,28.800000000000001,7.6217041015625,,7.7358322143554688,
28.899999999999999,35.026634216308594,,0.9676361083984375,,,,,,,28.899999999999999,59.513751983642578,,25.715366363525391,,28.899999999999999,7.5884857177734375,,7.2376022338867188,
29,35.42010498046875,,0.9267578125,,,,,,,29,56.644485473632812,,24.749576568603516,,29,7.7290115356445312,,6.7189407348632812,
29.100000000000001,35.742034912109375,,0.898651123046875,,,,,,,29.100000000000001,51.161457061767578,,22.697910308837891,,29.100000000000001,8.08160400390625,,6.197723388671875,
29.199999999999999,36.324573516845703,,0.8756561279296875,,,,,,,29.199999999999999,44.214412689208984,,19.792873382568359,,29.199999999999999,8.4648513793945312,,5.6867218017578125,
29.300000000000001,37.298027038574219,,0.842437744140625,,,,,,,29.300000000000001,37.502429962158203,,16.823966979980469,,29.300000000000001,8.59771728515625,,5.2063827514648438,
29.399999999999999,38.486103057861328,,0.842437744140625,,,,,,,29.399999999999999,31.452186584472656,,14.314956665039062,,29.399999999999999,8.7331314086914062,,4.7541427612304688,
29.5,38.953666687011719,,0.9267578125,,,,,,,29.5,26.365184783935547,,12.6260986328125,,29.5,8.9911880493164062,,4.36578369140625,
29.600000000000001,39.002212524414062,,1.03662109375,,,,,,,29.600000000000001,22.494358062744141,,11.869819641113281,,29.600000000000001,9.1138229370117188,,4.1588287353515625,
29.699999999999999,38.923007965087891,,1.1720352172851562,,,,,,,29.699999999999999,19.154972076416016,,11.629653930664062,,29.699999999999999,9.1266021728515625,,4.153717041015625,
29.800000000000001,38.782482147216797,,1.322784423828125,,,,,,,29.800000000000001,15.519210815429688,,11.555557250976562,,29.800000000000001,9.2236862182617188,,4.2891387939453125,
29.899999999999999,37.824359893798828,,1.5399551391601562,,,,,,,29.899999999999999,12.297355651855469,,11.39459228515625,,29.899999999999999,9.5737228393554688,,4.779693603515625,
30,34.283126831054688,2.5252525806427002,1.9921875,18.140588760375977,,,,,,30,10.3070068359375,0,10.993453979492188,3.6452004909515381,30,10.439872741699219,10.501749992370605,6.0086517333984375,16.431924819946289
30.100000000000001,29.518054962158203,,2.6079483032226562,,,,,,,30.100000000000001,9.2211380004882812,,10.375144958496094,,30.100000000000001,12.33056640625,,7.7562713623046875,
30.199999999999999,25.703437805175781,,3.1904830932617188,,,,,,,30.199999999999999,8.605377197265625,,9.498779296875,,30.199999999999999,15.631629943847656,,9.33270263671875,
30.300000000000001,21.738079071044922,,3.9109954833984375,,,,,,,30.300000000000001,8.32177734375,,8.6913986206054688,,30.300000000000001,20.274063110351562,,10.553993225097656,
30.399999999999999,17.333259582519531,,4.818023681640625,,,,,,,30.399999999999999,8.26556396484375,,8.1267471313476562,,30.399999999999999,25.361068725585938,,11.719078063964844,
30.5,13.820137023925781,,5.6254043579101562,,,,,,,30.5,8.26556396484375,,7.6949539184570312,,30.5,30.006057739257812,,12.90203857421875,
30.600000000000001,11.9268798828125,,6.1338424682617188,,,,,,,30.600000000000001,8.311553955078125,,7.4368972778320312,,30.600000000000001,34.111942291259766,,14.026237487792969,
30.699999999999999,11.165489196777344,,6.4583282470703125,,,,,,,30.699999999999999,8.4623031616210938,,7.1941680908203125,,30.699999999999999,37.701717376708984,,15.007362365722656,
30.800000000000001,10.853782653808594,,6.9207839965820312,,,,,,,30.800000000000001,8.6079330444335938,,6.9310073852539062,,30.800000000000001,40.936347961425781,,15.794303894042969,
30.899999999999999,11.060737609863281,,7.3576889038085938,,,,,,,30.899999999999999,8.6718063354492188,,6.8083648681640625,,30.899999999999999,44.199081420898438,,16.537803649902344,
31,11.707145690917969,,7.75115966796875,,,,,,,31,8.5568313598632812,,6.7725982666015625,,31,47.755641937255859,,17.342628479003906,
31.100000000000001,12.522193908691406,,8.4077987670898438,,,,,,,31.100000000000001,8.367767333984375,,6.6985015869140625,,31.100000000000001,51.887077331542969,,18.180671691894531,
31.199999999999999,13.393447875976562,,9.1640777587890625,,,,,,,31.199999999999999,8.3243331909179688,,6.6499557495117188,,31.199999999999999,56.261238098144531,,19.228221893310547,
31.300000000000001,14.106292724609375,,9.8283767700195312,,,,,,,31.300000000000001,8.3345489501953125,,6.6703948974609375,,31.300000000000001,60.377342224121094,,20.715229034423828,
31.399999999999999,14.745040893554688,,10.303604125976562,,,,,,,31.399999999999999,8.3652114868164062,,6.7087173461914062,,31.399999999999999,64.43212890625,,22.572715759277344,
31.5,15.764488220214844,,10.648529052734375,,,,,,,31.5,8.4290847778320312,,6.7777023315429688,,31.5,66.971794128417969,,24.184921264648438,
31.600000000000001,17.029212951660156,,11.024116516113281,,,,,,,31.600000000000001,8.5619430541992188,,6.9463348388671875,,31.600000000000001,65.548660278320312,,24.261569976806641,
31.699999999999999,18.135528564453125,,11.399703979492188,,,,,,,31.699999999999999,8.8736572265625,,7.4241180419921875,,31.699999999999999,60.783584594726562,,22.866539001464844,
31.800000000000001,18.973567962646484,,11.74462890625,,,,,,,31.800000000000001,9.397430419921875,,8.28515625,,31.800000000000001,54.255561828613281,,20.720340728759766,
31.899999999999999,19.372150421142578,,11.931137084960938,,,,,,,31.899999999999999,10.225250244140625,,9.3761367797851562,,31.899999999999999,46.889499664306641,,17.776981353759766,
32,19.137088775634766,,11.793167114257812,,,,,,,32,11.459312438964844,,10.301048278808594,,32,39.712501525878906,,14.695648193359375,
32.100000000000001,18.375698089599609,,11.435470581054688,,,,,,,32.100000000000001,13.304023742675781,,10.973014831542969,,32.100000000000001,33.24835205078125,,12.16619873046875,
32.200000000000003,17.246387481689453,,11.06243896484375,,,,,,,32.200000000000003,15.981662750244141,,11.703742980957031,,32.200000000000003,28.102584838867188,,10.423690795898438,
32.299999999999997,15.657180786132812,,10.725181579589844,,,,,,,32.299999999999997,19.331268310546875,,12.488128662109375,,32.299999999999997,24.441268920898438,,9.5141067504882812,
32.399999999999999,13.917221069335938,,10.270393371582031,,,,,,,32.399999999999999,23.087120056152344,,13.246963500976562,,32.399999999999999,22.044677734375,,9.1385269165039062,
32.5,12.565628051757812,,9.746612548828125,,,,,,,32.5,27.144458770751953,,13.9879150390625,,32.5,20.447803497314453,,8.8140411376953125,
32.600000000000001,11.696929931640625,,9.325042724609375,,,,,,,32.600000000000001,31.339767456054688,,14.785072326660156,,32.600000000000001,18.856037139892578,,8.0654220581054688,
32.700000000000003,11.183372497558594,,8.9954452514648438,,,,,,,32.700000000000003,35.3638916015625,,15.715095520019531,,32.700000000000003,17.172294616699219,,6.9769973754882812,
32.799999999999997,10.866554260253906,,8.7782669067382812,,,,,,,32.799999999999997,38.963890075683594,,16.8214111328125,,32.799999999999997,16.298484802246094,,5.8349075317382812,
32.899999999999999,10.649375915527344,,8.6377487182617188,,,,,,,32.899999999999999,41.838264465332031,,17.633899688720703,,32.899999999999999,15.89990234375,,4.8154678344726562,
33,10.531852722167969,,8.5304336547851562,,,,,,,33,43.836273193359375,,18.413173675537109,,33,15.225387573242188,,4.0489654541015625,
33.100000000000001,10.488410949707031,,8.4742279052734375,,,,,,,33.100000000000001,44.988578796386719,,19.059589385986328,,33.100000000000001,14.236602783203125,,3.5354080200195312,
33.200000000000003,10.483306884765625,,8.4818878173828125,,,,,,,33.200000000000003,45.305397033691406,,19.412181854248047,,33.200000000000003,13.033195495605469,,3.2134780883789062,
33.299999999999997,10.649375915527344,,8.6019744873046875,,,,,,,33.299999999999997,44.536342620849609,,19.269100189208984,,33.299999999999997,12.33056640625,,2.89410400390625,
33.399999999999999,11.055625915527344,,8.9034652709960938,,,,,,,33.399999999999999,42.617538452148438,,18.551143646240234,,33.399999999999999,12.011192321777344,,2.664154052734375,
33.5,11.72503662109375,,9.3991317749023438,,,,,,,33.5,39.132518768310547,,16.977264404296875,,33.5,11.367332458496094,,2.6437149047851562,
33.600000000000001,12.75469970703125,,9.9944534301757812,,,,,,,33.600000000000001,33.884548187255859,,14.59600830078125,,33.600000000000001,10.820564270019531,,2.7254791259765625,
33.700000000000003,14.055191040039062,,10.597427368164062,,,,,,,33.700000000000003,28.368305206298828,,12.46002197265625,,33.700000000000003,10.593170166015625,,2.8685531616210938,
33.799999999999997,15.465553283691406,,11.218292236328125,,,,,,,33.799999999999997,23.557239532470703,,11.019004821777344,,33.799999999999997,10.531852722167969,,3.233917236328125,
33.899999999999999,16.725170135498047,,11.765068054199219,,,,,,,33.899999999999999,19.617427825927734,,10.211624145507812,,33.899999999999999,10.991752624511719,,4.429656982421875,
34,17.757389068603516,,12.214744567871094,,,,,,,34,16.891242980957031,,10.014892578125,,34,12.611618041992188,,6.6167373657226562,
34.100000000000001,18.618423461914062,,12.600547790527344,,,,,,,34.100000000000001,14.954551696777344,,10.037887573242188,,34.100000000000001,16.0838623046875,,8.8906936645507812,
34.200000000000003,19.269950866699219,,12.90203857421875,,,,,,,34.200000000000003,13.265701293945312,,10.063438415527344,,34.200000000000003,21.574558258056641,,10.745620727539062,
34.299999999999997,19.696632385253906,,13.088554382324219,,,,,,,34.299999999999997,11.7786865234375,,10.127311706542969,,34.299999999999997,28.115360260009766,,12.265846252441406,
34.399999999999999,19.522895812988281,,13.045120239257812,,,,,,,34.399999999999999,10.552291870117188,,10.071098327636719,,34.399999999999999,34.53607177734375,,13.627662658691406,
34.5,18.710403442382812,,12.7359619140625,,,,,,,34.5,9.70147705078125,,9.7593917846679688,,34.5,40.501998901367188,,15.022689819335938,
34.600000000000001,17.670520782470703,,12.316947937011719,,,,,,,34.600000000000001,9.2415771484375,,9.250946044921875,,34.600000000000001,45.936481475830078,,16.364067077636719,
34.700000000000003,16.523323059082031,,11.887702941894531,,,,,,,34.700000000000003,8.8608779907226562,,8.6096420288085938,,34.700000000000003,50.548255920410156,,17.541919708251953,
34.799999999999997,15.3480224609375,,11.438026428222656,,,,,,,34.799999999999997,8.4852981567382812,,8.0756454467773438,,34.799999999999997,54.099708557128906,,18.489826202392578,
34.899999999999999,14.267257690429688,,10.955131530761719,,,,,,,34.899999999999999,8.329437255859375,,7.7920379638671875,,34.899999999999999,56.831001281738281,,19.154125213623047,
35,13.311691284179688,,10.4569091796875,,,,,,,35,8.2783432006835938,,7.6234130859375,,35,58.943984985351562,,19.662570953369141,
35.100000000000001,12.473648071289062,,9.9893417358398438,,,,,,,35.100000000000001,8.2706756591796875,,7.4905471801757812,,35.100000000000001,60.032417297363281,,20.086700439453125,
35.200000000000003,11.811904907226562,,9.6060867309570312,,,,,,,35.200000000000003,8.2987823486328125,,7.3960189819335938,,35.200000000000003,58.780467987060547,,20.160793304443359,
35.299999999999997,11.382667541503906,,9.3173751831054688,,,,,,,35.299999999999997,8.2860031127929688,,7.3576889038085938,,35.299999999999997,55.568832397460938,,19.652351379394531,
35.399999999999999,10.943206787109375,,9.0235519409179688,,,,,,,35.399999999999999,8.2604522705078125,,7.3704681396484375,,35.399999999999999,51.291763305664062,,18.198554992675781,
35.5,10.536956787109375,,8.7782669067382812,,,,,,,35.5,8.3524322509765625,,7.4701080322265625,,35.5,44.740741729736328,,15.454483032226562,
35.600000000000001,10.465415954589844,,8.6965103149414062,,,,,,,35.600000000000001,8.6948013305664062,,7.871246337890625,,35.600000000000001,36.899448394775391,,12.781951904296875,
35.700000000000003,10.575286865234375,,8.7118377685546875,,,,,,,35.700000000000003,9.11126708984375,,8.5840911865234375,,35.700000000000003,30.059715270996094,,11.478904724121094,
35.799999999999997,10.595726013183594,,8.7195053100585938,,,,,,,35.799999999999997,9.6222686767578125,,9.22283935546875,,35.799999999999997,24.604789733886719,,10.814605712890625,
35.899999999999999,10.608497619628906,,8.7552719116210938,,,,,,,35.899999999999999,10.373435974121094,,9.7823867797851562,,35.899999999999999,20.199970245361328,,10.173301696777344,
36,10.654487609863281,,8.8447036743164062,,,,,,,36,11.329010009765625,,10.367477416992188,,36,17.116085052490234,,9.37103271484375,
36.100000000000001,10.636604309082031,,8.9213485717773438,,,,,,,36.100000000000001,12.465980529785156,,10.875923156738281,,36.100000000000001,15.452781677246094,,7.945343017578125,
36.200000000000003,10.662155151367188,,8.9468994140625,,,,,,,36.200000000000003,13.628509521484375,,11.312828063964844,,36.200000000000003,14.555976867675781,,6.3024749755859375,
36.299999999999997,10.613609313964844,,8.9315719604492188,,,,,,,36.299999999999997,14.773147583007812,,11.72418212890625,,36.299999999999997,13.781806945800781,,5.0530776977539062,
36.399999999999999,10.490966796875,,8.865142822265625,,,,,,,36.399999999999999,15.856468200683594,,12.107437133789062,,36.399999999999999,12.951431274414062,,4.1792678833007812,
36.5,10.580390930175781,,8.8625869750976562,,,,,,,36.5,16.855472564697266,,12.470245361328125,,36.5,12.38677978515625,,3.5379638671875,
36.600000000000001,10.930427551269531,,9.0056686401367188,,,,,,,36.600000000000001,17.719062805175781,,12.79217529296875,,36.600000000000001,11.809349060058594,,3.0397415161132812,
36.700000000000003,11.359672546386719,,9.22283935546875,,,,,,,36.700000000000003,18.051212310791016,,12.930145263671875,,36.700000000000003,11.160377502441406,,2.702484130859375,
36.799999999999997,11.868110656738281,,9.5371017456054688,,,,,,,36.799999999999997,17.642414093017578,,12.761512756347656,,36.799999999999997,10.697921752929688,,2.4878616333007812,
36.899999999999999,12.60650634765625,,10.009780883789062,,,,,,,36.899999999999999,16.804374694824219,,12.375709533691406,,36.899999999999999,10.115386962890625,,2.4214324951171875,
37,13.549301147460938,,10.615318298339844,,,,,,,37,15.813034057617188,,11.926033020019531,,37,9.47918701171875,,2.5108566284179688,
37.100000000000001,14.530426025390625,,11.236183166503906,,,,,,,37.100000000000001,14.737380981445312,,11.486572265625,,37.100000000000001,8.9937362670898438,,2.6130523681640625,
37.200000000000003,15.470664978027344,,11.72418212890625,,,,,,,37.200000000000003,13.551856994628906,,11.141647338867188,,37.200000000000003,8.5542831420898438,,2.702484130859375,
37.299999999999997,16.423679351806641,,12.186637878417969,,,,,,,37.299999999999997,12.31268310546875,,10.822273254394531,,37.299999999999997,8.1327056884765625,,2.8455581665039062,
37.399999999999999,16.970447540283203,,12.470245361328125,,,,,,,37.399999999999999,11.285575866699219,,10.487564086914062,,37.399999999999999,7.6446990966796875,,2.9937515258789062,
37.5,16.730278015136719,,12.304168701171875,,,,,,,37.5,10.631492614746094,,10.224403381347656,,37.5,7.3202133178710938,,3.1291656494140625,
37.600000000000001,15.968887329101562,,11.880043029785156,,,,,,,37.600000000000001,10.266128540039062,,10.004669189453125,,37.600000000000001,7.4173049926757812,,3.417877197265625,
37.700000000000003,14.992881774902344,,11.39459228515625,,,,,,,37.700000000000003,9.9160919189453125,,9.7261734008789062,,37.700000000000003,8.0049514770507812,,4.0515213012695312,
37.799999999999997,14.029647827148438,,10.909141540527344,,,,,,,37.799999999999997,9.5916061401367188,,9.4119110107421875,,37.799999999999997,8.827667236328125,,4.84356689453125,
37.899999999999999,13.056190490722656,,10.40069580078125,,,,,,,37.899999999999999,9.5430679321289062,,9.1666336059570312,,37.899999999999999,9.617156982421875,,5.4414443969726562,
38,12.12872314453125,,9.894805908203125,,,,,,,38,9.88543701171875,,8.9520111083984375,,38,10.575286865234375,,6.0035400390625,
38.100000000000001,11.533409118652344,,9.544769287109375,,,,,,,38.100000000000001,10.616165161132812,,8.7680511474609375,,38.100000000000001,11.886001586914062,,6.749603271484375,
38.200000000000003,11.224250793457031,,9.325042724609375,,,,,,,38.200000000000003,11.489974975585938,,8.6939544677734375,,38.200000000000003,13.370452880859375,,7.4087905883789062,
38.299999999999997,11.047958374023438,,9.1283035278320312,,,,,,,38.299999999999997,12.818572998046875,,8.78082275390625,,38.299999999999997,15.005653381347656,,8.0041046142578125,
38.399999999999999,10.925315856933594,,8.9724502563476562,,,,,,,38.399999999999999,15.80792236328125,,9.4119110107421875,,38.399999999999999,16.679180145263672,,8.7118377685546875,
38.5,10.84100341796875,,8.85491943359375,,,,,,,38.5,20.879600524902344,,10.796722412109375,,38.5,18.066543579101562,,9.4630126953125,
38.600000000000001,10.789901733398438,,8.7757186889648438,,,,,,,38.600000000000001,27.057590484619141,,12.508567810058594,,38.600000000000001,19.346599578857422,,10.173301696777344,
38.700000000000003,10.634048461914062,,8.716949462890625,,,,,,,38.700000000000003,33.419536590576172,,14.222976684570312,,38.700000000000003,20.603660583496094,,10.740509033203125,
38.799999999999997,10.332557678222656,,8.5815353393554688,,,,,,,38.799999999999997,39.505546569824219,,15.980812072753906,,38.799999999999997,21.715084075927734,,11.146759033203125,
38.899999999999999,10.135826110839844,,8.4384536743164062,,,,,,,38.899999999999999,45.032012939453125,,17.659450531005859,,38.899999999999999,22.379383087158203,,11.425247192382812,
39,10.102607727050781,,8.3643569946289062,,,,,,,39,50.279983520507812,,19.069808959960938,,39,22.231193542480469,,11.450798034667969,
39.100000000000001,10.115386962890625,,8.313262939453125,,,,,,,39.100000000000001,55.872879028320312,,20.222114562988281,,39.100000000000001,21.163204193115234,,11.105873107910156,
39.200000000000003,10.138381958007812,,8.2902679443359375,,,,,,,39.200000000000003,61.989547729492188,,21.277328491210938,,39.200000000000003,19.418140411376953,,10.502899169921875,
39.299999999999997,10.140937805175781,,8.2596054077148438,,,,,,,39.299999999999997,68.070449829101562,,22.649364471435547,,39.299999999999997,17.323040008544922,,9.95867919921875,
39.399999999999999,10.192031860351562,,8.2544937133789062,,,,,,,39.399999999999999,73.489601135253906,,24.289676666259766,,39.399999999999999,15.210052490234375,,9.5345535278320312,
39.5,10.534400939941406,,8.4001312255859375,,,,,,,39.5,77.687469482421875,,25.886550903320312,,39.5,13.378120422363281,,9.0363235473632812,
39.600000000000001,11.106727600097656,,8.8804702758789062,,,,,,,39.600000000000001,79.468299865722656,,27.194709777832031,,39.600000000000001,11.934547424316406,,8.6173019409179688,
39.700000000000003,11.676490783691406,,9.5524368286132812,,,,,,,39.700000000000003,79.552619934082031,,27.887115478515625,,39.700000000000003,10.810340881347656,,8.3388137817382812,
39.799999999999997,12.486427307128906,,10.186073303222656,,,,,,,39.799999999999997,79.483634948730469,,27.733814239501953,,39.799999999999997,9.9263153076171875,,7.9862213134765625,
39.899999999999999,13.740928649902344,,10.799278259277344,,,,,,,39.899999999999999,78.139701843261719,,27.020969390869141,,39.899999999999999,9.379547119140625,,7.6540679931640625,
40,15.230491638183594,0,11.43035888671875,7.237635612487793,,,,,,40,74.560150146484375,11.111110687255859,25.9095458984375,6.5741415023803711,40,9.1598129272460938,10.544815063476562,7.4215621948242188,14.516129493713379
40.100000000000001,16.707283020019531,,12.0384521484375,,,,,,,40.100000000000001,67.868598937988281,,23.219131469726562,,40.100000000000001,9.0550613403320312,,7.2350540161132812,
40.200000000000003,18.043548583984375,,12.554557800292969,,,,,,,40.200000000000003,58.190261840820312,,19.118354797363281,,40.200000000000003,9.00140380859375,,7.1430740356445312,
40.299999999999997,19.185634613037109,,13.027236938476562,,,,,,,40.299999999999997,47.428604125976562,,15.280746459960938,,40.299999999999997,9.0167312622070312,,7.079193115234375,
40.399999999999999,20.153980255126953,,13.466697692871094,,,,,,,40.399999999999999,37.550971984863281,,12.592887878417969,,40.399999999999999,9.065277099609375,,7.0204315185546875,
40.5,20.894927978515625,,13.809066772460938,,,,,,,40.5,29.842536926269531,,11.297500610351562,,40.5,9.0601730346679688,,7.0306472778320312,
40.600000000000001,20.84893798828125,,13.852500915527344,,,,,,,40.600000000000001,24.369728088378906,,11.029228210449219,,40.600000000000001,9.1061630249023438,,7.1226272583007812,
40.700000000000003,19.778392791748047,,13.425811767578125,,,,,,,40.700000000000003,20.736518859863281,,11.149307250976562,,40.700000000000003,9.6069412231445312,,7.5416488647460938,
40.799999999999997,18.214733123779297,,12.730857849121094,,,,,,,40.799999999999997,18.08953857421875,,11.174858093261719,,40.799999999999997,10.483306884765625,,8.4180145263671875,
40.899999999999999,16.523323059082031,,12.069107055664062,,,,,,,40.899999999999999,16.421123504638672,,10.183517456054688,,40.899999999999999,11.620277404785156,,9.378692626953125,
41,14.880462646484375,,11.466133117675781,,,,,,,41,16.528434753417969,,7.7843780517578125,,41,13.099624633789062,,10.163078308105469,
41.100000000000001,13.513534545898438,,10.855484008789062,,,,,,,41.100000000000001,16.975559234619141,,5.461883544921875,,41.100000000000001,14.683723449707031,,10.781387329101562,
41.200000000000003,12.517082214355469,,10.270393371582031,,,,,,,41.200000000000003,16.030208587646484,,4.266143798828125,,41.200000000000003,16.221832275390625,,11.333267211914062,
41.299999999999997,11.822120666503906,,9.8104934692382812,,,,,,,41.299999999999997,14.463996887207031,,3.7704696655273438,,41.299999999999997,17.61175537109375,,11.897926330566406,
41.399999999999999,11.354560852050781,,9.4553451538085938,,,,,,,41.399999999999999,13.102180480957031,,3.5354080200195312,,41.399999999999999,18.613315582275391,,12.31439208984375,
41.5,11.037742614746094,,9.1972885131835938,,,,,,,41.5,12.345901489257812,,3.3156814575195312,,41.5,19.407920837402344,,12.552001953125,
41.600000000000001,10.651931762695312,,8.9698944091796875,,,,,,,41.600000000000001,12.335678100585938,,2.986083984375,,41.600000000000001,20.286838531494141,,12.794731140136719,
41.700000000000003,10.258460998535156,,8.734832763671875,,,,,,,41.700000000000003,12.987205505371094,,2.6028366088867188,,41.700000000000003,20.84893798828125,,12.937812805175781,
41.799999999999997,10.10516357421875,,8.5662078857421875,,,,,,,41.799999999999997,13.955551147460938,,2.3166732788085938,,41.799999999999997,20.519344329833984,,12.802398681640625,
41.899999999999999,10.051506042480469,,8.4691162109375,,,,,,,41.899999999999999,14.849800109863281,,2.388214111328125,,41.899999999999999,19.203517913818359,,12.401260375976562,
42,10.005516052246094,,8.423126220703125,,,,,,,42,15.562644958496094,,3.2799072265625,,42,17.463565826416016,,12.05633544921875,
42.100000000000001,9.9978561401367188,,8.4205703735351562,,,,,,,42.100000000000001,16.418567657470703,,5.4848785400390625,,42.100000000000001,15.590747833251953,,11.644981384277344,
42.200000000000003,10.041290283203125,,8.441009521484375,,,,,,,42.200000000000003,18.876480102539062,,8.0296554565429688,,42.200000000000003,13.666831970214844,,11.123764038085938,
42.299999999999997,10.312118530273438,,8.5457687377929688,,,,,,,42.299999999999997,23.575122833251953,,9.9637908935546875,,42.299999999999997,11.993309020996094,,10.640869140625,
42.399999999999999,10.958534240722656,,8.9264602661132812,,,,,,,42.399999999999999,29.515499114990234,,11.591323852539062,,42.399999999999999,10.884437561035156,,10.152862548828125,
42.5,11.865562438964844,,9.6393051147460938,,,,,,,42.5,35.742034912109375,,13.083442687988281,,42.5,10.3453369140625,,9.8258209228515625,
42.600000000000001,12.816017150878906,,10.318939208984375,,,,,,,42.600000000000001,41.807601928710938,,14.417152404785156,,42.600000000000001,10.059173583984375,,9.618865966796875,
42.700000000000003,13.881454467773438,,10.832489013671875,,,,,,,42.700000000000003,47.747978210449219,,15.556686401367188,,42.700000000000003,9.8777694702148438,,9.4093551635742188,
42.799999999999997,15.158950805664062,,11.325607299804688,,,,,,,42.799999999999997,54.309219360351562,,16.61956787109375,,42.799999999999997,9.7679061889648438,,9.194732666015625,
42.899999999999999,16.479888916015625,,11.821273803710938,,,,,,,42.899999999999999,61.744266510009766,,17.776981353759766,,42.899999999999999,9.7321319580078125,,9.0695419311523438,
43,17.767608642578125,,12.360382080078125,,,,,,,43,68.218635559082031,,19.621688842773438,,43,9.7142486572265625,,9.0133285522460938,
43.100000000000001,19.022113800048828,,12.912261962890625,,,,,,,43.100000000000001,72.720550537109375,,21.895641326904297,,43.100000000000001,9.4919662475585938,,8.9034652709960938,
43.200000000000003,20.256179809570312,,13.441146850585938,,,,,,,43.200000000000003,75.459503173828125,,23.305999755859375,,43.200000000000003,9.2466812133789062,,8.7680511474609375,
43.299999999999997,21.311393737792969,,13.901046752929688,,,,,,,43.299999999999997,75.707344055175781,,23.464408874511719,,43.299999999999997,9.599273681640625,,8.8114852905273438,
43.399999999999999,21.773849487304688,,14.108001708984375,,,,,,,43.399999999999999,73.111465454101562,,22.815441131591797,,43.399999999999999,10.608497619628906,,9.176849365234375,
43.5,21.104438781738281,,13.82183837890625,,,,,,,43.5,68.369384765625,,21.852203369140625,,43.5,11.891105651855469,,9.8360443115234375,
43.600000000000001,19.533115386962891,,13.137100219726562,,,,,,,43.600000000000001,61.884792327880859,,20.063705444335938,,43.600000000000001,13.240150451660156,,10.536109924316406,
43.700000000000003,17.739505767822266,,12.370597839355469,,,,,,,43.700000000000003,53.483955383300781,,16.936386108398438,,43.700000000000003,14.637733459472656,,11.116096496582031,
43.799999999999997,15.971443176269531,,11.675643920898438,,,,,,,43.799999999999997,44.209304809570312,,13.530570983886719,,43.799999999999997,16.009769439697266,,11.647537231445312,
43.899999999999999,14.395011901855469,,11.059883117675781,,,,,,,43.899999999999999,36.033302307128906,,11.343490600585938,,43.899999999999999,17.116085052490234,,12.076774597167969,
44,13.15838623046875,,10.520782470703125,,,,,,,44,29.929409027099609,,10.860595703125,,44,18.000114440917969,,12.334831237792969,
44.100000000000001,12.253921508789062,,10.063438415527344,,,,,,,44.100000000000001,24.954822540283203,,11.1927490234375,,44.100000000000001,18.873924255371094,,12.539230346679688,
44.200000000000003,11.610061645507812,,9.6571884155273438,,,,,,,44.200000000000003,20.018562316894531,,10.852928161621094,,44.200000000000003,19.482013702392578,,12.705307006835938,
44.299999999999997,11.170600891113281,,9.3378143310546875,,,,,,,44.299999999999997,16.569313049316406,,9.1053085327148438,,44.299999999999997,19.354263305664062,,12.697639465332031,
44.399999999999999,10.784797668457031,,9.1231918334960938,,,,,,,44.399999999999999,15.5703125,,6.6985015869140625,,44.399999999999999,18.288829803466797,,12.357826232910156,
44.5,10.360664367675781,,8.8779144287109375,,,,,,,44.5,15.889682769775391,,4.6417236328125,,44.5,16.684288024902344,,11.775283813476562,
44.600000000000001,10.071952819824219,,8.653076171875,,,,,,,44.600000000000001,16.520767211914062,,3.2926864624023438,,44.600000000000001,14.946891784667969,,11.197853088378906,
44.700000000000003,9.9569778442382812,,8.5253219604492188,,,,,,,44.700000000000003,16.643409729003906,,2.6079483032226562,,44.700000000000003,13.224822998046875,,10.645973205566406,
44.799999999999997,9.9160919189453125,,8.4461212158203125,,,,,,,44.799999999999997,16.193729400634766,,2.2655792236328125,,44.799999999999997,11.83489990234375,,10.104316711425781,
44.899999999999999,9.9186477661132812,,8.4205703735351562,,,,,,,44.899999999999999,15.429786682128906,,2.0688400268554688,,44.899999999999999,11.02496337890625,,9.7210617065429688,
45,9.9416427612304688,,8.4205703735351562,,,,,,,45,14.486991882324219,,1.9921875,,45,10.692817687988281,,9.4655685424804688,
45.100000000000001,10.092391967773438,,8.4921112060546875,,,,,,,45.100000000000001,13.424110412597656,,2.0228500366210938,,45.100000000000001,10.4552001953125,,9.1921768188476562,
45.200000000000003,10.593170166015625,,8.791046142578125,,,,,,,45.200000000000003,12.187492370605469,,2.1352691650390625,,45.200000000000003,10.169036865234375,,8.9724502563476562,
45.299999999999997,11.436317443847656,,9.4757843017578125,,,,,,,45.299999999999997,10.863998413085938,,2.2246932983398438,,45.299999999999997,9.9288711547851562,,8.8242568969726562,
45.399999999999999,12.348457336425781,,10.262725830078125,,,,,,,45.399999999999999,9.7960128784179688,,2.2655792236328125,,45.399999999999999,9.8087844848632812,,8.6939544677734375,
45.5,13.411331176757812,,10.850372314453125,,,,,,,45.5,9.2569046020507812,,2.296234130859375,,45.5,9.7985610961914062,,8.607086181640625,
45.600000000000001,14.785926818847656,,11.422698974609375,,,,,,,45.600000000000001,8.9911880493164062,,2.3728866577148438,,45.600000000000001,10.143486022949219,,8.6019744873046875,
45.700000000000003,16.237163543701172,,12.02056884765625,,,,,,,45.700000000000003,8.8762130737304688,,2.518524169921875,,45.700000000000003,11.219146728515625,,8.9034652709960938,
45.799999999999997,17.657745361328125,,12.595443725585938,,,,,,,45.799999999999997,8.8608779907226562,,2.7638015747070312,,45.799999999999997,12.741920471191406,,9.5805435180664062,
45.899999999999999,19.014450073242188,,13.147323608398438,,,,,,,45.899999999999999,8.9503021240234375,,3.474090576171875,,45.899999999999999,14.451217651367188,,10.3828125,
46,20.179527282714844,,13.632766723632812,,,,,,,46,9.33355712890625,,4.73370361328125,,46,16.244827270507812,,11.141647338867188,
46.100000000000001,21.035453796386719,,13.998138427734375,,,,,,,46.100000000000001,9.9416427612304688,,6.2130508422851562,,46.100000000000001,17.834037780761719,,11.757400512695312,
46.200000000000003,21.285842895507812,,14.085006713867188,,,,,,,46.200000000000003,10.738807678222656,,7.8456954956054688,,46.200000000000003,19.234180450439453,,12.250518798828125,
46.299999999999997,20.629207611083984,,13.760520935058594,,,,,,,46.299999999999997,11.965202331542969,,9.3352584838867188,,46.299999999999997,20.373710632324219,,12.64398193359375,
46.399999999999999,19.157527923583984,,13.08599853515625,,,,,,,46.399999999999999,13.763923645019531,,10.3087158203125,,46.399999999999999,21.091663360595703,,12.761512756347656,
46.5,17.3358154296875,,12.265846252441406,,,,,,,46.5,15.856468200683594,,10.962799072265625,,46.5,21.569450378417969,,12.623542785644531,
46.600000000000001,15.577972412109375,,11.517227172851562,,,,,,,46.600000000000001,17.8135986328125,,11.509567260742188,,46.600000000000001,21.643543243408203,,12.337387084960938,
46.700000000000003,14.062858581542969,,10.911697387695312,,,,,,,46.700000000000003,19.474349975585938,,11.9285888671875,,46.700000000000003,20.552558898925781,,11.754844665527344,
46.799999999999997,12.86456298828125,,10.410919189453125,,,,,,,46.799999999999997,20.882152557373047,,12.230072021484375,,46.799999999999997,18.168743133544922,,10.942352294921875,
46.899999999999999,11.977981567382812,,9.99700927734375,,,,,,,46.899999999999999,22.174983978271484,,12.506011962890625,,46.899999999999999,15.296920776367188,,10.094093322753906,
47,11.354560852050781,,9.6623001098632812,,,,,,,47,23.460147857666016,,12.807502746582031,,47,13.360237121582031,,8.8702468872070312,
47.100000000000001,10.940650939941406,,9.3863601684570312,,,,,,,47.100000000000001,24.592014312744141,,13.047676086425781,,47.100000000000001,12.989761352539062,,6.9769973754882812,
47.200000000000003,10.697921752929688,,9.1845169067382812,,,,,,,47.200000000000003,25.115787506103516,,13.226524353027344,,47.200000000000003,13.291252136230469,,5.0914077758789062,
47.299999999999997,10.401542663574219,,9.0439910888671875,,,,,,,47.299999999999997,24.706989288330078,,13.231636047363281,,47.299999999999997,13.281028747558594,,3.8956680297851562,
47.399999999999999,10.015739440917969,,8.8855819702148438,,,,,,,47.399999999999999,23.600673675537109,,12.958251953125,,47.399999999999999,12.841567993164062,,3.2748031616210938,
47.5,9.7909011840820312,,8.762939453125,,,,,,,47.5,21.822395324707031,,12.419143676757812,,47.5,12.381668090820312,,2.9068832397460938,
47.600000000000001,9.7040328979492188,,8.7195053100585938,,,,,,,47.600000000000001,19.56121826171875,,11.839157104492188,,47.600000000000001,12.23858642578125,,2.6232757568359375,
47.700000000000003,9.783233642578125,,8.7578277587890625,,,,,,,47.700000000000003,17.225948333740234,,11.404808044433594,,47.700000000000003,12.527305603027344,,2.56451416015625,
47.799999999999997,10.324897766113281,,9.0312118530273438,,,,,,,47.799999999999997,15.084861755371094,,10.95257568359375,,47.799999999999997,12.652496337890625,,3.0652923583984375,
47.899999999999999,11.234474182128906,,9.618865966796875,,,,,,,47.899999999999999,13.457321166992188,,10.543777465820312,,47.899999999999999,12.11083984375,,3.8547821044921875,
48,12.292243957519531,,10.29083251953125,,,,,,,48,12.315238952636719,,10.214179992675781,,48,11.142494201660156,,4.209930419921875,
48.100000000000001,13.562080383300781,,10.881034851074219,,,,,,,48.100000000000001,11.395439147949219,,9.8513717651367188,,48.100000000000001,10.048957824707031,,4.1486129760742188,
48.200000000000003,14.934112548828125,,11.440582275390625,,,,,,,48.200000000000003,10.62127685546875,,9.3965835571289062,,48.200000000000003,9.1087112426757812,,3.99786376953125,
48.299999999999997,16.206504821777344,,11.938804626464844,,,,,,,48.299999999999997,10.151153564453125,,8.8983535766601562,,48.299999999999997,8.5772781372070312,,3.7883529663085938,
48.399999999999999,17.443122863769531,,12.437026977539062,,,,,,,48.399999999999999,9.9365310668945312,,8.5355453491210938,,48.399999999999999,8.4469680786132812,,3.583953857421875,
48.5,18.654193878173828,,12.932701110839844,,,,,,,48.5,9.8675460815429688,,8.3158187866210938,,48.5,9.5405120849609375,,3.474090576171875,
48.600000000000001,19.648090362548828,,13.326171875,,,,,,,48.600000000000001,9.8190078735351562,,8.1497421264648438,,48.600000000000001,12.430213928222656,,3.9646530151367188,
48.700000000000003,20.189750671386719,,13.566337585449219,,,,,,,48.700000000000003,9.7321319580078125,,7.9964370727539062,,48.700000000000003,17.895359039306641,,5.0403060913085938,
48.799999999999997,19.954689025878906,,13.41815185546875,,,,,,,48.799999999999997,9.7040328979492188,,7.8814620971679688,,48.799999999999997,26.429058074951172,,6.5528640747070312,
48.899999999999999,18.891807556152344,,12.90203857421875,,,,,,,48.899999999999999,9.7500228881835938,,7.8201446533203125,,48.899999999999999,36.751258850097656,,8.3745803833007812,
49,17.369029998779297,,12.253067016601562,,,,,,,49,9.8496627807617188,,7.8048171997070312,,49,47.551242828369141,,10.232063293457031,
49.100000000000001,15.713390350341797,,11.611763000488281,,,,,,,49.100000000000001,9.7755661010742188,,7.7945938110351562,,49.100000000000001,57.758468627929688,,12.7001953125,
49.200000000000003,14.052642822265625,,10.965347290039062,,,,,,,49.200000000000003,9.535400390625,,7.6898422241210938,,49.200000000000003,66.91558837890625,,15.911827087402344,
49.299999999999997,12.729148864746094,,10.372589111328125,,,,,,,49.299999999999997,9.4587478637695312,,7.5927505493164062,,49.299999999999997,74.652130126953125,,19.128574371337891,
49.399999999999999,11.914100646972656,,9.930572509765625,,,,,,,49.399999999999999,9.525177001953125,,7.577423095703125,,49.399999999999999,78.819328308105469,,21.681018829345703,
49.5,11.397994995117188,,9.5779876708984375,,,,,,,49.5,9.6222686767578125,,7.5723114013671875,,49.5,79.552619934082031,,22.986625671386719,
49.600000000000001,11.063285827636719,,9.3480377197265625,,,,,,,49.600000000000001,9.6989212036132812,,7.5518722534179688,,49.600000000000001,79.475967407226562,,22.835880279541016,
49.700000000000003,10.787345886230469,,9.1921768188476562,,,,,,,49.700000000000003,9.7295761108398438,,7.5697555541992188,,49.700000000000003,77.286331176757812,,21.859870910644531,
49.799999999999997,10.460311889648438,,9.0925369262695312,,,,,,,49.799999999999997,9.765350341796875,,7.6157455444335938,,49.799999999999997,71.757308959960938,,20.528713226318359,
49.899999999999999,10.143486022949219,,9.0056686401367188,,,,,,,49.899999999999999,9.8624420166015625,,7.6591796875,,49.899999999999999,65.083648681640625,,18.760654449462891,
50,9.9441986083984375,0,8.7936019897460938,5.4102797508239746,,,,,,50,10.112831115722656,12.482663154602051,7.8227005004882812,11.560693740844727,50,58.254135131835938,6.6889634132385254,16.571022033691406,10.330578804016113
50.100000000000001,9.801116943359375,,8.5585403442382812,,,,,,,50.100000000000001,10.442420959472656,,8.3643569946289062,,50.100000000000001,50.939170837402344,,14.064567565917969,
50.200000000000003,9.8624420166015625,,8.5534286499023438,,,,,,,50.200000000000003,10.774574279785156,,9.1742935180664062,,50.200000000000003,43.746849060058594,,11.685859680175781,
50.299999999999997,10.488410949707031,,8.92901611328125,,,,,,,50.299999999999997,11.346893310546875,,9.9561233520507812,,50.299999999999997,37.300582885742188,,9.9765625,
50.399999999999999,11.423545837402344,,9.526885986328125,,,,,,,50.399999999999999,12.169601440429688,,10.605094909667969,,50.399999999999999,32.124153137207031,,9.0695419311523438,
50.5,12.4046630859375,,10.239730834960938,,,,,,,50.5,13.063850402832031,,11.116096496582031,,50.5,28.35552978515625,,8.7859344482421875,
50.600000000000001,13.562080383300781,,10.973014831542969,,,,,,,50.600000000000001,13.963211059570312,,11.547889709472656,,50.600000000000001,25.371288299560547,,8.67095947265625,
50.700000000000003,14.831916809082031,,11.588768005371094,,,,,,,50.700000000000003,14.847244262695312,,11.923477172851562,,50.700000000000003,21.998687744140625,,8.4537887573242188,
50.799999999999997,16.050647735595703,,12.132987976074219,,,,,,,50.799999999999997,15.726165771484375,,12.293952941894531,,50.799999999999997,17.729282379150391,,8.136962890625,
50.899999999999999,17.141635894775391,,12.631210327148438,,,,,,,50.899999999999999,16.602527618408203,,12.654205322265625,,50.899999999999999,14.280036926269531,,7.4701080322265625,
51,18.148303985595703,,13.040008544921875,,,,,,,51,17.381805419921875,,12.932701110839844,,51,12.580955505371094,,6.3765716552734375,
51.100000000000001,18.891807556152344,,13.259742736816406,,,,,,,51.100000000000001,17.788047790527344,,13.101333618164062,,51.100000000000001,11.68670654296875,,5.2830276489257812,
51.200000000000003,19.119205474853516,,13.292953491210938,,,,,,,51.200000000000003,17.609199523925781,,13.029792785644531,,51.200000000000003,11.009635925292969,,4.4271087646484375,
51.299999999999997,18.746173858642578,,13.070671081542969,,,,,,,51.299999999999997,16.835033416748047,,12.6644287109375,,51.299999999999997,10.498634338378906,,3.7449188232421875,
51.399999999999999,17.987339019775391,,12.654205322265625,,,,,,,51.399999999999999,15.631629943847656,,12.07421875,,51.399999999999999,10.153709411621094,,3.2645797729492188,
51.5,17.154407501220703,,12.250518798828125,,,,,,,51.5,14.269813537597656,,11.466133117675781,,51.5,9.5711669921875,,2.9809722900390625,
51.600000000000001,16.278045654296875,,11.823829650878906,,,,,,,51.600000000000001,13.025527954101562,,10.957687377929688,,51.600000000000001,8.6385955810546875,,2.8072357177734375,
51.700000000000003,15.378684997558594,,11.381813049316406,,,,,,,51.700000000000003,12.072517395019531,,10.505447387695312,,51.700000000000003,7.7162399291992188,,2.6411590576171875,
51.799999999999997,14.458885192871094,,10.95257568359375,,,,,,,51.799999999999997,11.46697998046875,,10.18096923828125,,51.799999999999997,6.9804000854492188,,2.4137649536132812,
51.899999999999999,13.605514526367188,,10.553993225097656,,,,,,,51.899999999999999,11.127166748046875,,9.95867919921875,,51.899999999999999,6.4923934936523438,,2.1914825439453125,
52,12.762367248535156,,10.134979248046875,,,,,,,52,10.9329833984375,,9.8309326171875,,52,6.2573318481445312,,2.0509567260742188,
52.100000000000001,11.929435729980469,,9.6725234985351562,,,,,,,52.100000000000001,10.700477600097656,,9.7977142333984375,,52.100000000000001,6.13214111328125,,2.0049667358398438,
52.200000000000003,11.39288330078125,,9.2994918823242188,,,,,,,52.200000000000003,10.36322021484375,,9.64697265625,,52.200000000000003,5.8715286254882812,,2.0330734252929688,
52.299999999999997,11.129722595214844,,9.0414352416992188,,,,,,,52.299999999999997,10.161376953125,,9.4579010009765625,,52.299999999999997,5.3886337280273438,,2.0995025634765625,
52.399999999999999,10.955978393554688,,8.8600311279296875,,,,,,,52.399999999999999,10.146041870117188,,9.3965835571289062,,52.399999999999999,4.9696121215820312,,2.1378250122070312,
52.5,10.779685974121094,,8.7476119995117188,,,,,,,52.5,10.225250244140625,,9.3940277099609375,,52.5,4.7779922485351562,,2.130157470703125,
52.600000000000001,10.585502624511719,,8.6556320190429688,,,,,,,52.600000000000001,10.299346923828125,,9.3684768676757812,,52.600000000000001,4.7396621704101562,,2.094390869140625,
52.700000000000003,10.39898681640625,,8.5789794921875,,,,,,,52.700000000000003,10.314674377441406,,9.2892684936523438,,52.700000000000003,4.7549972534179688,,2.0560684204101562,
52.799999999999997,10.232917785644531,,8.4946670532226562,,,,,,,52.799999999999997,10.386215209960938,,9.2586135864257812,,52.799999999999997,4.77032470703125,,2.0535125732421875,
52.899999999999999,10.128158569335938,,8.45123291015625,,,,,,,52.899999999999999,10.738807678222656,,9.3454818725585938,,52.899999999999999,4.8188705444335938,,2.0688400268554688,
53,10.365776062011719,,8.5994186401367188,,,,,,,53,11.589622497558594,,9.6955184936523438,,53,4.7549972534179688,,2.130157470703125,
53.100000000000001,10.838447570800781,,8.9826736450195312,,,,,,,53.100000000000001,12.726593017578125,,10.196296691894531,,53.100000000000001,4.9236221313476562,,2.2349166870117188,
53.200000000000003,11.556404113769531,,9.5805435180664062,,,,,,,53.200000000000003,14.139511108398438,,10.717514038085938,,53.200000000000003,6.0657119750976562,,2.5619583129882812,
53.299999999999997,12.813461303710938,,10.255058288574219,,,,,,,53.299999999999997,15.830917358398438,,11.287277221679688,,53.299999999999997,7.9053115844726562,,3.2952423095703125,
53.399999999999999,14.19061279296875,,10.858039855957031,,,,,,,53.399999999999999,17.484004974365234,,11.826385498046875,,53.399999999999999,10.217582702636719,,4.4092178344726562,
53.5,15.465553283691406,,11.384368896484375,,,,,,,53.5,18.965904235839844,,12.352714538574219,,53.5,14.075637817382812,,5.7659225463867188,
53.600000000000001,16.771160125732422,,11.8544921875,,,,,,,53.600000000000001,20.164199829101562,,12.812614440917969,,53.600000000000001,19.563774108886719,,7.1686172485351562,
53.700000000000003,18.074207305908203,,12.345046997070312,,,,,,,53.700000000000003,21.163204193115234,,13.170318603515625,,53.700000000000003,25.629344940185547,,8.5023269653320312,
53.799999999999997,19.2852783203125,,12.815170288085938,,,,,,,53.799999999999997,22.065120697021484,,13.476913452148438,,53.799999999999997,31.263118743896484,,9.7031784057617188,
53.899999999999999,20.245960235595703,,13.211196899414062,,,,,,,53.899999999999999,22.800960540771484,,13.775848388671875,,53.899999999999999,36.52386474609375,,10.781387329101562,
54,20.629207611083984,,13.397712707519531,,,,,,,54,23.168880462646484,,13.977691650390625,,54,41.843372344970703,,11.729293823242188,
54.100000000000001,20.130985260009766,,13.208641052246094,,,,,,,54.100000000000001,23.05645751953125,,13.982803344726562,,54.100000000000001,46.876724243164062,,12.57244873046875,
54.200000000000003,19.057884216308594,,12.743629455566406,,,,,,,54.200000000000003,22.182647705078125,,13.642990112304688,,54.200000000000003,51.761882781982422,,13.428367614746094,
54.299999999999997,17.966899871826172,,12.235183715820312,,,,,,,54.299999999999997,20.289394378662109,,12.8841552734375,,54.299999999999997,56.971527099609375,,14.317512512207031,
54.399999999999999,16.9678955078125,,11.731849670410156,,,,,,,54.399999999999999,17.828929901123047,,11.972023010253906,,54.399999999999999,62.232273101806641,,15.163215637207031,
54.5,15.999549865722656,,11.241287231445312,,,,,,,54.5,15.636737823486328,,10.911697387695312,,54.5,66.568107604980469,,15.985923767089844,
54.600000000000001,15.049087524414062,,10.773727416992188,,,,,,,54.600000000000001,14.441001892089844,,9.4451217651367188,,54.600000000000001,70.037796020507812,,16.816299438476562,
54.700000000000003,14.15228271484375,,10.316383361816406,,,,,,,54.700000000000003,14.113960266113281,,7.9249038696289062,,54.700000000000003,72.559585571289062,,17.593021392822266,
54.799999999999997,13.319351196289062,,9.894805908203125,,,,,,,54.799999999999997,13.917221069335938,,6.8543548583984375,,54.799999999999997,73.356742858886719,,18.206218719482422,
54.899999999999999,12.583511352539062,,9.5217742919921875,,,,,,,54.899999999999999,13.587631225585938,,6.0801925659179688,,54.899999999999999,72.32452392578125,,18.47705078125,
55,12.021415710449219,,9.2100677490234375,,,,,,,55,13.360237121582031,,5.4491043090820312,,55,69.6571044921875,,18.254764556884766,
55.100000000000001,11.5947265625,,8.9673385620117188,,,,,,,55.100000000000001,13.390892028808594,,4.8691177368164062,,55.100000000000001,66.752067565917969,,17.753986358642578,
55.200000000000003,11.09906005859375,,8.7297286987304688,,,,,,,55.200000000000003,13.9146728515625,,4.1767120361328125,,55.200000000000003,64.000335693359375,,17.161224365234375,
55.299999999999997,10.626380920410156,,8.5074386596679688,,,,,,,55.299999999999997,14.645401000976562,,3.52008056640625,,55.299999999999997,59.250587463378906,,15.998703002929688,
55.399999999999999,10.381103515625,,8.3566970825195312,,,,,,,55.399999999999999,14.872795104980469,,3.1955947875976562,,55.399999999999999,52.170684814453125,,13.975143432617188,
55.5,10.243133544921875,,8.2647171020507812,,,,,,,55.5,14.645401000976562,,3.1214981079101562,,55.5,44.860828399658203,,11.772727966308594,
55.600000000000001,10.169036865234375,,8.2468338012695312,,,,,,,55.600000000000001,14.407783508300781,,3.1777114868164062,,55.600000000000001,38.777374267578125,,9.9765625,
55.700000000000003,10.299346923828125,,8.3337020874023438,,,,,,,55.700000000000003,14.653060913085938,,3.675933837890625,,55.700000000000003,34.017406463623047,,8.7322769165039062,
55.799999999999997,10.853782653808594,,8.6454086303710938,,,,,,,55.799999999999997,15.378684997558594,,5.2728118896484375,,55.799999999999997,30.182353973388672,,8.0015487670898438,
55.899999999999999,11.658607482910156,,9.2458343505859375,,,,,,,55.899999999999999,17.478893280029297,,7.5135421752929688,,55.899999999999999,26.927284240722656,,7.5748672485351562,
56,12.537521362304688,,9.9254684448242188,,,,,,,56,21.715084075927734,,9.325042724609375,,56,23.771858215332031,,7.3653564453125,
56.100000000000001,13.58251953125,,10.525894165039062,,,,,,,56.100000000000001,27.180229187011719,,10.681747436523438,,56.100000000000001,20.846382141113281,,7.2427139282226562,
56.200000000000003,14.530426025390625,,11.036888122558594,,,,,,,56.200000000000003,33.184478759765625,,11.915809631347656,,56.200000000000003,18.516223907470703,,7.181396484375,
56.299999999999997,15.29437255859375,,11.363929748535156,,,,,,,56.299999999999997,39.643516540527344,,13.134544372558594,,56.299999999999997,16.426235198974609,,7.1686172485351562,
56.399999999999999,16.132408142089844,,11.639869689941406,,,,,,,56.399999999999999,46.174098968505859,,14.360946655273438,,56.399999999999999,14.41033935546875,,7.1277389526367188,
56.5,17.05987548828125,,11.98223876953125,,,,,,,56.5,52.237113952636719,,15.36761474609375,,56.5,12.629501342773438,,7.0459823608398438,
56.600000000000001,17.938793182373047,,12.334831237792969,,,,,,,56.600000000000001,58.384445190429688,,16.680885314941406,,56.600000000000001,11.244697570800781,,6.8977890014648438,
56.700000000000003,18.71551513671875,,12.684867858886719,,,,,,,56.700000000000003,65.231842041015625,,18.259876251220703,,56.700000000000003,10.409210205078125,,6.6678390502929688,
56.799999999999997,19.364482879638672,,12.986358642578125,,,,,,,56.799999999999997,72.235099792480469,,20.311538696289062,,56.799999999999997,9.9901885986328125,,6.2641525268554688,
56.899999999999999,19.642978668212891,,13.093666076660156,,,,,,,56.899999999999999,77.600593566894531,,22.447521209716797,,56.899999999999999,9.6886978149414062,,5.7327117919921875,
57,19.382369995117188,,12.879043579101562,,,,,,,57,79.557723999023438,,24.059726715087891,,57,9.4587478637695312,,5.3009185791015625,
57.100000000000001,18.723178863525391,,12.495796203613281,,,,,,,57.100000000000001,79.557723999023438,,24.956531524658203,,57.100000000000001,9.2696762084960938,,4.9994277954101562,
57.200000000000003,17.583648681640625,,11.972023010253906,,,,,,,57.200000000000003,79.557723999023438,,25.19158935546875,,57.200000000000003,9.0218429565429688,,4.7464828491210938,
57.299999999999997,16.147739410400391,,11.333267211914062,,,,,,,57.299999999999997,79.557723999023438,,25.132823944091797,,57.299999999999997,8.6539230346679688,,4.49609375,
57.399999999999999,14.842132568359375,,10.735397338867188,,,,,,,57.399999999999999,79.560279846191406,,25.053619384765625,,57.399999999999999,8.2068023681640625,,4.2303695678710938,
57.5,13.720489501953125,,10.229507446289062,,,,,,,57.5,78.333885192871094,,24.207916259765625,,57.5,7.9001998901367188,,3.9467620849609375,
57.600000000000001,12.793022155761719,,9.7926025390625,,,,,,,57.600000000000001,70.827293395996094,,21.422966003417969,,57.600000000000001,7.6242599487304688,,3.6887130737304688,
,,,,,,,,,,57.700000000000003,58.578620910644531,,17.107566833496094,,57.700000000000003,7.2333450317382812,,3.456207275390625,
,,,,,,,,,,57.799999999999997,47.666217803955078,,13.221412658691406,,57.799999999999997,6.896087646484375,,3.2364730834960938,
,,,,,,,,,,57.899999999999999,39.426342010498047,,10.980682373046875,,57.899999999999999,6.6508026123046875,,3.0474090576171875,
,,,,,,,,,,58,32.854885101318359,,10.178413391113281,,58,6.4387359619140625,,2.8813323974609375,
,,,,,,,,,,58.100000000000001,27.315643310546875,,9.6060867309570312,,58.100000000000001,6.2266769409179688,,2.7305831909179688,
,,,,,,,,,,58.200000000000003,24.078456878662109,,8.2110595703125,,58.200000000000003,6.0376052856445312,,2.60028076171875,
,,,,,,,,,,58.299999999999997,22.522464752197266,,6.2130508422851562,,58.299999999999997,5.9405136108398438,,2.4955291748046875,
,,,,,,,,,,58.399999999999999,20.920478820800781,,4.3427886962890625,,58.399999999999999,5.771881103515625,,2.4418716430664062,
,,,,,,,,,,58.5,19.045108795166016,,2.9733123779296875,,58.5,5.4371795654296875,,2.4469833374023438,
,,,,,,,,,,58.600000000000001,17.144187927246094,,2.26812744140625,,58.600000000000001,5.2046737670898438,,2.4546432495117188,
,,,,,,,,,,58.700000000000003,15.199836730957031,,2.0739517211914062,,58.700000000000003,5.24810791015625,,2.4214324951171875,
,,,,,,,,,,58.799999999999997,13.792030334472656,,2.0228500366210938,,58.799999999999997,5.4014129638671875,,2.370330810546875,
,,,,,,,,,,58.899999999999999,12.486427307128906,,2.0254058837890625,,58.899999999999999,5.460174560546875,,2.3575592041015625,
,,,,,,,,,,59,11.4107666015625,,2.0637283325195312,,59,5.368194580078125,,2.3728866577148438,
,,,,,,,,,,59.100000000000001,11.0428466796875,,2.1454925537109375,,59.100000000000001,5.32220458984375,,2.3498916625976562,
,,,,,,,,,,59.200000000000003,10.401542663574219,,2.260467529296875,,59.200000000000003,5.2276687622070312,,2.2860183715820312,
,,,,,,,,,,59.299999999999997,9.3284454345703125,,2.3447799682617188,,59.299999999999997,4.9057388305664062,,2.2195892333984375,
,,,,,,,,,,59.399999999999999,8.4623031616210938,,2.3473358154296875,,59.399999999999999,4.6987838745117188,,2.1787033081054688,
,,,,,,,,,,59.5,8.017730712890625,,2.3217849731445312,,59.5,4.6579055786132812,,2.1429367065429688,
,,,,,,,,,,59.600000000000001,8.1352615356445312,,2.2860183715820312,,59.600000000000001,4.6936721801757812,,2.0969467163085938,
,,,,,,,,,,59.700000000000003,9.213470458984375,,2.314117431640625,,59.700000000000003,4.7856521606445312,,2.08416748046875,
,,,,,,,,,,59.799999999999997,11.418434143066406,,2.6411590576171875,,59.799999999999997,4.7882080078125,,2.0995025634765625,
,,,,,,,,,,59.899999999999999,14.19061279296875,,3.7985763549804688,,59.899999999999999,4.7268905639648438,,2.1071624755859375,
,,,,,,,,,,60,18.393585205078125,7.4318742752075195,5.8911209106445312,7.5125207901000977,60,4.6170272827148438,7.7319583892822266,2.1378250122070312,7.7120823860168457
,,,,,,,,,,60.100000000000001,24.704433441162109,,8.037322998046875,,60.100000000000001,4.3589706420898438,,2.1608200073242188,
,,,,,,,,,,60.200000000000003,32.862548828125,,9.859039306640625,,60.200000000000003,4.1187973022460938,,2.1557083129882812,
,,,,,,,,,,60.299999999999997,43.013561248779297,,11.54022216796875,,60.299999999999997,4.0293731689453125,,2.1071624755859375,
,,,,,,,,,,60.399999999999999,54.00006103515625,,13.259742736816406,,60.399999999999999,4.0651473999023438,,2.0279617309570312,
,,,,,,,,,,60.5,64.496002197265625,,15.891387939453125,,60.5,4.2210006713867188,,1.9921875,
,,,,,,,,,,60.600000000000001,73.489601135253906,,18.316085815429688,,60.600000000000001,4.36663818359375,,2.0254058837890625,
,,,,,,,,,,60.700000000000003,78.494850158691406,,20.567039489746094,,60.700000000000003,4.4994964599609375,,2.094390869140625,
,,,,,,,,,,60.799999999999997,79.557723999023438,,22.539501190185547,,60.799999999999997,4.5633697509765625,,2.1454925537109375,
,,,,,,,,,,60.899999999999999,79.557723999023438,,23.896205902099609,,60.899999999999999,4.5735931396484375,,2.1940383911132812,
,,,,,,,,,,61,79.557723999023438,,24.384208679199219,,61,4.6476821899414062,,2.2757949829101562,
,,,,,,,,,,61.100000000000001,79.555168151855469,,24.269233703613281,,61.100000000000001,4.7677688598632812,,2.3831024169921875,
,,,,,,,,,,61.200000000000003,79.557723999023438,,24.131263732910156,,61.200000000000003,5.08203125,,2.4853057861328125,
,,,,,,,,,,61.299999999999997,79.557723999023438,,24.167034149169922,,61.299999999999997,5.4857254028320312,,2.518524169921875,
,,,,,,,,,,61.399999999999999,79.557723999023438,,24.225799560546875,,61.399999999999999,5.58026123046875,,2.4750823974609375,
,,,,,,,,,,61.5,79.555168151855469,,24.264125823974609,,61.5,5.4397354125976562,,2.4342041015625,
,,,,,,,,,,61.600000000000001,79.555168151855469,,24.220691680908203,,61.600000000000001,5.386077880859375,,2.3984375,
,,,,,,,,,,61.700000000000003,79.555168151855469,,24.021400451660156,,61.700000000000003,5.4908370971679688,,2.3498916625976562,
,,,,,,,,,,61.799999999999997,79.493850708007812,,23.188468933105469,,61.799999999999997,5.534271240234375,,2.3396682739257812,
,,,,,,,,,,61.899999999999999,75.651130676269531,,20.436733245849609,,61.899999999999999,5.460174560546875,,2.370330810546875,
,,,,,,,,,,62,65.5716552734375,,16.057464599609375,,62,5.340087890625,,2.4239883422851562,
,,,,,,,,,,62.100000000000001,54.324546813964844,,11.98223876953125,,62.100000000000001,5.1152496337890625,,2.4418716430664062,
,,,,,,,,,,62.200000000000003,45.348831176757812,,9.360809326171875,,62.200000000000003,5.0028305053710938,,2.4750823974609375,
,,,,,,,,,,62.299999999999997,37.231597900390625,,8.165069580078125,,62.299999999999997,5.0462646484375,,2.5594024658203125,
,,,,,,,,,,62.399999999999999,28.258438110351562,,7.7715988159179688,,62.399999999999999,5.02838134765625,,2.6079483032226562,
,,,,,,,,,,62.5,20.128429412841797,,7.6285171508789062,,62.5,4.9619522094726562,,2.6181640625,
,,,,,,,,,,62.600000000000001,15.516654968261719,,6.951446533203125,,62.600000000000001,4.982391357421875,,2.6513824462890625,
,,,,,,,,,,62.700000000000003,13.523757934570312,,5.6739425659179688,,62.700000000000003,5.1305770874023438,,2.7178115844726562,
,,,,,,,,,,62.799999999999997,12.12872314453125,,4.3708953857421875,,62.799999999999997,5.2557754516601562,,2.812347412109375,
,,,,,,,,,,62.899999999999999,10.690261840820312,,3.3872222900390625,,62.899999999999999,5.2838821411132812,,2.8838882446289062,
,,,,,,,,,,63,9.4945220947265625,,2.82000732421875,,63,5.2659912109375,,2.9273223876953125,
,,,,,,,,,,63.100000000000001,8.6207122802734375,,2.5210723876953125,,63.100000000000001,5.220001220703125,,2.9605331420898438,
,,,,,,,,,,63.200000000000003,7.9845123291015625,,2.3831024169921875,,63.200000000000003,5.2327804565429688,,3.0090789794921875,
,,,,,,,,,,63.299999999999997,7.427520751953125,,2.30645751953125,,63.299999999999997,5.240447998046875,,3.0908432006835938,
,,,,,,,,,,63.399999999999999,7.0033950805664062,,2.250244140625,,63.399999999999999,5.2557754516601562,,3.1751556396484375,
,,,,,,,,,,63.5,6.655914306640625,,2.2272491455078125,,63.5,5.47039794921875,,3.30035400390625,
,,,,,,,,,,63.600000000000001,6.2675552368164062,,2.1710433959960938,,63.600000000000001,6.4285202026367188,,3.4434280395507812,
,,,,,,,,,,63.700000000000003,6.2649993896484375,,2.0816192626953125,,63.700000000000003,8.8123321533203125,,3.48431396484375,
,,,,,,,,,,63.799999999999997,6.7683334350585938,,2.0254058837890625,,63.799999999999997,12.440437316894531,,3.3744430541992188,
,,,,,,,,,,63.899999999999999,7.3534317016601562,,1.9998550415039062,,63.899999999999999,18.452350616455078,,3.52008056640625,
,,,,,,,,,,64,7.943634033203125,,2.002410888671875,,64,28.17156982421875,,4.2712478637695312,
,,,,,,,,,,64.099999999999994,8.4546356201171875,,2.020294189453125,,64.099999999999994,40.397243499755859,,5.3085784912109375,
,,,,,,,,,,64.200000000000003,8.973297119140625,,2.0713958740234375,,64.200000000000003,52.829872131347656,,6.2590408325195312,
,,,,,,,,,,64.299999999999997,10.6749267578125,,2.3217849731445312,,64.299999999999997,63.89813232421875,,7.5084381103515625,
,,,,,,,,,,64.400000000000006,14.075637817382812,,3.0933990478515625,,64.400000000000006,73.190666198730469,,9.6137542724609375,
,,,,,,,,,,64.5,19.809055328369141,,4.7234878540039062,,64.5,78.453964233398438,,12.362937927246094,
,,,,,,,,,,64.599999999999994,29.364753723144531,,6.7368240356445312,,64.599999999999994,79.557723999023438,,14.664993286132812,
,,,,,,,,,,64.700000000000003,42.632869720458984,,8.6326370239257812,,64.700000000000003,79.557723999023438,,15.853065490722656,
,,,,,,,,,,64.799999999999997,58.491752624511719,,10.426246643066406,,64.799999999999997,79.555168151855469,,16.450935363769531,
,,,,,,,,,,64.900000000000006,73.006706237792969,,12.710418701171875,,64.900000000000006,79.555168151855469,,16.739646911621094,
,,,,,,,,,,65,79.322669982910156,,15.824958801269531,,65,79.557723999023438,,16.806083679199219,
,,,,,,,,,,65.099999999999994,79.555168151855469,,18.216438293457031,,65.099999999999994,79.557723999023438,,16.910835266113281,
,,,,,,,,,,65.200000000000003,79.552619934082031,,19.156681060791016,,65.200000000000003,79.557723999023438,,17.030921936035156,
,,,,,,,,,,65.299999999999997,79.555168151855469,,19.499050140380859,,65.299999999999997,79.560279846191406,,17.0794677734375,
,,,,,,,,,,65.400000000000006,79.557723999023438,,19.545040130615234,,65.400000000000006,79.557723999023438,,16.990043640136719,
,,,,,,,,,,65.5,79.560279846191406,,19.491386413574219,,65.5,79.557723999023438,,16.834182739257812,
,,,,,,,,,,65.599999999999994,79.560279846191406,,19.493938446044922,,65.599999999999994,79.557723999023438,,16.783088684082031,
,,,,,,,,,,65.700000000000003,79.555168151855469,,19.463279724121094,,65.700000000000003,79.555168151855469,,16.772865295410156,
,,,,,,,,,,65.799999999999997,79.555168151855469,,19.276763916015625,,65.799999999999997,79.552619934082031,,16.780532836914062,
,,,,,,,,,,65.900000000000006,78.783561706542969,,18.12701416015625,,65.900000000000006,79.555168151855469,,16.834182739257812,
,,,,,,,,,,66,69.12310791015625,,14.611335754394531,,66,79.555168151855469,,16.905723571777344,
,,,,,,,,,,66.099999999999994,49.214546203613281,,10.924468994140625,,66.099999999999994,79.557723999023438,,16.967048645019531,
,,,,,,,,,,66.200000000000003,31.385757446289062,,8.808929443359375,,66.200000000000003,79.557723999023438,,16.91339111328125,
,,,,,,,,,,66.299999999999997,20.235740661621094,,6.5477523803710938,,66.299999999999997,79.555168151855469,,16.737098693847656,
,,,,,,,,,,66.400000000000006,13.838020324707031,,4.1639404296875,,66.400000000000006,79.557723999023438,,16.624671936035156,
,,,,,,,,,,66.5,11.574287414550781,,2.6973724365234375,,66.5,79.557723999023438,,16.660446166992188,
,,,,,,,,,,66.599999999999994,11.270240783691406,,2.3473358154296875,,66.599999999999994,79.557723999023438,,16.685997009277344,
,,,,,,,,,,66.700000000000003,11.180816650390625,,2.4955291748046875,,66.700000000000003,79.557723999023438,,16.657890319824219,
,,,,,,,,,,66.799999999999997,10.700477600097656,,2.6718215942382812,,66.799999999999997,79.560279846191406,,16.627227783203125,
,,,,,,,,,,66.900000000000006,9.839447021484375,,2.6258316040039062,,66.900000000000006,79.557723999023438,,16.514808654785156,
,,,,,,,,,,67,9.8547744750976562,,2.5849533081054688,,67,79.555168151855469,,16.241424560546875,
,,,,,,,,,,67.099999999999994,10.544624328613281,,2.7970123291015625,,67.099999999999994,78.635368347167969,,15.032913208007812,
,,,,,,,,,,67.200000000000003,10.777130126953125,,3.00396728515625,,67.200000000000003,68.479248046875,,11.956687927246094,
,,,,,,,,,,67.299999999999997,10.21502685546875,,3.095947265625,,67.299999999999997,49.776649475097656,,8.2826004028320312,
,,,,,,,,,,67.400000000000006,9.3182220458984375,,3.1393890380859375,,67.400000000000006,33.595832824707031,,6.0444183349609375,
,,,,,,,,,,67.5,8.6232681274414062,,3.18792724609375,,67.5,22.915935516357422,,4.4322128295898438,
,,,,,,,,,,67.599999999999994,8.4239730834960938,,3.1955947875976562,,67.599999999999994,16.134963989257812,,2.7356948852539062,
,,,,,,,,,,67.700000000000003,9.0269546508789062,,3.2058181762695312,,67.700000000000003,11.878334045410156,,1.9359817504882812,
,,,,,,,,,,67.799999999999997,9.6963653564453125,,3.3591156005859375,,67.799999999999997,9.6503753662109375,,1.86444091796875,
,,,,,,,,,,67.900000000000006,9.6835861206054688,,3.491973876953125,,67.900000000000006,8.2323532104492188,,1.97430419921875,
,,,,,,,,,,68,9.397430419921875,,3.44598388671875,,68,7.1030426025390625,,2.0407333374023438,
,,,,,,,,,,68.099999999999994,8.9809646606445312,,3.3488922119140625,,68.099999999999994,6.3876419067382812,,1.9947433471679688,
,,,,,,,,,,68.200000000000003,8.4674072265625,,3.2926864624023438,,68.200000000000003,5.98394775390625,,1.946197509765625,
,,,,,,,,,,68.299999999999997,8.2962265014648438,,3.2390289306640625,,68.299999999999997,5.6185836791992188,,1.9129867553710938,
,,,,,,,,,,68.400000000000006,9.3514404296875,,3.1368331909179688,,68.400000000000006,5.3298721313476562,,1.892547607421875,
,,,,,,,,,,68.5,12.223258972167969,,3.04229736328125,,68.5,5.1765670776367188,,1.90020751953125,
,,,,,,,,,,68.599999999999994,17.527439117431641,,3.2671356201171875,,68.599999999999994,5.0232696533203125,,1.910430908203125,
,,,,,,,,,,68.700000000000003,27.203224182128906,,4.2073745727539062,,68.700000000000003,4.780548095703125,,1.86444091796875,
,,,,,,,,,,68.799999999999997,39.847919464111328,,5.3980026245117188,,68.799999999999997,4.642578125,,1.8440017700195312,
,,,,,,,,,,68.900000000000006,51.542152404785156,,5.9319992065429688,,68.900000000000006,4.642578125,,1.8695526123046875,
,,,,,,,,,,69,61.284366607666016,,5.8911209106445312,,69,4.6297988891601562,,1.90020751953125,
,,,,,,,,,,69.099999999999994,70.891166687011719,,5.6662826538085938,,69.099999999999994,4.5991363525390625,,1.9487533569335938,
,,,,,,,,,,69.200000000000003,77.802444458007812,,5.7889175415039062,,69.200000000000003,4.5557022094726562,,1.9794158935546875,
,,,,,,,,,,69.299999999999997,79.555168151855469,,7.0485382080078125,,69.299999999999997,4.4790573120117188,,2.0100784301757812,
,,,,,,,,,,69.400000000000006,79.557723999023438,,9.6060867309570312,,69.400000000000006,4.412628173828125,,2.094390869140625,
,,,,,,,,,,69.5,79.557723999023438,,12.061447143554688,,69.5,4.2848739624023438,,2.222137451171875,
,,,,,,,,,,69.599999999999994,79.557723999023438,,13.425811767578125,,69.599999999999994,4.2133331298828125,,2.2809066772460938,
,,,,,,,,,,69.700000000000003,79.557723999023438,,14.0977783203125,,69.700000000000003,4.2874298095703125,,2.260467529296875,
,,,,,,,,,,69.799999999999997,79.560279846191406,,14.414596557617188,,69.799999999999997,4.2899856567382812,,2.242584228515625,
,,,,,,,,,,69.900000000000006,79.557723999023438,,14.759529113769531,,69.900000000000006,4.228668212890625,,2.26812744140625,
,,,,,,,,,,70,79.555168151855469,10.204081535339355,15.390609741210938,12.008005142211914,70,4.18267822265625,7.6628351211547852,2.334564208984375,12.73344612121582
,,,,,,,,,,70.099999999999994,79.557723999023438,,16.146888732910156,,70.099999999999994,4.2210006713867188,,2.4112091064453125,
,,,,,,,,,,70.200000000000003,75.352195739746094,,15.285858154296875,,70.200000000000003,4.2976531982421875,,2.462310791015625,
,,,,,,,,,,70.299999999999997,57.674152374267578,,10.98834228515625,,70.299999999999997,4.25421142578125,,2.664154052734375,
,,,,,,,,,,70.400000000000006,35.89788818359375,,6.0648574829101562,,70.400000000000006,4.18267822265625,,2.9119873046875,
,,,,,,,,,,70.5,23.7003173828125,,3.4587631225585938,,70.5,4.25421142578125,,2.9477615356445312,
,,,,,,,,,,70.599999999999994,18.485565185546875,,2.5031890869140625,,70.599999999999994,4.2669906616210938,,2.8966598510742188,
,,,,,,,,,,70.700000000000003,16.781379699707031,,2.45208740234375,,70.700000000000003,4.1213531494140625,,2.8225631713867188,
,,,,,,,,,,70.799999999999997,16.147739410400391,,2.7612457275390625,,70.799999999999997,4.0779190063476562,,2.7791290283203125,
,,,,,,,,,,70.900000000000006,15.560089111328125,,3.1112823486328125,,70.900000000000006,4.1954498291015625,,2.7050323486328125,
,,,,,,,,,,71,14.548309326171875,,3.3616714477539062,,71,4.4202880859375,,2.536407470703125,
,,,,,,,,,,71.099999999999994,13.033195495605469,,3.4281005859375,,71.099999999999994,4.484161376953125,,2.4035491943359375,
,,,,,,,,,,71.200000000000003,11.587066650390625,,3.3284530639648438,,71.200000000000003,4.3129806518554688,,2.3447799682617188,
,,,,,,,,,,71.299999999999997,10.644271850585938,,3.2237014770507812,,71.299999999999997,4.1801223754882812,,2.334564208984375,
,,,,,,,,,,71.400000000000006,10.005516052246094,,3.2211456298828125,,71.400000000000006,4.1647872924804688,,2.334564208984375,
,,,,,,,,,,71.5,9.3923187255859375,,3.2926864624023438,,71.5,4.2976531982421875,,2.30645751953125,
,,,,,,,,,,71.599999999999994,8.7944488525390625,,3.325897216796875,,71.599999999999994,4.4049606323242188,,2.2860183715820312,
,,,,,,,,,,71.700000000000003,8.1327056884765625,,3.2466964721679688,,71.700000000000003,4.2874298095703125,,2.3677749633789062,
,,,,,,,,,,71.799999999999997,7.4862899780273438,,3.1674880981445312,,71.799999999999997,4.1213531494140625,,2.4035491943359375,
,,,,,,,,,,71.900000000000006,7.0953750610351562,,3.1317214965820312,,71.900000000000006,4.1009140014648438,,2.3447799682617188,
,,,,,,,,,,72,6.8935317993164062,,3.0933990478515625,,72,4.136688232421875,,2.3294525146484375,
,,,,,,,,,,72.099999999999994,6.5486068725585938,,3.11639404296875,,72.099999999999994,4.1750106811523438,,2.3447799682617188,
,,,,,,,,,,72.200000000000003,6.3007659912109375,,3.2058181762695312,,72.200000000000003,4.1647872924804688,,2.3320083618164062,
,,,,,,,,,,72.299999999999997,6.047821044921875,,3.842010498046875,,72.299999999999997,4.1928939819335938,,2.2732391357421875,
,,,,,,,,,,72.400000000000006,5.495941162109375,,5.185943603515625,,72.400000000000006,4.3436431884765625,,2.2195892333984375,
,,,,,,,,,,72.5,4.8009872436523438,,5.699493408203125,,72.5,4.5148239135742188,,2.204254150390625,
,,,,,,,,,,72.599999999999994,4.3308639526367188,,4.9610977172851562,,72.599999999999994,4.6093597412109375,,2.2476882934570312,
,,,,,,,,,,72.700000000000003,4.1520156860351562,,4.2329254150390625,,72.700000000000003,4.5710372924804688,,2.28857421875,
,,,,,,,,,,72.799999999999997,4.338531494140625,,4.376007080078125,,72.799999999999997,4.5531463623046875,,2.3166732788085938,
,,,,,,,,,,72.900000000000006,4.7677688598632812,,4.8589019775390625,,72.900000000000006,4.614471435546875,,2.3575592041015625,
,,,,,,,,,,73,4.8852996826171875,,4.567626953125,,73,4.714111328125,,2.4035491943359375,
,,,,,,,,,,73.099999999999994,4.8699722290039062,,4.1128387451171875,,73.099999999999994,4.7473297119140625,,2.4750823974609375,
,,,,,,,,,,73.200000000000003,4.8086471557617188,,3.9186630249023438,,73.200000000000003,4.7090072631835938,,2.5031890869140625,
,,,,,,,,,,73.299999999999997,5.0232696533203125,,4.25592041015625,,73.299999999999997,4.6757888793945312,,2.4929733276367188,
,,,,,,,,,,73.400000000000006,5.495941162109375,,4.761810302734375,,73.400000000000006,4.5148239135742188,,2.6028366088867188,
,,,,,,,,,,73.5,5.6926803588867188,,4.6034011840820312,,73.5,4.3078689575195312,,2.7408065795898438,
,,,,,,,,,,73.599999999999994,5.736114501953125,,4.3530120849609375,,73.599999999999994,4.2261123657226562,,2.7586898803710938,
,,,,,,,,,,73.700000000000003,5.7846603393554688,,4.301910400390625,,73.700000000000003,4.2107772827148438,,2.7893524169921875,
,,,,,,,,,,73.799999999999997,5.7744369506835938,,4.3044662475585938,,73.799999999999997,4.1801223754882812,,2.82000732421875,
,,,,,,,,,,73.900000000000006,5.679901123046875,,4.2073745727539062,,73.900000000000006,4.1009140014648438,,2.8506698608398438,
,,,,,,,,,,74,5.9302978515625,,4.0591888427734375,,74,4.0395965576171875,,2.9170989990234375,
,,,,,,,,,,74.099999999999994,7.1234817504882812,,4.0847320556640625,,74.099999999999994,4.1239089965820312,,3.180267333984375,
,,,,,,,,,,74.200000000000003,8.8736572265625,,4.347900390625,,74.200000000000003,4.7652130126953125,,3.6887130737304688,
,,,,,,,,,,74.299999999999997,10.618721008300781,,4.6723861694335938,,74.299999999999997,6.0887069702148438,,4.1690521240234375,
,,,,,,,,,,74.400000000000006,12.210487365722656,,5.10162353515625,,74.400000000000006,7.5629425048828125,,4.4219970703125,
,,,,,,,,,,74.5,13.825241088867188,,5.7991409301757812,,74.5,8.8046722412109375,,4.6774978637695312,
,,,,,,,,,,74.599999999999994,15.460441589355469,,6.491546630859375,,74.599999999999994,10.370887756347656,,5.24981689453125,
,,,,,,,,,,74.700000000000003,16.773712158203125,,7.0280990600585938,,74.700000000000003,12.660163879394531,,6.159393310546875,
,,,,,,,,,,74.799999999999997,17.826374053955078,,7.4828872680664062,,74.799999999999997,15.381240844726562,,7.2069473266601562,
,,,,,,,,,,74.900000000000006,18.927577972412109,,8.0347671508789062,,74.900000000000006,18.536663055419922,,8.1165237426757812,
,,,,,,,,,,75,20.192302703857422,,8.7016220092773438,,75,22.197978973388672,,8.8676986694335938,
,,,,,,,,,,75.099999999999994,21.316505432128906,,9.2918243408203125,,75.099999999999994,25.974269866943359,,9.5396575927734375,
,,,,,,,,,,75.200000000000003,22.305290222167969,,9.7926025390625,,75.200000000000003,29.451622009277344,,10.239730834960938,
,,,,,,,,,,75.299999999999997,23.521469116210938,,10.226959228515625,,75.299999999999997,32.277454376220703,,10.965347290039062,
,,,,,,,,,,75.400000000000006,24.482147216796875,,10.541221618652344,,75.400000000000006,33.996967315673828,,11.54022216796875,
,,,,,,,,,,75.5,24.819408416748047,,10.80438232421875,,75.5,34.934654235839844,,11.972023010253906,
,,,,,,,,,,75.599999999999994,24.678882598876953,,11.052223205566406,,75.599999999999994,35.726703643798828,,12.38848876953125,
,,,,,,,,,,75.700000000000003,24.382503509521484,,11.17230224609375,,75.700000000000003,35.908107757568359,,12.641433715820312,
,,,,,,,,,,75.799999999999997,24.305854797363281,,11.289833068847656,,75.799999999999997,35.315349578857422,,12.6260986328125,
,,,,,,,,,,75.900000000000006,24.441268920898438,,11.553001403808594,,75.900000000000006,34.640827178955078,,12.511123657226562,
,,,,,,,,,,76,24.658443450927734,,11.900482177734375,,76,33.388877868652344,,12.342498779296875,
,,,,,,,,,,76.099999999999994,24.571575164794922,,12.086997985839844,,76.099999999999994,30.711238861083984,,11.79827880859375,
,,,,,,,,,,76.200000000000003,23.559795379638672,,11.949028015136719,,76.200000000000003,26.894069671630859,,11.016448974609375,
,,,,,,,,,,76.299999999999997,20.836162567138672,,11.527450561523438,,76.299999999999997,22.381938934326172,,10.617874145507812,
,,,,,,,,,,76.400000000000006,17.113529205322266,,11.13653564453125,,76.400000000000006,17.731838226318359,,10.40069580078125,
,,,,,,,,,,76.5,13.779251098632812,,10.837600708007812,,76.5,14.037307739257812,,9.8564834594726562,
,,,,,,,,,,76.599999999999994,11.093948364257812,,10.25250244140625,,76.599999999999994,11.840011596679688,,9.130859375,
,,,,,,,,,,76.700000000000003,9.4280929565429688,,9.3582534790039062,,76.700000000000003,10.480751037597656,,8.4921112060546875,
,,,,,,,,,,76.799999999999997,8.8685455322265625,,8.6735153198242188,,76.799999999999997,9.6043853759765625,,7.9530029296875,
,,,,,,,,,,76.900000000000006,8.8123321533203125,,8.3924636840820312,,76.900000000000006,9.25946044921875,,7.5723114013671875,
,,,,,,,,,,77,8.70758056640625,,8.0628738403320312,,77,9.121490478515625,,7.3295822143554688,
,,,,,,,,,,77.099999999999994,8.54150390625,,7.5646438598632812,,77.099999999999994,9.0627212524414062,,7.1405181884765625,
,,,,,,,,,,77.200000000000003,8.2170181274414062,,7.0817489624023438,,77.200000000000003,9.0908279418945312,,7.0025482177734375,
,,,,,,,,,,77.299999999999997,7.7264556884765625,,6.6422882080078125,,77.299999999999997,9.1444854736328125,,6.8850173950195312,
,,,,,,,,,,77.400000000000006,7.4811782836914062,,6.3331375122070312,,77.400000000000006,9.1010513305664062,,6.8109207153320312,
,,,,,,,,,,77.5,7.5348358154296875,,6.1491775512695312,,77.5,8.9400863647460938,,6.7138290405273438,
,,,,,,,,,,77.599999999999994,7.6983566284179688,,6.05975341796875,,77.599999999999994,8.8966522216796875,,6.619293212890625,
,,,,,,,,,,77.700000000000003,7.8312149047851562,,6.0750808715820312,,77.700000000000003,8.9579696655273438,,6.6039657592773438,
,,,,,,,,,,77.799999999999997,7.723907470703125,,6.0546417236328125,,77.799999999999997,9.047393798828125,,6.6371841430664062,
,,,,,,,,,,77.900000000000006,7.4965057373046875,,5.9473342895507812,,77.900000000000006,9.2109146118164062,,6.749603271484375,
,,,,,,,,,,78,7.4505157470703125,,5.83746337890625,,78,9.6197128295898438,,7.061309814453125,
,,,,,,,,,,78.099999999999994,7.5833816528320312,,5.791473388671875,,78.099999999999994,10.513961791992188,,7.687286376953125,
,,,,,,,,,,78.200000000000003,7.869537353515625,,5.8783493041992188,,78.200000000000003,11.824676513671875,,8.5023269653320312,
,,,,,,,,,,78.299999999999997,8.1863632202148438,,6.2258224487304688,,78.299999999999997,13.242706298828125,,9.1819610595703125,
,,,,,,,,,,78.400000000000006,8.4827423095703125,,6.9386672973632812,,78.400000000000006,14.734825134277344,,9.6980667114257812,
,,,,,,,,,,78.5,9.3591079711914062,,7.7562713623046875,,78.5,16.431343078613281,,10.196296691894531,
,,,,,,,,,,78.599999999999994,10.961090087890625,,8.4997787475585938,,78.599999999999994,18.201957702636719,,10.666412353515625,
,,,,,,,,,,78.700000000000003,12.759811401367188,,9.1666336059570312,,78.700000000000003,19.906143188476562,,11.093101501464844,
,,,,,,,,,,78.799999999999997,14.568748474121094,,9.6750717163085938,,78.799999999999997,21.444252014160156,,11.476348876953125,
,,,,,,,,,,78.900000000000006,16.298484802246094,,10.132423400878906,,78.900000000000006,22.844394683837891,,11.823829650878906,
,,,,,,,,,,79,17.739505767822266,,10.551437377929688,,79,24.165328979492188,,12.115097045898438,
,,,,,,,,,,79.099999999999994,18.978679656982422,,10.837600708007812,,79.099999999999994,25.353404998779297,,12.398704528808594,
,,,,,,,,,,79.200000000000003,20.225517272949219,,11.072662353515625,,79.200000000000003,26.096908569335938,,12.654205322265625,
,,,,,,,,,,79.299999999999997,21.480022430419922,,11.348602294921875,,79.299999999999997,26.388179779052734,,12.833053588867188,
,,,,,,,,,,79.400000000000006,22.701313018798828,,11.634757995605469,,79.400000000000006,26.004928588867188,,12.802398681640625,
,,,,,,,,,,79.5,23.756526947021484,,11.892814636230469,,79.5,24.208763122558594,,12.324607849121094,
,,,,,,,,,,79.599999999999994,24.451488494873047,,12.089553833007812,,79.599999999999994,21.211750030517578,,11.662864685058594,
,,,,,,,,,,79.700000000000003,24.71209716796875,,12.247962951660156,,79.700000000000003,17.742057800292969,,11.179969787597656,
,,,,,,,,,,79.799999999999997,24.0682373046875,,12.230072021484375,,79.799999999999997,14.653060913085938,,10.663864135742188,
,,,,,,,,,,79.900000000000006,21.495353698730469,,11.803390502929688,,79.900000000000006,12.591178894042969,,9.9816741943359375,
,,,,,,,,,,80,17.678184509277344,14.975042343139648,11.266838073730469,14.943960189819336,80,11.438873291015625,7.9470200538635254,9.3378143310546875,8.1855392456054688
,,,,,,,,,,80.099999999999994,14.331130981445312,,10.822273254394531,,80.099999999999994,10.728584289550781,,8.9111328125,
,,,,,,,,,,80.200000000000003,11.627944946289062,,10.318939208984375,,80.200000000000003,10.038734436035156,,8.5815353393554688,
,,,,,,,,,,80.299999999999997,9.5583953857421875,,9.7874984741210938,,80.299999999999997,9.5558395385742188,,8.2928237915039062,
,,,,,,,,,,80.400000000000006,8.5057373046875,,9.2816085815429688,,80.400000000000006,9.4306411743164062,,8.1063079833984375,
,,,,,,,,,,80.5,8.1965789794921875,,8.7680511474609375,,80.5,9.415313720703125,,7.9427871704101562,
,,,,,,,,,,80.599999999999994,8.1378173828125,,8.3209228515625,,80.599999999999994,9.4383087158203125,,7.7997055053710938,
,,,,,,,,,,80.700000000000003,8.145477294921875,,8.0628738403320312,,80.700000000000003,9.4842987060546875,,7.669403076171875,
,,,,,,,,,,80.799999999999997,8.1940231323242188,,7.9887771606445312,,80.799999999999997,9.5277328491210938,,7.5569839477539062,
,,,,,,,,,,80.900000000000006,8.0432815551757812,,7.9019088745117188,,80.900000000000006,9.5890579223632812,,7.4828872680664062,
,,,,,,,,,,81,7.7852249145507812,,7.7128372192382812,,81,9.6682586669921875,,7.4598922729492188,
,,,,,,,,,,81.099999999999994,7.6753616333007812,,7.5288772583007812,,81.099999999999994,9.7219161987304688,,7.4675521850585938,
,,,,,,,,,,81.200000000000003,7.7213516235351562,,7.3142547607421875,,81.200000000000003,9.5865020751953125,,7.429229736328125,
,,,,,,,,,,81.299999999999997,7.7928924560546875,,7.1584014892578125,,81.299999999999997,9.4306411743164062,,7.4241180419921875,
,,,,,,,,,,81.400000000000006,7.759674072265625,,7.1558456420898438,,81.400000000000006,9.7909011840820312,,7.595306396484375,
,,,,,,,,,,81.5,7.5603866577148438,,7.1839523315429688,,81.5,10.649375915527344,,8.0168838500976562,
,,,,,,,,,,81.599999999999994,7.2921066284179688,,7.2043914794921875,,81.599999999999994,11.589622497558594,,8.6147537231445312,
,,,,,,,,,,81.700000000000003,7.23590087890625,,7.1941680908203125,,81.700000000000003,12.527305603027344,,9.0797576904296875,
,,,,,,,,,,81.799999999999997,7.3687591552734375,,7.1047439575195312,,81.799999999999997,13.554412841796875,,9.378692626953125,
,,,,,,,,,,81.900000000000006,7.5373916625976562,,7.0868606567382812,,81.900000000000006,14.586631774902344,,9.6699676513671875,
,,,,,,,,,,82,7.67791748046875,,7.1302947998046875,,82,15.485992431640625,,9.9152450561523438,
,,,,,,,,,,82.099999999999994,7.9053115844726562,,7.2120590209960938,,82.099999999999994,16.17584228515625,,10.111984252929688,
,,,,,,,,,,82.200000000000003,8.1020431518554688,,7.3116989135742188,,82.200000000000003,16.553985595703125,,10.206512451171875,
,,,,,,,,,,82.299999999999997,8.3243331909179688,,7.355133056640625,,82.299999999999997,16.405792236328125,,10.163078308105469,
,,,,,,,,,,82.400000000000006,8.8327713012695312,,7.4266738891601562,,82.400000000000006,15.966335296630859,,10.014892578125,
,,,,,,,,,,82.5,9.6146011352539062,,7.5876388549804688,,82.5,15.7900390625,,9.8743667602539062,
,,,,,,,,,,82.599999999999994,10.557395935058594,,7.8559188842773438,,82.599999999999994,16.073642730712891,,9.9024734497070312,
,,,,,,,,,,82.700000000000003,11.742919921875,,8.147186279296875,,82.700000000000003,16.755828857421875,,10.048103332519531,
,,,,,,,,,,82.799999999999997,12.992317199707031,,8.4997787475585938,,82.799999999999997,17.79571533203125,,10.329154968261719,
,,,,,,,,,,82.900000000000006,13.922332763671875,,8.8421478271484375,,82.900000000000006,18.127864837646484,,10.219291687011719,
,,,,,,,,,,83,14.801254272460938,,9.0516586303710938,,83,16.625522613525391,,9.5728759765625,
,,,,,,,,,,83.099999999999994,15.948448181152344,,9.2177276611328125,,83.099999999999994,14.331130981445312,,8.8881378173828125,
,,,,,,,,,,83.200000000000003,17.351142883300781,,9.33270263671875,,83.200000000000003,12.345901489257812,,8.1778488159179688,
,,,,,,,,,,83.299999999999997,18.909694671630859,,9.509002685546875,,83.299999999999997,10.7490234375,,7.5288772583007812,
,,,,,,,,,,83.400000000000006,20.3890380859375,,9.746612548828125,,83.400000000000006,9.7781219482421875,,7.1916122436523438,
,,,,,,,,,,83.5,21.446807861328125,,9.8973617553710938,,83.5,9.305450439453125,,7.071533203125,
,,,,,,,,,,83.599999999999994,22.062564849853516,,9.9075775146484375,,83.599999999999994,8.9451980590820312,,6.8901290893554688,
,,,,,,,,,,83.700000000000003,22.744747161865234,,9.9791183471679688,,83.700000000000003,8.6539230346679688,,6.70361328125,
,,,,,,,,,,83.799999999999997,23.638999938964844,,10.257614135742188,,83.799999999999997,8.4852981567382812,,6.5324249267578125,
,,,,,,,,,,83.900000000000006,24.816852569580078,,10.653640747070312,,83.900000000000006,8.3703231811523438,,6.4046783447265625,
,,,,,,,,,,84,26.237434387207031,,11.208076477050781,,84,8.2221298217773438,,6.3561325073242188,
,,,,,,,,,,84.099999999999994,27.116352081298828,,11.698638916015625,,84.099999999999994,8.0228424072265625,,6.2845916748046875,
,,,,,,,,,,84.200000000000003,26.498043060302734,,11.795722961425781,,84.200000000000003,7.9870681762695312,,6.2258224487304688,
,,,,,,,,,,84.299999999999997,24.597122192382812,,11.432914733886719,,84.299999999999997,8.2476806640625,,6.2615966796875,
,,,,,,,,,,84.400000000000006,22.259300231933594,,10.796722412109375,,84.400000000000006,8.6743621826171875,,6.3791275024414062,
,,,,,,,,,,84.5,19.5433349609375,,10.275497436523438,,84.5,9.2671279907226562,,6.53753662109375,
,,,,,,,,,,84.599999999999994,16.592308044433594,,9.95867919921875,,84.599999999999994,10.038734436035156,,6.7521591186523438,
,,,,,,,,,,84.700000000000003,14.019424438476562,,9.6418609619140625,,84.700000000000003,10.881881713867188,,7.0459823608398438,
,,,,,,,,,,84.799999999999997,12.23858642578125,,9.2560577392578125,,84.799999999999997,11.740364074707031,,7.3960189819335938,
,,,,,,,,,,84.900000000000006,11.02496337890625,,8.8932418823242188,,84.900000000000006,12.445541381835938,,7.7332763671875,
,,,,,,,,,,85,10.077056884765625,,8.458892822265625,,85,13.155838012695312,,7.9427871704101562,
,,,,,,,,,,85.099999999999994,9.4613037109375,,7.998992919921875,,85.099999999999994,14.131843566894531,,8.0782012939453125,
,,,,,,,,,,85.200000000000003,9.1547012329101562,,7.71539306640625,,85.200000000000003,15.202392578125,,8.2263870239257812,
,,,,,,,,,,85.299999999999997,9.0167312622070312,,7.4879989624023438,,85.299999999999997,16.214168548583984,,8.3822479248046875,
,,,,,,,,,,85.400000000000006,9.0218429565429688,,7.2657089233398438,,85.400000000000006,17.080314636230469,,8.5687637329101562,
,,,,,,,,,,85.5,9.2211380004882812,,7.0919723510742188,,85.5,17.7037353515625,,8.7706069946289062,
,,,,,,,,,,85.599999999999994,9.6810379028320312,,7.0408706665039062,,85.599999999999994,18.051212310791016,,8.9085769653320312,
,,,,,,,,,,85.700000000000003,10.115386962890625,,7.071533203125,,85.700000000000003,17.987339019775391,,8.9520111083984375,
,,,,,,,,,,85.799999999999997,10.43731689453125,,7.1124114990234375,,85.799999999999997,17.550434112548828,,8.9060211181640625,
,,,,,,,,,,85.900000000000006,10.76690673828125,,7.2350540161132812,,85.900000000000006,16.909130096435547,,8.7706069946289062,
,,,,,,,,,,86,10.84100341796875,,7.3960189819335938,,86,16.086418151855469,,8.550872802734375,
,,,,,,,,,,86.099999999999994,10.886993408203125,,7.4982147216796875,,86.099999999999994,15.0184326171875,,8.2877120971679688,
,,,,,,,,,,86.200000000000003,11.201255798339844,,7.5927505493164062,,86.200000000000003,13.700050354003906,,8.0347671508789062,
,,,,,,,,,,86.299999999999997,11.571731567382812,,7.67706298828125,,86.299999999999997,12.471092224121094,,7.7537155151367188,
,,,,,,,,,,86.400000000000006,11.712257385253906,,7.687286376953125,,86.400000000000006,11.497642517089844,,7.4547805786132812,
,,,,,,,,,,86.5,11.564071655273438,,7.5620880126953125,,86.5,10.818008422851562,,7.2324981689453125,
,,,,,,,,,,86.599999999999994,11.543632507324219,,7.3142547607421875,,86.599999999999994,10.240577697753906,,7.043426513671875,
,,,,,,,,,,86.700000000000003,11.709701538085938,,7.181396484375,,86.700000000000003,9.7142486572265625,,6.767486572265625,
,,,,,,,,,,86.799999999999997,11.880889892578125,,7.135406494140625,,86.799999999999997,9.4919662475585938,,6.5426483154296875,
,,,,,,,,,,86.900000000000006,12.021415710449219,,7.0587539672851562,,86.900000000000006,9.4357528686523438,,6.4327774047851562,
,,,,,,,,,,87,12.01885986328125,,6.9821090698242188,,87,9.3923187255859375,,6.4046783447265625,
,,,,,,,,,,87.099999999999994,12.013748168945312,,6.9284515380859375,,87.099999999999994,9.2722320556640625,,6.4327774047851562,
,,,,,,,,,,87.200000000000003,11.806793212890625,,6.8492431640625,,87.200000000000003,9.0346221923828125,,6.417449951171875,
,,,,,,,,,,87.299999999999997,11.518081665039062,,6.767486572265625,,87.299999999999997,8.7663421630859375,,6.3382492065429688,
,,,,,,,,,,87.400000000000006,11.847671508789062,,6.7930374145507812,,87.400000000000006,8.5747222900390625,,6.2104949951171875,
,,,,,,,,,,87.5,12.670387268066406,,6.9488906860351562,,87.5,8.551727294921875,,6.1134033203125,
,,,,,,,,,,87.599999999999994,13.590187072753906,,7.153289794921875,,87.599999999999994,8.5772781372070312,,6.1389541625976562,
,,,,,,,,,,87.700000000000003,14.3924560546875,,7.3576889038085938,,87.700000000000003,8.7867813110351562,,6.2079391479492188,
,,,,,,,,,,87.799999999999997,14.954551696777344,,7.6157455444335938,,87.799999999999997,9.4817428588867188,,6.3101425170898438,
,,,,,,,,,,87.900000000000006,15.396568298339844,,8.0500946044921875,,87.900000000000006,10.539512634277344,,6.4557723999023438,
,,,,,,,,,,88,15.828365325927734,,8.5662078857421875,,88,11.709701538085938,,6.6244049072265625,
,,,,,,,,,,88.099999999999994,16.278045654296875,,8.8881378173828125,,88.099999999999994,12.532417297363281,,6.7930374145507812,
,,,,,,,,,,88.200000000000003,16.398128509521484,,8.8957977294921875,,88.200000000000003,12.887557983398438,,6.92333984375,
,,,,,,,,,,88.299999999999997,16.283153533935547,,8.7782669067382812,,88.299999999999997,13.091957092285156,,6.97955322265625,
,,,,,,,,,,88.400000000000006,16.178398132324219,,8.59686279296875,,88.400000000000006,13.214599609375,,7.0306472778320312,
,,,,,,,,,,88.5,15.945892333984375,,8.3004837036132812,,88.5,13.061302185058594,,7.1277389526367188,
,,,,,,,,,,88.599999999999994,15.197280883789062,,8.0628738403320312,,88.599999999999994,12.573295593261719,,7.1558456420898438,
,,,,,,,,,,88.700000000000003,13.998985290527344,,7.9606704711914062,,88.700000000000003,12.473648071289062,,7.1405181884765625,
,,,,,,,,,,88.799999999999997,13.097068786621094,,7.8584671020507812,,88.799999999999997,13.339797973632812,,7.0459823608398438,
,,,,,,,,,,88.900000000000006,12.739372253417969,,7.7307205200195312,,88.900000000000006,14.463996887207031,,6.7368240356445312,
,,,,,,,,,,89,12.734260559082031,,7.6259689331054688,,89,14.995437622070312,,6.5017623901367188,
,,,,,,,,,,89.099999999999994,13.559524536132812,,7.7204971313476562,,89.099999999999994,14.770591735839844,,6.693389892578125,
,,,,,,,,,,89.200000000000003,16.405792236328125,,8.681182861328125,,89.200000000000003,13.705162048339844,,6.9718856811523438,
,,,,,,,,,,89.299999999999997,19.231624603271484,,10.421134948730469,,89.299999999999997,12.547744750976562,,6.94122314453125,
,,,,,,,,,,89.400000000000006,20.097770690917969,,11.862152099609375,,89.400000000000006,12.11083984375,,6.9744415283203125,
,,,,,,,,,,89.5,19.842269897460938,,12.232627868652344,,89.5,11.694374084472656,,6.9156723022460938,
,,,,,,,,,,89.599999999999994,18.753837585449219,,11.407363891601562,,89.599999999999994,11.012191772460938,,6.5911941528320312,
,,,,,,,,,,89.700000000000003,16.316368103027344,,9.7798309326171875,,89.700000000000003,10.754135131835938,,6.4941024780273438,
,,,,,,,,,,89.799999999999997,13.263145446777344,,7.981109619140625,,89.799999999999997,11.428657531738281,,6.5605316162109375,
,,,,,,,,,,89.900000000000006,11.224250793457031,,6.749603271484375,,89.900000000000006,13.089401245117188,,6.6601791381835938,
,,,,,,,,,,90,10.064285278320312,13.921113014221191,6.29736328125,13.186812400817871,90,14.285140991210938,0,6.8109207153320312,10.250569343566895
,,,,,,,,,,90.099999999999994,9.0601730346679688,,6.1670608520507812,,90.099999999999994,13.753707885742188,,6.7393798828125,
,,,,,,,,,,90.200000000000003,8.311553955078125,,6.0290908813476562,,90.200000000000003,13.38067626953125,,6.6039657592773438,
,,,,,,,,,,90.299999999999997,8.017730712890625,,5.8502426147460938,,90.299999999999997,13.715377807617188,,6.7802581787109375,
,,,,,,,,,,90.400000000000006,7.8593215942382812,,5.6713943481445312,,90.400000000000006,13.541641235351562,,6.8901290893554688,
,,,,,,,,,,90.5,7.9385223388671875,,5.7199325561523438,,90.5,12.647392272949219,,6.5324249267578125,
,,,,,,,,,,90.599999999999994,8.3703231811523438,,6.2769241333007812,,90.599999999999994,10.958534240722656,,6.049530029296875,
,,,,,,,,,,90.700000000000003,9.0959396362304688,,7.135406494140625,,90.700000000000003,9.3821029663085938,,5.7812576293945312,
,,,,,,,,,,90.799999999999997,10.054061889648438,,7.6106338500976562,,90.799999999999997,8.5772781372070312,,5.6662826538085938,
,,,,,,,,,,90.900000000000006,11.226806640625,,7.761383056640625,,90.900000000000006,8.2425689697265625,,5.7224884033203125,
,,,,,,,,,,91,12.532417297363281,,8.0219879150390625,,91,8.11737060546875,,5.8527984619140625,
,,,,,,,,,,91.099999999999994,13.743484497070312,,8.3643569946289062,,91.099999999999994,7.961517333984375,,5.8502426147460938,
,,,,,,,,,,91.200000000000003,14.860015869140625,,8.7833786010742188,,91.200000000000003,7.8899765014648438,,5.8400192260742188,
,,,,,,,,,,91.299999999999997,15.928009033203125,,9.2126235961914062,,91.299999999999997,8.1250381469726562,,5.9703292846679688,
,,,,,,,,,,91.400000000000006,16.707283020019531,,9.59075927734375,,91.400000000000006,8.4674072265625,,6.1823883056640625,
,,,,,,,,,,91.5,17.049655914306641,,9.8181533813476562,,91.5,8.8685455322265625,,6.3867874145507812,
,,,,,,,,,,91.599999999999994,16.937232971191406,,9.86669921875,,91.599999999999994,9.3642120361328125,,6.7240524291992188,
,,,,,,,,,,91.700000000000003,16.272933959960938,,9.7874984741210938,,91.700000000000003,10.033622741699219,,7.2197189331054688,
,,,,,,,,,,91.799999999999997,15.204940795898438,,9.5830917358398438,,91.799999999999997,10.7490234375,,7.7562713623046875,
,,,,,,,,,,91.900000000000006,13.960662841796875,,9.3812484741210938,,91.900000000000006,11.566627502441406,,8.2136154174804688,
,,,,,,,,,,92,12.759811401367188,,9.2049560546875,,92,12.6627197265625,,8.5840911865234375,
,,,,,,,,,,92.099999999999994,11.742919921875,,9.0261077880859375,,92.099999999999994,13.723045349121094,,8.9341278076171875,
,,,,,,,,,,92.200000000000003,10.603385925292969,,8.8012619018554688,,92.200000000000003,14.607070922851562,,9.194732666015625,
,,,,,,,,,,92.299999999999997,9.4638595581054688,,8.4716720581054688,,92.299999999999997,15.317367553710938,,9.3761367797851562,
,,,,,,,,,,92.400000000000006,8.8021163940429688,,8.1344070434570312,,92.400000000000006,15.652069091796875,,9.4221267700195312,
,,,,,,,,,,92.5,8.4929580688476562,,7.8278121948242188,,92.5,15.54986572265625,,9.3505935668945312,
,,,,,,,,,,92.599999999999994,8.2987823486328125,,7.5569839477539062,,92.599999999999994,15.066970825195312,,9.2202835083007812,
,,,,,,,,,,92.700000000000003,8.1761398315429688,,7.3806838989257812,,92.700000000000003,14.379676818847656,,9.0158843994140625,
,,,,,,,,,,92.799999999999997,8.1505889892578125,,7.2427139282226562,,92.799999999999997,13.694938659667969,,8.74505615234375,
,,,,,,,,,,92.900000000000006,8.1940231323242188,,7.0740890502929688,,92.900000000000006,13.30657958984375,,8.56109619140625,
,,,,,,,,,,93,8.237457275390625,,6.9540023803710938,,93,13.735816955566406,,8.762939453125,
,,,,,,,,,,93.099999999999994,8.19146728515625,,6.9310073852539062,,93.099999999999994,14.489547729492188,,9.066986083984375,
,,,,,,,,,,93.200000000000003,8.11737060546875,,6.9080123901367188,,93.200000000000003,14.849800109863281,,9.1155319213867188,
,,,,,,,,,,93.299999999999997,8.1940231323242188,,6.9156723022460938,,93.299999999999997,14.906005859375,,9.0133285522460938,
,,,,,,,,,,93.400000000000006,8.37542724609375,,6.9846572875976562,,93.400000000000006,14.349021911621094,,8.7936019897460938,
,,,,,,,,,,93.5,8.4878463745117188,,6.9846572875976562,,93.5,13.283584594726562,,8.4691162109375,
,,,,,,,,,,93.599999999999994,8.55938720703125,,6.9463348388671875,,93.599999999999994,12.445541381835938,,8.1676254272460938,
,,,,,,,,,,93.700000000000003,8.6462631225585938,,6.94122314453125,,93.700000000000003,11.975425720214844,,7.9836654663085938,
,,,,,,,,,,93.799999999999997,8.6718063354492188,,6.8671340942382812,,93.799999999999997,11.707145690917969,,7.871246337890625,
,,,,,,,,,,93.900000000000006,8.7637863159179688,,6.8262481689453125,,93.900000000000006,11.469535827636719,,7.7664871215820312,
,,,,,,,,,,94,8.7203521728515625,,6.90545654296875,,94,11.231918334960938,,7.6234130859375,
,,,,,,,,,,94.099999999999994,8.2502365112304688,,6.9207839965820312,,94.099999999999994,11.065841674804688,,7.5109939575195312,
,,,,,,,,,,94.200000000000003,7.8261032104492188,,6.8671340942382812,,94.200000000000003,10.708145141601562,,7.4317855834960938,
,,,,,,,,,,94.299999999999997,7.63958740234375,,6.693389892578125,,94.299999999999997,10.250801086425781,,7.3244781494140625,
,,,,,,,,,,94.400000000000006,7.4990615844726562,,6.4404449462890625,,94.400000000000006,10.023406982421875,,7.2657089233398438,
,,,,,,,,,,94.5,7.6242599487304688,,6.2922592163085938,,94.5,9.8368911743164062,,7.1916122436523438,
,,,,,,,,,,94.599999999999994,7.7903366088867188,,6.2564849853515625,,94.599999999999994,9.7219161987304688,,7.1328506469726562,
,,,,,,,,,,94.700000000000003,7.7647857666015625,,6.4123382568359375,,94.700000000000003,9.7244720458984375,,7.1558456420898438,
,,,,,,,,,,94.799999999999997,7.93341064453125,,6.7189407348632812,,94.799999999999997,9.7219161987304688,,7.1609573364257812,
,,,,,,,,,,94.900000000000006,8.3524322509765625,,7.0510940551757812,,94.900000000000006,9.7960128784179688,,7.1660690307617188,
,,,,,,,,,,95,8.9988479614257812,,7.6796188354492188,,95,10.146041870117188,,7.27337646484375,
,,,,,,,,,,95.099999999999994,9.673370361328125,,8.0168838500976562,,95.099999999999994,10.649375915527344,,7.631072998046875,
,,,,,,,,,,95.200000000000003,10.077056884765625,,7.5748672485351562,,95.200000000000003,10.976417541503906,,8.0526504516601562,
,,,,,,,,,,95.299999999999997,10.212471008300781,,7.171173095703125,,95.299999999999997,11.088836669921875,,8.2468338012695312,
,,,,,,,,,,95.400000000000006,10.002967834472656,,7.079193115234375,,95.400000000000006,11.349449157714844,,8.3975753784179688,
,,,,,,,,,,95.5,9.7755661010742188,,7.2427139282226562,,95.5,11.850227355957031,,8.607086181640625,
,,,,,,,,,,95.599999999999994,9.5430679321289062,,7.5620880126953125,,95.599999999999994,12.271804809570312,,8.7757186889648438,
,,,,,,,,,,95.700000000000003,9.07550048828125,,7.4343414306640625,,95.700000000000003,12.501754760742188,,8.8881378173828125,
,,,,,,,,,,95.799999999999997,8.6743621826171875,,7.1047439575195312,,95.799999999999997,12.524749755859375,,8.9136886596679688,
,,,,,,,,,,95.900000000000006,8.5108413696289062,,7.3295822143554688,,95.900000000000006,12.322906494140625,,8.8114852905273438,
,,,,,,,,,,96,8.8557662963867188,,7.8840179443359375,,,,,,
,,,,,,,,,,96.099999999999994,9.92120361328125,,8.7884902954101562,,,,,,
,,,,,,,,,,96.200000000000003,11.556404113769531,,9.7210617065429688,,,,,,
,,,,,,,,,,96.299999999999997,12.798133850097656,,10.1605224609375,,,,,,
,,,,,,,,,,96.400000000000006,12.987205505371094,,10.014892578125,,,,,,
,,,,,,,,,,96.5,12.874786376953125,,9.5984268188476562,,,,,,
,,,,,,,,,,96.599999999999994,13.028083801269531,,8.9494552612304688,,,,,,
,,,,,,,,,,96.700000000000003,12.897781372070312,,7.8099288940429688,,,,,,
,,,,,,,,,,96.799999999999997,12.006080627441406,,7.043426513671875,,,,,,
,,,,,,,,,,96.900000000000006,10.986640930175781,,6.7802581787109375,,,,,,
,,,,,,,,,,97,10.243133544921875,,6.6780624389648438,,,,,,
,,,,,,,,,,97.099999999999994,9.5507278442382812,,7.0025482177734375,,,,,,
,,,,,,,,,,97.200000000000003,9.1266021728515625,,7.5135421752929688,,,,,,
,,,,,,,,,,97.299999999999997,9.1317062377929688,,7.807373046875,,,,,,
,,,,,,,,,,97.400000000000006,9.3897628784179688,,8.0679779052734375,,,,,,
,,,,,,,,,,97.5,9.6861419677734375,,8.182952880859375,,,,,,
,,,,,,,,,,97.599999999999994,9.8701019287109375,,8.027099609375,,,,,,
,,,,,,,,,,97.700000000000003,10.079612731933594,,7.9964370727539062,,,,,,
,,,,,,,,,,97.799999999999997,10.335113525390625,,8.1548538208007812,,,,,,
,,,,,,,,,,97.900000000000006,10.710700988769531,,8.3515853881835938,,,,,,
,,,,,,,,,,98,11.46697998046875,,8.6198577880859375,,,,,,
,,,,,,,,,,98.099999999999994,12.701042175292969,,8.9801177978515625,,,,,,
,,,,,,,,,,98.200000000000003,14.060302734375,,9.3991317749023438,,,,,,
,,,,,,,,,,98.299999999999997,14.663284301757812,,9.6597442626953125,,,,,,
,,,,,,,,,,98.400000000000006,14.267257690429688,,9.6290817260742188,,,,,,
,,,,,,,,,,98.5,13.240150451660156,,9.4400177001953125,,,,,,
,,,,,,,,,,98.599999999999994,12.100616455078125,,9.1819610595703125,,,,,,
,,,,,,,,,,98.700000000000003,11.380111694335938,,8.9545669555664062,,,,,,
,,,,,,,,,,98.799999999999997,11.027519226074219,,8.808929443359375,,,,,,
,,,,,,,,,,98.900000000000006,10.795013427734375,,8.7297286987304688,,,,,,
,,,,,,,,,,99,10.552291870117188,,8.6479644775390625,,,,,,
,,,,,,,,,,99.099999999999994,10.176704406738281,,8.5202178955078125,,,,,,
,,,,,,,,,,99.200000000000003,9.9339828491210938,,8.41290283203125,,,,,,
,,,,,,,,,,99.299999999999997,10.271240234375,,8.4997787475585938,,,,,,
,,,,,,,,,,99.400000000000006,11.068397521972656,,8.791046142578125,,,,,,
,,,,,,,,,,99.5,12.123611450195312,,9.1845169067382812,,,,,,
,,,,,,,,,,99.599999999999994,13.27081298828125,,9.6163101196289062,,,,,,
,,,,,,,,,,99.700000000000003,14.318359375,,10.009780883789062,,,,,,
,,,,,,,,,,99.799999999999997,15.084861755371094,,10.313827514648438,,,,,,
,,,,,,,,,,99.900000000000006,15.130851745605469,,10.390472412109375,,,,,,
,,,,,,,,,,100,14.548309326171875,0,10.244842529296875,14.112903594970703,,,,,
,,,,,,,,,,100.09999999999999,13.960662841796875,,10.109428405761719,,,,,,
,,,,,,,,,,100.2,13.229927062988281,,9.95867919921875,,,,,,
,,,,,,,,,,100.3,12.220703125,,9.7312850952148438,,,,,,
,,,,,,,,,,100.40000000000001,11.446540832519531,,9.452789306640625,,,,,,
,,,,,,,,,,100.5,10.996856689453125,,9.2841567993164062,,,,,,
,,,,,,,,,,100.59999999999999,10.623832702636719,,9.102752685546875,,,,,,
,,,,,,,,,,100.7,10.240577697753906,,8.9698944091796875,,,,,,
,,,,,,,,,,100.8,10.015739440917969,,8.9264602661132812,,,,,,
,,,,,,,,,,100.90000000000001,9.9620819091796875,,8.900909423828125,,,,,,
,,,,,,,,,,101,9.8266677856445312,,8.8038177490234375,,,,,,
,,,,,,,,,,101.09999999999999,9.6197128295898438,,8.7143936157226562,,,,,,
,,,,,,,,,,101.2,9.433197021484375,,8.6735153198242188,,,,,,
,,,,,,,,,,101.3,9.0346221923828125,,8.5457687377929688,,,,,,
,,,,,,,,,,101.40000000000001,8.5951614379882812,,8.39501953125,,,,,,
,,,,,,,,,,101.5,8.4290847778320312,,8.3234786987304688,,,,,,
,,,,,,,,,,101.59999999999999,8.3575439453125,,8.2621612548828125,,,,,,
,,,,,,,,,,101.7,8.3319931030273438,,8.221282958984375,,,,,,
,,,,,,,,,,101.8,8.4290847778320312,,8.2366104125976562,,,,,,
,,,,,,,,,,101.90000000000001,8.8864288330078125,,8.405242919921875,,,,,,
,,,,,,,,,,102,9.8496627807617188,,8.762939453125,,,,,,
,,,,,,,,,,102.09999999999999,11.170600891113281,,9.2662734985351562,,,,,,
,,,,,,,,,,102.2,12.637168884277344,,9.8692550659179688,,,,,,
,,,,,,,,,,102.3,13.960662841796875,,10.49267578125,,,,,,
,,,,,,,,,,102.40000000000001,14.806365966796875,,10.924468994140625,,,,,,
,,,,,,,,,,102.5,15.194725036621094,,11.095657348632812,,,,,,
,,,,,,,,,,102.59999999999999,14.890678405761719,,10.960243225097656,,,,,,
,,,,,,,,,,102.7,13.85845947265625,,10.569328308105469,,,,,,
,,,,,,,,,,102.8,12.831352233886719,,10.275497436523438,,,,,,
,,,,,,,,,,102.90000000000001,12.041854858398438,,10.10687255859375,,,,,,
,,,,,,,,,,103,11.372444152832031,,9.9152450561523438,,,,,,
,,,,,,,,,,103.09999999999999,10.85888671875,,9.7312850952148438,,,,,,
,,,,,,,,,,103.2,10.493522644042969,,9.5575485229492188,,,,,,
,,,,,,,,,,103.3,10.222694396972656,,9.3991317749023438,,,,,,
,,,,,,,,,,103.40000000000001,9.7960128784179688,,9.286712646484375,,,,,,
,,,,,,,,,,103.5,9.1802520751953125,,9.084869384765625,,,,,,
,,,,,,,,,,103.59999999999999,8.8583221435546875,,8.9034652709960938,,,,,,
,,,,,,,,,,103.7,8.845550537109375,,8.8293685913085938,,,,,,
,,,,,,,,,,103.8,8.9681930541992188,,8.7680511474609375,,,,,,
,,,,,,,,,,103.90000000000001,8.9988479614257812,,8.7322769165039062,,,,,,
,,,,,,,,,,104,8.74334716796875,,8.642852783203125,,,,,,
,,,,,,,,,,104.09999999999999,8.421417236328125,,8.5074386596679688,,,,,,
,,,,,,,,,,104.2,8.2068023681640625,,8.4026870727539062,,,,,,
,,,,,,,,,,104.3,8.1582565307617188,,8.3745803833007812,,,,,,
,,,,,,,,,,104.40000000000001,8.2885589599609375,,8.4563369750976562,,,,,,
,,,,,,,,,,104.5,8.4239730834960938,,8.532989501953125,,,,,,
,,,,,,,,,,104.59999999999999,9.0627212524414062,,8.4818878173828125,,,,,,
,,,,,,,,,,104.7,9.9825210571289062,,8.4486770629882812,,,,,,
,,,,,,,,,,104.8,10.082168579101562,,8.3873519897460938,,,,,,
,,,,,,,,,,104.90000000000001,9.70147705078125,,8.2366104125976562,,,,,,
,,,,,,,,,,105,9.47918701171875,,8.1267471313476562,,,,,,
,,,,,,,,,,105.09999999999999,9.4076461791992188,,8.0782012939453125,,,,,,
,,,,,,,,,,105.2,9.2901229858398438,,8.027099609375,,,,,,
,,,,,,,,,,105.3,9.1266021728515625,,7.9581146240234375,,,,,,
,,,,,,,,,,105.40000000000001,9.0525054931640625,,7.9325637817382812,,,,,,
,,,,,,,,,,105.5,8.827667236328125,,7.8431396484375,,,,,,
,,,,,,,,,,105.59999999999999,8.5440597534179688,,7.687286376953125,,,,,,
,,,,,,,,,,105.7,8.4725189208984375,,7.6336288452148438,,,,,,
,,,,,,,,,,105.8,8.4112014770507812,,7.7000579833984375,,,,,,
,,,,,,,,,,105.90000000000001,8.2425689697265625,,7.7383880615234375,,,,,,
,,,,,,,,,,106,8.0049514770507812,,7.6055221557617188,,,,,,
,,,,,,,,,,106.09999999999999,7.8005523681640625,,7.4190139770507812,,,,,,
,,,,,,,,,,106.2,7.7264556884765625,,7.4368972778320312,,,,,,
,,,,,,,,,,106.3,7.9359664916992188,,7.7383880615234375,,,,,,
,,,,,,,,,,106.40000000000001,8.4878463745117188,,8.1906204223632812,,,,,,
,,,,,,,,,,106.5,9.249237060546875,,8.6019744873046875,,,,,,
,,,,,,,,,,106.59999999999999,10.337669372558594,,9.0158843994140625,,,,,,
,,,,,,,,,,106.7,11.702041625976562,,9.4885635375976562,,,,,,
,,,,,,,,,,106.8,12.905441284179688,,9.905029296875,,,,,,
,,,,,,,,,,106.90000000000001,13.697494506835938,,10.201408386230469,,,,,,
,,,,,,,,,,107,13.9146728515625,,10.239730834960938,,,,,,
,,,,,,,,,,107.09999999999999,13.648948669433594,,10.0889892578125,,,,,,
,,,,,,,,,,107.2,13.240150451660156,,9.9152450561523438,,,,,,
,,,,,,,,,,107.3,12.849235534667969,,9.7900543212890625,,,,,,
,,,,,,,,,,107.40000000000001,12.213035583496094,,9.6444168090820312,,,,,,
,,,,,,,,,,107.5,11.380111694335938,,9.4119110107421875,,,,,,
,,,,,,,,,,107.59999999999999,10.687705993652344,,9.2100677490234375,,,,,,
,,,,,,,,,,107.7,10.092391967773438,,9.0925369262695312,,,,,,
,,,,,,,,,,107.8,9.5711669921875,,8.9673385620117188,,,,,,
,,,,,,,,,,107.90000000000001,9.1521530151367188,,8.808929443359375,,,,,,
,,,,,,,,,,108,8.845550537109375,,8.6939544677734375,,,,,,
,,,,,,,,,,108.09999999999999,8.6539230346679688,,8.6173019409179688,,,,,,
,,,,,,,,,,108.2,8.5721664428710938,,8.5457687377929688,,,,,,
,,,,,,,,,,108.3,8.5185089111328125,,8.5355453491210938,,,,,,
,,,,,,,,,,108.40000000000001,8.2706756591796875,,8.4742279052734375,,,,,,
,,,,,,,,,,108.5,8.0151748657226562,,8.3694686889648438,,,,,,
,,,,,,,,,,108.59999999999999,8.0023956298828125,,8.3439178466796875,,,,,,
,,,,,,,,,,108.7,8.0969314575195312,,8.3566970825195312,,,,,,
,,,,,,,,,,108.8,8.237457275390625,,8.3643569946289062,,,,,,
,,,,,,,,,,108.90000000000001,8.3575439453125,,8.3260345458984375,,,,,,
,,,,,,,,,,109,8.421417236328125,,8.28515625,,,,,,
,,,,,,,,,,109.09999999999999,8.5057373046875,,8.2877120971679688,,,,,,
,,,,,,,,,,109.2,8.7637863159179688,,8.3745803833007812,,,,,,
,,,,,,,,,,109.3,9.3310012817382812,,8.642852783203125,,,,,,
,,,,,,,,,,109.40000000000001,10.077056884765625,,9.0235519409179688,,,,,,
,,,,,,,,,,109.5,11.037742614746094,,9.4579010009765625,,,,,,
,,,,,,,,,,109.59999999999999,12.248809814453125,,9.951019287109375,,,,,,
,,,,,,,,,,109.7,13.592742919921875,,10.423690795898438,,,,,,
,,,,,,,,,,109.8,15.07208251953125,,10.942352294921875,,,,,,
,,,,,,,,,,109.90000000000001,16.477333068847656,,11.484016418457031,,,,,,
,,,,,,,,,,110,17.266830444335938,4.6367850303649902,11.826385498046875,16.010673522949219,,,,,
,,,,,,,,,,110.09999999999999,16.914237976074219,,11.74462890625,,,,,,
,,,,,,,,,,110.2,15.940784454345703,,11.381813049316406,,,,,,
,,,,,,,,,,110.3,15.003097534179688,,11.031784057617188,,,,,,
,,,,,,,,,,110.40000000000001,14.060302734375,,10.737953186035156,,,,,,
,,,,,,,,,,110.5,13.148170471191406,,10.441574096679688,,,,,,
,,,,,,,,,,110.59999999999999,12.396995544433594,,10.157974243164062,,,,,,
,,,,,,,,,,110.7,11.942207336425781,,9.9765625,,,,,,
,,,,,,,,,,110.8,11.681602478027344,,9.8641433715820312,,,,,,
,,,,,,,,,,110.90000000000001,11.489974975585938,,9.7772750854492188,,,,,,
,,,,,,,,,,111,11.290687561035156,,9.710845947265625,,,,,,
,,,,,,,,,,111.09999999999999,11.055625915527344,,9.6520767211914062,,,,,,
,,,,,,,,,,111.2,10.80523681640625,,9.6265335083007812,,,,,,
,,,,,,,,,,111.3,10.28912353515625,,9.5115585327148438,,,,,,
,,,,,,,,,,111.40000000000001,9.6401519775390625,,9.2943801879882812,,,,,,
,,,,,,,,,,111.5,9.1828079223632812,,9.11297607421875,,,,,,
,,,,,,,,,,111.59999999999999,8.8583221435546875,,8.9545669555664062,,,,,,
,,,,,,,,,,111.7,8.6564788818359375,,8.808929443359375,,,,,,
,,,,,,,,,,111.8,8.5542831420898438,,8.7041778564453125,,,,,,
,,,,,,,,,,111.90000000000001,8.5210647583007812,,8.6581878662109375,,,,,,
,,,,,,,,,,112,8.5951614379882812,,8.6684036254882812,,,,,,
,,,,,,,,,,112.09999999999999,8.8046722412109375,,8.734832763671875,,,,,,
,,,,,,,,,,112.2,9.1623687744140625,,8.872802734375,,,,,,
,,,,,,,,,,112.3,9.3361129760742188,,8.9852218627929688,,,,,,
,,,,,,,,,,112.40000000000001,9.1904754638671875,,8.9775619506835938,,,,,,
,,,,,,,,,,112.5,9.0601730346679688,,8.9264602661132812,,,,,,
,,,,,,,,,,112.59999999999999,8.96563720703125,,8.883026123046875,,,,,,
,,,,,,,,,,112.7,8.8992080688476562,,8.8702468872070312,,,,,,
,,,,,,,,,,112.8,8.8992080688476562,,8.8625869750976562,,,,,,
,,,,,,,,,,112.90000000000001,8.8889846801757812,,8.826812744140625,,,,,,
,,,,,,,,,,113,8.89154052734375,,8.7884902954101562,,,,,,
,,,,,,,,,,113.09999999999999,8.9477462768554688,,8.7782669067382812,,,,,,
,,,,,,,,,,113.2,9.0218429565429688,,8.7833786010742188,,,,,,
,,,,,,,,,,113.3,8.9911880493164062,,8.8114852905273438,,,,,,
,,,,,,,,,,113.40000000000001,8.6999130249023438,,8.762939453125,,,,,,
,,,,,,,,,,113.5,8.4163131713867188,,8.6735153198242188,,,,,,
,,,,,,,,,,113.59999999999999,8.3703231811523438,,8.6224136352539062,,,,,,
,,,,,,,,,,113.7,8.4112014770507812,,8.5789794921875,,,,,,
,,,,,,,,,,113.8,8.4878463745117188,,8.6019744873046875,,,,,,
,,,,,,,,,,113.90000000000001,8.55938720703125,,8.67095947265625,,,,,,
,,,,,,,,,,114,8.6104888916015625,,8.716949462890625,,,,,,
,,,,,,,,,,114.09999999999999,8.6564788818359375,,8.6684036254882812,,,,,,
,,,,,,,,,,114.2,8.7177963256835938,,8.5789794921875,,,,,,
,,,,,,,,,,114.3,8.799560546875,,8.6224136352539062,,,,,,
,,,,,,,,,,114.40000000000001,8.661590576171875,,8.63519287109375,,,,,,
,,,,,,,,,,114.5,8.54150390625,,8.5866470336914062,,,,,,
,,,,,,,,,,114.59999999999999,8.7561264038085938,,8.6658477783203125,,,,,,
,,,,,,,,,,114.7,9.1725921630859375,,8.78082275390625,,,,,,
,,,,,,,,,,114.8,9.70147705078125,,8.8881378173828125,,,,,,
,,,,,,,,,,114.90000000000001,10.174148559570312,,9.0286636352539062,,,,,,
,,,,,,,,,,115,10.478195190429688,,9.1666336059570312,,,,,,
,,,,,,,,,,115.09999999999999,10.626380920410156,,9.250946044921875,,,,,,
,,,,,,,,,,115.2,10.593170166015625,,9.3761367797851562,,,,,,
,,,,,,,,,,115.3,10.128158569335938,,9.3122634887695312,,,,,,
,,,,,,,,,,115.40000000000001,9.489410400390625,,8.9392318725585938,,,,,,
,,,,,,,,,,115.5,9.1981430053710938,,8.5994186401367188,,,,,,
,,,,,,,,,,115.59999999999999,9.14959716796875,,8.4665603637695312,,,,,,
,,,,,,,,,,115.7,9.1061630249023438,,8.4895553588867188,,,,,,
,,,,,,,,,,115.8,9.1266021728515625,,8.7706069946289062,,,,,,
,,,,,,,,,,115.90000000000001,9.2620162963867188,,9.2126235961914062,,,,,,
,,,,,,,,,,116,9.3488845825195312,,9.268829345703125,,,,,,
,,,,,,,,,,116.09999999999999,9.2747879028320312,,9.0235519409179688,,,,,,
,,,,,,,,,,116.2,8.9809646606445312,,8.8421478271484375,,,,,,
,,,,,,,,,,116.3,8.7177963256835938,,8.7246170043945312,,,,,,
,,,,,,,,,,116.40000000000001,8.6667022705078125,,8.6581878662109375,,,,,,
,,,,,,,,,,116.5,8.6513671875,,8.7195053100585938,,,,,,
,,,,,,,,,,116.59999999999999,8.6411514282226562,,8.9213485717773438,,,,,,
,,,,,,,,,,116.7,8.679473876953125,,9.0567626953125,,,,,,
,,,,,,,,,,116.8,8.7663421630859375,,9.0439910888671875,,,,,,
,,,,,,,,,,116.90000000000001,8.8404388427734375,,9.0414352416992188,,,,,,
,,,,,,,,,,117,8.6999130249023438,,9.049102783203125,,,,,,
,,,,,,,,,,117.09999999999999,8.4904022216796875,,9.0465469360351562,,,,,,
,,,,,,,,,,117.2,8.4725189208984375,,9.066986083984375,,,,,,
,,,,,,,,,,117.3,8.513397216796875,,9.0746536254882812,,,,,,
,,,,,,,,,,117.40000000000001,8.643707275390625,,9.0720977783203125,,,,,,
,,,,,,,,,,117.5,8.89154052734375,,9.02099609375,,,,,,
,,,,,,,,,,117.59999999999999,9.2262420654296875,,9.02099609375,,,,,,
,,,,,,,,,,117.7,9.747467041015625,,9.1998443603515625,,,,,,
,,,,,,,,,,117.8,10.243133544921875,,9.4962234497070312,,,,,,
,,,,,,,,,,117.90000000000001,10.613609313964844,,9.7619476318359375,,,,,,
,,,,,,,,,,118,10.984085083007812,,9.930572509765625,,,,,,
,,,,,,,,,,118.09999999999999,11.129722595214844,,9.95867919921875,,,,,,
,,,,,,,,,,118.2,10.912544250488281,,9.8641433715820312,,,,,,
,,,,,,,,,,118.3,10.524185180664062,,9.7338409423828125,,,,,,
,,,,,,,,,,118.40000000000001,10.171592712402344,,9.6035385131835938,,,,,,
,,,,,,,,,,118.5,9.931427001953125,,9.4962234497070312,,,,,,
,,,,,,,,,,118.59999999999999,9.6938095092773438,,9.4246826171875,,,,,,
,,,,,,,,,,118.7,9.305450439453125,,9.2943801879882812,,,,,,
,,,,,,,,,,118.8,8.973297119140625,,9.1717376708984375,,,,,,
,,,,,,,,,,118.90000000000001,8.8711013793945312,,9.1231918334960938,,,,,,
,,,,,,,,,,119,8.863433837890625,,9.102752685546875,,,,,,
,,,,,,,,,,119.09999999999999,8.8608779907226562,,9.0925369262695312,,,,,,
,,,,,,,,,,119.2,8.8378829956054688,,9.0746536254882812,,,,,,
,,,,,,,,,,119.3,8.8072280883789062,,9.0874252319335938,,,,,,
,,,,,,,,,,119.40000000000001,8.74334716796875,,9.1359710693359375,,,,,,
,,,,,,,,,,119.5,8.6283721923828125,,9.18707275390625,,,,,,
,,,,,,,,,,119.59999999999999,8.3243331909179688,,9.102752685546875,,,,,,
,,,,,,,,,,119.7,8.0151748657226562,,8.8753585815429688,,,,,,
,,,,,,,,,,119.8,7.979400634765625,,8.7297286987304688,,,,,,
,,,,,,,,,,119.90000000000001,8.063720703125,,8.6760711669921875,,,,,,
,,,,,,,,,,120,8.1403656005859375,19.45945930480957,8.6658477783203125,9.7613887786865234,,,,,
,,,,,,,,,,120.09999999999999,8.1863632202148438,,8.6581878662109375,,,,,,
,,,,,,,,,,120.2,8.2476806640625,,8.6224136352539062,,,,,,
,,,,,,,,,,120.3,8.3371047973632812,,8.6198577880859375,,,,,,
,,,,,,,,,,120.40000000000001,8.4060897827148438,,8.7220611572265625,,,,,,
,,,,,,,,,,120.5,8.2144622802734375,,8.78082275390625,,,,,,
,,,,,,,,,,120.59999999999999,7.9308624267578125,,8.7118377685546875,,,,,,
,,,,,,,,,,120.7,7.887420654296875,,8.6862869262695312,,,,,,
,,,,,,,,,,120.8,7.943634033203125,,8.6837387084960938,,,,,,
,,,,,,,,,,120.90000000000001,8.0279464721679688,,8.7425003051757812,,,,,,
,,,,,,,,,,121,8.1710281372070312,,8.8063735961914062,,,,,,
,,,,,,,,,,121.09999999999999,8.3728713989257812,,8.8574752807617188,,,,,,
,,,,,,,,,,121.2,8.5542831420898438,,8.9213485717773438,,,,,,
,,,,,,,,,,121.3,8.4290847778320312,,8.9111328125,,,,,,
,,,,,,,,,,121.40000000000001,8.1684722900390625,,8.85491943359375,,,,,,
,,,,,,,,,,121.5,8.145477294921875,,8.7833786010742188,,,,,,
,,,,,,,,,,121.59999999999999,8.2732315063476562,,8.762939453125,,,,,,
,,,,,,,,,,121.7,8.3933181762695312,,8.7757186889648438,,,,,,
,,,,,,,,,,121.8,8.4725189208984375,,8.808929443359375,,,,,,
,,,,,,,,,,121.90000000000001,8.569610595703125,,8.8906936645507812,,,,,,
,,,,,,,,,,122,8.5951614379882812,,8.975006103515625,,,,,,
,,,,,,,,,,122.09999999999999,8.3473281860351562,,8.883026123046875,,,,,,
,,,,,,,,,,122.2,8.11737060546875,,8.7246170043945312,,,,,,
,,,,,,,,,,122.3,8.1812515258789062,,8.6479644775390625,,,,,,
,,,,,,,,,,122.40000000000001,8.3575439453125,,8.5943069458007812,,,,,,
,,,,,,,,,,122.5,8.4929580688476562,,8.5406570434570312,,,,,,
,,,,,,,,,,122.59999999999999,8.5747222900390625,,8.4844436645507812,,,,,,
,,,,,,,,,,122.7,8.5721664428710938,,8.4333419799804688,,,,,,
,,,,,,,,,,122.8,8.3830947875976562,,8.3541412353515625,,,,,,
,,,,,,,,,,122.90000000000001,8.1122665405273438,,8.2263870239257812,,,,,,
,,,,,,,,,,123,8.0023956298828125,,8.1241912841796875,,,,,,
,,,,,,,,,,123.09999999999999,8.0279464721679688,,8.1011962890625,,,,,,
,,,,,,,,,,123.2,8.0867156982421875,,8.1216354370117188,,,,,,
,,,,,,,,,,123.3,8.1505889892578125,,8.147186279296875,,,,,,
,,,,,,,,,,123.40000000000001,8.2170181274414062,,8.1574020385742188,,,,,,
,,,,,,,,,,123.5,8.32177734375,,8.1855087280273438,,,,,,
,,,,,,,,,,123.59999999999999,8.26556396484375,,8.1855087280273438,,,,,,
,,,,,,,,,,123.7,8.0305023193359375,,8.1344070434570312,,,,,,
,,,,,,,,,,123.8,7.9487457275390625,,8.0884170532226562,,,,,,
,,,,,,,,,,123.90000000000001,8.0023956298828125,,8.0807571411132812,,,,,,
,,,,,,,,,,124,8.0841598510742188,,8.1063079833984375,,,,,,
,,,,,,,,,,124.09999999999999,8.1710281372070312,,8.1216354370117188,,,,,,
,,,,,,,,,,124.2,8.2323532104492188,,8.1114120483398438,,,,,,
,,,,,,,,,,124.3,8.3038864135742188,,8.1139678955078125,,,,,,
,,,,,,,,,,124.40000000000001,8.3600997924804688,,8.1574020385742188,,,,,,
,,,,,,,,,,124.5,8.201690673828125,,8.1548538208007812,,,,,,
,,,,,,,,,,124.59999999999999,7.9742965698242188,,8.1344070434570312,,,,,,
,,,,,,,,,,124.7,7.9129714965820312,,8.1497421264648438,,,,,,
,,,,,,,,,,124.8,7.925750732421875,,8.1803970336914062,,,,,,
,,,,,,,,,,124.90000000000001,7.9845123291015625,,8.2596054077148438,,,,,,
,,,,,,,,,,125,8.0509414672851562,,8.3004837036132812,,,,,,
,,,,,,,,,,125.09999999999999,8.1020431518554688,,8.2621612548828125,,,,,,
,,,,,,,,,,125.2,8.145477294921875,,8.2314987182617188,,,,,,
,,,,,,,,,,125.3,8.2502365112304688,,8.3183670043945312,,,,,,
,,,,,,,,,,125.40000000000001,8.3473281860351562,,8.5278778076171875,,,,,,
,,,,,,,,,,125.5,8.605377197265625,,8.8498077392578125,,,,,,
,,,,,,,,,,125.59999999999999,9.2569046020507812,,9.250946044921875,,,,,,
,,,,,,,,,,125.7,10.077056884765625,,9.6904067993164062,,,,,,
,,,,,,,,,,125.8,10.920211791992188,,10.124755859375,,,,,,
,,,,,,,,,,125.90000000000001,11.799125671386719,,10.502899169921875,,,,,,
,,,,,,,,,,126,12.747032165527344,,10.87847900390625,,,,,,
,,,,,,,,,,126.09999999999999,13.725601196289062,,11.274505615234375,,,,,,
,,,,,,,,,,126.2,14.665840148925781,,11.683303833007812,,,,,,
,,,,,,,,,,126.3,15.322471618652344,,12.005233764648438,,,,,,
,,,,,,,,,,126.40000000000001,15.629074096679688,,12.155982971191406,,,,,,
,,,,,,,,,,126.5,15.649513244628906,,12.13043212890625,,,,,,
,,,,,,,,,,126.59999999999999,15.176841735839844,,11.867263793945312,,,,,,
,,,,,,,,,,126.7,14.328582763671875,,11.471237182617188,,,,,,
,,,,,,,,,,126.8,13.360237121582031,,11.080322265625,,,,,,
,,,,,,,,,,126.90000000000001,12.453208923339844,,10.717514038085938,,,,,,
,,,,,,,,,,127,11.722480773925781,,10.362373352050781,,,,,,
,,,,,,,,,,127.09999999999999,11.0428466796875,,10.060882568359375,,,,,,
,,,,,,,,,,127.2,10.189476013183594,,9.7363967895507812,,,,,,
,,,,,,,,,,127.3,9.3999862670898438,,9.3659210205078125,,,,,,
,,,,,,,,,,127.40000000000001,8.9886322021484375,,9.0337677001953125,,,,,,
,,,,,,,,,,127.5,8.7867813110351562,,8.7757186889648438,,,,,,
,,,,,,,,,,127.59999999999999,8.6539230346679688,,8.6326370239257812,,,,,,
,,,,,,,,,,127.7,8.5491714477539062,,8.5253219604492188,,,,,,
,,,,,,,,,,127.8,8.4827423095703125,,8.4384536743164062,,,,,,
,,,,,,,,,,127.90000000000001,8.4444122314453125,,8.3873519897460938,,,,,,
,,,,,,,,,,128,8.4393081665039062,,8.3899078369140625,,,,,,
,,,,,,,,,,128.09999999999999,8.2962265014648438,,8.3720245361328125,,,,,,
,,,,,,,,,,128.19999999999999,8.0483856201171875,,8.2621612548828125,,,,,,
,,,,,,,,,,128.30000000000001,7.9896240234375,,8.165069580078125,,,,,,
,,,,,,,,,,128.40000000000001,8.0305023193359375,,8.1267471313476562,,,,,,
,,,,,,,,,,128.5,8.0611648559570312,,8.1063079833984375,,,,,,
,,,,,,,,,,128.59999999999999,8.11737060546875,,8.1037521362304688,,,,,,
,,,,,,,,,,128.69999999999999,8.1710281372070312,,8.1267471313476562,,,,,,
,,,,,,,,,,128.80000000000001,8.219573974609375,,8.17529296875,,,,,,
,,,,,,,,,,128.90000000000001,8.2808914184570312,,8.2366104125976562,,,,,,
,,,,,,,,,,129,8.3345489501953125,,8.3234786987304688,,,,,,
,,,,,,,,,,129.09999999999999,8.2476806640625,,8.4001312255859375,,,,,,
,,,,,,,,,,129.19999999999999,8.2681198120117188,,8.5764236450195312,,,,,,
,,,,,,,,,,129.30000000000001,8.661590576171875,,8.9264602661132812,,,,,,
,,,,,,,,,,129.40000000000001,9.1981430053710938,,9.3122634887695312,,,,,,
,,,,,,,,,,129.5,9.8215560913085938,,9.6878509521484375,,,,,,
,,,,,,,,,,129.59999999999999,10.557395935058594,,10.014892578125,,,,,,
,,,,,,,,,,129.69999999999999,11.341781616210938,,10.295944213867188,,,,,,
,,,,,,,,,,129.80000000000001,12.156829833984375,,10.551437377929688,,,,,,
,,,,,,,,,,129.90000000000001,13.007644653320312,,10.819717407226562,,,,,,
,,,,,,,,,,130,13.891677856445312,10.006670951843262,11.141647338867188,12.008005142211914,,,,,
,,,,,,,,,,130.09999999999999,14.5380859375,,11.425247192382812,,,,,,
,,,,,,,,,,130.19999999999999,14.92645263671875,,11.596435546875,,,,,,
,,,,,,,,,,130.30000000000001,15.227935791015625,,11.675643920898438,,,,,,
,,,,,,,,,,130.40000000000001,15.161506652832031,,11.601547241210938,,,,,,
,,,,,,,,,,130.5,14.665840148925781,,11.407363891601562,,,,,,
,,,,,,,,,,130.59999999999999,13.9862060546875,,11.1927490234375,,,,,,
,,,,,,,,,,130.69999999999999,13.222267150878906,,10.962799072265625,,,,,,
,,,,,,,,,,130.80000000000001,12.453208923339844,,10.714958190917969,,,,,,
,,,,,,,,,,130.90000000000001,11.684150695800781,,10.446685791015625,,,,,,
,,,,,,,,,,131,10.963645935058594,,10.170745849609375,,,,,,
,,,,,,,,,,131.09999999999999,10.207366943359375,,9.8692550659179688,,,,,,
,,,,,,,,,,131.19999999999999,9.4561920166015625,,9.5038909912109375,,,,,,
,,,,,,,,,,131.30000000000001,8.9988479614257812,,9.14874267578125,,,,,,
,,,,,,,,,,131.40000000000001,8.7842330932617188,,8.872802734375,,,,,,
,,,,,,,,,,131.5,8.6564788818359375,,8.6632919311523438,,,,,,
,,,,,,,,,,131.59999999999999,8.569610595703125,,8.5023269653320312,,,,,,
,,,,,,,,,,131.69999999999999,8.5159530639648438,,8.3822479248046875,,,,,,
,,,,,,,,,,131.80000000000001,8.4827423095703125,,8.2928237915039062,,,,,,
,,,,,,,,,,131.90000000000001,8.4520797729492188,,8.2161712646484375,,,,,,
,,,,,,,,,,132,8.4623031616210938,,8.1701812744140625,,,,,,
,,,,,,,,,,132.09999999999999,8.3038864135742188,,8.136962890625,,,,,,
,,,,,,,,,,132.19999999999999,8.00750732421875,,8.0705337524414062,,,,,,
,,,,,,,,,,132.30000000000001,7.9129714965820312,,8.00921630859375,,,,,,
,,,,,,,,,,132.40000000000001,7.9410781860351562,,7.9759979248046875,,,,,,
,,,,,,,,,,132.5,8.0228424072265625,,8.0168838500976562,,,,,,
,,,,,,,,,,132.59999999999999,8.3013381958007812,,8.2314987182617188,,,,,,
,,,,,,,,,,132.69999999999999,8.7561264038085938,,8.6632919311523438,,,,,,
,,,,,,,,,,132.80000000000001,9.3156661987304688,,9.18707275390625,,,,,,
,,,,,,,,,,132.90000000000001,10.010627746582031,,9.6725234985351562,,,,,,
,,,,,,,,,,133,10.828231811523438,,10.124755859375,,,,,,
,,,,,,,,,,133.09999999999999,11.538520812988281,,10.479904174804688,,,,,,
,,,,,,,,,,133.19999999999999,12.23858642578125,,10.789054870605469,,,,,,
,,,,,,,,,,133.30000000000001,13.148170471191406,,11.103317260742188,,,,,,
,,,,,,,,,,133.40000000000001,14.050086975097656,,11.376708984375,,,,,,
,,,,,,,,,,133.5,14.803810119628906,,11.627098083496094,,,,,,
,,,,,,,,,,133.59999999999999,15.296920776367188,,11.770172119140625,,,,,,
,,,,,,,,,,133.69999999999999,15.337806701660156,,11.581108093261719,,,,,,
,,,,,,,,,,133.80000000000001,14.504875183105469,,11.049667358398438,,,,,,
,,,,,,,,,,133.90000000000001,13.153282165527344,,10.403251647949219,,,,,,
,,,,,,,,,,134,11.860450744628906,,9.7798309326171875,,,,,,
,,,,,,,,,,134.09999999999999,10.623832702636719,,9.0950927734375,,,,,,
,,,,,,,,,,134.19999999999999,9.6682586669921875,,8.4001312255859375,,,,,,
,,,,,,,,,,134.30000000000001,8.8864288330078125,,7.9478988647460938,,,,,,
,,,,,,,,,,134.40000000000001,8.1020431518554688,,7.687286376953125,,,,,,
,,,,,,,,,,134.5,7.3968658447265625,,7.45733642578125,,,,,,
,,,,,,,,,,134.59999999999999,7.0749359130859375,,7.2018356323242188,,,,,,
,,,,,,,,,,134.69999999999999,7.1439208984375,,7.0025482177734375,,,,,,
,,,,,,,,,,134.80000000000001,7.3789825439453125,,6.92333984375,,,,,,
,,,,,,,,,,134.90000000000001,7.5731582641601562,,6.9207839965820312,,,,,,
,,,,,,,,,,135,7.501617431640625,,6.92333984375,,,,,,
,,,,,,,,,,135.09999999999999,7.299774169921875,,6.8901290893554688,,,,,,
,,,,,,,,,,135.19999999999999,7.1950225830078125,,6.8671340942382812,,,,,,
,,,,,,,,,,135.30000000000001,7.2691116333007812,,6.895233154296875,,,,,,
,,,,,,,,,,135.40000000000001,8.1608123779296875,,6.9974365234375,,,,,,
,,,,,,,,,,135.5,9.6989212036132812,,7.337249755859375,,,,,,
,,,,,,,,,,135.59999999999999,11.037742614746094,,7.9249038696289062,,,,,,
,,,,,,,,,,135.69999999999999,12.248809814453125,,8.4767837524414062,,,,,,
,,,,,,,,,,135.80000000000001,13.500762939453125,,8.9622268676757812,,,,,,
,,,,,,,,,,135.90000000000001,14.911117553710938,,9.5345535278320312,,,,,,
,,,,,,,,,,136,16.265270233154297,,9.9382400512695312,,,,,,
,,,,,,,,,,136.09999999999999,17.632194519042969,,10.175857543945312,,,,,,
,,,,,,,,,,136.19999999999999,19.313385009765625,,10.6766357421875,,,,,,
,,,,,,,,,,136.30000000000001,20.73907470703125,,11.317939758300781,,,,,,
,,,,,,,,,,136.40000000000001,21.186199188232422,,11.660308837890625,,,,,,
,,,,,,,,,,136.5,20.629207611083984,,11.644981384277344,,,,,,
,,,,,,,,,,136.59999999999999,19.533115386962891,,11.455909729003906,,,,,,
,,,,,,,,,,136.69999999999999,18.301605224609375,,11.187637329101562,,,,,,
,,,,,,,,,,136.80000000000001,17.271938323974609,,10.975570678710938,,,,,,
,,,,,,,,,,136.90000000000001,16.152847290039062,,10.783943176269531,,,,,,
,,,,,,,,,,137,14.573860168457031,,10.643417358398438,,,,,,
,,,,,,,,,,137.09999999999999,13.34234619140625,,10.538665771484375,,,,,,
,,,,,,,,,,137.19999999999999,13.268257141113281,,10.395584106445312,,,,,,
,,,,,,,,,,137.30000000000001,13.370452880859375,,10.285720825195312,,,,,,
,,,,,,,,,,137.40000000000001,12.509422302246094,,10.18096923828125,,,,,,
,,,,,,,,,,137.5,11.630500793457031,,9.9944534301757812,,,,,,
,,,,,,,,,,137.59999999999999,11.055625915527344,,9.6827392578125,,,,,,
,,,,,,,,,,137.69999999999999,10.181816101074219,,9.4272384643554688,,,,,,
,,,,,,,,,,137.80000000000001,9.3999862670898438,,9.1564102172851562,,,,,,
,,,,,,,,,,137.90000000000001,9.0320663452148438,,8.883026123046875,,,,,,
,,,,,,,,,,138,8.8404388427734375,,8.6505203247070312,,,,,,
,,,,,,,,,,138.09999999999999,8.6692581176757812,,8.3745803833007812,,,,,,
,,,,,,,,,,138.19999999999999,8.4469680786132812,,8.1727371215820312,,,,,,
,,,,,,,,,,138.30000000000001,8.1045989990234375,,7.981109619140625,,,,,,
,,,,,,,,,,138.40000000000001,7.8312149047851562,,7.8635787963867188,,,,,,
,,,,,,,,,,138.5,7.759674072265625,,7.815032958984375,,,,,,
,,,,,,,,,,138.59999999999999,7.6830215454101562,,7.7486038208007812,,,,,,
,,,,,,,,,,138.69999999999999,7.5808258056640625,,7.7128372192382812,,,,,,
,,,,,,,,,,138.80000000000001,7.6191482543945312,,7.7077255249023438,,,,,,
,,,,,,,,,,138.90000000000001,7.8772048950195312,,7.8099288940429688,,,,,,
,,,,,,,,,,139,8.2783432006835938,,8.1267471313476562,,,,,,
,,,,,,,,,,139.09999999999999,8.7229080200195312,,8.6019744873046875,,,,,,
,,,,,,,,,,139.19999999999999,9.1266021728515625,,8.9903335571289062,,,,,,
,,,,,,,,,,139.30000000000001,9.6350479125976562,,9.2739410400390625,,,,,,
,,,,,,,,,,139.40000000000001,10.375991821289062,,9.5677642822265625,,,,,,
,,,,,,,,,,139.5,11.152717590332031,,9.88458251953125,,,,,,
,,,,,,,,,,139.59999999999999,11.901329040527344,,10.234619140625,,,,,,
,,,,,,,,,,139.69999999999999,12.64483642578125,,10.576988220214844,,,,,,
,,,,,,,,,,139.80000000000001,13.347457885742188,,10.883590698242188,,,,,,
,,,,,,,,,,139.90000000000001,13.960662841796875,,11.1544189453125,,,,,,
,,,,,,,,,,140,14.379676818847656,10.006670951843262,11.340934753417969,12.008005142211914,,,,,
,,,,,,,,,,140.09999999999999,14.213607788085938,,11.348602294921875,,,,,,
,,,,,,,,,,140.19999999999999,13.367897033691406,,11.110984802246094,,,,,,
,,,,,,,,,,140.30000000000001,12.463432312011719,,10.796722412109375,,,,,,
,,,,,,,,,,140.40000000000001,11.842567443847656,,10.533554077148438,,,,,,
,,,,,,,,,,140.5,11.369888305664062,,10.298492431640625,,,,,,
,,,,,,,,,,140.59999999999999,10.907432556152344,,10.073654174804688,,,,,,
,,,,,,,,,,140.69999999999999,10.43731689453125,,9.8079376220703125,,,,,,
,,,,,,,,,,140.80000000000001,10.03106689453125,,9.5498809814453125,,,,,,
,,,,,,,,,,140.90000000000001,9.6989212036132812,,9.3122634887695312,,,,,,
,,,,,,,,,,141,9.4306411743164062,,9.0720977783203125,,,,,,
,,,,,,,,,,141.09999999999999,9.18536376953125,,8.8906936645507812,,,,,,
,,,,,,,,,,141.19999999999999,8.8327713012695312,,8.6939544677734375,,,,,,
,,,,,,,,,,141.30000000000001,8.5031814575195312,,8.4818878173828125,,,,,,
,,,,,,,,,,141.40000000000001,8.3958663940429688,,8.3413619995117188,,,,,,
,,,,,,,,,,141.5,8.3933181762695312,,8.2468338012695312,,,,,,
,,,,,,,,,,141.59999999999999,8.3984222412109375,,8.1803970336914062,,,,,,
,,,,,,,,,,141.69999999999999,8.3830947875976562,,8.1497421264648438,,,,,,
,,,,,,,,,,141.80000000000001,8.367767333984375,,8.1446304321289062,,,,,,
,,,,,,,,,,141.90000000000001,8.3422164916992188,,8.129302978515625,,,,,,
,,,,,,,,,,142,8.3243331909179688,,8.1139678955078125,,,,,,
,,,,,,,,,,142.09999999999999,8.4878463745117188,,8.2008438110351562,,,,,,
,,,,,,,,,,142.19999999999999,8.7612380981445312,,8.4614486694335938,,,,,,
,,,,,,,,,,142.30000000000001,8.9835205078125,,8.7987136840820312,,,,,,
,,,,,,,,,,142.40000000000001,9.3821029663085938,,9.1742935180664062,,,,,,
,,,,,,,,,,142.5,10.036178588867188,,9.5754318237304688,,,,,,
,,,,,,,,,,142.59999999999999,10.784797668457031,,9.9918975830078125,,,,,,
,,,,,,,,,,142.69999999999999,11.538520812988281,,10.408363342285156,,,,,,
,,,,,,,,,,142.80000000000001,12.256477355957031,,10.771171569824219,,,,,,
,,,,,,,,,,142.90000000000001,12.959098815917969,,11.103317260742188,,,,,,
,,,,,,,,,,143,13.682167053222656,,11.425247192382812,,,,,,
,,,,,,,,,,143.09999999999999,14.356681823730469,,11.772727966308594,,,,,,
,,,,,,,,,,143.19999999999999,14.732269287109375,,12.043563842773438,,,,,,
,,,,,,,,,,143.30000000000001,14.773147583007812,,12.122764587402344,,,,,,
,,,,,,,,,,143.40000000000001,14.532981872558594,,12.010345458984375,,,,,,
,,,,,,,,,,143.5,13.983657836914062,,11.772727966308594,,,,,,
,,,,,,,,,,143.59999999999999,13.344902038574219,,11.535118103027344,,,,,,
,,,,,,,,,,143.69999999999999,12.744476318359375,,11.277061462402344,,,,,,
,,,,,,,,,,143.80000000000001,12.195152282714844,,10.980682373046875,,,,,,
,,,,,,,,,,143.90000000000001,11.702041625976562,,10.71240234375,,,,,,
,,,,,,,,,,144,11.185928344726562,,10.4569091796875,,,,,,
,,,,,,,,,,144.09999999999999,10.524185180664062,,10.129867553710938,,,,,,
,,,,,,,,,,144.19999999999999,9.8828811645507812,,9.73895263671875,,,,,,
,,,,,,,,,,144.30000000000001,9.4842987060546875,,9.4144668579101562,,,,,,
,,,,,,,,,,144.40000000000001,9.2441329956054688,,9.1640777587890625,,,,,,
,,,,,,,,,,144.5,9.0627212524414062,,8.9417877197265625,,,,,,
,,,,,,,,,,144.59999999999999,8.919647216796875,,8.7322769165039062,,,,,,
,,,,,,,,,,144.69999999999999,9.0422821044921875,,8.589202880859375,,,,,,
,,,,,,,,,,144.80000000000001,9.3156661987304688,,8.5381011962890625,,,,,,
,,,,,,,,,,144.90000000000001,9.2824554443359375,,8.5099945068359375,,,,,,
,,,,,,,,,,145,8.96563720703125,,8.39501953125,,,,,,
,,,,,,,,,,145.09999999999999,8.6871414184570312,,8.2596054077148438,,,,,,
,,,,,,,,,,145.19999999999999,8.6079330444335938,,8.17529296875,,,,,,
,,,,,,,,,,145.30000000000001,8.6181564331054688,,8.1216354370117188,,,,,,
,,,,,,,,,,145.40000000000001,8.8199996948242188,,8.1803970336914062,,,,,,
,,,,,,,,,,145.5,9.33355712890625,,8.4001312255859375,,,,,,
,,,,,,,,,,145.59999999999999,9.9748611450195312,,8.7603836059570312,,,,,,
,,,,,,,,,,145.69999999999999,10.718360900878906,,9.2049560546875,,,,,,
,,,,,,,,,,145.80000000000001,11.717369079589844,,9.6827392578125,,,,,,
,,,,,,,,,,145.90000000000001,12.795578002929688,,10.037887573242188,,,,,,
,,,,,,,,,,146,13.9146728515625,,10.257614135742188,,,,,,
,,,,,,,,,,146.09999999999999,15.138511657714844,,10.607650756835938,,,,,,
,,,,,,,,,,146.19999999999999,16.262714385986328,,11.128868103027344,,,,,,
,,,,,,,,,,146.30000000000001,17.386913299560547,,11.747177124023438,,,,,,
,,,,,,,,,,146.40000000000001,18.511112213134766,,12.250518798828125,,,,,,
,,,,,,,,,,146.5,19.223957061767578,,12.398704528808594,,,,,,
,,,,,,,,,,146.59999999999999,19.091098785400391,,12.260734558105469,,,,,,
,,,,,,,,,,146.69999999999999,18.148303985595703,,12.05633544921875,,,,,,
,,,,,,,,,,146.80000000000001,17.001110076904297,,11.808502197265625,,,,,,
,,,,,,,,,,146.90000000000001,16.119632720947266,,11.524894714355469,,,,,,
,,,,,,,,,,147,15.508987426757812,,11.254066467285156,,,,,,
,,,,,,,,,,147.09999999999999,14.951995849609375,,10.998565673828125,,,,,,
,,,,,,,,,,147.19999999999999,14.33624267578125,,10.819717407226562,,,,,,
,,,,,,,,,,147.30000000000001,13.717933654785156,,10.707298278808594,,,,,,
,,,,,,,,,,147.40000000000001,13.074073791503906,,10.587211608886719,,,,,,
,,,,,,,,,,147.5,12.33056640625,,10.416023254394531,,,,,,
,,,,,,,,,,147.59999999999999,11.451652526855469,,10.150306701660156,,,,,,
,,,,,,,,,,147.69999999999999,10.715812683105469,,9.8794784545898438,,,,,,
,,,,,,,,,,147.80000000000001,10.373435974121094,,9.7082901000976562,,,,,,
,,,,,,,,,,147.90000000000001,10.411766052246094,,9.6623001098632812,,,,,,
,,,,,,,,,,148,10.874221801757812,,9.7900543212890625,,,,,,
,,,,,,,,,,148.09999999999999,11.382667541503906,,9.9791183471679688,,,,,,
,,,,,,,,,,148.19999999999999,11.561515808105469,,10.101760864257812,,,,,,
,,,,,,,,,,148.30000000000001,11.543632507324219,,10.086433410644531,,,,,,
,,,,,,,,,,148.40000000000001,11.584510803222656,,9.99700927734375,,,,,,
,,,,,,,,,,148.5,11.822120666503906,,10.002113342285156,,,,,,
,,,,,,,,,,148.59999999999999,12.261581420898438,,10.096649169921875,,,,,,
,,,,,,,,,,148.69999999999999,12.586067199707031,,10.188629150390625,,,,,,
,,,,,,,,,,148.80000000000001,12.557960510253906,,10.147750854492188,,,,,,
,,,,,,,,,,148.90000000000001,12.770027160644531,,10.260169982910156,,,,,,
,,,,,,,,,,149,12.616729736328125,,10.29083251953125,,,,,,
,,,,,,,,,,149.09999999999999,12.031631469726562,,9.9382400512695312,,,,,,
,,,,,,,,,,149.19999999999999,11.988197326660156,,9.784942626953125,,,,,,
,,,,,,,,,,149.30000000000001,11.781242370605469,,9.618865966796875,,,,,,
,,,,,,,,,,149.40000000000001,11.428657531738281,,9.33270263671875,,,,,,
,,,,,,,,,,149.5,11.214035034179688,,9.1819610595703125,,,,,,
,,,,,,,,,,149.59999999999999,10.966201782226562,,8.9980010986328125,,,,,,
,,,,,,,,,,149.69999999999999,10.761802673339844,,8.7859344482421875,,,,,,
,,,,,,,,,,149.80000000000001,10.572731018066406,,8.6147537231445312,,,,,,
,,,,,,,,,,149.90000000000001,10.444976806640625,,8.4256820678710938,,,,,,
,,,,,,,,,,150,10.284011840820312,17.928287506103516,8.3004837036132812,17.964073181152344,,,,,
,,,,,,,,,,150.09999999999999,10.552291870117188,,8.4461212158203125,,,,,,
,,,,,,,,,,150.19999999999999,11.512969970703125,,8.826812744140625,,,,,,
,,,,,,,,,,150.30000000000001,12.678047180175781,,9.3761367797851562,,,,,,
,,,,,,,,,,150.40000000000001,13.886566162109375,,9.9637908935546875,,,,,,
,,,,,,,,,,150.5,15.215164184570312,,10.5667724609375,,,,,,
,,,,,,,,,,150.59999999999999,16.50799560546875,,11.182525634765625,,,,,,
,,,,,,,,,,150.69999999999999,17.634750366210938,,11.650093078613281,,,,,,
,,,,,,,,,,150.80000000000001,18.541774749755859,,11.954132080078125,,,,,,
,,,,,,,,,,150.90000000000001,19.37725830078125,,12.247962951660156,,,,,,
,,,,,,,,,,151,20.192302703857422,,12.546897888183594,,,,,,
,,,,,,,,,,151.09999999999999,20.567890167236328,,12.661872863769531,,,,,,
,,,,,,,,,,151.19999999999999,20.215297698974609,,12.546897888183594,,,,,,
,,,,,,,,,,151.30000000000001,19.407920837402344,,12.260734558105469,,,,,,
,,,,,,,,,,151.40000000000001,18.562213897705078,,11.887702941894531,,,,,,
,,,,,,,,,,151.5,17.61175537109375,,11.50445556640625,,,,,,
,,,,,,,,,,151.59999999999999,16.490108489990234,,11.169754028320312,,,,,,
,,,,,,,,,,151.69999999999999,15.210052490234375,,10.806938171386719,,,,,,
,,,,,,,,,,151.80000000000001,14.032196044921875,,10.413467407226562,,,,,,
,,,,,,,,,,151.90000000000001,13.334686279296875,,10.101760864257812,,,,,,
,,,,,,,,,,152,13.01275634765625,,9.8232650756835938,,,,,,
,,,,,,,,,,152.09999999999999,12.844123840332031,,9.544769287109375,,,,,,
,,,,,,,,,,152.19999999999999,12.701042175292969,,9.2943801879882812,,,,,,
,,,,,,,,,,152.30000000000001,12.560516357421875,,9.102752685546875,,,,,,
,,,,,,,,,,152.40000000000001,12.455764770507812,,8.9903335571289062,,,,,,
,,,,,,,,,,152.5,12.391891479492188,,8.9213485717773438,,,,,,
,,,,,,,,,,152.59999999999999,12.476203918457031,,8.9494552612304688,,,,,,
,,,,,,,,,,152.69999999999999,12.936103820800781,,9.2126235961914062,,,,,,
,,,,,,,,,,152.80000000000001,13.49053955078125,,9.636749267578125,,,,,,
,,,,,,,,,,152.90000000000001,13.998985290527344,,10.03277587890625,,,,,,
,,,,,,,,,,153,14.819137573242188,,10.433914184570312,,,,,,
,,,,,,,,,,153.09999999999999,15.874355316162109,,10.873367309570312,,,,,,
,,,,,,,,,,153.19999999999999,16.950008392333984,,11.317939758300781,,,,,,
,,,,,,,,,,153.30000000000001,17.966899871826172,,11.747177124023438,,,,,,
,,,,,,,,,,153.40000000000001,18.894363403320312,,12.140647888183594,,,,,,
,,,,,,,,,,153.5,19.676193237304688,,12.470245361328125,,,,,,
,,,,,,,,,,153.59999999999999,20.182083129882812,,12.697639465332031,,,,,,
,,,,,,,,,,153.69999999999999,20.120765686035156,,12.679756164550781,,,,,,
,,,,,,,,,,153.80000000000001,19.512672424316406,,12.429367065429688,,,,,,
,,,,,,,,,,153.90000000000001,18.523887634277344,,12.066558837890625,,,,,,
,,,,,,,,,,154,17.307708740234375,,11.609207153320312,,,,,,
,,,,,,,,,,154.09999999999999,16.226943969726562,,11.200408935546875,,,,,,
,,,,,,,,,,154.19999999999999,15.401679992675781,,10.906585693359375,,,,,,
,,,,,,,,,,154.30000000000001,14.727157592773438,,10.674079895019531,,,,,,
,,,,,,,,,,154.40000000000001,14.121627807617188,,10.446685791015625,,,,,,
,,,,,,,,,,154.5,13.58251953125,,10.214179992675781,,,,,,
,,,,,,,,,,154.59999999999999,13.143058776855469,,9.99700927734375,,,,,,
,,,,,,,,,,154.69999999999999,12.805801391601562,,9.784942626953125,,,,,,
,,,,,,,,,,154.80000000000001,12.529861450195312,,9.5728759765625,,,,,,
,,,,,,,,,,154.90000000000001,12.317794799804688,,9.3991317749023438,,,,,,
,,,,,,,,,,155,11.985641479492188,,9.2202835083007812,,,,,,
,,,,,,,,,,155.09999999999999,11.564071655273438,,9.00311279296875,,,,,,
,,,,,,,,,,155.19999999999999,11.364776611328125,,8.8600311279296875,,,,,,
,,,,,,,,,,155.30000000000001,11.346893310546875,,8.8063735961914062,,,,,,
,,,,,,,,,,155.40000000000001,11.403106689453125,,8.7782669067382812,,,,,,
,,,,,,,,,,155.5,11.472091674804688,,8.7654953002929688,,,,,,
,,,,,,,,,,155.59999999999999,11.482307434082031,,8.7603836059570312,,,,,,
,,,,,,,,,,155.69999999999999,11.4490966796875,,8.7603836059570312,,,,,,
,,,,,,,,,,155.80000000000001,11.443984985351562,,8.7706069946289062,,,,,,
,,,,,,,,,,155.90000000000001,11.704597473144531,,8.8983535766601562,,,,,,
,,,,,,,,,,156,12.126167297363281,,9.1845169067382812,,,,,,
,,,,,,,,,,156.09999999999999,12.527305603027344,,9.5575485229492188,,,,,,
,,,,,,,,,,156.19999999999999,13.194160461425781,,9.9484634399414062,,,,,,
,,,,,,,,,,156.30000000000001,14.175277709960938,,10.329154968261719,,,,,,
,,,,,,,,,,156.40000000000001,15.253486633300781,,10.714958190917969,,,,,,
,,,,,,,,,,156.5,16.260158538818359,,11.090545654296875,,,,,,
,,,,,,,,,,156.59999999999999,17.164630889892578,,11.438026428222656,,,,,,
,,,,,,,,,,156.69999999999999,18.002670288085938,,11.793167114257812,,,,,,
,,,,,,,,,,156.80000000000001,18.792163848876953,,12.207077026367188,,,,,,
,,,,,,,,,,156.90000000000001,19.395145416259766,,12.552001953125,,,,,,
,,,,,,,,,,157,19.400253295898438,,12.559669494628906,,,,,,
,,,,,,,,,,157.09999999999999,18.758949279785156,,12.286285400390625,,,,,,
,,,,,,,,,,157.19999999999999,17.874919891357422,,11.918365478515625,,,,,,
,,,,,,,,,,157.30000000000001,17.018993377685547,,11.507011413574219,,,,,,
,,,,,,,,,,157.40000000000001,16.203948974609375,,11.179969787597656,,,,,,
,,,,,,,,,,157.5,15.445114135742188,,10.942352294921875,,,,,,
,,,,,,,,,,157.59999999999999,14.762931823730469,,10.69451904296875,,,,,,
,,,,,,,,,,157.69999999999999,14.157394409179688,,10.441574096679688,,,,,,
,,,,,,,,,,157.80000000000001,13.636177062988281,,10.203964233398438,,,,,,
,,,,,,,,,,157.90000000000001,12.971870422363281,,9.905029296875,,,,,,
,,,,,,,,,,158,12.251365661621094,,9.5217742919921875,,,,,,
,,,,,,,,,,158.09999999999999,11.857894897460938,,9.18707275390625,,,,,,
,,,,,,,,,,158.19999999999999,11.745475769042969,,8.9366836547851562,,,,,,
,,,,,,,,,,158.30000000000001,11.717369079589844,,8.7654953002929688,,,,,,
,,,,,,,,,,158.40000000000001,11.656051635742188,,8.6479644775390625,,,,,,
,,,,,,,,,,158.5,11.602394104003906,,8.5840911865234375,,,,,,
,,,,,,,,,,158.59999999999999,11.602394104003906,,8.5866470336914062,,,,,,
,,,,,,,,,,158.69999999999999,11.755691528320312,,8.6786270141601562,,,,,,
,,,,,,,,,,158.80000000000001,12.248809814453125,,8.9877777099609375,,,,,,
,,,,,,,,,,158.90000000000001,12.749588012695312,,9.40679931640625,,,,,,
,,,,,,,,,,159,13.224822998046875,,9.77471923828125,,,,,,
,,,,,,,,,,159.09999999999999,13.975990295410156,,10.122200012207031,,,,,,
,,,,,,,,,,159.19999999999999,14.865127563476562,,10.47479248046875,,,,,,
,,,,,,,,,,159.30000000000001,15.787483215332031,,10.868263244628906,,,,,,
,,,,,,,,,,159.40000000000001,16.661293029785156,,11.289833068847656,,,,,,
,,,,,,,,,,159.5,17.453342437744141,,11.680747985839844,,,,,,
,,,,,,,,,,159.59999999999999,18.158523559570312,,12.02056884765625,,,,,,
,,,,,,,,,,159.69999999999999,18.656749725341797,,12.306724548339844,,,,,,
,,,,,,,,,,159.80000000000001,18.633754730224609,,12.403816223144531,,,,,,
,,,,,,,,,,159.90000000000001,17.828929901123047,,12.143203735351562,,,,,,
,,,,,,,,,,160,16.564205169677734,18.367345809936523,11.606658935546875,18.317502975463867,,,,,
,,,,,,,,,,160.09999999999999,15.378684997558594,,11.059883117675781,,,,,,
,,,,,,,,,,160.19999999999999,14.430778503417969,,10.6025390625,,,,,,
,,,,,,,,,,160.30000000000001,13.705162048339844,,10.170745849609375,,,,,,
,,,,,,,,,,160.40000000000001,13.089401245117188,,9.7338409423828125,,,,,,
,,,,,,,,,,160.5,12.540077209472656,,9.3378143310546875,,,,,,
,,,,,,,,,,160.59999999999999,12.11083984375,,9.049102783203125,,,,,,
,,,,,,,,,,160.69999999999999,11.824676513671875,,8.8574752807617188,,,,,,
,,,,,,,,,,160.80000000000001,11.6688232421875,,8.7297286987304688,,,,,,
,,,,,,,,,,160.90000000000001,11.543632507324219,,8.67095947265625,,,,,,
,,,,,,,,,,161,11.244697570800781,,8.5585403442382812,,,,,,
,,,,,,,,,,161.09999999999999,10.925315856933594,,8.4384536743164062,,,,,,
,,,,,,,,,,161.19999999999999,10.820564270019531,,8.41290283203125,,,,,,
,,,,,,,,,,161.30000000000001,10.792457580566406,,8.4026870727539062,,,,,,
,,,,,,,,,,161.40000000000001,10.784797668457031,,8.423126220703125,,,,,,
,,,,,,,,,,161.5,11.096504211425781,,8.5406570434570312,,,,,,
,,,,,,,,,,161.59999999999999,11.804237365722656,,8.8702468872070312,,,,,,
,,,,,,,,,,161.69999999999999,12.601402282714844,,9.3301467895507812,,,,,,
,,,,,,,,,,161.80000000000001,13.521202087402344,,9.802825927734375,,,,,,
,,,,,,,,,,161.90000000000001,14.619850158691406,,10.324043273925781,,,,,,
,,,,,,,,,,162,15.434890747070312,,10.65875244140625,,,,,,
,,,,,,,,,,162.09999999999999,16.022544860839844,,10.760948181152344,,,,,,
,,,,,,,,,,162.19999999999999,17.070095062255859,,11.029228210449219,,,,,,
,,,,,,,,,,162.30000000000001,18.431907653808594,,11.432914733886719,,,,,,
,,,,,,,,,,162.40000000000001,19.717075347900391,,11.862152099609375,,,,,,
,,,,,,,,,,162.5,21.004795074462891,,12.342498779296875,,,,,,
,,,,,,,,,,162.59999999999999,22.249080657958984,,12.843276977539062,,,,,,
,,,,,,,,,,162.69999999999999,23.176544189453125,,13.272514343261719,,,,,,
,,,,,,,,,,162.80000000000001,23.659439086914062,,13.507575988769531,,,,,,
,,,,,,,,,,162.90000000000001,23.467815399169922,,13.517791748046875,,,,,,
,,,,,,,,,,163,22.522464752197266,,13.165206909179688,,,,,,
,,,,,,,,,,163.09999999999999,21.331832885742188,,12.623542785644531,,,,,,
,,,,,,,,,,163.19999999999999,20.118209838867188,,12.127876281738281,,,,,,
