Datensatz 1:Zeit(s),Datensatz 1:Kraft(N),Datensatz 1:Force 2(N)
0,7.539947509765625,2.9273223876953125
0.10000000000000001,8.109710693359375,3.4945297241210938
0.20000000000000001,8.7867813110351562,4.1383895874023438
0.29999999999999999,9.0218429565429688,4.3734512329101562
0.40000000000000002,9.2850112915039062,4.7362594604492188
0.5,9.5865020751953125,5.1246185302734375
0.59999999999999998,9.9186477661132812,5.461883544921875
0.69999999999999996,10.238021850585938,5.7582626342773438
0.80000000000000004,10.529296875,6.0444183349609375
0.90000000000000002,10.710700988769531,6.2845916748046875
1,10.654487609863281,6.3305816650390625
1.1000000000000001,10.421981811523438,6.0699691772460938
1.2,10.077056884765625,5.553863525390625
1.3,9.70147705078125,5.0096435546875
1.3999999999999999,9.4050979614257812,4.62384033203125
1.5,9.1061630249023438,4.319793701171875
1.6000000000000001,8.7459030151367188,4.0106430053710938
1.7,8.3652114868164062,3.6989288330078125
1.8,8.0126190185546875,3.4332122802734375
1.8999999999999999,7.685577392578125,3.216033935546875
2,7.465850830078125,3.032073974609375
2.1000000000000001,7.3764266967773438,2.8787765502929688
2.2000000000000002,7.2461166381835938,2.656494140625
2.2999999999999998,7.0825958251953125,2.444427490234375
2.3999999999999999,7.0366058349609375,2.4009933471679688
2.5,7.1745758056640625,2.5210723876953125
2.6000000000000001,7.5246124267578125,2.8225631713867188
2.7000000000000002,7.9896240234375,3.216033935546875
2.7999999999999998,8.5338363647460938,3.5865097045898438
2.8999999999999999,9.1444854736328125,3.9416580200195312
3,9.7525711059570312,4.3223495483398438
3.1000000000000001,10.299346923828125,4.6902694702148438
3.2000000000000002,10.718360900878906,4.9151077270507812
3.2999999999999998,11.127166748046875,5.093963623046875
3.3999999999999999,11.622833251953125,5.4107818603515625
3.5,12.075065612792969,5.7812576293945312
3.6000000000000001,12.409774780273438,6.105743408203125
3.7000000000000002,12.440437316894531,6.3229141235351562
3.7999999999999998,12.059738159179688,6.2820358276367188
3.8999999999999999,11.512969970703125,5.9677734375
4,10.986640930175781,5.5027618408203125
4.0999999999999996,10.391326904296875,4.8512344360351562
4.2000000000000002,9.7346878051757812,4.1435012817382812
4.2999999999999998,9.1521530151367188,3.640167236328125
4.4000000000000004,8.6820297241210938,3.3182373046875
4.5,8.2911148071289062,3.0908432006835938
4.5999999999999996,7.9589614868164062,2.9119873046875
4.7000000000000002,7.7009124755859375,2.7689132690429688
4.7999999999999998,7.5322799682617188,2.6692657470703125
4.9000000000000004,7.4351882934570312,2.610504150390625
5,7.3534317016601562,2.5159683227539062
5.0999999999999996,7.2665557861328125,2.3626632690429688
5.2000000000000002,7.4045257568359375,2.3677749633789062
5.2999999999999998,7.9283065795898438,2.646270751953125
5.4000000000000004,8.6845855712890625,3.0397415161132812
5.5,9.4664154052734375,3.4510955810546875
5.5999999999999996,10.158821105957031,3.8905563354492188
5.7000000000000002,10.759246826171875,4.3734512329101562
5.7999999999999998,11.303459167480469,4.871673583984375
5.9000000000000004,11.755691528320312,5.2549285888671875
6,12.031631469726562,5.4848785400390625
6.0999999999999996,12.062294006347656,5.7173843383789062
6.2000000000000002,11.72503662109375,5.791473388671875
6.2999999999999998,11.193595886230469,5.5487518310546875
6.4000000000000004,10.720916748046875,5.1348419189453125
6.5,10.291679382324219,4.6749420166015625
6.5999999999999996,9.8726577758789062,4.2635879516601562
6.7000000000000002,9.4919662475585938,3.9288787841796875
6.7999999999999998,9.0627212524414062,3.5686264038085938
6.9000000000000004,8.5542831420898438,3.180267333984375
7,8.1224822998046875,2.9119873046875
7.0999999999999996,7.8286590576171875,2.7689132690429688
7.2000000000000002,7.631927490234375,2.682037353515625
7.2999999999999998,7.4632949829101562,2.6130523681640625
7.4000000000000004,7.3432083129882812,2.5594024658203125
7.5,7.3023300170898438,2.5287399291992188
7.5999999999999996,7.3227691650390625,2.50830078125
7.7000000000000002,7.5169525146484375,2.5389633178710938
7.7999999999999998,7.9104156494140625,2.6692657470703125
7.9000000000000004,8.4060897827148438,2.9733123779296875
8,8.937530517578125,3.4434280395507812
8.0999999999999996,9.44342041015625,3.9263229370117188
8.1999999999999993,9.9109878540039062,4.358123779296875
8.3000000000000007,10.347892761230469,4.77203369140625
8.4000000000000004,10.754135131835938,5.1961593627929688
8.5,11.093948364257812,5.6305084228515625
8.5999999999999996,11.369888305664062,6.0393142700195312
8.6999999999999993,11.375,6.2360458374023438
8.8000000000000007,10.889549255371094,5.9652175903320312
8.9000000000000004,10.245689392089844,5.3928985595703125
9,9.7500228881835938,4.8895645141601562
9.0999999999999996,9.323333740234375,4.4654312133789062
9.1999999999999993,8.9170913696289062,4.025970458984375
9.3000000000000007,8.5389480590820312,3.6146163940429688
9.4000000000000004,8.22979736328125,3.2977981567382812
9.5,7.9768524169921875,3.0755081176757812
9.5999999999999996,7.7801132202148438,2.9247665405273438
9.6999999999999993,7.6165924072265625,2.766357421875
9.8000000000000007,7.4121932983398438,2.56451416015625
9.9000000000000004,7.2410125732421875,2.4418716430664062
10,7.2026824951171875,2.426544189453125
10.1,7.3508758544921875,2.5057449340820312
10.199999999999999,7.7750015258789062,2.7535781860351562
10.300000000000001,8.385650634765625,3.1317214965820312
10.4,8.9784088134765625,3.548187255859375
10.5,9.55328369140625,3.9927520751953125
10.6,10.153709411621094,4.4271087646484375
10.699999999999999,10.646827697753906,4.7822494506835938
10.800000000000001,10.958534240722656,5.0147552490234375
10.9,11.196151733398438,5.239593505859375
11,11.247245788574219,5.4950942993164062
11.1,10.925315856933594,5.50787353515625
11.199999999999999,10.452644348144531,5.221710205078125
11.300000000000001,9.949310302734375,4.8001327514648438
11.4,9.4178695678710938,4.337677001953125
11.5,8.9400863647460938,3.9186630249023438
11.6,8.5542831420898438,3.5762939453125
11.699999999999999,8.201690673828125,3.2185897827148438
11.800000000000001,7.8312149047851562,2.8685531616210938
11.9,7.5348358154296875,2.6667098999023438
12,7.3534317016601562,2.5747299194335938
12.1,7.243560791015625,2.5210723876953125
12.199999999999999,7.1771316528320312,2.4776382446289062
12.300000000000001,7.1643600463867188,2.462310791015625
12.4,7.3432083129882812,2.5312957763671875
12.5,7.8209915161132812,2.7356948852539062
12.6,8.495513916015625,3.0397415161132812
12.699999999999999,9.0882720947265625,3.2799072265625
12.800000000000001,9.6146011352539062,3.5328521728515625
12.9,10.148597717285156,3.933990478515625
13,10.603385925292969,4.3836669921875
13.1,11.019851684570312,4.7745819091796875
13.199999999999999,11.385215759277344,5.1067352294921875
13.300000000000001,11.599838256835938,5.4031143188476562
13.4,11.436317443847656,5.5359725952148438
13.5,11.019851684570312,5.3903427124023438
13.6,10.549736022949219,4.963653564453125
13.699999999999999,10.010627746582031,4.411773681640625
13.800000000000001,9.4868545532226562,3.96209716796875
13.9,9.0346221923828125,3.6350555419921875
14,8.6309280395507812,3.3667831420898438
14.1,8.2604522705078125,3.1291656494140625
14.199999999999999,7.9742965698242188,2.940093994140625
14.300000000000001,7.7724456787109375,2.8174591064453125
14.4,7.631927490234375,2.7510223388671875
14.5,7.5373916625976562,2.6769332885742188
14.6,7.3994216918945312,2.5134124755859375
14.699999999999999,7.2870025634765625,2.3779983520507812
14.800000000000001,7.2972183227539062,2.38055419921875
14.9,7.4811782836914062,2.4955291748046875
15,7.9053115844726562,2.7356948852539062
15.1,8.4444122314453125,3.049957275390625
15.199999999999999,8.9860763549804688,3.4025497436523438
15.300000000000001,9.4766311645507812,3.8087921142578125
15.4,9.8982086181640625,4.2482528686523438
15.5,10.240577697753906,4.6034011840820312
15.6,10.450088500976562,4.82568359375
15.699999999999999,10.649375915527344,5.0633010864257812
15.800000000000001,10.889549255371094,5.387786865234375
15.9,10.9329833984375,5.6254043579101562
16,10.659599304199219,5.5743026733398438
16.100000000000001,10.286567687988281,5.2983627319335938
16.199999999999999,9.9595260620117188,4.9840927124023438
16.300000000000001,9.6580429077148438,4.6928253173828125
16.399999999999999,9.563507080078125,4.567626953125
16.5,9.6682586669921875,4.5446319580078125
16.600000000000001,9.379547119140625,4.2354812622070312
16.699999999999999,8.7970046997070312,3.7525863647460938
16.800000000000001,8.367767333984375,3.3795547485351562
16.899999999999999,8.0202865600585938,3.11639404296875
17,7.703460693359375,2.9196548461914062
17.100000000000001,7.4402999877929688,2.7152557373046875
17.199999999999999,7.2972183227539062,2.63604736328125
17.300000000000001,7.5552749633789062,2.8838882446289062
17.399999999999999,8.1940231323242188,3.4587631225585938
17.5,8.8429946899414062,4.082183837890625
17.600000000000001,9.1904754638671875,4.4833145141601562
17.699999999999999,9.2287979125976562,4.7694778442382812
17.800000000000001,9.3258895874023438,5.1680526733398438
17.899999999999999,9.6861419677734375,5.737823486328125
18,10.276351928710938,6.3663482666015625
18.100000000000001,10.65704345703125,6.859466552734375
18.199999999999999,10.516517639160156,6.8977890014648438
18.300000000000001,10.158821105957031,6.4046783447265625
18.399999999999999,9.81134033203125,5.7480392456054688
18.5,9.5149612426757812,5.2702560424804688
18.600000000000001,9.287567138671875,5.037750244140625
18.699999999999999,9.0525054931640625,4.88189697265625
18.800000000000001,8.7944488525390625,4.6570587158203125
18.899999999999999,8.55938720703125,4.3632278442382812
19,8.4009780883789062,4.08984375
19.100000000000001,8.283447265625,3.8164596557617188
19.199999999999999,8.0279464721679688,3.4076614379882812
19.300000000000001,7.6549224853515625,2.9707565307617188
19.399999999999999,7.3713150024414062,2.6973724365234375
19.5,7.2384567260742188,2.5210723876953125
19.600000000000001,7.189910888671875,2.370330810546875
19.699999999999999,7.1924667358398438,2.3090133666992188
19.800000000000001,7.4351882934570312,2.4878616333007812
19.899999999999999,7.9385223388671875,2.8506698608398438
20,8.5568313598632812,3.088287353515625
20.100000000000001,9.1240463256835938,3.0525131225585938
20.199999999999999,9.5200729370117188,3.1291656494140625
20.300000000000001,9.893096923828125,3.6350555419921875
20.399999999999999,10.327445983886719,4.3070220947265625
20.5,10.743911743164062,4.8691177368164062
20.600000000000001,10.961090087890625,5.24981689453125
20.699999999999999,10.835891723632812,5.3060226440429688
20.800000000000001,10.552291870117188,5.0096435546875
20.899999999999999,10.204811096191406,4.4909820556640625
21,9.7857894897460938,3.8573379516601562
21.100000000000001,9.4102020263671875,3.2977981567382812
21.199999999999999,9.0908279418945312,2.89410400390625
21.300000000000001,8.7637863159179688,2.5619583129882812
21.399999999999999,8.4188613891601562,2.2732391357421875
21.5,8.1122665405273438,2.0535125732421875
21.600000000000001,7.8925323486328125,1.9155426025390625
21.699999999999999,7.7315673828125,1.818450927734375
21.800000000000001,7.667694091796875,1.8082275390625
21.899999999999999,7.6140365600585938,1.8593292236328125
22,7.4300765991210938,1.726470947265625
22.100000000000001,7.23590087890625,1.4070968627929688
22.199999999999999,7.1873550415039062,1.2231369018554688
22.300000000000001,7.4428558349609375,1.486297607421875
22.399999999999999,7.93341064453125,2.0969467163085938
22.5,8.4904022216796875,2.7126998901367188
22.600000000000001,8.9681930541992188,3.162384033203125
22.699999999999999,9.3182220458984375,3.5711822509765625
22.800000000000001,9.6503753662109375,4.08984375
22.899999999999999,10.025962829589844,4.6647186279296875
23,10.450088500976562,5.203826904296875
23.100000000000001,10.828231811523438,5.6483993530273438
23.199999999999999,11.124610900878906,6.02142333984375
23.300000000000001,11.272796630859375,6.2692642211914062
23.399999999999999,11.157821655273438,6.1900558471679688
23.5,10.812896728515625,5.709716796875
23.600000000000001,10.434761047363281,5.1552810668945312
23.699999999999999,10.123046875,4.7848052978515625
23.800000000000001,9.8701019287109375,4.5293045043945312
23.899999999999999,9.6580429077148438,4.2993545532226562
24,9.433197021484375,4.0591888427734375
24.100000000000001,9.1981430053710938,3.7960205078125
24.199999999999999,8.9579696655273438,3.52008056640625
24.300000000000001,8.7126922607421875,3.2288131713867188
24.399999999999999,8.4188613891601562,2.8634490966796875
24.5,8.0688323974609375,2.5006332397460938
24.600000000000001,7.7903366088867188,2.3013458251953125
24.699999999999999,7.6063766479492188,2.2068099975585938
24.800000000000001,7.4786224365234375,2.1557083129882812
24.899999999999999,7.3994216918945312,2.1454925537109375
25,7.3534317016601562,2.222137451171875
25.100000000000001,7.3406524658203125,2.4699783325195312
25.199999999999999,7.4632949829101562,2.8838882446289062
25.300000000000001,7.8082199096679688,3.4357681274414062
25.399999999999999,8.2119064331054688,3.951873779296875
25.5,8.5747222900390625,4.376007080078125
25.600000000000001,8.909423828125,4.864013671875
25.699999999999999,9.16748046875,5.3903427124023438
25.800000000000001,9.5124053955078125,6.0188674926757812
25.899999999999999,9.9646377563476562,6.7649307250976562
26,10.442420959472656,7.6029739379882812
26.100000000000001,10.779685974121094,8.3260345458984375
26.199999999999999,10.846115112304688,8.7220611572265625
26.300000000000001,10.692817687988281,8.6377487182617188
26.399999999999999,10.406654357910156,8.0143280029296875
26.5,10.161376953125,7.4087905883789062
26.600000000000001,10.046401977539062,7.3423614501953125
26.699999999999999,10.059173583984375,7.4139022827148438
26.800000000000001,10.115386962890625,7.1737289428710938
26.899999999999999,9.9876327514648438,6.42767333984375
27,9.6886978149414062,5.4491043090820312
27.100000000000001,9.4025421142578125,4.8921127319335938
27.199999999999999,9.1776962280273438,4.6545028686523438
27.300000000000001,8.9477462768554688,4.411773681640625
27.399999999999999,8.6845855712890625,4.14605712890625
27.5,8.3779830932617188,3.8752288818359375
27.600000000000001,8.0228424072265625,3.5175247192382812
27.699999999999999,7.6881332397460938,3.1266098022460938
27.800000000000001,7.4249725341796875,2.886444091796875
27.899999999999999,7.4300765991210938,2.9809722900390625
28,7.8542098999023438,3.4792022705078125
28.100000000000001,8.3268814086914062,4.10772705078125
28.199999999999999,8.7203521728515625,4.651947021484375
28.300000000000001,9.0882720947265625,5.13995361328125
28.399999999999999,9.4408645629882812,5.6892776489257812
28.5,9.783233642578125,6.2488174438476562
28.600000000000001,10.005516052246094,6.6985015869140625
28.699999999999999,10.025962829589844,6.9258956909179688
28.800000000000001,9.7730178833007812,6.75726318359375
28.899999999999999,9.4613037109375,6.3152542114257812
29,9.121490478515625,5.7173843383789062
29.100000000000001,8.7842330932617188,5.1833877563476562
29.199999999999999,8.5338363647460938,4.88189697265625
29.300000000000001,8.3141098022460938,4.6851577758789062
29.399999999999999,8.11737060546875,4.5088653564453125
29.5,7.9513015747070312,4.3453445434570312
29.600000000000001,7.8133316040039062,4.1869354248046875
29.699999999999999,7.71368408203125,4.0566329956054688
29.800000000000001,7.6063766479492188,3.8956680297851562
29.899999999999999,7.4581832885742188,3.66827392578125
30,7.317657470703125,3.509857177734375
30.100000000000001,7.2461166381835938,3.4715347290039062
30.199999999999999,7.2154617309570312,3.4485397338867188
30.300000000000001,7.2026824951171875,3.417877197265625
30.399999999999999,7.1950225830078125,3.3693389892578125
30.5,7.2588958740234375,3.364227294921875
30.600000000000001,7.5424957275390625,3.5609588623046875
30.699999999999999,8.053497314453125,3.9467620849609375
30.800000000000001,8.7126922607421875,4.567626953125
30.899999999999999,9.5226211547851562,5.6100692749023438
31,10.294235229492188,6.7393798828125
31.100000000000001,10.879325866699219,7.6336288452148438
31.199999999999999,11.413322448730469,8.5048828125
31.300000000000001,12.034187316894531,9.6111984252929688
31.399999999999999,12.652496337890625,10.763504028320312
31.5,13.094512939453125,11.655197143554688
31.600000000000001,13.038307189941406,11.90814208984375
31.699999999999999,12.374000549316406,11.077774047851562
31.800000000000001,11.423545837402344,9.6520767211914062
31.899999999999999,10.570175170898438,8.3566970825195312
32,10.005516052246094,7.3806838989257812
32.100000000000001,9.6018295288085938,6.5426483154296875
32.200000000000003,9.18536376953125,5.6126251220703125
32.299999999999997,8.7459030151367188,4.6621627807617188
32.399999999999999,8.3626556396484375,3.8905563354492188
32.5,7.9845123291015625,3.3872222900390625
32.600000000000001,7.6242599487304688,3.1087265014648438
32.700000000000003,7.3432083129882812,2.9733123779296875
32.799999999999997,7.1745758056640625,2.9298782348632812
32.899999999999999,7.0647125244140625,2.9273223876953125
33,6.949737548828125,2.922210693359375
33.100000000000001,6.8654251098632812,2.9605331420898438
33.200000000000003,6.7708892822265625,2.9528732299804688
33.299999999999997,6.6431427001953125,2.8225631713867188
33.399999999999999,6.7274551391601562,2.8046798706054688
33.5,7.05194091796875,3.0550689697265625
33.600000000000001,7.437744140625,3.392333984375
33.700000000000003,7.8542098999023438,3.714263916015625
33.799999999999997,8.2578964233398438,4.043853759765625
33.899999999999999,8.6539230346679688,4.4730987548828125
34,9.0831680297851562,4.9687652587890625
34.100000000000001,9.4408645629882812,5.313690185546875
34.200000000000003,9.7270278930664062,5.5691909790039062
34.299999999999997,10.036178588867188,5.9371109008789062
34.399999999999999,10.388771057128906,6.3714599609375
34.5,10.751579284667969,6.7751541137695312
34.600000000000001,10.961090087890625,7.0970840454101562
34.700000000000003,10.886993408203125,7.2069473266601562
34.799999999999997,10.618721008300781,7.0383148193359375
34.899999999999999,10.312118530273438,6.6346282958984375
35,9.9825210571289062,6.1287384033203125
35.100000000000001,9.70147705078125,5.7429275512695312
35.200000000000003,9.5200729370117188,5.5359725952148438
35.299999999999997,9.3182220458984375,5.3264694213867188
35.399999999999999,9.00140380859375,4.9508819580078125
35.5,8.6002731323242188,4.4986419677734375
35.600000000000001,8.2400131225585938,4.1205062866210938
35.700000000000003,8.0049514770507812,3.8368988037109375
35.799999999999997,7.7852249145507812,3.5149688720703125
35.899999999999999,7.5271682739257812,3.1955947875976562
36,7.3406524658203125,3.0269622802734375
36.100000000000001,7.2537841796875,2.9426498413085938
36.200000000000003,7.2461166381835938,2.922210693359375
36.299999999999997,7.225677490234375,2.9196548461914062
36.399999999999999,7.1745758056640625,2.9017715454101562
36.5,7.1311416625976562,2.8915481567382812
36.600000000000001,7.1873550415039062,2.904327392578125
36.700000000000003,7.4249725341796875,2.986083984375
36.799999999999997,7.925750732421875,3.1853790283203125
36.899999999999999,8.753570556640625,3.4996414184570312
37,9.673370361328125,3.9058837890625
37.100000000000001,10.465415954589844,4.3530120849609375
37.200000000000003,11.070953369140625,4.818023681640625
37.299999999999997,11.564071655273438,5.32391357421875
37.399999999999999,12.044410705566406,5.8527984619140625
37.5,12.49664306640625,6.3484649658203125
37.600000000000001,12.793022155761719,6.6806182861328125
37.700000000000003,13.005088806152344,6.9284515380859375
37.799999999999997,13.255477905273438,7.27337646484375
37.899999999999999,13.385787963867188,7.539093017578125
38,13.201828002929688,7.503326416015625
38.100000000000001,12.675491333007812,7.0843048095703125
38.200000000000003,12.052070617675781,6.46343994140625
38.299999999999997,11.451652526855469,5.8400192260742188
38.399999999999999,10.866554260253906,5.1450576782226562
38.5,10.171592712402344,4.3913345336914062
38.600000000000001,9.4485321044921875,3.8113479614257812
38.700000000000003,8.8583221435546875,3.4945297241210938
38.799999999999997,8.3728713989257812,3.3207931518554688
38.899999999999999,8.0202865600585938,3.1904830932617188
39,7.7698974609375,3.0678482055664062
39.100000000000001,7.5987091064453125,2.9733123779296875
39.200000000000003,7.5067291259765625,2.9068832397460938
39.299999999999997,7.4862899780273438,2.8455581665039062
39.399999999999999,7.4300765991210938,2.720367431640625
39.5,7.3380966186523438,2.5772857666015625
39.600000000000001,7.281890869140625,2.5440673828125
39.700000000000003,7.2563400268554688,2.5798416137695312
39.799999999999997,7.3202133178710938,2.6513824462890625
39.899999999999999,7.5501632690429688,2.8327865600585938
40,8.1148223876953125,3.1393890380859375
40.100000000000001,8.9809646606445312,3.502197265625
40.200000000000003,9.8445510864257812,3.9263229370117188
40.299999999999997,10.404098510742188,4.2967987060546875
40.399999999999999,10.764350891113281,4.6008453369140625
40.5,11.132270812988281,5.0633010864257812
40.600000000000001,11.415878295898438,5.7020492553710938
40.700000000000003,11.663711547851562,6.3944549560546875
40.799999999999997,11.960090637207031,6.969329833984375
40.899999999999999,12.233482360839844,7.3960189819335938
41,12.458320617675781,7.8124771118164062
41.100000000000001,12.721481323242188,8.2008438110351562
41.200000000000003,12.948875427246094,8.4077987670898438
41.299999999999997,13.104736328125,8.5764236450195312
41.399999999999999,13.3985595703125,9.0133285522460938
41.5,13.855903625488281,9.6904067993164062
41.600000000000001,14.315803527832031,10.36492919921875
41.700000000000003,14.711830139160156,10.911697387695312
41.799999999999997,15.105300903320312,11.409919738769531
41.899999999999999,15.534538269042969,11.969467163085938
42,15.971443176269531,12.59033203125
42.100000000000001,16.301040649414062,13.131988525390625
42.200000000000003,16.52587890625,13.589332580566406
42.299999999999997,16.725170135498047,14.06201171875
42.399999999999999,16.886135101318359,14.498916625976562
42.5,16.995998382568359,14.81573486328125
42.600000000000001,17.072650909423828,15.032913208007812
42.700000000000003,17.121192932128906,15.2015380859375
42.799999999999997,17.164630889892578,15.403388977050781
42.899999999999999,17.233615875244141,15.600120544433594
43,17.312820434570312,15.69976806640625
43.100000000000001,17.369029998779297,15.750862121582031
43.200000000000003,17.328147888183594,15.679328918457031
43.299999999999997,17.100753784179688,15.490257263183594
43.399999999999999,16.347030639648438,14.8336181640625
43.5,15.151290893554688,13.586776733398438
43.600000000000001,13.901893615722656,12.191749572753906
43.700000000000003,12.724037170410156,10.84271240234375
43.799999999999997,11.673934936523438,9.5958709716796875
43.899999999999999,10.774574279785156,8.4793319702148438
44,9.99530029296875,7.4215621948242188
44.100000000000001,9.27734375,6.4864349365234375
44.200000000000003,8.7765655517578125,5.8706817626953125
44.299999999999997,8.513397216796875,5.4593276977539062
44.399999999999999,8.2987823486328125,5.1144027709960938
44.5,8.0994873046875,4.7515869140625
44.600000000000001,7.91552734375,4.3427886962890625
44.700000000000003,7.7060165405273438,3.9186630249023438
44.799999999999997,7.501617431640625,3.5430755615234375
44.899999999999999,7.3151016235351562,3.2977981567382812
45,7.1234817504882812,3.1393890380859375
45.100000000000001,6.94207763671875,3.04229736328125
45.200000000000003,6.8015518188476562,2.9298782348632812
45.299999999999997,6.6686859130859375,2.7919082641601562
45.399999999999999,6.563934326171875,2.7459182739257812
45.5,6.5128326416015625,2.7535781860351562
45.600000000000001,6.4923934936523438,2.7612457275390625
45.700000000000003,6.489837646484375,2.7689132690429688
45.799999999999997,6.5051727294921875,2.7765731811523438
45.899999999999999,6.5945968627929688,2.812347412109375
46,6.79388427734375,2.9196548461914062
46.100000000000001,7.1030426025390625,3.1266098022460938
46.200000000000003,7.4990615844726562,3.4153289794921875
46.299999999999997,8.0509414672851562,3.7730255126953125
46.399999999999999,8.789337158203125,4.1051788330078125
46.5,9.5456161499023438,4.51397705078125
46.600000000000001,10.268684387207031,5.1987152099609375
46.700000000000003,10.968757629394531,6.0801925659179688
46.799999999999997,11.638160705566406,7.0740890502929688
46.899999999999999,12.266693115234375,8.165069580078125
47,12.890113830566406,9.3301467895507812
47.100000000000001,13.505867004394531,10.576988220214844
47.200000000000003,14.121627807617188,11.882598876953125
47.299999999999997,14.762931823730469,13.221412658691406
47.399999999999999,15.342910766601562,14.544906616210938
47.5,15.889682769775391,15.904167175292969
47.600000000000001,16.485000610351562,17.332408905029297
47.700000000000003,17.121192932128906,18.666118621826172
47.799999999999997,17.754833221435547,19.810760498046875
47.899999999999999,18.230064392089844,20.546600341796875
48,18.324600219726562,20.602809906005859
48.100000000000001,18.0716552734375,20.227226257324219
48.200000000000003,17.734394073486328,19.726444244384766
48.299999999999997,17.328147888183594,18.952281951904297
48.399999999999999,16.799263000488281,17.991600036621094
48.5,16.086418151855469,16.956825256347656
48.600000000000001,15.143623352050781,15.761085510253906
48.700000000000003,14.00665283203125,14.286849975585938
48.799999999999997,12.82879638671875,12.59033203125
48.899999999999999,11.763359069824219,11.070106506347656
49,10.907432556152344,9.8053817749023438
49.100000000000001,10.381103515625,8.6300811767578125
49.200000000000003,9.9237594604492188,7.4828872680664062
49.299999999999997,9.4868545532226562,6.5477523803710938
49.399999999999999,9.2160263061523438,5.957550048828125
49.5,9.0576171875,5.5461959838867188
49.600000000000001,8.9119796752929688,5.1884994506835938
49.700000000000003,8.6871414184570312,4.8742294311523438
49.799999999999997,8.4444122314453125,4.567626953125
49.899999999999999,8.2630081176757812,4.2533645629882812
50,8.1480331420898438,3.916107177734375
50.100000000000001,7.9513015747070312,3.5251922607421875
50.200000000000003,7.6370315551757812,3.1368331909179688
50.299999999999997,7.3636474609375,2.9247665405273438
50.399999999999999,7.1847991943359375,2.8889923095703125
50.5,7.0289459228515625,2.89410400390625
50.600000000000001,6.8781967163085938,2.9017715454101562
50.700000000000003,6.7504501342773438,2.9094390869140625
50.799999999999997,6.655914306640625,2.922210693359375
50.899999999999999,6.5971527099609375,2.922210693359375
51,6.5716018676757812,2.9298782348632812
51.100000000000001,6.5613784790039062,2.876220703125
51.200000000000003,6.50006103515625,2.74847412109375
51.299999999999997,6.454071044921875,2.6948165893554688
51.399999999999999,6.4412918090820312,2.720367431640625
51.5,6.4208526611328125,2.7459182739257812
51.600000000000001,6.4029693603515625,2.766357421875
51.700000000000003,6.3876419067382812,2.7791290283203125
51.799999999999997,6.3927459716796875,2.7816848754882812
51.899999999999999,6.5307159423828125,2.8455581665039062
52,7.1209259033203125,3.124053955078125
52.100000000000001,8.1684722900390625,3.4357681274414062
52.200000000000003,9.1470413208007812,3.7372589111328125
52.299999999999997,9.9160919189453125,4.319793701171875
52.399999999999999,10.544624328613281,5.129730224609375
52.5,11.045402526855469,6.0801925659179688
52.600000000000001,11.530853271484375,7.227386474609375
52.700000000000003,12.039299011230469,8.5687637329101562
52.799999999999997,12.545188903808594,10.078765869140625
52.899999999999999,13.071517944335938,11.655197143554688
53,13.544197082519531,13.091110229492188
53.100000000000001,13.993873596191406,14.44781494140625
53.200000000000003,14.561080932617188,15.960372924804688
53.299999999999997,15.148735046386719,17.547031402587891
53.399999999999999,15.703170776367188,19.008491516113281
53.5,16.211612701416016,20.311538696289062
53.600000000000001,16.594863891601562,21.425521850585938
53.700000000000003,16.832477569580078,22.158805847167969
53.799999999999997,17.011329650878906,22.444965362548828
53.899999999999999,17.15185546875,22.621261596679688
54,17.248943328857422,22.894645690917969
54.100000000000001,17.35369873046875,23.150146484375
54.200000000000003,17.450790405273438,23.252346038818359
54.299999999999997,17.496780395507812,23.24212646484375
54.399999999999999,17.690959930419922,23.4439697265625
54.5,18.056324005126953,23.860435485839844
54.600000000000001,18.45745849609375,24.361213684082031
54.700000000000003,18.942909240722656,25.201808929443359
54.799999999999997,19.420692443847656,26.366889953613281
54.899999999999999,19.791168212890625,27.39910888671875
55,19.913810729980469,27.797691345214844
55.100000000000001,19.893367767333984,27.787467956542969
55.200000000000003,20.0211181640625,27.904998779296875
55.299999999999997,20.136093139648438,27.95098876953125
55.399999999999999,19.857597351074219,27.299465179443359
55.5,19.244400024414062,26.047515869140625
55.600000000000001,18.462570190429688,24.744464874267578
55.700000000000003,17.453342437744141,23.316219329833984
55.799999999999997,16.257602691650391,21.650360107421875
55.899999999999999,15.013320922851562,19.866970062255859
56,13.912117004394531,18.152565002441406
56.100000000000001,12.984649658203125,16.606788635253906
56.200000000000003,12.174713134765625,15.165771484375
56.299999999999997,11.433761596679688,13.788627624511719
56.399999999999999,10.751579284667969,12.539230346679688
56.5,10.222694396972656,11.384368896484375
56.600000000000001,9.7909011840820312,10.196296691894531
56.700000000000003,9.3488845825195312,9.084869384765625
56.799999999999997,9.0218429565429688,8.257049560546875
56.899999999999999,8.8532180786132812,7.6234130859375
57,8.7484588623046875,7.0587539672851562
57.100000000000001,8.63348388671875,6.5911941528320312
57.200000000000003,8.5287322998046875,6.1951675415039062
57.299999999999997,8.459747314453125,5.8246917724609375
57.399999999999999,8.3575439453125,5.4082260131835938
57.5,8.2144622802734375,4.8589019775390625
57.600000000000001,8.0994873046875,4.2329254150390625
57.700000000000003,7.9461898803710938,3.6810455322265625
57.799999999999997,7.6983566284179688,3.308013916015625
57.899999999999999,7.34576416015625,3.0218582153320312
58,6.9931716918945312,2.8276748657226562
58.100000000000001,6.7248992919921875,2.774017333984375
58.200000000000003,6.5153884887695312,2.7612457275390625
58.299999999999997,6.3825302124023438,2.7535781860351562
58.399999999999999,6.305877685546875,2.756134033203125
58.5,6.2573318481445312,2.7535781860351562
58.600000000000001,6.2215652465820312,2.7459182739257812
58.700000000000003,6.1985702514648438,2.7254791259765625
58.799999999999997,6.160247802734375,2.7254791259765625
58.899999999999999,6.1270294189453125,2.7305831909179688
59,6.1576919555664062,2.702484130859375
59.100000000000001,6.213897705078125,2.6667098999023438
59.200000000000003,6.3263168334960938,2.7510223388671875
59.299999999999997,6.563934326171875,2.978424072265625
59.399999999999999,6.9088592529296875,3.2773590087890625
59.5,7.3968658447265625,3.6606063842773438
59.600000000000001,7.999847412109375,4.14605712890625
59.700000000000003,8.6539230346679688,4.7388153076171875
59.799999999999997,9.2543487548828125,5.4746551513671875
59.899999999999999,9.7985610961914062,6.3280258178710938
60,10.324897766113281,7.2989273071289062
60.100000000000001,10.818008422851562,8.2263870239257812
60.200000000000003,11.298347473144531,8.9801177978515625
60.299999999999997,11.791465759277344,9.746612548828125
60.399999999999999,12.287132263183594,10.546333312988281
60.5,12.706153869628906,11.2642822265625
60.600000000000001,13.063850402832031,11.859603881835938
60.700000000000003,13.431777954101562,12.470245361328125
60.799999999999997,13.868682861328125,13.295509338378906
60.899999999999999,14.438446044921875,14.335395812988281
61,15.079750061035156,15.400833129882812
61.100000000000001,15.659732818603516,16.417716979980469
61.200000000000003,16.191173553466797,17.511260986328125
61.299999999999997,16.737945556640625,18.6610107421875
61.399999999999999,17.254055023193359,19.7647705078125
61.5,17.706287384033203,20.687126159667969
61.600000000000001,18.043548583984375,21.412746429443359
61.700000000000003,18.16363525390625,21.944183349609375
61.799999999999997,18.196849822998047,22.220123291015625
61.899999999999999,18.288829803466797,22.521614074707031
62,18.421688079833984,23.122039794921875
62.100000000000001,18.472789764404297,23.635593414306641
62.200000000000003,18.449794769287109,23.837440490722656
62.299999999999997,18.475345611572266,24.016288757324219
62.399999999999999,18.442127227783203,24.098049163818359
62.5,18.398693084716797,23.995849609375
62.600000000000001,18.327152252197266,23.7020263671875
62.700000000000003,18.138084411621094,23.157810211181641
62.799999999999997,17.987339019775391,22.672359466552734
62.899999999999999,17.946460723876953,22.498619079589844
63,17.874919891357422,22.442409515380859
63.100000000000001,17.680740356445312,22.135810852050781
63.200000000000003,17.473785400390625,21.706569671630859
63.299999999999997,17.236167907714844,21.32843017578125
63.399999999999999,16.927013397216797,20.901744842529297
63.5,16.50799560546875,20.275768280029297
63.600000000000001,15.88201904296875,19.409626007080078
63.700000000000003,15.112960815429688,18.505153656005859
63.799999999999997,14.3541259765625,17.794864654541016
63.899999999999999,13.848236083984375,17.398841857910156
64,13.58251953125,17.064132690429688
64.099999999999994,13.367897033691406,16.657890319824219
64.200000000000003,13.081741333007812,16.430496215820312
64.299999999999997,12.729148864746094,16.111122131347656
64.400000000000006,12.409774780273438,15.421272277832031
64.5,12.223258972167969,14.68798828125
64.599999999999994,12.021415710449219,14.1361083984375
64.700000000000003,11.54107666015625,13.405372619628906
64.799999999999997,11.045402526855469,12.3680419921875
64.900000000000006,10.58294677734375,11.238739013671875
65,10.061729431152344,10.14263916015625
65.099999999999994,9.6605911254882812,9.325042724609375
65.200000000000003,9.4842987060546875,8.8217086791992188
65.299999999999997,9.425537109375,8.3822479248046875
65.400000000000006,9.341217041015625,7.9530029296875
65.5,9.2211380004882812,7.7000579833984375
65.599999999999994,9.1061630249023438,7.4624481201171875
65.700000000000003,8.9528579711914062,7.01531982421875
65.799999999999997,8.789337158203125,6.4838790893554688
65.900000000000006,8.6667022705078125,6.1108474731445312
66,8.5057373046875,5.7582626342773438
66.099999999999994,8.3192214965820312,5.3443527221679688
66.200000000000003,8.1710281372070312,4.945770263671875
66.299999999999997,8.0023956298828125,4.54974365234375
66.400000000000006,7.8107757568359375,4.347900390625
66.5,7.6702499389648438,4.3274612426757812
66.599999999999994,7.5271682739257812,4.227813720703125
66.700000000000003,7.3585357666015625,4.1128387451171875
66.799999999999997,7.2282333374023438,4.0234146118164062
66.900000000000006,7.1464767456054688,3.8854446411132812
67,7.0723800659179688,3.7295913696289062
67.099999999999994,6.9855117797851562,3.5967330932617188
67.200000000000003,6.8884201049804688,3.5047531127929688
67.299999999999997,6.79388427734375,3.4306564331054688
67.400000000000006,6.747894287109375,3.37188720703125
67.5,6.7887725830078125,3.3310089111328125
67.599999999999994,6.8066558837890625,3.2824630737304688
67.700000000000003,6.7964401245117188,3.2799072265625
67.799999999999997,6.8245468139648438,3.3488922119140625
67.900000000000006,6.875640869140625,3.438323974609375
68,7.0085067749023438,3.566070556640625
68.099999999999994,7.2103500366210938,3.77813720703125
68.200000000000003,7.4632949829101562,4.0923995971679688
68.299999999999997,7.8209915161132812,4.485870361328125
68.400000000000006,8.2502365112304688,4.9329986572265625
68.5,8.697357177734375,5.3928985595703125
68.599999999999994,9.11126708984375,5.8144683837890625
68.700000000000003,9.3616561889648438,6.0444183349609375
68.799999999999997,9.3284454345703125,5.9473342895507812
68.900000000000006,9.1317062377929688,5.7020492553710938
69,8.9681930541992188,5.5027618408203125
69.099999999999994,8.8481063842773438,5.3494644165039062
69.200000000000003,8.70758056640625,5.1501693725585938
69.299999999999997,8.5389480590820312,4.8972244262695312
69.400000000000006,8.3549880981445312,4.6672744750976562
69.5,8.1761398315429688,4.4373245239257812
69.599999999999994,8.0228424072265625,4.209930419921875
69.700000000000003,7.9001998901367188,4.0106430053710938
69.799999999999997,7.7698974609375,3.767913818359375
69.900000000000006,7.5910415649414062,3.5073089599609375
70,7.4684066772460938,3.3769989013671875
70.099999999999994,7.4454116821289062,3.392333984375
70.200000000000003,7.4607391357421875,3.4613189697265625
70.299999999999997,7.465850830078125,3.5175247192382812
70.400000000000006,7.45562744140625,3.5532989501953125
70.5,7.447967529296875,3.5865097045898438
70.599999999999994,7.4786224365234375,3.6350555419921875
70.700000000000003,7.6344757080078125,3.7628021240234375
70.799999999999997,7.943634033203125,4.0183029174804688
70.900000000000006,8.2681198120117188,4.2227020263671875
71,8.5568313598632812,4.4168853759765625
71.099999999999994,8.8583221435546875,4.7669219970703125
71.200000000000003,9.1470413208007812,5.1680526733398438
71.299999999999997,9.397430419921875,5.497650146484375
71.400000000000006,9.5762786865234375,5.7403793334960938
71.5,9.6350479125976562,5.8527984619140625
71.599999999999994,9.5558395385742188,5.80169677734375
71.700000000000003,9.4280929565429688,5.6611709594726562
71.799999999999997,9.3105621337890625,5.5002059936523438
71.900000000000006,9.1189346313476562,5.193603515625
72,8.8685455322265625,4.7822494506835938
72.099999999999994,8.6922531127929688,4.5241928100585938
72.200000000000003,8.59771728515625,4.43988037109375
72.299999999999997,8.5389480590820312,4.4194412231445312
72.400000000000006,8.4725189208984375,4.3734512329101562
72.5,8.3984222412109375,4.3172378540039062
72.599999999999994,8.3345489501953125,4.2712478637695312
72.700000000000003,8.2783432006835938,4.2303695678710938
72.799999999999997,8.2221298217773438,4.1894912719726562
72.900000000000006,8.1429214477539062,4.0515213012695312
73,7.9870681762695312,3.8113479614257812
73.099999999999994,7.8593215942382812,3.6708221435546875
73.200000000000003,7.8388824462890625,3.6784896850585938
73.299999999999997,7.8414306640625,3.7244796752929688
73.400000000000006,7.8286590576171875,3.7628021240234375
73.5,7.8107757568359375,3.7806930541992188
73.599999999999994,7.7826690673828125,3.7806930541992188
73.700000000000003,7.7673416137695312,3.7883529663085938
73.799999999999997,7.7750015258789062,3.806243896484375
73.900000000000006,7.7852249145507812,3.76025390625
74,7.7903366088867188,3.6376113891601562
74.099999999999994,7.925750732421875,3.66827392578125
74.200000000000003,8.2272415161132812,3.9493179321289062
74.299999999999997,8.55938720703125,4.301910400390625
74.400000000000006,8.8685455322265625,4.6366119384765625
74.5,9.1419296264648438,4.9406585693359375
74.599999999999994,9.3897628784179688,5.2242660522460938
74.700000000000003,9.617156982421875,5.4925384521484375
74.799999999999997,9.8701019287109375,5.7761459350585938
74.900000000000006,10.138381958007812,6.05975341796875
75,10.202255249023438,6.1210708618164062
75.099999999999994,10.084724426269531,5.957550048828125
75.200000000000003,9.92120361328125,5.7863693237304688
75.299999999999997,9.7679061889648438,5.6560592651367188
75.400000000000006,9.6350479125976562,5.5283126831054688
75.5,9.4740829467773438,5.3673477172851562
75.599999999999994,9.3105621337890625,5.185943603515625
75.700000000000003,9.1776962280273438,5.019866943359375
75.799999999999997,9.0550613403320312,4.8844528198242188
75.900000000000006,8.9349746704101562,4.7643661499023438
76,8.7765655517578125,4.5446319580078125
76.099999999999994,8.513397216796875,4.2252578735351562
76.200000000000003,8.2808914184570312,3.990203857421875
76.299999999999997,8.1889114379882812,3.9135513305664062
76.400000000000006,8.1429214477539062,3.9058837890625
76.5,8.0994873046875,3.88800048828125
76.599999999999994,8.0330581665039062,3.8471221923828125
76.700000000000003,7.961517333984375,3.8036880493164062
76.799999999999997,7.943634033203125,3.7730255126953125
76.900000000000006,7.9666290283203125,3.7806930541992188
77,8.0662765502929688,3.8496780395507812
77.099999999999994,8.2911148071289062,3.9595413208007812
77.200000000000003,8.5287322998046875,4.0515213012695312
77.299999999999997,8.78167724609375,4.2175979614257812
77.400000000000006,9.1087112426757812,4.5446319580078125
77.5,9.4817428588867188,4.9815444946289062
77.599999999999994,9.8777694702148438,5.46954345703125
77.700000000000003,10.250801086425781,6.0367584228515625
77.799999999999997,10.521629333496094,6.6269607543945312
77.900000000000006,10.575286865234375,6.8492431640625
78,10.337669372558594,6.601409912109375
78.099999999999994,9.9518661499023438,6.1951675415039062
78.200000000000003,9.5609512329101562,5.709716796875
78.299999999999997,9.2006912231445312,5.2012710571289062
78.400000000000006,8.9349746704101562,4.818023681640625
78.5,8.7331314086914062,4.5395278930664062
78.599999999999994,8.5261764526367188,4.3223495483398438
78.700000000000003,8.3141098022460938,4.1690521240234375
78.799999999999997,8.1224822998046875,4.0515213012695312
78.900000000000006,7.9180831909179688,3.9646530151367188
79,7.7111282348632812,3.9084396362304688
79.099999999999994,7.5527191162109375,3.8292388916015625
79.200000000000003,7.4351882934570312,3.7168121337890625
79.299999999999997,7.465850830078125,3.859893798828125
79.400000000000006,7.8031082153320312,4.4705429077148438
79.5,8.33966064453125,5.3034744262695312
79.599999999999994,8.9400863647460938,6.1466217041015625
79.700000000000003,9.5583953857421875,6.9923248291015625
79.799999999999997,10.21502685546875,7.7843780517578125
79.900000000000006,10.9329833984375,8.5406570434570312
80,11.599838256835938,9.33270263671875
80.099999999999994,12.013748168945312,9.876922607421875
80.200000000000003,11.87066650390625,9.6725234985351562
80.299999999999997,11.395439147949219,8.92901611328125
80.400000000000006,10.98919677734375,8.2468338012695312
80.5,10.667266845703125,7.7077255249023438
80.599999999999994,10.404098510742188,7.2427139282226562
80.700000000000003,10.148597717285156,6.8441390991210938
80.799999999999997,9.9084320068359375,6.5119857788085938
80.900000000000006,9.6938095092773438,6.24371337890625
81,9.4945220947265625,6.0035400390625
81.099999999999994,9.3386611938476562,5.7199325561523438
81.200000000000003,9.1087112426757812,5.277923583984375
81.299999999999997,8.8225555419921875,4.818023681640625
81.400000000000006,8.63348388671875,4.5574111938476562
81.5,8.5210647583007812,4.4066619873046875
81.599999999999994,8.4904022216796875,4.3146820068359375
81.700000000000003,8.63348388671875,4.457763671875
81.799999999999997,9.0218429565429688,4.8870086669921875
81.900000000000006,9.5686111450195312,5.4772109985351562
82,10.153709411621094,6.1772842407226562
82.099999999999994,10.7490234375,7.1558456420898438
82.200000000000003,11.272796630859375,8.5048828125
82.299999999999997,11.564071655273438,9.8053817749023438
82.400000000000006,11.730140686035156,10.791610717773438
82.5,11.8170166015625,11.32049560546875
82.599999999999994,11.76080322265625,11.169754028320312
82.700000000000003,11.684150695800781,10.674079895019531
82.799999999999997,11.438873291015625,10.140083312988281
82.900000000000006,11.170600891113281,9.6393051147460938
83,11.160377502441406,9.33270263671875
83.099999999999994,11.288131713867188,9.158966064453125
83.200000000000003,11.198707580566406,8.7936019897460938
83.299999999999997,10.851226806640625,8.17529296875
83.400000000000006,10.595726013183594,7.4317855834960938
83.5,10.5650634765625,6.8977890014648438
83.599999999999994,10.651931762695312,6.8288040161132812
83.700000000000003,10.63916015625,6.7649307250976562
83.799999999999997,10.503746032714844,6.4532241821289062
83.900000000000006,10.39898681640625,6.0418624877929688
84,10.370887756347656,5.663726806640625
84.099999999999994,10.335113525390625,5.341796875
84.200000000000003,10.245689392089844,4.9713211059570312
84.299999999999997,10.002967834472656,4.4475479125976562
84.400000000000006,9.5302886962890625,3.7474746704101562
84.5,9.0908279418945312,3.1828231811523438
84.599999999999994,8.8838729858398438,2.9554290771484375
84.700000000000003,8.78167724609375,2.886444091796875
84.799999999999997,8.6411514282226562,2.848114013671875
84.900000000000006,8.4725189208984375,2.8046798706054688
85,8.37542724609375,2.774017333984375
85.099999999999994,8.3473281860351562,2.7714691162109375
85.200000000000003,8.4750747680664062,2.8276748657226562
85.299999999999997,8.9043121337890625,3.0627365112304688
85.400000000000006,9.4536361694335938,3.4792022705078125
85.5,10.010627746582031,4.0285263061523438
85.599999999999994,10.700477600097656,4.7209320068359375
85.700000000000003,11.4107666015625,5.4746551513671875
85.799999999999997,12.049522399902344,6.2207183837890625
85.900000000000006,12.506866455078125,6.92333984375
86,12.97442626953125,7.5160980224609375
86.099999999999994,13.235038757324219,7.89935302734375
86.200000000000003,13.114952087402344,7.8482513427734375
86.299999999999997,12.703598022460938,7.3576889038085938
86.400000000000006,12.200263977050781,6.5962982177734375
86.5,11.643272399902344,5.791473388671875
86.599999999999994,11.198707580566406,5.185943603515625
86.700000000000003,10.902320861816406,4.69793701171875
86.799999999999997,10.549736022949219,4.245697021484375
86.900000000000006,10.130714416503906,3.8547821044921875
87,9.7730178833007812,3.5609588623046875
87.099999999999994,9.471527099609375,3.3488922119140625
87.200000000000003,9.2236862182617188,3.1904830932617188
87.299999999999997,9.0167312622070312,3.0678482055664062
87.400000000000006,8.8838729858398438,2.9503173828125
87.5,8.7024688720703125,2.756134033203125
87.599999999999994,8.4801864624023438,2.5875091552734375
87.700000000000003,8.37542724609375,2.5977249145507812
87.799999999999997,8.3600997924804688,2.682037353515625
87.900000000000006,8.44952392578125,2.7689132690429688
88,8.7765655517578125,2.9656448364257812
88.099999999999994,9.3923187255859375,3.3310089111328125
88.200000000000003,10.092391967773438,3.8036880493164062
88.299999999999997,10.751579284667969,4.33001708984375
88.400000000000006,11.375,4.8767852783203125
88.5,11.942207336425781,5.3852310180664062
88.599999999999994,12.409774780273438,5.7608184814453125
88.700000000000003,12.716377258300781,6.1134033203125
88.799999999999997,13.063850402832031,6.5528640747070312
88.900000000000006,13.150726318359375,6.7751541137695312
89,12.793022155761719,6.5579757690429688
89.099999999999994,12.27691650390625,6.0801925659179688
89.200000000000003,11.842567443847656,5.5819625854492188
89.299999999999997,11.451652526855469,5.1092910766601562
89.400000000000006,11.078620910644531,4.651947021484375
89.5,10.7132568359375,4.2431488037109375
89.599999999999994,10.28912353515625,3.8087921142578125
89.700000000000003,9.7679061889648438,3.3616714477539062
89.799999999999997,9.2901229858398438,3.0857315063476562
89.900000000000006,8.9247512817382812,2.996307373046875
90,8.6309280395507812,2.9528732299804688
90.099999999999994,8.4060897827148438,2.904327392578125
90.200000000000003,8.2400131225585938,2.865997314453125
90.299999999999997,8.1327056884765625,2.830230712890625
90.400000000000006,8.0943756103515625,2.8046798706054688
90.5,8.1889114379882812,2.8430023193359375
90.599999999999994,8.5772781372070312,3.0933990478515625
90.700000000000003,9.1368179321289062,3.4332122802734375
90.799999999999997,9.6886978149414062,3.7960205078125
90.900000000000006,10.278907775878906,4.3351287841796875
91,10.853782653808594,4.9381027221679688
91.099999999999994,11.405662536621094,5.5691909790039062
91.200000000000003,11.972869873046875,6.2411575317382812
91.299999999999997,12.509422302246094,6.8926773071289062
91.400000000000006,12.95654296875,7.447113037109375
91.5,13.173721313476562,7.76904296875
91.599999999999994,13.091957092285156,7.7358322143554688
91.700000000000003,12.747032165527344,7.2478256225585938
91.799999999999997,12.218147277832031,6.4941024780273438
91.900000000000006,11.709701538085938,5.8502426147460938
92,11.31878662109375,5.423553466796875
92.099999999999994,10.955978393554688,5.0862960815429688
92.200000000000003,10.590614318847656,4.761810302734375
92.299999999999997,10.273796081542969,4.4449920654296875
92.400000000000006,10.020851135253906,4.1435012817382812
92.5,9.7806777954101562,3.859893798828125
92.599999999999994,9.535400390625,3.6043930053710938
92.700000000000003,9.3080062866210938,3.364227294921875
92.799999999999997,8.9988479614257812,3.0576248168945312
92.900000000000006,8.697357177734375,2.8097915649414062
93,8.5389480590820312,2.7408065795898438
93.099999999999994,8.44952392578125,2.7356948852539062
93.200000000000003,8.3830947875976562,2.7331390380859375
93.299999999999997,8.3038864135742188,2.72802734375
93.400000000000006,8.2706756591796875,2.7254791259765625
93.5,8.4163131713867188,2.7970123291015625
93.599999999999994,8.8148880004882812,3.0576248168945312
93.700000000000003,9.3718795776367188,3.5251922607421875
93.799999999999997,9.9237594604492188,4.0310821533203125
93.900000000000006,10.330001831054688,4.4347686767578125
94,10.726028442382812,4.8486785888671875
94.099999999999994,11.198707580566406,5.331573486328125
94.200000000000003,11.615165710449219,5.7838134765625
94.299999999999997,11.990753173828125,6.1798324584960938
94.400000000000006,12.31268310546875,6.5222091674804688
94.5,12.417442321777344,6.693389892578125
94.599999999999994,12.154273986816406,6.555419921875
94.700000000000003,11.735252380371094,6.1926116943359375
94.799999999999997,11.349449157714844,5.7608184814453125
94.900000000000006,10.897216796875,5.2012710571289062
95,10.396430969238281,4.58807373046875
95.099999999999994,9.9876327514648438,4.1486129760742188
95.200000000000003,9.6938095092773438,3.8803329467773438
95.299999999999997,9.4689712524414062,3.658050537109375
95.400000000000006,9.2517929077148438,3.4408721923828125
95.5,9.0448379516601562,3.254364013671875
95.599999999999994,8.863433837890625,3.1266098022460938
95.700000000000003,8.7101364135742188,3.0397415161132812
95.799999999999997,8.5849380493164062,2.9758682250976562
95.900000000000006,8.5082931518554688,2.9349822998046875
96,8.4444122314453125,2.8506698608398438
96.099999999999994,8.2987823486328125,2.682037353515625
96.200000000000003,8.183807373046875,2.5747299194335938
96.299999999999997,8.275787353515625,2.63604736328125
96.400000000000006,8.6156005859375,2.8787765502929688
96.5,9.1317062377929688,3.244140625
96.599999999999994,9.6657028198242188,3.6503829956054688
96.700000000000003,10.151153564453125,4.08984375
96.799999999999997,10.608497619628906,4.5241928100585938
96.900000000000006,11.060737609863281,4.9534378051757812
97,11.500190734863281,5.3724594116210938
97.099999999999994,11.875778198242188,5.737823486328125
97.200000000000003,12.072517395019531,5.8936767578125
97.299999999999997,12.082733154296875,5.8706817626953125
97.400000000000006,11.883445739746094,5.737823486328125
97.5,11.546180725097656,5.479766845703125
97.599999999999994,11.226806640625,5.1910476684570312
97.700000000000003,10.886993408203125,4.9023361206054688
97.799999999999997,10.575286865234375,4.6187286376953125
97.900000000000006,10.294235229492188,4.3555679321289062
98,10.010627746582031,4.100067138671875
98.099999999999994,9.7321319580078125,3.8394546508789062
98.200000000000003,9.4664154052734375,3.5992889404296875
98.299999999999997,9.1598129272460938,3.3131256103515625
98.400000000000006,8.7970046997070312,2.9835281372070312
98.5,8.5159530639648438,2.774017333984375
98.599999999999994,8.3830947875976562,2.6999282836914062
98.700000000000003,8.3013381958007812,2.6948165893554688
98.799999999999997,8.2272415161132812,2.702484130859375
98.900000000000006,8.1812515258789062,2.6948165893554688
99,8.1991348266601562,2.71014404296875
99.099999999999994,8.431640625,2.8276748657226562
99.200000000000003,8.9043121337890625,3.1189422607421875
99.299999999999997,9.471527099609375,3.530303955078125
99.400000000000006,9.985076904296875,3.9084396362304688
99.5,10.360664367675781,4.1767120361328125
99.599999999999994,10.710700988769531,4.4884262084960938
99.700000000000003,11.111831665039062,4.9048919677734375
99.799999999999997,11.497642517089844,5.3111343383789062
99.900000000000006,11.852783203125,5.6764984130859375
100,12.118507385253906,5.9907684326171875
100.09999999999999,12.121055603027344,6.1159591674804688
100.2,11.847671508789062,5.9728775024414062
100.3,11.48486328125,5.6943893432617188
100.40000000000001,11.155265808105469,5.3571243286132812
100.5,10.733695983886719,4.8563461303710938
100.59999999999999,10.225250244140625,4.2891387939453125
100.7,9.81134033203125,3.8752288818359375
100.8,9.5149612426757812,3.59417724609375
100.90000000000001,9.2390213012695312,3.3693389892578125
101,8.96563720703125,3.1751556396484375
101.09999999999999,8.7407913208007812,3.0371856689453125
101.2,8.5440597534179688,2.9528732299804688
101.3,8.3805389404296875,2.8966598510742188
101.40000000000001,8.2527923583984375,2.85833740234375
101.5,8.1812515258789062,2.7995681762695312
101.59999999999999,8.1045989990234375,2.6513824462890625
101.7,8.2451248168945312,2.6258316040039062
101.8,8.7637863159179688,2.9528732299804688
101.90000000000001,9.4204254150390625,3.456207275390625
102,10.051506042480469,3.9825363159179688
102.09999999999999,10.590614318847656,4.4935379028320312
102.2,11.101615905761719,4.9789886474609375
102.3,11.610061645507812,5.4439926147460938
102.40000000000001,12.064849853515625,5.9064483642578125
102.5,12.486427307128906,6.3637924194335938
102.59999999999999,12.821128845214844,6.6729507446289062
102.7,12.994865417480469,6.79559326171875
102.8,12.874786376953125,6.7700424194335938
102.90000000000001,12.430213928222656,6.4992141723632812
103,11.880889892578125,6.0393142700195312
103.09999999999999,11.377555847167969,5.5487518310546875
103.2,10.943206787109375,5.0862960815429688
103.3,10.5650634765625,4.6570587158203125
103.40000000000001,10.17926025390625,4.2635879516601562
103.5,9.801116943359375,3.9033279418945312
103.59999999999999,9.4561920166015625,3.5967330932617188
103.7,9.0627212524414062,3.2569122314453125
103.8,8.6539230346679688,2.9145431518554688
103.90000000000001,8.3779830932617188,2.738250732421875
104,8.2476806640625,2.6948165893554688
104.09999999999999,8.1684722900390625,2.7050323486328125
104.2,8.109710693359375,2.71014404296875
104.3,8.1761398315429688,2.7459182739257812
104.40000000000001,8.52362060546875,2.9809722900390625
104.5,9.14959716796875,3.4204330444335938
104.59999999999999,9.9186477661132812,3.9288787841796875
104.7,10.708145141601562,4.4424362182617188
104.8,11.280464172363281,4.8563461303710938
104.90000000000001,11.671379089355469,5.2165985107421875
105,12.090400695800781,5.681610107421875
105.09999999999999,12.488975524902344,6.159393310546875
105.2,12.798133850097656,6.5681991577148438
105.3,12.782806396484375,6.7470474243164062
105.40000000000001,12.322906494140625,6.53753662109375
105.5,11.771026611328125,6.123626708984375
105.59999999999999,11.308570861816406,5.69183349609375
105.7,10.869110107421875,5.2753677368164062
105.8,10.462867736816406,4.818023681640625
105.90000000000001,10.002967834472656,4.2533645629882812
106,9.5405120849609375,3.7653579711914062
106.09999999999999,9.1419296264648438,3.4664230346679688
106.2,8.7765655517578125,3.2645797729492188
106.3,8.4827423095703125,3.1214981079101562
106.40000000000001,8.22979736328125,3.0014190673828125
106.5,8.0151748657226562,2.9094390869140625
106.59999999999999,7.8772048950195312,2.85833740234375
106.7,7.8286590576171875,2.8276748657226562
106.8,7.9921798706054688,2.8966598510742188
106.90000000000001,8.4648513793945312,3.1649322509765625
107,8.9911880493164062,3.4792022705078125
107.09999999999999,9.4868545532226562,3.8292388916015625
107.2,10.046401977539062,4.3146820068359375
107.3,10.575286865234375,4.8154678344726562
107.40000000000001,11.032630920410156,5.2702560424804688
107.5,11.436317443847656,5.7046051025390625
107.59999999999999,11.811904907226562,6.1159591674804688
107.7,12.154273986816406,6.4813232421875
107.8,12.384223937988281,6.7700424194335938
107.90000000000001,12.307571411132812,6.8211441040039062
108,11.860450744628906,6.435333251953125
108.09999999999999,11.224250793457031,5.7046051025390625
108.2,10.613609313964844,5.0045394897460938
108.3,10.166481018066406,4.5369720458984375
108.40000000000001,9.8215560913085938,4.1869354248046875
108.5,9.47918701171875,3.8547821044921875
108.59999999999999,9.1240463256835938,3.5635147094726562
108.7,8.8123321533203125,3.3284530639648438
108.8,8.5440597534179688,3.1496047973632812
108.90000000000001,8.3166656494140625,3.032073974609375
109,8.1531448364257812,2.9528732299804688
109.09999999999999,7.9972915649414062,2.8072357177734375
109.2,7.7826690673828125,2.5977249145507812
109.3,7.6344757080078125,2.49041748046875
109.40000000000001,7.7545623779296875,2.5466232299804688
109.5,8.219573974609375,2.8149032592773438
109.59999999999999,8.9451980590820312,3.2518081665039062
109.7,9.7244720458984375,3.7372589111328125
109.8,10.411766052246094,4.2686920166015625
109.90000000000001,11.001968383789062,4.8486785888671875
110,11.512969970703125,5.3954544067382812
110.09999999999999,11.962646484375,5.847686767578125
110.2,12.225814819335938,6.0699691772460938
110.3,12.402107238769531,6.16961669921875
110.40000000000001,12.568183898925781,6.3382492065429688
110.5,12.442985534667969,6.3484649658203125
110.59999999999999,11.985641479492188,6.049530029296875
110.7,11.4490966796875,5.6254043579101562
110.8,10.986640930175781,5.2370376586914062
110.90000000000001,10.590614318847656,4.9304428100585938
111,10.245689392089844,4.6749420166015625
111.09999999999999,9.9595260620117188,4.4245529174804688
111.2,9.5967178344726562,4.0387420654296875
111.3,9.1649246215820312,3.5813980102539062
111.40000000000001,8.8046722412109375,3.272247314453125
111.5,8.4929580688476562,3.0857315063476562
111.59999999999999,8.1991348266601562,2.9349822998046875
111.7,7.925750732421875,2.7919082641601562
111.8,7.7315673828125,2.656494140625
111.90000000000001,7.6344757080078125,2.5415191650390625
112,7.6625823974609375,2.52618408203125
112.09999999999999,7.9564056396484375,2.702484130859375
112.2,8.59771728515625,3.088287353515625
112.3,9.2926712036132812,3.4817581176757812
112.40000000000001,9.8905410766601562,3.8931121826171875
112.5,10.503746032714844,4.4526519775390625
112.59999999999999,11.116943359375,5.0121994018554688
112.7,11.704597473144531,5.5180892944335938
112.8,12.23858642578125,5.9958724975585938
112.90000000000001,12.711265563964844,6.4481124877929688
113,13.125175476074219,6.9003448486328125
113.09999999999999,13.367897033691406,7.2657089233398438
113.2,13.166053771972656,7.3040390014648438
113.3,12.550300598144531,6.8364715576171875
113.40000000000001,11.829788208007812,6.0853042602539062
113.5,11.193595886230469,5.4439926147460938
113.59999999999999,10.723472595214844,4.9943161010742188
113.7,10.350440979003906,4.6212844848632812
113.8,9.9748611450195312,4.2482528686523438
113.90000000000001,9.5916061401367188,3.88800048828125
114,9.1981430053710938,3.5788421630859375
114.09999999999999,8.8251113891601562,3.3284530639648438
114.2,8.4801864624023438,3.0908432006835938
114.3,8.1684722900390625,2.8353424072265625
114.40000000000001,7.833770751953125,2.52618408203125
114.5,7.575714111328125,2.2655792236328125
114.59999999999999,7.6140365600585938,2.2400283813476562
114.7,8.063720703125,2.5338516235351562
114.8,8.8583221435546875,3.0857315063476562
114.90000000000001,9.7755661010742188,3.767913818359375
115,10.677482604980469,4.5625228881835938
115.09999999999999,11.474647521972656,5.4261093139648438
115.2,12.167045593261719,6.2820358276367188
115.3,12.782806396484375,6.9923248291015625
115.40000000000001,13.176277160644531,7.439453125
115.5,13.367897033691406,7.7256088256835938
115.59999999999999,13.286140441894531,7.76904296875
115.7,12.810905456542969,7.3909072875976562
115.8,12.210487365722656,6.7879257202148438
115.90000000000001,11.689262390136719,6.20538330078125
116,11.226806640625,5.7020492553710938
116.09999999999999,10.810340881347656,5.2804794311523438
116.2,10.498634338378906,4.9253311157226562
116.3,10.094947814941406,4.4424362182617188
116.40000000000001,9.6069412231445312,3.9365463256835938
116.5,9.2185821533203125,3.62994384765625
116.59999999999999,8.89154052734375,3.4204330444335938
116.7,8.5926055908203125,3.2466964721679688
116.8,8.2885589599609375,3.070404052734375
116.90000000000001,7.999847412109375,2.886444091796875
117,7.7826690673828125,2.7305831909179688
117.09999999999999,7.667694091796875,2.590057373046875
117.2,7.723907470703125,2.5312957763671875
117.3,8.145477294921875,2.756134033203125
117.40000000000001,8.7765655517578125,3.1777114868164062
117.5,9.433197021484375,3.6733779907226562
117.59999999999999,10.110275268554688,4.319793701171875
117.7,10.756690979003906,5.0633010864257812
117.8,11.349449157714844,5.8911209106445312
117.90000000000001,11.806793212890625,6.711273193359375
118,12.177268981933594,7.4190139770507812
118.09999999999999,12.550300598144531,8.0526504516601562
118.2,12.890113830566406,8.624969482421875
118.3,13.137947082519531,9.0414352416992188
118.40000000000001,13.0306396484375,8.9826736450195312
118.5,12.488975524902344,8.2723770141601562
118.59999999999999,11.921768188476562,7.401123046875
118.7,11.528297424316406,6.75726318359375
118.8,11.272796630859375,6.3024749755859375
118.90000000000001,11.0811767578125,5.9524383544921875
119,10.902320861816406,5.663726806640625
119.09999999999999,10.764350891113281,5.3903427124023438
119.2,10.649375915527344,5.111846923828125
119.3,10.513961791992188,4.84356689453125
119.40000000000001,10.340225219726562,4.5548553466796875
119.5,10.03106689453125,4.1562728881835938
119.59999999999999,9.6708145141601562,3.7653579711914062
119.7,9.4025421142578125,3.5379638671875
119.8,9.1470413208007812,3.382110595703125
119.90000000000001,8.8685455322265625,3.2058181762695312
120,8.5900497436523438,3.0090789794921875
120.09999999999999,8.367767333984375,2.8557815551757812
120.2,8.1786956787109375,2.7459182739257812
120.3,7.9972915649414062,2.6309432983398438
120.40000000000001,7.8823165893554688,2.5006332397460938
120.5,7.8644256591796875,2.3498916625976562
120.59999999999999,8.1378173828125,2.3907699584960938
120.7,8.8506622314453125,2.7408065795898438
120.8,9.7755661010742188,3.1828231811523438
120.90000000000001,10.631492614746094,3.6503829956054688
121,11.31878662109375,4.1946029663085938
121.09999999999999,11.916656494140625,4.818023681640625
121.2,12.437881469726562,5.4644393920898438
121.3,12.867118835449219,6.0878524780273438
121.40000000000001,13.237594604492188,6.6422882080078125
121.5,13.436882019042969,6.9488906860351562
121.59999999999999,13.523757934570312,7.0587539672851562
121.7,13.426666259765625,7.0689773559570312
121.8,12.971870422363281,6.83135986328125
121.90000000000001,12.384223937988281,6.4072341918945312
122,11.868110656738281,5.9626617431640625
122.09999999999999,11.4107666015625,5.5972976684570312
122.2,11.02496337890625,5.3366851806640625
122.3,10.708145141601562,5.111846923828125
122.40000000000001,10.406654357910156,4.7899169921875
122.5,10.005516052246094,4.3172378540039062
122.59999999999999,9.5737228393554688,3.9084396362304688
122.7,9.2262420654296875,3.6733779907226562
122.8,8.9017562866210938,3.4996414184570312
122.90000000000001,8.5798263549804688,3.325897216796875
123,8.2732315063476562,3.1444931030273438
123.09999999999999,8.00750732421875,2.96820068359375
123.2,7.7928924560546875,2.82000732421875
123.3,7.6472549438476562,2.702484130859375
123.40000000000001,7.631927490234375,2.5926132202148438
123.5,7.8184356689453125,2.5670623779296875
123.59999999999999,8.3064422607421875,2.812347412109375
123.7,8.9988479614257812,3.3182373046875
123.8,9.673370361328125,3.9058837890625
123.90000000000001,10.281455993652344,4.4986419677734375
124,10.830787658691406,5.0607452392578125
124.09999999999999,11.341781616210938,5.6024093627929688
124.2,11.829788208007812,6.1363983154296875
124.3,12.289688110351562,6.6371841430664062
124.40000000000001,12.621841430664062,6.9488906860351562
124.5,12.649940490722656,6.9642181396484375
124.59999999999999,12.274360656738281,6.7317123413085938
124.7,11.714813232421875,6.335693359375
124.8,11.226806640625,5.9345550537109375
124.90000000000001,10.810340881347656,5.5640792846679688
125,10.447532653808594,5.2421493530273438
125.09999999999999,10.133270263671875,4.9815444946289062
125.2,9.857330322265625,4.7464828491210938
125.3,9.5941619873046875,4.5011978149414062
125.40000000000001,9.3131179809570312,4.14605712890625
125.5,8.9043121337890625,3.6452789306640625
125.59999999999999,8.4546356201171875,3.1930389404296875
125.7,8.127593994140625,2.922210693359375
125.8,7.8848724365234375,2.7356948852539062
125.90000000000001,7.7060165405273438,2.5798416137695312
126,7.5910415649414062,2.4674224853515625
126.09999999999999,7.6370315551757812,2.4469833374023438
126.2,8.0407257080078125,2.682037353515625
126.3,8.7918930053710938,3.1674880981445312
126.40000000000001,9.655487060546875,3.732147216796875
126.5,10.319786071777344,4.2048187255859375
126.59999999999999,10.782241821289062,4.6034011840820312
126.7,11.257469177246094,5.1067352294921875
126.8,11.745475769042969,5.6509475708007812
126.90000000000001,12.164497375488281,6.1440658569335938
127,12.494087219238281,6.5784149169921875
127.09999999999999,12.655052185058594,6.877349853515625
127.2,12.384223937988281,6.859466552734375
127.3,11.883445739746094,6.527313232421875
127.40000000000001,11.472091674804688,6.0699691772460938
127.5,10.966201782226562,5.4669876098632812
127.59999999999999,10.427093505859375,4.871673583984375
127.7,10.03106689453125,4.49609375
127.8,9.7168045043945312,4.238037109375
127.90000000000001,9.433197021484375,4.008087158203125
128,9.121490478515625,3.785797119140625
128.09999999999999,8.8199996948242188,3.5609588623046875
128.19999999999999,8.5619430541992188,3.3412322998046875
128.30000000000001,8.3038864135742188,3.1368331909179688
128.40000000000001,8.0611648559570312,2.9196548461914062
128.5,7.7979965209960938,2.628387451171875
128.59999999999999,7.557830810546875,2.360107421875
128.69999999999999,7.4735107421875,2.2706832885742188
128.80000000000001,7.69580078125,2.4112091064453125
128.90000000000001,8.3089981079101562,2.78424072265625
129,9.1368179321289062,3.2518081665039062
129.09999999999999,9.9595260620117188,3.77813720703125
129.19999999999999,10.651931762695312,4.3811187744140625
129.30000000000001,11.20892333984375,5.0070877075195312
129.40000000000001,11.717369079589844,5.6356201171875
129.5,12.090400695800781,6.1108474731445312
129.59999999999999,12.351005554199219,6.46343994140625
129.69999999999999,12.619285583496094,6.8466873168945312
129.80000000000001,12.639724731445312,7.0485382080078125
129.90000000000001,12.241142272949219,6.8645782470703125
130,11.689262390136719,6.445556640625
130.09999999999999,11.224250793457031,6.0393142700195312
130.19999999999999,10.8231201171875,5.6969375610351562
130.30000000000001,10.467971801757812,5.369903564453125
130.40000000000001,10.107719421386719,4.9329986572265625
130.5,9.673370361328125,4.3530120849609375
130.59999999999999,9.2722320556640625,3.85223388671875
130.69999999999999,8.9579696655273438,3.5226364135742188
130.80000000000001,8.6718063354492188,3.26202392578125
130.90000000000001,8.3933181762695312,3.0244140625
131,8.1224822998046875,2.8149032592773438
131.09999999999999,7.8823165893554688,2.6334991455078125
131.19999999999999,7.6804656982421875,2.4853057861328125
131.30000000000001,7.5552749633789062,2.3447799682617188
131.40000000000001,7.5680465698242188,2.1940383911132812
131.5,7.7213516235351562,2.150604248046875
131.59999999999999,8.0100631713867188,2.4495391845703125
131.69999999999999,8.5644989013671875,3.1853790283203125
131.80000000000001,9.4050979614257812,4.284027099609375
131.90000000000001,10.322341918945312,5.5870742797851562
132,11.037742614746094,6.8747940063476562
132.09999999999999,11.57684326171875,8.1625137329101562
132.19999999999999,12.218147277832031,9.4783401489257812
132.30000000000001,12.813461303710938,10.313827514648438
132.40000000000001,12.961654663085938,10.14263916015625
132.5,12.593734741210938,9.1845169067382812
132.59999999999999,12.131278991699219,8.1727371215820312
132.69999999999999,11.863006591796875,7.4905471801757812
132.80000000000001,11.525741577148438,6.8211441040039062
132.90000000000001,10.935539245605469,5.8936767578125
133,10.375991821289062,4.9023361206054688
133.09999999999999,9.8879928588867188,4.100067138671875
133.19999999999999,9.4459762573242188,3.4996414184570312
133.30000000000001,9.157257080078125,3.1317214965820312
133.40000000000001,8.9247512817382812,3.049957275390625
133.5,8.6513671875,3.0448532104492188
133.59999999999999,8.4367523193359375,2.940093994140625
133.69999999999999,8.4112014770507812,2.8021240234375
133.80000000000001,8.5926055908203125,2.922210693359375
133.90000000000001,9.0499496459960938,3.3795547485351562
134,9.6989212036132812,3.9595413208007812
134.09999999999999,10.301902770996094,4.5011978149414062
134.19999999999999,10.746467590332031,5.001983642578125
134.30000000000001,11.180816650390625,5.5666351318359375
134.40000000000001,11.661155700683594,6.1159591674804688
134.5,12.011192321777344,6.555419921875
134.59999999999999,11.995864868164062,6.7470474243164062
134.69999999999999,11.633056640625,6.5324249267578125
134.80000000000001,11.201255798339844,6.0878524780273438
134.90000000000001,10.853782653808594,5.6509475708007812
135,10.450088500976562,5.111846923828125
135.09999999999999,9.9723052978515625,4.5318603515625
135.19999999999999,9.5788345336914062,4.1153945922851562
135.30000000000001,9.2722320556640625,3.831787109375
135.40000000000001,8.9809646606445312,3.5788421630859375
135.5,8.6820297241210938,3.3284530639648438
135.59999999999999,8.4418563842773438,3.1189422607421875
135.69999999999999,8.2706756591796875,2.9809722900390625
135.80000000000001,8.1352615356445312,2.8966598510742188
135.90000000000001,8.0790481567382812,2.8251190185546875
136,8.0381698608398438,2.6845932006835938
136.09999999999999,8.0560531616210938,2.5696182250976562
136.19999999999999,8.3779830932617188,2.7178115844726562
136.30000000000001,8.9860763549804688,3.1087265014648438
136.40000000000001,9.6043853759765625,3.6324996948242188
136.5,10.128158569335938,4.2482528686523438
136.59999999999999,10.644271850585938,4.8870086669921875
136.69999999999999,11.129722595214844,5.5104293823242188
136.80000000000001,11.520637512207031,6.1261825561523438
136.90000000000001,11.875778198242188,6.75726318359375
137,12.215591430664062,7.2887039184570312
137.09999999999999,12.192596435546875,7.3985671997070312
137.19999999999999,11.691818237304688,6.9386672973632812
137.30000000000001,11.114387512207031,6.3024749755859375
137.40000000000001,10.685150146484375,5.8042526245117188
137.5,10.375991821289062,5.3724594116210938
137.59999999999999,9.9620819091796875,4.864013671875
137.69999999999999,9.36932373046875,4.266143798828125
137.80000000000001,8.81744384765625,3.7423629760742188
137.90000000000001,8.4699630737304688,3.3897781372070312
138,8.2860031127929688,3.0627365112304688
138.09999999999999,8.0151748657226562,2.6258316040039062
138.19999999999999,7.7085723876953125,2.26812744140625
138.30000000000001,7.5808258056640625,2.1531524658203125
138.40000000000001,7.7392349243164062,2.314117431640625
138.5,8.2604522705078125,2.8149032592773438
138.59999999999999,9.1317062377929688,3.5124130249023438
138.69999999999999,10.100051879882812,4.337677001953125
138.80000000000001,10.927871704101562,5.2753677368164062
138.90000000000001,11.597282409667969,6.1619491577148438
139,11.967758178710938,6.711273193359375
139.09999999999999,11.845115661621094,6.72149658203125
139.19999999999999,11.372444152832031,6.3740158081054688
139.30000000000001,11.02496337890625,6.0393142700195312
139.40000000000001,10.95086669921875,5.8681259155273438
139.5,10.751579284667969,5.5794143676757812
139.59999999999999,10.204811096191406,4.9227752685546875
139.69999999999999,9.507293701171875,4.1153945922851562
139.80000000000001,8.863433837890625,3.44598388671875
139.90000000000001,8.33966064453125,2.9247665405273438
140,7.9104156494140625,2.5312957763671875
140.09999999999999,7.6191482543945312,2.3192291259765625
140.19999999999999,7.501617431640625,2.260467529296875
140.30000000000001,7.5092849731445312,2.2706832885742188
140.40000000000001,7.5322799682617188,2.2630233764648438
140.5,7.5629425048828125,2.2195892333984375
140.59999999999999,7.7750015258789062,2.3626632690429688
140.69999999999999,8.2808914184570312,2.7356948852539062
140.80000000000001,8.8429946899414062,3.1930389404296875
140.90000000000001,9.249237060546875,3.5967330932617188
141,9.6375961303710938,3.9953079223632812
141.09999999999999,10.102607727050781,4.4884262084960938
141.19999999999999,10.554847717285156,5.0045394897460938
141.30000000000001,10.869110107421875,5.46954345703125
141.40000000000001,10.843559265136719,5.6867218017578125
141.5,10.570175170898438,5.5308685302734375
141.59999999999999,10.281455993652344,5.221710205078125
141.69999999999999,9.9774169921875,4.91766357421875
141.80000000000001,9.5456161499023438,4.467987060546875
141.90000000000001,9.0218429565429688,3.8471221923828125
142,8.5721664428710938,3.3335647583007812
142.09999999999999,8.2502365112304688,3.032073974609375
142.19999999999999,7.9768524169921875,2.848114013671875
142.30000000000001,7.7162399291992188,2.6897048950195312
142.40000000000001,7.5169525146484375,2.5338516235351562
142.5,7.3968658447265625,2.4137649536132812
142.59999999999999,7.3151016235351562,2.334564208984375
142.69999999999999,7.2844467163085938,2.2936782836914062
142.80000000000001,7.4607391357421875,2.3754425048828125
142.90000000000001,7.8772048950195312,2.572174072265625
143,8.3192214965820312,2.812347412109375
143.09999999999999,8.7791213989257812,3.18792724609375
143.19999999999999,9.3386611938476562,3.7347030639648438
143.30000000000001,9.8828811645507812,4.347900390625
143.40000000000001,10.296791076660156,4.871673583984375
143.5,10.631492614746094,5.2906951904296875
143.59999999999999,10.881881713867188,5.7020492553710938
143.69999999999999,10.876777648925781,5.9703292846679688
143.80000000000001,10.769462585449219,6.1031875610351562
143.90000000000001,10.628936767578125,6.233489990234375
144,10.158821105957031,5.9268875122070312
144.09999999999999,9.4970779418945312,5.0862960815429688
144.19999999999999,8.8966522216796875,4.266143798828125
144.30000000000001,8.3830947875976562,3.6887130737304688
144.40000000000001,7.97174072265625,3.2390289306640625
144.5,7.6472549438476562,2.8711090087890625
144.59999999999999,7.4300765991210938,2.6079483032226562
144.69999999999999,7.3713150024414062,2.4750823974609375
144.80000000000001,7.60382080078125,2.6513824462890625
144.90000000000001,8.2987823486328125,3.2415847778320312
145,9.433197021484375,4.0770721435546875
145.09999999999999,10.498634338378906,5.0121994018554688
145.19999999999999,11.247245788574219,5.9728775024414062
145.30000000000001,11.801681518554688,6.785369873046875
145.40000000000001,11.993309020996094,7.153289794921875
145.5,11.758247375488281,6.97955322265625
145.59999999999999,11.4107666015625,6.6244049072265625
145.69999999999999,11.298347473144531,6.4966583251953125
145.80000000000001,11.257469177246094,6.435333251953125
145.90000000000001,10.920211791992188,6.013763427734375
146,10.281455993652344,5.2574844360351562
146.09999999999999,9.5660629272460938,4.4603195190429688
146.19999999999999,8.9426422119140625,3.85223388671875
146.30000000000001,8.4852981567382812,3.509857177734375
146.40000000000001,8.1684722900390625,3.2748031616210938
146.5,7.9359664916992188,2.9988632202148438
146.59999999999999,7.7290115356445312,2.7331390380859375
146.69999999999999,7.6830215454101562,2.5338516235351562
146.80000000000001,7.8644256591796875,2.4955291748046875
146.90000000000001,8.237457275390625,2.756134033203125
147,8.7280197143554688,3.13427734375
147.09999999999999,9.2160263061523438,3.5149688720703125
147.19999999999999,9.691253662109375,4.0285263061523438
147.30000000000001,10.189476013183594,4.5931777954101562
147.40000000000001,10.63916015625,5.1041793823242188
147.5,10.961090087890625,5.5283126831054688
147.59999999999999,11.060737609863281,5.7889175415039062
147.69999999999999,10.853782653808594,5.7608184814453125
147.80000000000001,10.567619323730469,5.4848785400390625
147.90000000000001,10.28912353515625,5.0760726928710938
148,9.8956527709960938,4.5344161987304688
148.09999999999999,9.4689712524414062,3.99786376953125
148.19999999999999,9.1061630249023438,3.6273880004882812
148.30000000000001,8.771453857421875,3.3795547485351562
148.40000000000001,8.4725189208984375,3.1547164916992188
148.5,8.2221298217773438,2.96820068359375
148.59999999999999,8.0202865600585938,2.8430023193359375
148.69999999999999,7.8542098999023438,2.7765731811523438
148.80000000000001,7.7264556884765625,2.72802734375
148.90000000000001,7.6549224853515625,2.656494140625
149,7.52972412109375,2.4929733276367188
149.09999999999999,7.3789825439453125,2.3550033569335938
149.19999999999999,7.3202133178710938,2.3294525146484375
149.30000000000001,7.4019775390625,2.3626632690429688
149.40000000000001,7.71368408203125,2.5134124755859375
149.5,8.2221298217773438,2.8021240234375
149.59999999999999,8.7612380981445312,3.1777114868164062
149.69999999999999,9.249237060546875,3.6095046997070312
149.80000000000001,9.6580429077148438,4.061737060546875
149.90000000000001,10.020851135253906,4.521636962890625
150,10.419425964355469,4.9662094116210938
150.09999999999999,10.697921752929688,5.2702560424804688
150.19999999999999,10.838447570800781,5.4848785400390625
150.30000000000001,10.761802673339844,5.6254043579101562
150.40000000000001,10.450088500976562,5.5027618408203125
150.5,10.128158569335938,5.2165985107421875
150.59999999999999,9.7627944946289062,4.8563461303710938
150.69999999999999,9.33355712890625,4.4782028198242188
150.80000000000001,8.9349746704101562,4.2150421142578125
150.90000000000001,8.6411514282226562,3.9774246215820312
151,8.3958663940429688,3.6350555419921875
151.09999999999999,8.1148223876953125,3.22625732421875
151.19999999999999,7.8388824462890625,2.8021240234375
151.30000000000001,7.631927490234375,2.4853057861328125
151.40000000000001,7.5092849731445312,2.4009933471679688
151.5,7.45562744140625,2.4112091064453125
151.59999999999999,7.45562744140625,2.3984375
151.69999999999999,7.4402999877929688,2.4009933471679688
151.80000000000001,7.3994216918945312,2.4009933471679688
151.90000000000001,7.34576416015625,2.3856582641601562
152,7.3866424560546875,2.4112091064453125
152.09999999999999,7.4965057373046875,2.4571990966796875
152.19999999999999,7.447967529296875,2.3652191162109375
152.30000000000001,7.335540771484375,2.2298049926757812
152.40000000000001,7.3151016235351562,2.2400283813476562
152.5,7.3687591552734375,2.3371124267578125
152.59999999999999,7.447967529296875,2.4316482543945312
152.69999999999999,7.5373916625976562,2.5031890869140625
152.80000000000001,7.7724456787109375,2.67437744140625
152.90000000000001,8.1863632202148438,3.00396728515625
153,8.6385955810546875,3.3105697631835938
153.09999999999999,9.0167312622070312,3.5686264038085938
153.19999999999999,9.341217041015625,3.8956680297851562
153.30000000000001,9.5762786865234375,4.2252578735351562
153.40000000000001,9.5762786865234375,4.358123779296875
153.5,9.36932373046875,4.2329254150390625
153.59999999999999,9.121490478515625,4.0004196166992188
153.69999999999999,8.9017562866210938,3.7347030639648438
153.80000000000001,8.5926055908203125,3.364227294921875
153.90000000000001,8.2527923583984375,3.0116348266601562
154,8.017730712890625,2.8225631713867188
154.09999999999999,7.851654052734375,2.720367431640625
154.19999999999999,7.7009124755859375,2.6309432983398438
154.30000000000001,7.5424957275390625,2.5517349243164062
154.40000000000001,7.41986083984375,2.5006332397460938
154.5,7.3432083129882812,2.4546432495117188
154.59999999999999,7.2231216430664062,2.3243408203125
154.69999999999999,7.0902633666992188,2.186370849609375
154.80000000000001,7.0315017700195312,2.168487548828125
154.90000000000001,7.0263900756835938,2.19659423828125
155,7.080047607421875,2.2374725341796875
155.09999999999999,7.2742233276367188,2.3473358154296875
155.19999999999999,7.6600265502929688,2.5619583129882812
155.30000000000001,8.1480331420898438,2.865997314453125
155.40000000000001,8.6283721923828125,3.2134780883789062
155.5,9.07550048828125,3.5379638671875
155.59999999999999,9.3948745727539062,3.73980712890625
155.69999999999999,9.6759262084960938,3.951873779296875
155.80000000000001,10.041290283203125,4.3070220947265625
155.90000000000001,10.3453369140625,4.6774978637695312
156,10.404098510742188,4.9048919677734375
156.09999999999999,10.166481018066406,4.8589019775390625
156.19999999999999,9.8241119384765625,4.6034011840820312
156.30000000000001,9.5098495483398438,4.301910400390625
156.40000000000001,9.1802520751953125,3.9850921630859375
156.5,8.8506622314453125,3.6784896850585938
156.59999999999999,8.4852981567382812,3.3131256103515625
156.69999999999999,8.0790481567382812,2.9247665405273438
156.80000000000001,7.7366790771484375,2.6590423583984375
156.90000000000001,7.4965057373046875,2.5057449340820312
157,7.327880859375,2.3907699584960938
157.09999999999999,7.1950225830078125,2.2860183715820312
157.19999999999999,7.115814208984375,2.2068099975585938
157.30000000000001,7.0723800659179688,2.1608200073242188
157.40000000000001,7.0621566772460938,2.150604248046875
157.5,7.2333450317382812,2.2630233764648438
157.59999999999999,7.7366790771484375,2.5389633178710938
157.69999999999999,8.3447723388671875,2.78424072265625
157.80000000000001,8.8659896850585938,3.0193023681640625
157.90000000000001,9.3744354248046875,3.4127731323242188
158,9.8828811645507812,3.8854446411132812
158.09999999999999,10.347892761230469,4.33001708984375
158.19999999999999,10.687705993652344,4.7209320068359375
158.30000000000001,10.85888671875,5.0530776977539062
158.40000000000001,10.723472595214844,5.17572021484375
158.5,10.358108520507812,5.0096435546875
158.59999999999999,10.043846130371094,4.7209320068359375
158.69999999999999,9.7116928100585938,4.284027099609375
158.80000000000001,9.2620162963867188,3.7576980590820312
158.90000000000001,8.8429946899414062,3.3795547485351562
159,8.5159530639648438,3.1470489501953125
159.09999999999999,8.2323532104492188,2.9758682250976562
159.19999999999999,7.9666290283203125,2.82000732421875
159.30000000000001,7.7392349243164062,2.6845932006835938
159.40000000000001,7.547607421875,2.5849533081054688
159.5,7.4045257568359375,2.5210723876953125
159.59999999999999,7.317657470703125,2.4827499389648438
159.69999999999999,7.2282333374023438,2.3677749633789062
159.80000000000001,7.1439208984375,2.19659423828125
159.90000000000001,7.2742233276367188,2.2119216918945312
160,7.7009124755859375,2.4546432495117188
160.09999999999999,8.237457275390625,2.774017333984375
160.19999999999999,8.7280197143554688,3.1036148071289062
160.30000000000001,9.1598129272460938,3.4485397338867188
160.40000000000001,9.5583953857421875,3.806243896484375
160.5,9.9160919189453125,4.1767120361328125
160.59999999999999,10.25335693359375,4.542083740234375
160.69999999999999,10.580390930175781,4.8205718994140625
160.80000000000001,10.769462585449219,4.9585494995117188
160.90000000000001,10.828231811523438,5.0709686279296875
161,10.7132568359375,5.1450576782226562
161.09999999999999,10.396430969238281,5.0275344848632812
161.19999999999999,10.061729431152344,4.761810302734375
161.30000000000001,9.7321319580078125,4.467987060546875
161.40000000000001,9.4025421142578125,4.19970703125
161.5,9.0984954833984375,3.9416580200195312
161.59999999999999,8.799560546875,3.6887130737304688
161.69999999999999,8.5210647583007812,3.4229888916015625
161.80000000000001,8.1965789794921875,3.0729522705078125
161.90000000000001,7.8593215942382812,2.7433624267578125
162,7.6217041015625,2.572174072265625
162.09999999999999,7.4684066772460938,2.4878616333007812
162.19999999999999,7.3508758544921875,2.4188766479492188
162.30000000000001,7.23590087890625,2.3498916625976562
162.40000000000001,7.172027587890625,2.2911224365234375
162.5,7.1464767456054688,2.2630233764648438
162.59999999999999,7.207794189453125,2.28857421875
162.69999999999999,7.4990615844726562,2.4571990966796875
162.80000000000001,7.9896240234375,2.7152557373046875
162.90000000000001,8.4648513793945312,2.9068832397460938
163,8.8940963745117188,3.1444931030273438
163.09999999999999,9.3386611938476562,3.548187255859375
163.19999999999999,9.7755661010742188,4.0004196166992188
163.30000000000001,10.184371948242188,4.429656982421875
163.40000000000001,10.529296875,4.864013671875
163.5,10.754135131835938,5.3085784912109375
163.59999999999999,10.690261840820312,5.589630126953125
163.69999999999999,10.370887756347656,5.515533447265625
163.80000000000001,10.036178588867188,5.1501693725585938
163.90000000000001,9.617156982421875,4.5471878051757812
164,9.1163787841796875,3.8828887939453125
164.09999999999999,8.679473876953125,3.4281005859375
164.19999999999999,8.3038864135742188,3.1444931030273438
164.30000000000001,7.9513015747070312,2.9298782348632812
164.40000000000001,7.6344757080078125,2.7459182739257812
164.5,7.427520751953125,2.6156082153320312
164.59999999999999,7.2946624755859375,2.52618408203125
164.69999999999999,7.1924667358398438,2.4597549438476562
164.80000000000001,7.12603759765625,2.4188766479492188
164.90000000000001,7.0928192138671875,2.4009933471679688
165,7.0187225341796875,2.30645751953125
165.09999999999999,7.0033950805664062,2.2195892333984375
165.19999999999999,7.2742233276367188,2.370330810546875
165.30000000000001,7.7545623779296875,2.7075881958007812
165.40000000000001,8.275787353515625,3.095947265625
165.5,8.7407913208007812,3.4868621826171875
165.59999999999999,9.157257080078125,3.8854446411132812
165.69999999999999,9.5405120849609375,4.2814712524414062
165.80000000000001,9.8803253173828125,4.6647186279296875
165.90000000000001,10.184371948242188,5.0530776977539062
166,10.421981811523438,5.4184494018554688
166.09999999999999,10.483306884765625,5.553863525390625
166.19999999999999,10.212471008300781,5.3188018798828125
166.30000000000001,9.81134033203125,4.9227752685546875
166.40000000000001,9.5124053955078125,4.5982894897460938
166.5,9.2390213012695312,4.2993545532226562
166.59999999999999,8.9247512817382812,3.9416580200195312
166.69999999999999,8.5747222900390625,3.5788421630859375
166.80000000000001,8.237457275390625,3.2824630737304688
166.90000000000001,7.9359664916992188,3.04229736328125
167,7.667694091796875,2.848114013671875
167.09999999999999,7.4632949829101562,2.6973724365234375
167.19999999999999,7.3202133178710938,2.5389633178710938
167.30000000000001,7.1592483520507812,2.3192291259765625
167.40000000000001,7.0289459228515625,2.1557083129882812
167.5,7.0442733764648438,2.150604248046875
167.59999999999999,7.2691116333007812,2.30645751953125
167.69999999999999,7.7111282348632812,2.74847412109375
167.80000000000001,8.1812515258789062,3.3667831420898438
167.90000000000001,8.6002731323242188,4.0106430053710938
168,9.1317062377929688,4.7950286865234375
168.09999999999999,9.7270278930664062,5.6662826538085938
168.19999999999999,10.174148559570312,6.4813232421875
168.30000000000001,10.43731689453125,7.079193115234375
168.40000000000001,10.575286865234375,7.45733642578125
168.5,10.595726013183594,7.5850830078125
168.59999999999999,10.360664367675781,7.1558456420898438
168.69999999999999,9.9876327514648438,6.325469970703125
168.80000000000001,9.7244720458984375,5.5691909790039062
168.90000000000001,9.4638595581054688,4.927886962890625
169,9.1981430053710938,4.3683395385742188
169.09999999999999,8.919647216796875,3.9365463256835938
169.19999999999999,8.5926055908203125,3.5992889404296875
169.30000000000001,8.2425689697265625,3.2671356201171875
169.40000000000001,7.8286590576171875,2.886444091796875
169.5,7.4607391357421875,2.5823974609375
169.59999999999999,7.2333450317382812,2.4393157958984375
169.69999999999999,7.1081466674804688,2.3754425048828125
169.80000000000001,7.01361083984375,2.34222412109375
169.90000000000001,6.9267425537109375,2.3268966674804688
170,6.8858642578125,2.3115692138671875
170.09999999999999,6.9548492431640625,2.3320083618164062
170.19999999999999,7.2537841796875,2.4750823974609375
170.30000000000001,7.8031082153320312,2.7867965698242188
170.40000000000001,8.3447723388671875,3.106170654296875
170.5,8.7663421630859375,3.4357681274414062
170.59999999999999,9.14959716796875,3.9646530151367188
170.69999999999999,9.563507080078125,4.6085128784179688
170.80000000000001,10.008071899414062,5.2191543579101562
170.90000000000001,10.352996826171875,5.72760009765625
171,10.467971801757812,6.02142333984375
171.09999999999999,10.284011840820312,5.9626617431640625
171.19999999999999,9.9441986083984375,5.6330642700195312
171.30000000000001,9.6094970703125,5.2344894409179688
171.40000000000001,9.2339096069335938,4.6774978637695312
171.5,8.78167724609375,4.0157470703125
171.59999999999999,8.3703231811523438,3.52008056640625
171.69999999999999,8.0586090087890625,3.2237014770507812
171.80000000000001,7.7928924560546875,3.0014190673828125
171.90000000000001,7.5527191162109375,2.7919082641601562
172,7.3687591552734375,2.6181640625
172.09999999999999,7.2537841796875,2.5031890869140625
172.19999999999999,7.1771316528320312,2.4316482543945312
172.30000000000001,7.1873550415039062,2.4035491943359375
172.40000000000001,7.41986083984375,2.5006332397460938
172.5,7.8261032104492188,2.6667098999023438
172.59999999999999,8.3371047973632812,2.9170989990234375
172.69999999999999,8.937530517578125,3.3284530639648438
172.80000000000001,9.5021820068359375,3.785797119140625
172.90000000000001,9.985076904296875,4.2227020263671875
173,10.393882751464844,4.651947021484375
173.09999999999999,10.754135131835938,5.0633010864257812
173.19999999999999,10.899772644042969,5.3801193237304688
173.30000000000001,10.710700988769531,5.4414443969726562
173.40000000000001,10.429649353027344,5.23193359375
173.5,10.107719421386719,4.8205718994140625
173.59999999999999,9.6503753662109375,4.3121337890625
173.69999999999999,9.1776962280273438,3.877777099609375
173.80000000000001,8.771453857421875,3.5379638671875
173.90000000000001,8.3779830932617188,3.2492523193359375
174,8.0023956298828125,2.996307373046875
174.09999999999999,7.7111282348632812,2.794464111328125
174.19999999999999,7.5041732788085938,2.6411590576171875
174.30000000000001,7.373870849609375,2.5287399291992188
174.40000000000001,7.3125457763671875,2.4776382446289062
174.5,7.2563400268554688,2.3933258056640625
174.59999999999999,7.1566925048828125,2.2527999877929688
174.69999999999999,7.1081466674804688,2.1838150024414062
174.80000000000001,7.2614517211914062,2.260467529296875
174.90000000000001,7.6446990966796875,2.4878616333007812
175,8.1608123779296875,2.7867965698242188
175.09999999999999,8.6564788818359375,3.1112823486328125
175.19999999999999,9.07550048828125,3.4945297241210938
175.30000000000001,9.4587478637695312,3.8854446411132812
175.40000000000001,9.8317794799804688,4.2508087158203125
175.5,10.194587707519531,4.6008453369140625
175.59999999999999,10.467971801757812,4.8154678344726562
175.69999999999999,10.603385925292969,4.8895645141601562
175.80000000000001,10.685150146484375,4.99176025390625
175.90000000000001,10.649375915527344,5.1041793823242188
176,10.383659362792969,5.0300827026367188
176.09999999999999,10.010627746582031,4.761810302734375
176.19999999999999,9.6222686767578125,4.4245529174804688
176.30000000000001,9.2160263061523438,4.0464096069335938
176.40000000000001,8.8378829956054688,3.6861572265625
176.5,8.4801864624023438,3.3769989013671875
176.59999999999999,8.1684722900390625,3.11639404296875
176.69999999999999,7.9308624267578125,2.8787765502929688
176.80000000000001,7.6753616333007812,2.6053924560546875
176.90000000000001,7.4300765991210938,2.3779983520507812
177,7.2870025634765625,2.3039016723632812
177.09999999999999,7.218017578125,2.30645751953125
177.19999999999999,7.1771316528320312,2.314117431640625
177.30000000000001,7.12603759765625,2.3217849731445312
177.40000000000001,7.1311416625976562,2.334564208984375
177.5,7.3151016235351562,2.426544189453125
177.59999999999999,7.6728057861328125,2.6590423583984375
177.69999999999999,8.1199264526367188,2.9809722900390625
177.80000000000001,8.5772781372070312,3.3233489990234375
177.90000000000001,8.89154052734375,3.5456314086914062
178,9.103607177734375,3.7244796752929688
178.09999999999999,9.3488845825195312,4.0208587646484375
178.19999999999999,9.6222686767578125,4.376007080078125
178.30000000000001,9.8828811645507812,4.7234878540039062
178.40000000000001,10.038734436035156,5.0070877075195312
178.5,9.9876327514648438,5.111846923828125
178.59999999999999,9.747467041015625,4.963653564453125
178.69999999999999,9.4664154052734375,4.6672744750976562
178.80000000000001,9.1598129272460938,4.2942428588867188
178.90000000000001,8.827667236328125,3.8701171875
179,8.4265289306640625,3.392333984375
179.09999999999999,8.0279464721679688,2.9809722900390625
179.19999999999999,7.7622299194335938,2.7612457275390625
179.30000000000001,7.5884857177734375,2.6488265991210938
179.40000000000001,7.447967529296875,2.5696182250976562
179.5,7.3202133178710938,2.50830078125
179.59999999999999,7.2231216430664062,2.4597549438476562
179.69999999999999,7.1669158935546875,2.4393157958984375
179.80000000000001,7.1439208984375,2.4316482543945312
179.90000000000001,7.1873550415039062,2.4418716430664062
180,7.3840866088867188,2.4827499389648438
180.09999999999999,7.6906890869140625,2.5619583129882812
180.19999999999999,8.0509414672851562,2.7714691162109375
180.30000000000001,8.4623031616210938,3.13427734375
180.40000000000001,8.8506622314453125,3.5328521728515625
180.5,9.1879196166992188,3.8828887939453125
180.59999999999999,9.4766311645507812,4.2048187255859375
180.69999999999999,9.73724365234375,4.5241928100585938
180.80000000000001,9.985076904296875,4.8410186767578125
180.90000000000001,10.199699401855469,5.1373977661132812
181,10.322341918945312,5.3520126342773438
181.09999999999999,10.151153564453125,5.2114944458007812
181.19999999999999,9.747467041015625,4.7413711547851562
181.30000000000001,9.3539962768554688,4.3146820068359375
181.40000000000001,9.0090713500976562,3.9748687744140625
181.5,8.6641464233398438,3.6324996948242188
181.59999999999999,8.3013381958007812,3.2875747680664062
181.69999999999999,7.979400634765625,2.9937515258789062
181.80000000000001,7.7060165405273438,2.7714691162109375
181.90000000000001,7.4760665893554688,2.628387451171875
182,7.3023300170898438,2.536407470703125
182.09999999999999,7.1873550415039062,2.426544189453125
182.19999999999999,7.0340576171875,2.260467529296875
182.30000000000001,6.8884201049804688,2.1352691650390625
182.40000000000001,6.8552017211914062,2.1250534057617188
182.5,6.857757568359375,2.1659317016601562
182.59999999999999,6.9344100952148438,2.2298049926757812
182.69999999999999,7.1745758056640625,2.3856582641601562
182.80000000000001,7.5603866577148438,2.6615982055664062
182.90000000000001,8.00750732421875,3.0065231323242188
183,8.4418563842773438,3.3667831420898438
183.09999999999999,8.8532180786132812,3.70404052734375
183.19999999999999,9.1444854736328125,3.9109954833984375
183.30000000000001,9.3488845825195312,4.0387420654296875
183.40000000000001,9.5762786865234375,4.2814712524414062
183.5,9.7985610961914062,4.5855178833007812
183.59999999999999,9.9058761596679688,4.8154678344726562
183.69999999999999,9.7704620361328125,4.8461227416992188
183.80000000000001,9.4919662475585938,4.6749420166015625
183.90000000000001,9.2236862182617188,4.4424362182617188
184,8.9707412719726562,4.2073745727539062
184.09999999999999,8.7152481079101562,3.9391021728515625
184.19999999999999,8.4086456298828125,3.5711822509765625
184.30000000000001,8.0202865600585938,3.1189422607421875
184.40000000000001,7.6753616333007812,2.774017333984375
184.5,7.4454116821289062,2.5926132202148438
184.59999999999999,7.2742233276367188,2.4878616333007812
184.69999999999999,7.1464767456054688,2.4112091064453125
184.80000000000001,7.059600830078125,2.360107421875
184.90000000000001,7.0033950805664062,2.3396682739257812
185,7.0289459228515625,2.360107421875
185.09999999999999,7.2486724853515625,2.498077392578125
185.19999999999999,7.6728057861328125,2.78424072265625
185.30000000000001,8.11737060546875,3.0193023681640625
185.40000000000001,8.459747314453125,3.1777114868164062
185.5,8.7740097045898438,3.4408721923828125
185.59999999999999,9.11126708984375,3.7934646606445312
185.69999999999999,9.4561920166015625,4.1153945922851562
185.80000000000001,9.7525711059570312,4.3990020751953125
185.90000000000001,9.9927444458007812,4.6851577758789062
186,10.176704406738281,4.9406585693359375
186.09999999999999,10.248245239257812,5.1271743774414062
186.19999999999999,10.082168579101562,5.13995361328125
186.30000000000001,9.7857894897460938,4.9202194213867188
186.40000000000001,9.4076461791992188,4.4475479125976562
186.5,8.9681930541992188,3.92376708984375
186.59999999999999,8.6104888916015625,3.5762939453125
186.69999999999999,8.3268814086914062,3.346343994140625
186.80000000000001,8.0994873046875,3.162384033203125
186.90000000000001,7.8848724365234375,2.9937515258789062
187,7.7009124755859375,2.85833740234375
187.09999999999999,7.5552749633789062,2.7586898803710938
187.19999999999999,7.437744140625,2.6871490478515625
187.30000000000001,7.327880859375,2.6258316040039062
187.40000000000001,7.264007568359375,2.5670623779296875
187.5,7.1643600463867188,2.4290924072265625
187.59999999999999,7.0315017700195312,2.2655792236328125
187.69999999999999,6.9829559326171875,2.2272491455078125
187.80000000000001,7.1004867553710938,2.3039016723632812
187.90000000000001,7.4147491455078125,2.5134124755859375
188,7.7979965209960938,2.8097915649414062
188.09999999999999,8.1659164428710938,3.1368331909179688
188.19999999999999,8.4904022216796875,3.4817581176757812
188.30000000000001,8.7688980102539062,3.8394546508789062
188.40000000000001,9.0780563354492188,4.18182373046875
188.5,9.4664154052734375,4.450103759765625
188.59999999999999,9.7704620361328125,4.5548553466796875
188.69999999999999,9.9544219970703125,4.6161727905273438
188.80000000000001,10.130714416503906,4.835906982421875
188.90000000000001,10.281455993652344,5.093963623046875
189,10.220138549804688,5.2114944458007812
189.09999999999999,9.8956527709960938,5.0760726928710938
189.19999999999999,9.5430679321289062,4.7873611450195312
189.30000000000001,9.2236862182617188,4.4526519775390625
189.40000000000001,8.8992080688476562,4.1026229858398438
189.5,8.5772781372070312,3.7730255126953125
189.59999999999999,8.2502365112304688,3.382110595703125
189.69999999999999,7.8848724365234375,2.957977294921875
189.80000000000001,7.5629425048828125,2.6488265991210938
189.90000000000001,7.34576416015625,2.4929733276367188
190,7.2026824951171875,2.4086532592773438
190.09999999999999,7.097930908203125,2.3575592041015625
190.19999999999999,7.0187225341796875,2.3268966674804688
190.30000000000001,7.0366058349609375,2.3243408203125
190.40000000000001,7.264007568359375,2.4393157958984375
190.5,7.71368408203125,2.6999282836914062
190.59999999999999,8.2425689697265625,3.04229736328125
190.69999999999999,8.6718063354492188,3.30035400390625
190.80000000000001,8.9809646606445312,3.4868621826171875
190.90000000000001,9.2798995971679688,3.7832489013671875
191,9.6222686767578125,4.1409454345703125
191.09999999999999,9.9697494506835938,4.485870361328125
191.19999999999999,10.28912353515625,4.8103561401367188
191.30000000000001,10.58294677734375,5.13995361328125
191.40000000000001,10.759246826171875,5.4669876098632812
191.5,10.605941772460938,5.6024093627929688
191.59999999999999,10.21502685546875,5.4107818603515625
191.69999999999999,9.783233642578125,4.9227752685546875
191.80000000000001,9.2671279907226562,4.2533645629882812
191.90000000000001,8.7510147094726562,3.6554946899414062
192,8.3166656494140625,3.2492523193359375
192.09999999999999,7.953857421875,2.978424072265625
192.19999999999999,7.657470703125,2.7638015747070312
192.30000000000001,7.4300765991210938,2.5977249145507812
192.40000000000001,7.2691116333007812,2.5006332397460938
192.5,7.1694717407226562,2.4469833374023438
192.59999999999999,7.1107025146484375,2.406097412109375
192.69999999999999,7.1004867553710938,2.3779983520507812
192.80000000000001,7.0928192138671875,2.2809066772460938
192.90000000000001,7.207794189453125,2.2400283813476562
193,7.6191482543945312,2.4469833374023438
193.09999999999999,8.2451248168945312,2.8021240234375
193.19999999999999,8.8608779907226562,3.2058181762695312
193.30000000000001,9.3488845825195312,3.622283935546875
193.40000000000001,9.7423553466796875,4.0285263061523438
193.5,10.06939697265625,4.4194412231445312
193.59999999999999,10.319786071777344,4.761810302734375
193.69999999999999,10.539512634277344,5.0479736328125
193.80000000000001,10.726028442382812,5.1987152099609375
193.90000000000001,10.815452575683594,5.2012710571289062
194,10.904876708984375,5.2549285888671875
194.09999999999999,10.902320861816406,5.35968017578125
194.19999999999999,10.636604309082031,5.2728118896484375
194.30000000000001,10.212471008300781,4.9687652587890625
194.40000000000001,9.73724365234375,4.5727386474609375
194.5,9.2543487548828125,4.1230621337890625
194.59999999999999,8.7688980102539062,3.7014846801757812
194.69999999999999,8.3345489501953125,3.35400390625
194.80000000000001,7.9972915649414062,3.0729522705078125
194.90000000000001,7.7545623779296875,2.8046798706054688
195,7.5118408203125,2.52618408203125
195.09999999999999,7.30999755859375,2.3371124267578125
195.19999999999999,7.225677490234375,2.2860183715820312
195.30000000000001,7.2001266479492188,2.2987899780273438
195.40000000000001,7.2026824951171875,2.3268966674804688
195.5,7.299774169921875,2.38055419921875
195.59999999999999,7.6344757080078125,2.5491790771484375
195.69999999999999,8.2221298217773438,2.8455581665039062
195.80000000000001,8.8864288330078125,3.198150634765625
195.90000000000001,9.4945220947265625,3.612060546875
196,10.008071899414062,3.96209716796875
196.09999999999999,10.391326904296875,4.192047119140625
196.19999999999999,10.73114013671875,4.4654312133789062
196.30000000000001,11.055625915527344,4.8333511352539062
196.40000000000001,11.3009033203125,5.1808319091796875
196.5,11.336677551269531,5.4082260131835938
196.59999999999999,11.019851684570312,5.4209976196289062
196.69999999999999,10.544624328613281,5.2012710571289062
196.80000000000001,10.092391967773438,4.8563461303710938
196.90000000000001,9.6529312133789062,4.4782028198242188
197,9.249237060546875,4.061737060546875
197.09999999999999,8.8046722412109375,3.5635147094726562
197.19999999999999,8.3422164916992188,3.11639404296875
197.30000000000001,7.9896240234375,2.8506698608398438
197.40000000000001,7.7366790771484375,2.6948165893554688
197.5,7.5527191162109375,2.5798416137695312
197.59999999999999,7.4121932983398438,2.480194091796875
197.69999999999999,7.3227691650390625,2.41632080078125
197.80000000000001,7.3074417114257812,2.3933258056640625
197.90000000000001,7.4990615844726562,2.4853057861328125
198,7.9640731811523438,2.74847412109375
198.09999999999999,8.5057373046875,3.032073974609375
198.19999999999999,8.909423828125,3.2466964721679688
198.30000000000001,9.2466812133789062,3.5149688720703125
198.40000000000001,9.6248245239257812,3.8854446411132812
198.5,10.025962829589844,4.2584762573242188
198.59999999999999,10.39898681640625,4.5931777954101562
198.69999999999999,10.703033447265625,4.910003662109375
198.80000000000001,10.948310852050781,5.203826904296875
198.90000000000001,10.973861694335938,5.4082260131835938
199,10.6749267578125,5.3852310180664062
199.09999999999999,10.243133544921875,5.0709686279296875
199.19999999999999,9.7346878051757812,4.5318603515625
199.30000000000001,9.2058029174804688,3.9825363159179688
199.40000000000001,8.7561264038085938,3.5890655517578125
199.5,8.37542724609375,3.3054580688476562
199.59999999999999,8.0483856201171875,3.0448532104492188
199.69999999999999,7.7571182250976562,2.812347412109375
199.80000000000001,7.52972412109375,2.6411590576171875
199.90000000000001,7.3636474609375,2.5312957763671875
200,7.2588958740234375,2.4648666381835938
200.09999999999999,7.2282333374023438,2.41632080078125
200.19999999999999,7.2384567260742188,2.3243408203125
200.30000000000001,7.4249725341796875,2.3217849731445312
200.40000000000001,7.8772048950195312,2.56451416015625
200.5,8.4393081665039062,2.9349822998046875
200.59999999999999,8.9809646606445312,3.3284530639648438
200.69999999999999,9.4587478637695312,3.7193679809570312
200.80000000000001,9.9237594604492188,4.0975112915039062
200.90000000000001,10.401542663574219,4.4603195190429688
201,10.85888671875,4.8231277465820312
201.09999999999999,11.277908325195312,5.1578369140625
201.19999999999999,11.497642517089844,5.32391357421875
201.30000000000001,11.387771606445312,5.3545684814453125
201.40000000000001,11.001968383789062,5.2702560424804688
201.5,10.526741027832031,5.0224227905273438
201.59999999999999,10.0872802734375,4.6953811645507812
201.69999999999999,9.6197128295898438,4.3504562377929688
201.80000000000001,9.16748046875,4.0285263061523438
201.90000000000001,8.7688980102539062,3.721923828125
202,8.4188613891601562,3.4281005859375
202.09999999999999,8.0943756103515625,3.124053955078125
202.19999999999999,7.7392349243164062,2.7893524169921875
202.30000000000001,7.437744140625,2.5415191650390625
202.40000000000001,7.2665557861328125,2.4418716430664062
202.5,7.1745758056640625,2.4009933471679688
202.59999999999999,7.1107025146484375,2.3728866577148438
202.69999999999999,7.0493850708007812,2.3498916625976562
202.80000000000001,7.0085067749023438,2.3473358154296875
202.90000000000001,7.0468292236328125,2.3779983520507812
203,7.281890869140625,2.5159683227539062
203.09999999999999,7.7213516235351562,2.7586898803710938
203.19999999999999,8.1327056884765625,2.9298782348632812
203.30000000000001,8.5261764526367188,3.0933990478515625
203.40000000000001,9.0090713500976562,3.382110595703125
203.5,9.4817428588867188,3.7117080688476562
203.59999999999999,9.9263153076171875,4.043853759765625
203.69999999999999,10.365776062011719,4.3606719970703125
203.80000000000001,10.797569274902344,4.6800537109375
203.90000000000001,11.180816650390625,5.0147552490234375
204,11.510414123535156,5.3571243286132812
204.09999999999999,11.806793212890625,5.6739425659179688
204.19999999999999,11.949874877929688,5.8272476196289062
204.30000000000001,11.658607482910156,5.6662826538085938
204.40000000000001,11.053070068359375,5.2702560424804688
204.5,10.483306884765625,4.8410186767578125
204.59999999999999,9.9416427612304688,4.3990020751953125
204.69999999999999,9.3999862670898438,3.9135513305664062
204.80000000000001,8.9017562866210938,3.4817581176757812
204.90000000000001,8.4827423095703125,3.1444931030273438
205,8.145477294921875,2.8838882446289062
205.09999999999999,7.8848724365234375,2.6897048950195312
205.19999999999999,7.6983566284179688,2.554290771484375
205.30000000000001,7.519500732421875,2.3856582641601562
205.40000000000001,7.3227691650390625,2.1914825439453125
205.5,7.1847991943359375,2.0969467163085938
205.59999999999999,7.1566925048828125,2.0892791748046875
205.69999999999999,7.355987548828125,2.2195892333984375
205.80000000000001,7.9308624267578125,2.6437149047851562
205.90000000000001,8.6130447387695312,3.2237014770507812
206,9.1598129272460938,3.8394546508789062
206.09999999999999,9.6299362182617188,4.5931777954101562
206.19999999999999,10.110275268554688,5.5870742797851562
206.30000000000001,10.718360900878906,6.7061691284179688
206.40000000000001,11.362220764160156,7.6361846923828125
206.5,11.840011596679688,8.4077987670898438
206.59999999999999,12.062294006347656,9.0005569458007812
206.69999999999999,12.131278991699219,8.8779144287109375
206.80000000000001,12.113395690917969,8.0041046142578125
206.90000000000001,11.832344055175781,6.8799057006835938
207,11.303459167480469,5.8093643188476562
207.09999999999999,10.784797668457031,4.9406585693359375
207.19999999999999,10.352996826171875,4.3044662475585938
207.30000000000001,9.857330322265625,3.7244796752929688
207.40000000000001,9.3437728881835938,3.2211456298828125
207.5,8.9528579711914062,2.9119873046875
207.59999999999999,8.6411514282226562,2.7152557373046875
207.69999999999999,8.3984222412109375,2.5619583129882812
207.80000000000001,8.2578964233398438,2.4674224853515625
207.90000000000001,8.2400131225585938,2.4393157958984375
208,8.3984222412109375,2.5236282348632812
208.09999999999999,8.8481063842773438,2.7893524169921875
208.19999999999999,9.425537109375,3.0755081176757812
208.30000000000001,10.023406982421875,3.3872222900390625
208.40000000000001,10.595726013183594,3.877777099609375
208.5,11.093948364257812,4.4475479125976562
208.59999999999999,11.561515808105469,5.019866943359375
208.69999999999999,11.977981567382812,5.5513076782226562
208.80000000000001,12.333122253417969,6.0393142700195312
208.90000000000001,12.540077209472656,6.4404449462890625
209,12.379112243652344,6.4941024780273438
209.09999999999999,11.809349060058594,5.9984283447265625
209.19999999999999,11.145050048828125,5.313690185546875
