Datensatz 1:Zeit(s),Datensatz 1:Force 1(N),Datensatz 1:Respiration Rate 1(bpm),Datensatz 1:Force 2(N),Datensatz 1:Respiration Rate 2(bpm)
0,9.73724365234375,8.0789947509765625,23.221683502197266,9.5238094329833984
0.10000000000000001,10.984085083007812,,28.520755767822266,
0.20000000000000001,12.121055603027344,,34.116203308105469,
0.29999999999999999,12.626945495605469,,34.394699096679688,
0.40000000000000002,12.764915466308594,,34.031890869140625,
0.5,12.892669677734375,,33.6358642578125,
0.59999999999999998,12.593734741210938,,33.129974365234375,
0.69999999999999996,11.753135681152344,,31.607192993164062,
0.80000000000000004,10.810340881347656,,29.333244323730469,
0.90000000000000002,10.089836120605469,,27.0133056640625,
1,9.66314697265625,,24.775123596191406,
1.1000000000000001,9.3386611938476562,,22.828216552734375,
1.2,9.1547012329101562,,21.481731414794922,
1.3,9.157257080078125,,20.515941619873047,
1.3999999999999999,9.1444854736328125,,19.749439239501953,
1.5,9.0576171875,,19.131130218505859,
1.6000000000000001,8.909423828125,,18.6610107421875,
1.7,8.7510147094726562,,18.254764556884766,
1.8,8.6283721923828125,,17.710548400878906,
1.8999999999999999,8.4725189208984375,,17.163780212402344,
2,8.3652114868164062,,16.857177734375,
2.1000000000000001,8.4571914672851562,,16.683441162109375,
2.2000000000000002,8.5849380493164062,,16.601676940917969,
2.2999999999999998,8.5951614379882812,,16.530143737792969,
2.3999999999999999,8.5466156005859375,,16.407501220703125,
2.5,8.4393081665039062,,16.415168762207031,
2.6000000000000001,8.2962265014648438,,16.588905334472656,
2.7000000000000002,8.2042465209960938,,16.780532836914062,
2.7999999999999998,8.1429214477539062,,16.898063659667969,
2.8999999999999999,8.1684722900390625,,17.112678527832031,
3,8.3728713989257812,,17.866405487060547,
3.1000000000000001,8.6232681274414062,,19.409626007080078,
3.2000000000000002,8.881317138671875,,21.43829345703125,
3.2999999999999998,9.1521530151367188,,24.289676666259766,
3.3999999999999999,9.4459762573242188,,28.037860870361328,
3.5,9.839447021484375,,30.889240264892578,
3.6000000000000001,10.115386962890625,,31.395130157470703,
3.7000000000000002,9.9748611450195312,,30.227493286132812,
3.7999999999999998,9.6886978149414062,,28.745594024658203,
3.8999999999999999,9.6043853759765625,,27.498756408691406,
4,9.5686111450195312,,26.66326904296875,
4.0999999999999996,9.4919662475585938,,26.193149566650391,
4.2000000000000002,9.415313720703125,,25.873775482177734,
4.2999999999999998,9.29522705078125,,25.710254669189453,
4.4000000000000004,9.1419296264648438,,25.587615966796875,
4.5,9.0065155029296875,,25.270793914794922,
4.5999999999999996,8.8685455322265625,,24.953975677490234,
4.7000000000000002,8.845550537109375,,24.757240295410156,
4.7999999999999998,8.9758529663085938,,24.460861206054688,
4.9000000000000004,9.0320663452148438,,24.110824584960938,
5,8.9298629760742188,,23.722465515136719,
5.0999999999999996,8.7970046997070312,,23.288116455078125,
5.2000000000000002,8.6385955810546875,,22.976406097412109,
5.2999999999999998,8.4852981567382812,,22.575271606445312,
5.4000000000000004,8.3907623291015625,,21.785774230957031,
5.5,8.2476806640625,,20.991168975830078,
5.5999999999999996,8.1710281372070312,,20.459728240966797,
5.7000000000000002,8.2527923583984375,,19.956394195556641,
5.7999999999999998,8.1761398315429688,,19.527156829833984,
5.9000000000000004,7.9129714965820312,,19.189895629882812,
6,7.7545623779296875,,18.811756134033203,
6.0999999999999996,7.6983566284179688,,18.484714508056641,
6.2000000000000002,7.6217041015625,,18.165340423583984,
6.2999999999999998,7.5501632690429688,,17.715660095214844,
6.4000000000000004,7.4632949829101562,,17.309413909912109,
6.5,7.3968658447265625,,17.107566833496094,
6.5999999999999996,7.501617431640625,,16.941497802734375,
6.7000000000000002,7.6523666381835938,,16.80352783203125,
6.7999999999999998,7.6702499389648438,,16.708992004394531,
6.9000000000000004,7.6140365600585938,,16.601676940917969,
7,7.5501632690429688,,16.550582885742188,
7.0999999999999996,7.483734130859375,,16.499481201171875,
7.2000000000000002,7.4428558349609375,,16.315521240234375,
7.2999999999999998,7.4070816040039062,,15.858177185058594,
7.4000000000000004,7.3610916137695312,,15.155548095703125,
7.5,7.3994216918945312,,14.4656982421875,
7.5999999999999996,7.4965057373046875,,13.89593505859375,
7.7000000000000002,7.49395751953125,,13.579116821289062,
7.7999999999999998,7.4300765991210938,,13.719642639160156,
7.9000000000000004,7.4351882934570312,,14.294517517089844,
8,7.5246124267578125,,15.206649780273438,
8.0999999999999996,7.7366790771484375,,16.233757019042969,
8.1999999999999993,8.0483856201171875,,17.092239379882812,
8.3000000000000007,8.4112014770507812,,17.835746765136719,
8.4000000000000004,8.8072280883789062,,18.602245330810547,
8.5,9.2747879028320312,,19.179676055908203,
8.5999999999999996,9.5583953857421875,,19.422401428222656,
8.6999999999999993,9.6299362182617188,,19.269100189208984,
8.8000000000000007,9.7193603515625,,18.883296966552734,
8.9000000000000004,9.7602386474609375,,18.745326995849609,
9,9.6350479125976562,,18.911399841308594,
9.0999999999999996,9.7040328979492188,,19.0289306640625,
9.1999999999999993,9.8266677856445312,,18.857746124267578,
9.3000000000000007,9.8343353271484375,,18.589469909667969,
9.4000000000000004,9.9799728393554688,,18.328861236572266,
9.5,10.478195190429688,,17.976268768310547,
9.5999999999999996,10.978973388671875,,17.907283782958984,
9.6999999999999993,11.469535827636719,,18.264984130859375,
9.8000000000000007,11.970314025878906,,18.459163665771484,
9.9000000000000004,11.90899658203125,,17.861293792724609,
10,11.656051635742188,4.3668122291564941,16.731986999511719,14.469453811645508
10.1,11.518081665039062,,15.896499633789062,
10.199999999999999,11.487419128417969,,15.408493041992188,
10.300000000000001,11.446540832519531,,14.746749877929688,
10.4,11.367332458496094,,13.929153442382812,
10.5,11.346893310546875,,13.397712707519531,
10.6,10.552291870117188,,12.661872863769531,
10.699999999999999,9.4280929565429688,,11.596435546875,
10.800000000000001,9.1163787841796875,,10.743064880371094,
10.9,9.0525054931640625,,10.127311706542969,
11,9.1342620849609375,,10.101760864257812,
11.1,10.432205200195312,,11.105873107910156,
11.199999999999999,11.293235778808594,,12.07421875,
11.300000000000001,10.411766052246094,,11.938804626464844,
11.4,9.7525711059570312,,11.305168151855469,
11.5,9.6963653564453125,,10.313827514648438,
11.6,9.709136962890625,,9.18707275390625,
11.699999999999999,9.9084320068359375,,8.3975753784179688,
11.800000000000001,10.276351928710938,,7.9708938598632812,
11.9,10.483306884765625,,8.458892822265625,
12,10.999412536621094,,9.9714584350585938,
12.1,12.9207763671875,,11.335823059082031,
12.199999999999999,14.946891784667969,,12.209632873535156,
12.300000000000001,16.040428161621094,,11.74462890625,
12.4,16.510547637939453,,10.814605712890625,
12.5,16.428787231445312,,12.4063720703125,
12.6,16.502883911132812,,14.427375793457031,
12.699999999999999,16.311260223388672,,14.912826538085938,
12.800000000000001,16.482444763183594,,14.869392395019531,
12.9,18.104869842529297,,14.440147399902344,
13,18.919914245605469,,13.571449279785156,
13.1,18.373142242431641,,12.771736145019531,
13.199999999999999,17.954124450683594,,12.311836242675781,
13.300000000000001,17.951568603515625,,12.437026977539062,
13.4,18.45745849609375,,12.697639465332031,
13.5,18.536663055419922,,12.375709533691406,
13.6,18.465122222900391,,12.058891296386719,
13.699999999999999,18.554550170898438,,11.667976379394531,
13.800000000000001,17.90557861328125,,11.1544189453125,
13.9,16.842700958251953,,11.077774047851562,
14,15.815589904785156,,11.489128112792969,
14.1,14.016868591308594,,11.215744018554688,
14.199999999999999,11.811904907226562,,10.157974243164062,
14.300000000000001,10.669822692871094,,9.7134017944335938,
14.4,10.843559265136719,,10.232063293457031,
14.5,11.367332458496094,,10.939804077148438,
14.6,11.579399108886719,,11.374153137207031,
14.699999999999999,12.578407287597656,,12.472801208496094,
14.800000000000001,14.170166015625,,14.166763305664062,
14.9,15.077194213867188,,15.107002258300781,
15,15.171730041503906,,14.887275695800781,
15.1,14.430778503417969,,13.737525939941406,
15.199999999999999,13.513534545898438,,12.339942932128906,
15.300000000000001,13.45477294921875,,11.517227172851562,
15.4,13.544197082519531,,11.287277221679688,
15.5,13.176277160644531,,11.031784057617188,
15.6,12.874786376953125,,10.789054870605469,
15.699999999999999,13.799697875976562,,11.662864685058594,
15.800000000000001,15.519210815429688,,13.579116821289062,
15.9,16.063423156738281,,14.989479064941406,
16,15.585639953613281,,15.715095520019531,
16.100000000000001,15.023536682128906,,16.108566284179688,
16.199999999999999,14.545753479003906,,15.932273864746094,
16.300000000000001,15.118072509765625,,15.518363952636719,
16.399999999999999,17.435459136962891,,16.292526245117188,
16.5,18.843265533447266,,17.559806823730469,
16.600000000000001,17.974563598632812,,18.178115844726562,
16.699999999999999,16.334255218505859,,18.093799591064453,
16.800000000000001,14.696502685546875,,16.670661926269531,
16.899999999999999,13.462432861328125,,14.63177490234375,
17,12.468536376953125,,12.776847839355469,
17.100000000000001,11.661155700683594,,11.351158142089844,
17.199999999999999,11.604949951171875,,10.4185791015625,
17.300000000000001,12.090400695800781,,9.9484634399414062,
17.399999999999999,12.414886474609375,,9.70062255859375,
17.5,12.223258972167969,,9.4834518432617188,
17.600000000000001,11.960090637207031,,9.3556976318359375,
17.699999999999999,11.860450744628906,,9.3224868774414062,
17.800000000000001,11.569175720214844,,9.3301467895507812,
17.899999999999999,11.518081665039062,,9.4221267700195312,
18,11.840011596679688,,9.325042724609375,
18.100000000000001,11.865562438964844,,8.9468994140625,
18.199999999999999,11.622833251953125,,8.56109619140625,
18.300000000000001,11.482307434082031,,8.0986404418945312,
18.399999999999999,11.415878295898438,,7.6336288452148438,
18.5,11.627944946289062,,7.6642913818359375,
18.600000000000001,12.379112243652344,,8.2698287963867188,
18.699999999999999,12.923332214355469,,8.9239044189453125,
18.800000000000001,12.657608032226562,,9.2586135864257812,
18.899999999999999,12.230926513671875,,9.325042724609375,
19,11.965202331542969,,9.2279510498046875,
19.100000000000001,11.776130676269531,,8.9520111083984375,
19.199999999999999,11.691818237304688,,8.6939544677734375,
19.300000000000001,11.691818237304688,,8.6402969360351562,
19.399999999999999,11.855339050292969,,8.7399444580078125,
19.5,12.419990539550781,,8.8804702758789062,
19.600000000000001,13.283584594726562,,9.1640777587890625,
19.699999999999999,13.337242126464844,,9.1385269165039062,
19.800000000000001,12.557960510253906,,8.6377487182617188,
19.899999999999999,11.914100646972656,,8.2136154174804688,
20,11.691818237304688,7.4906368255615234,7.9785537719726562,9.6463022232055664
20.100000000000001,11.995864868164062,,8.2647171020507812,
20.199999999999999,12.264137268066406,,8.5483169555664062,
20.300000000000001,12.159385681152344,,8.0194320678710938,
20.399999999999999,11.72503662109375,,7.3423614501953125,
20.5,11.219146728515625,,7.01531982421875,
20.600000000000001,10.922767639160156,,7.0229873657226562,
20.699999999999999,10.680038452148438,,7.181396484375,
20.800000000000001,10.396430969238281,,7.071533203125,
20.899999999999999,9.9978561401367188,,6.7521591186523438,
21,9.9518661499023438,,6.6039657592773438,
21.100000000000001,10.411766052246094,,6.8492431640625,
21.199999999999999,10.800125122070312,,7.2835922241210938,
21.300000000000001,11.091392517089844,,7.7715988159179688,
21.399999999999999,11.403106689453125,,8.4614486694335938,
21.5,11.689262390136719,,9.1461868286132812,
21.600000000000001,11.888557434082031,,9.5192184448242188,
21.699999999999999,11.722480773925781,,9.4911117553710938,
21.800000000000001,11.247245788574219,,9.0337677001953125,
21.899999999999999,11.014747619628906,,8.366912841796875,
22,11.065841674804688,,7.907012939453125,
22.100000000000001,11.111831665039062,,7.7869338989257812,
22.199999999999999,11.13482666015625,,7.7434921264648438,
22.300000000000001,10.996856689453125,,7.5058822631835938,
22.399999999999999,10.506301879882812,,7.08941650390625,
22.5,9.8803253173828125,,6.6831741333007812,
22.600000000000001,9.4587478637695312,,6.4225616455078125,
22.699999999999999,9.38720703125,,6.335693359375,
22.800000000000001,9.47918701171875,,6.2743682861328125,
22.899999999999999,9.3999862670898438,,6.1900558471679688,
23,9.1751480102539062,,6.105743408203125,
23.100000000000001,8.955413818359375,,6.0112075805664062,
23.199999999999999,8.8557662963867188,,5.87579345703125,
23.300000000000001,8.7101364135742188,,5.6560592651367188,
23.399999999999999,8.4878463745117188,,5.4567718505859375,
23.5,8.5261764526367188,,5.3801193237304688,
23.600000000000001,8.7484588623046875,,5.3903427124023438,
23.699999999999999,8.8685455322265625,,5.4542160034179688,
23.800000000000001,8.8992080688476562,,5.5027618408203125,
23.899999999999999,8.8583221435546875,,5.5232009887695312,
24,8.7918930053710938,,5.4899826049804688,
24.100000000000001,8.70758056640625,,5.3264694213867188,
24.199999999999999,8.5798263549804688,,5.193603515625,
24.300000000000001,8.6462631225585938,,5.2140426635742188,
24.399999999999999,8.9809646606445312,,5.3622360229492188,
24.5,9.397430419921875,,5.5564193725585938,
24.600000000000001,9.84710693359375,,5.709716796875,
24.699999999999999,10.25335693359375,,5.865570068359375,
24.800000000000001,10.672370910644531,,6.0801925659179688,
24.899999999999999,11.17315673828125,,6.3765716552734375,
25,11.638160705566406,,6.9821090698242188,
25.100000000000001,13.099624633789062,,8.3873519897460938,
25.199999999999999,15.483436584472656,,10.462013244628906,
25.300000000000001,17.039432525634766,,11.98223876953125,
25.399999999999999,17.713954925537109,,12.196861267089844,
25.5,17.218284606933594,,12.848388671875,
25.600000000000001,16.091529846191406,,14.813179016113281,
25.699999999999999,16.127300262451172,,16.310409545898438,
25.800000000000001,18.020553588867188,,16.770309448242188,
25.899999999999999,21.020122528076172,,17.311969757080078,
26,22.149433135986328,,17.074356079101562,
26.100000000000001,20.790172576904297,,14.958816528320312,
26.199999999999999,18.789608001708984,,12.585220336914062,
26.300000000000001,16.188617706298828,,10.520782470703125,
26.399999999999999,14.351577758789062,,8.7603836059570312,
26.5,13.730712890625,,8.1063079833984375,
26.600000000000001,12.803245544433594,,8.6939544677734375,
26.699999999999999,11.934547424316406,,9.4911117553710938,
26.800000000000001,11.045402526855469,,9.4476776123046875,
26.899999999999999,10.902320861816406,,8.7680511474609375,
27,12.637168884277344,,8.2238388061523438,
27.100000000000001,15.462997436523438,,8.8395919799804688,
27.199999999999999,16.045539855957031,,10.249954223632812,
27.300000000000001,13.528861999511719,,11.903038024902344,
27.399999999999999,10.958534240722656,,14.7237548828125,
27.5,10.493522644042969,,17.595573425292969,
27.600000000000001,11.704597473144531,,18.139789581298828,
27.699999999999999,13.132843017578125,,15.55157470703125,
27.800000000000001,13.334686279296875,,11.706298828125,
27.899999999999999,12.284576416015625,,9.1078643798828125,
28,11.689262390136719,,7.8329238891601562,
28.100000000000001,10.718360900878906,,6.9361190795898438,
28.199999999999999,9.6120529174804688,,6.3842391967773438,
28.300000000000001,9.3565521240234375,,6.3510208129882812,
28.399999999999999,9.4587478637695312,,6.473663330078125,
28.5,9.8496627807617188,,6.6525115966796875,
28.600000000000001,10.194587707519531,,6.8747940063476562,
28.699999999999999,10.186927795410156,,7.071533203125,
28.800000000000001,10.171592712402344,,7.1098556518554688,
28.899999999999999,10.263572692871094,,7.1584014892578125,
29,10.330001831054688,,7.2069473266601562,
29.100000000000001,10.299346923828125,,7.025543212890625,
29.199999999999999,9.8982086181640625,,6.7725982666015625,
29.300000000000001,9.4229812622070312,,6.6397323608398438,
29.399999999999999,9.14959716796875,,6.6627273559570312,
29.5,8.9170913696289062,,6.6729507446289062,
29.600000000000001,8.7918930053710938,,6.5911941528320312,
29.699999999999999,8.9707412719726562,,6.693389892578125,
29.800000000000001,9.4025421142578125,,6.9131240844726562,
29.899999999999999,10.008071899414062,,7.025543212890625,
30,10.577842712402344,16.925247192382812,7.2376022338867188,18.292682647705078
30.100000000000001,10.843559265136719,,7.485443115234375,
30.199999999999999,10.98919677734375,,7.6923980712890625,
30.300000000000001,10.927871704101562,,7.6898422241210938,
30.399999999999999,10.4552001953125,,7.2222747802734375,
30.5,9.7909011840820312,,6.6780624389648438,
30.600000000000001,9.3667678833007812,,6.3944549560546875,
30.699999999999999,9.2390213012695312,,6.2079391479492188,
30.800000000000001,9.0857162475585938,,6.0546417236328125,
30.899999999999999,8.8532180786132812,,5.9677734375,
31,8.6641464233398438,,5.9319992065429688,
31.100000000000001,8.5185089111328125,,5.9984283447265625,
31.199999999999999,8.275787353515625,,5.8246917724609375,
31.300000000000001,7.8388824462890625,,5.2549285888671875,
31.399999999999999,7.5092849731445312,,4.7311477661132812,
31.5,7.4173049926757812,,4.3785629272460938,
31.600000000000001,7.4019775390625,,4.2073745727539062,
31.699999999999999,7.6165924072265625,,4.3249053955078125,
31.800000000000001,7.9691848754882812,,4.5522994995117188,
31.899999999999999,7.9819564819335938,,4.6008453369140625,
32,7.723907470703125,,4.4271087646484375,
32.100000000000001,7.7162399291992188,,4.2993545532226562,
32.200000000000003,8.0330581665039062,,4.4833145141601562,
32.299999999999997,8.4469680786132812,,4.80780029296875,
32.399999999999999,8.7050247192382812,,5.0965194702148438,
32.5,8.8021163940429688,,5.46954345703125,
32.600000000000001,8.9349746704101562,,5.929443359375,
32.700000000000003,9.157257080078125,,6.4685516357421875,
32.799999999999997,9.489410400390625,,7.12518310546875,
32.899999999999999,9.9339828491210938,,7.7307205200195312,
33,10.184371948242188,,8.2085037231445312,
33.100000000000001,10.314674377441406,,8.7987136840820312,
33.200000000000003,10.754135131835938,,9.7082901000976562,
33.299999999999997,11.387771606445312,,11.041999816894531,
33.399999999999999,12.115951538085938,,12.881599426269531,
33.5,12.803245544433594,,15.219429016113281,
33.600000000000001,13.022972106933594,,17.368179321289062,
33.700000000000003,12.818572998046875,,18.507709503173828,
33.799999999999997,12.402107238769531,,18.998271942138672,
33.899999999999999,12.087844848632812,,19.734111785888672,
34,12.11083984375,,20.968173980712891,
34.100000000000001,11.712257385253906,,21.566043853759766,
34.200000000000003,10.708145141601562,,20.413738250732422,
34.299999999999997,9.8241119384765625,,18.155120849609375,
34.399999999999999,9.2058029174804688,,15.778968811035156,
34.5,8.7918930053710938,,13.499908447265625,
34.600000000000001,8.5644989013671875,,11.46868896484375,
34.700000000000003,8.4827423095703125,,9.92291259765625,
34.799999999999997,8.5159530639648438,,8.6965103149414062,
34.899999999999999,8.5210647583007812,,7.4879989624023438,
35,8.33966064453125,,6.2718124389648438,
35.100000000000001,8.0023956298828125,,5.2702560424804688,
35.200000000000003,7.67791748046875,,4.6468353271484375,
35.299999999999997,7.4990615844726562,,4.2022628784179688,
35.399999999999999,7.3943099975585938,,3.8113479614257812,
35.5,7.2129058837890625,,3.6095046997070312,
35.600000000000001,7.1311416625976562,,3.5532989501953125,
35.700000000000003,7.1566925048828125,,3.5251922607421875,
35.799999999999997,7.1285858154296875,,3.5073089599609375,
35.899999999999999,7.0723800659179688,,3.474090576171875,
36,6.9906158447265625,,3.44598388671875,
36.100000000000001,6.921630859375,,3.4076614379882812,
36.200000000000003,6.913970947265625,,3.3386764526367188,
36.299999999999997,6.9804000854492188,,3.4153289794921875,
36.399999999999999,7.2767791748046875,,3.6733779907226562,
36.5,7.7903366088867188,,3.9850921630859375,
36.600000000000001,8.2221298217773438,,4.3913345336914062,
36.700000000000003,8.54150390625,,4.88189697265625,
36.799999999999997,8.881317138671875,,5.387786865234375,
36.899999999999999,9.2645721435546875,,5.8451309204101562,
37,9.7270278930664062,,6.1312942504882812,
37.100000000000001,10.097496032714844,,6.343353271484375,
37.200000000000003,10.493522644042969,,6.6703948974609375,
37.299999999999997,11.058181762695312,,7.0919723510742188,
37.399999999999999,11.349449157714844,,7.5365371704101562,
37.5,11.032630920410156,,7.779266357421875,
37.600000000000001,10.255912780761719,,7.7000579833984375,
37.700000000000003,9.4689712524414062,,7.38323974609375,
37.799999999999997,8.9400863647460938,,6.8569107055664062,
37.899999999999999,8.4929580688476562,,6.3765716552734375,
38,8.219573974609375,,6.1798324584960938,
38.100000000000001,8.1327056884765625,,5.9038925170898438,
38.200000000000003,7.8363265991210938,,5.3213577270507812,
38.299999999999997,7.7698974609375,,4.973876953125,
38.399999999999999,7.8261032104492188,,4.8665695190429688,
38.5,7.4965057373046875,,4.559967041015625,
38.600000000000001,7.2001266479492188,,4.174163818359375,
38.700000000000003,7.0212783813476562,,3.8956680297851562,
38.799999999999997,6.8986358642578125,,3.7653579711914062,
38.899999999999999,6.9701766967773438,,3.7091522216796875,
39,7.0442733764648438,,3.6606063842773438,
39.100000000000001,6.9931716918945312,,3.640167236328125,
39.200000000000003,6.9599609375,,3.70404052734375,
39.299999999999997,7.05194091796875,,3.916107177734375,
39.399999999999999,7.281890869140625,,4.22015380859375,
39.5,7.501617431640625,,4.5190887451171875,
39.600000000000001,7.7111282348632812,,4.8844528198242188,
39.700000000000003,8.183807373046875,,5.3520126342773438,
39.799999999999997,8.8685455322265625,,5.8783493041992188,
39.899999999999999,9.4408645629882812,,6.4711074829101562,
40,9.8879928588867188,16.925247192382812,7.12518310546875,12.468828201293945
40.100000000000001,10.301902770996094,,7.8099288940429688,
40.200000000000003,10.651931762695312,,8.3796920776367188,
40.299999999999997,10.700477600097656,,8.56109619140625,
40.399999999999999,10.143486022949219,,8.3464736938476562,
40.5,9.3769912719726562,,7.9606704711914062,
40.600000000000001,8.9503021240234375,,7.49310302734375,
40.700000000000003,8.6922531127929688,,7.0970840454101562,
40.799999999999997,8.385650634765625,,6.8339157104492188,
40.899999999999999,8.04583740234375,,6.6090774536132812,
41,7.7520065307617188,,6.3867874145507812,
41.100000000000001,7.5373916625976562,,6.1134033203125,
41.200000000000003,7.2844467163085938,,5.847686767578125,
41.299999999999997,7.1541366577148438,,5.7173843383789062,
41.399999999999999,7.225677490234375,,5.5691909790039062,
41.5,7.2282333374023438,,5.2625885009765625,
41.600000000000001,7.1745758056640625,,4.9943161010742188,
41.700000000000003,7.1055908203125,,4.7848052978515625,
41.799999999999997,6.9241867065429688,,4.5293045043945312,
41.899999999999999,6.701904296875,,4.192047119140625,
42,6.5230560302734375,,3.88800048828125,
42.100000000000001,6.471954345703125,,3.7551422119140625,
42.200000000000003,6.5945968627929688,,3.7449188232421875,
42.299999999999997,6.8807525634765625,,3.9109954833984375,
42.399999999999999,7.225677490234375,,4.3223495483398438,
42.5,7.5680465698242188,,4.7848052978515625,
42.600000000000001,7.9691848754882812,,5.203826904296875,
42.700000000000003,8.477630615234375,,5.607513427734375,
42.799999999999997,9.1138229370117188,,5.9166717529296875,
42.899999999999999,9.5916061401367188,,6.1210708618164062,
43,9.9978561401367188,,6.3867874145507812,
43.100000000000001,10.628936767578125,,6.767486572265625,
43.200000000000003,11.091392517089844,,7.1456222534179688,
43.299999999999997,11.001968383789062,,7.4062347412109375,
43.399999999999999,10.340225219726562,,7.4650039672851562,
43.5,9.4664154052734375,,7.291259765625,
43.600000000000001,8.8046722412109375,,6.8262481689453125,
43.700000000000003,8.4546356201171875,,6.2692642211914062,
43.799999999999997,8.8251113891601562,,5.9013442993164062,
43.899999999999999,9.4689712524414062,,5.5410842895507812,
44,9.7397994995117188,,5.2242660522460938,
44.100000000000001,9.18536376953125,,4.8026885986328125,
44.200000000000003,8.1684722900390625,,4.2993545532226562,
44.299999999999997,7.667694091796875,,4.0310821533203125,
44.399999999999999,7.8465423583984375,,3.842010498046875,
44.5,8.183807373046875,,3.6171722412109375,
44.600000000000001,7.9691848754882812,,3.3795547485351562,
44.700000000000003,7.6268157958984375,,3.2518081665039062,
44.799999999999997,7.5987091064453125,,3.2288131713867188,
44.899999999999999,7.6549224853515625,,3.2390289306640625,
45,7.7520065307617188,,3.2185897827148438,
45.100000000000001,7.999847412109375,,3.0525131225585938,
45.200000000000003,8.0151748657226562,,2.9017715454101562,
45.299999999999997,7.7111282348632812,,3.0627365112304688,
45.399999999999999,7.60382080078125,,3.474090576171875,
45.5,7.7290115356445312,,3.92376708984375,
45.600000000000001,8.1148223876953125,,4.3964462280273438,
45.700000000000003,8.8251113891601562,,4.9381027221679688,
45.799999999999997,9.4945220947265625,,5.5180892944335938,
45.899999999999999,10.061729431152344,,6.07763671875,
46,10.542068481445312,,6.61163330078125,
46.100000000000001,10.912544250488281,,7.1072998046875,
46.200000000000003,11.219146728515625,,7.401123046875,
46.299999999999997,11.0811767578125,,7.4598922729492188,
46.399999999999999,10.406654357910156,,7.3653564453125,
46.5,9.7781219482421875,,7.1124114990234375,
46.600000000000001,9.4408645629882812,,6.7342681884765625,
46.700000000000003,9.1087112426757812,,6.3637924194335938,
46.799999999999997,8.7637863159179688,,6.07763671875,
46.899999999999999,8.513397216796875,,5.8732376098632812,
47,8.293670654296875,,5.6790542602539062,
47.100000000000001,8.0790481567382812,,5.3852310180664062,
47.200000000000003,7.86187744140625,,5.111846923828125,
47.299999999999997,7.8184356689453125,,4.9610977172851562,
47.399999999999999,7.9564056396484375,,4.8870086669921875,
47.5,8.0100631713867188,,4.8742294311523438,
47.600000000000001,7.9410781860351562,,4.8921127319335938,
47.700000000000003,7.8031082153320312,,4.9151077270507812,
47.799999999999997,7.649810791015625,,4.871673583984375,
47.899999999999999,7.5424957275390625,,4.6723861694335938,
48,7.373870849609375,,4.4194412231445312,
48.100000000000001,7.2614517211914062,,4.2584762573242188,
48.200000000000003,7.3789825439453125,,4.1792678833007812,
48.299999999999997,7.4709625244140625,,4.1383895874023438,
48.399999999999999,7.437744140625,,4.1153945922851562,
48.5,7.3585357666015625,,4.08984375,
48.600000000000001,7.2410125732421875,,4.0515213012695312,
48.700000000000003,7.1669158935546875,,3.9723129272460938,
48.799999999999997,7.12603759765625,,3.8675613403320312,
48.899999999999999,7.1413650512695312,,3.8803329467773438,
49,7.4326324462890625,,4.082183837890625,
49.100000000000001,7.9513015747070312,,4.3990020751953125,
49.200000000000003,8.4878463745117188,,4.7745819091796875,
49.299999999999997,9.0627212524414062,,5.1910476684570312,
49.399999999999999,9.6324920654296875,,5.6432876586914062,
49.5,10.130714416503906,,6.0750808715820312,
49.600000000000001,10.62127685546875,,6.35357666015625,
49.700000000000003,10.999412536621094,,6.5170974731445312,
49.799999999999997,11.272796630859375,,6.7419357299804688,
49.899999999999999,11.48486328125,,7.0076522827148438,
50,11.147605895996094,51.724140167236328,7.1200790405273438,14.74201488494873
50.100000000000001,10.317230224609375,,6.9540023803710938,
50.200000000000003,9.5788345336914062,,6.6269607543945312,
50.299999999999997,9.00140380859375,,6.3203582763671875,
50.399999999999999,8.5312881469726562,,6.0623092651367188,
50.5,8.1761398315429688,,5.7454833984375,
50.600000000000001,7.78778076171875,,5.3928985595703125,
50.700000000000003,7.4735107421875,,5.1961593627929688,
50.799999999999997,7.4351882934570312,,5.1425094604492188,
50.899999999999999,7.4607391357421875,,5.1629486083984375,
51,7.4045257568359375,,5.1961593627929688,
51.100000000000001,7.3380966186523438,,5.1603927612304688,
51.200000000000003,7.2588958740234375,,5.0862960815429688,
51.299999999999997,7.16180419921875,,4.99176025390625,
51.399999999999999,7.0928192138671875,,4.7950286865234375,
51.5,6.9804000854492188,,4.5727386474609375,
51.600000000000001,6.9446258544921875,,4.4654312133789062,
51.700000000000003,7.05194091796875,,4.3606719970703125,
51.799999999999997,7.0672683715820312,,4.3121337890625,
51.899999999999999,7.151580810546875,,4.4628753662109375,
52,7.4224166870117188,,4.7183761596679688,
52.100000000000001,7.741790771484375,,5.1322860717773438,
52.200000000000003,8.04583740234375,,5.5410842895507812,
52.299999999999997,8.37542724609375,,5.7991409301757812,
52.399999999999999,8.799560546875,,6.1951675415039062,
52.5,9.4050979614257812,,6.767486572265625,
52.600000000000001,10.174148559570312,,7.3295822143554688,
52.700000000000003,10.830787658691406,,7.907012939453125,
52.799999999999997,11.285575866699219,,8.5457687377929688,
52.899999999999999,11.581954956054688,,9.1359710693359375,
53,11.469535827636719,,9.5217742919921875,
53.100000000000001,10.746467590332031,,9.4579010009765625,
53.200000000000003,9.8087844848632812,,8.8702468872070312,
53.299999999999997,8.9886322021484375,,8.1676254272460938,
53.399999999999999,8.403533935546875,,7.7077255249023438,
53.5,8.1710281372070312,,7.411346435546875,
53.600000000000001,8.1684722900390625,,7.1737289428710938,
53.700000000000003,8.15570068359375,,6.9718856811523438,
53.799999999999997,8.035614013671875,,6.7087173461914062,
53.899999999999999,7.8746490478515625,,6.4200057983398438,
54,7.7213516235351562,,6.1159591674804688,
54.100000000000001,7.5271682739257812,,5.7046051025390625,
54.200000000000003,7.3048858642578125,,5.3341293334960938,
54.299999999999997,7.2410125732421875,,5.1195144653320312,
54.399999999999999,7.3253250122070312,,4.9610977172851562,
54.5,7.3151016235351562,,4.8052444458007812,
54.600000000000001,7.41986083984375,,4.6570587158203125,
54.700000000000003,7.8261032104492188,,4.457763671875,
54.799999999999997,7.925750732421875,,4.25592041015625,
54.899999999999999,7.4990615844726562,,4.1511688232421875,
55,7.0468292236328125,,4.0464096069335938,
55.100000000000001,6.75811767578125,,3.9135513305664062,
55.200000000000003,6.701904296875,,3.8496780395507812,
55.299999999999997,6.8168792724609375,,3.85223388671875,
55.399999999999999,6.9650726318359375,,3.9493179321289062,
55.5,7.2231216430664062,,4.135833740234375,
55.600000000000001,7.5731582641601562,,4.376007080078125,
55.700000000000003,7.9359664916992188,,4.6928253173828125,
55.799999999999997,8.3371047973632812,,4.9943161010742188,
55.899999999999999,8.7459030151367188,,5.2370376586914062,
56,9.1649246215820312,,5.5385284423828125,
56.100000000000001,9.7321319580078125,,5.9345550537109375,
56.200000000000003,10.3453369140625,,6.3663482666015625,
56.299999999999997,10.818008422851562,,6.7904815673828125,
56.399999999999999,11.162933349609375,,7.1941680908203125,
56.5,11.014747619628906,,7.447113037109375,
56.600000000000001,10.184371948242188,,7.3295822143554688,
56.700000000000003,9.4025421142578125,,6.8543548583984375,
56.799999999999997,8.8736572265625,,6.2411575317382812,
56.899999999999999,8.3268814086914062,,5.6483993530273438,
57,8.0279464721679688,,5.221710205078125,
57.100000000000001,7.9283065795898438,,4.9406585693359375,
57.200000000000003,7.7903366088867188,,4.69793701171875,
57.299999999999997,7.60382080078125,,4.485870361328125,
57.399999999999999,7.4224166870117188,,4.29168701171875,
57.5,7.2767791748046875,,4.1486129760742188,
57.600000000000001,7.133697509765625,,3.96209716796875,
57.700000000000003,6.9599609375,,3.7576980590820312,
57.799999999999997,6.82965087890625,,3.6503829956054688,
57.899999999999999,6.9165267944335938,,3.6095046997070312,
58,7.059600830078125,,3.6095046997070312,
58.100000000000001,7.0902633666992188,,3.6657180786132812,
58.200000000000003,7.1183700561523438,,3.8215713500976562,
58.299999999999997,7.218017578125,,4.1332778930664062,
58.399999999999999,7.4249725341796875,,4.5395278930664062,
58.5,7.7826690673828125,,4.91766357421875,
58.600000000000001,8.1505889892578125,,5.2191543579101562,
58.700000000000003,8.5823822021484375,,5.5615234375,
58.799999999999997,9.2466812133789062,,5.9779891967773438,
58.899999999999999,9.8598861694335938,,6.4583282470703125,
59,10.273796081542969,,7.0970840454101562,
59.100000000000001,10.65704345703125,,7.9249038696289062,
59.200000000000003,10.902320861816406,,8.7936019897460938,
59.299999999999997,10.519073486328125,,9.3020477294921875,
59.399999999999999,9.6401519775390625,,8.9775619506835938,
59.5,8.845550537109375,,8.0858688354492188,
59.600000000000001,8.3549880981445312,,7.3270339965820312,
59.700000000000003,8.2272415161132812,,6.8543548583984375,
59.799999999999997,8.2042465209960938,,6.5426483154296875,
59.899999999999999,8.109710693359375,,6.3229141235351562,
60,7.9845123291015625,20.703933715820312,6.1517333984375,0
60.100000000000001,7.8797607421875,,6.0290908813476562,
60.200000000000003,7.8056640625,,5.929443359375,
60.299999999999997,7.685577392578125,,5.7122726440429688,
60.399999999999999,7.4581832885742188,,5.4363327026367188,
60.5,7.34576416015625,,5.32391357421875,
60.600000000000001,7.4147491455078125,,5.2191543579101562,
60.700000000000003,7.4402999877929688,,5.0070877075195312,
60.799999999999997,7.3866424560546875,,4.8307952880859375,
60.899999999999999,7.3636474609375,,4.7107086181640625,
61,7.3406524658203125,,4.613616943359375,
61.100000000000001,7.2742233276367188,,4.521636962890625,
61.200000000000003,7.3227691650390625,,4.4092178344726562,
61.299999999999997,7.6523666381835938,,4.19970703125,
61.399999999999999,8.1045989990234375,,3.9876480102539062,
61.5,8.2246856689453125,,3.8445663452148438,
61.600000000000001,7.8082199096679688,,3.6733779907226562,
61.700000000000003,7.3713150024414062,,3.5865097045898438,
61.799999999999997,7.2231216430664062,,3.5890655517578125,
61.899999999999999,7.151580810546875,,3.6069488525390625,
62,7.08770751953125,,3.6631622314453125,
62.100000000000001,7.0570526123046875,,3.66827392578125,
62.200000000000003,7.080047607421875,,3.6324996948242188,
62.299999999999997,7.1439208984375,,3.70404052734375,
62.399999999999999,7.4428558349609375,,3.9595413208007812,
62.5,8.0841598510742188,,4.4475479125976562,
62.600000000000001,8.7970046997070312,,5.0530776977539062,
62.700000000000003,9.4613037109375,,5.6688385009765625,
62.799999999999997,9.88543701171875,,6.2283782958984375,
62.899999999999999,10.636604309082031,,7.1124114990234375,
63,11.26513671875,,8.0500946044921875,
63.100000000000001,10.874221801757812,,8.1548538208007812,
63.200000000000003,10.682594299316406,,7.7920379638671875,
63.299999999999997,10.843559265136719,,7.687286376953125,
63.399999999999999,11.093948364257812,,8.1420745849609375,
63.5,11.168045043945312,,8.3081512451171875,
63.600000000000001,10.861442565917969,,7.9376754760742188,
63.700000000000003,10.792457580566406,,8.2059478759765625,
63.799999999999997,10.897216796875,,9.0363235473632812,
63.899999999999999,10.483306884765625,,9.0082168579101562,
64,9.5890579223632812,,7.8124771118164062,
64.099999999999994,8.9349746704101562,,6.767486572265625,
64.200000000000003,8.6130447387695312,,6.2386016845703125,
64.299999999999997,8.4188613891601562,,5.737823486328125,
64.400000000000006,8.2578964233398438,,5.4133377075195312,
64.5,8.1071548461914062,,5.2472610473632812,
64.599999999999994,7.9308624267578125,,5.0581893920898438,
64.700000000000003,7.7647857666015625,,4.910003662109375,
64.799999999999997,7.667694091796875,,4.7490386962890625,
64.900000000000006,7.5782699584960938,,4.4730987548828125,
65,7.4735107421875,,4.2354812622070312,
65.099999999999994,7.5143966674804688,,4.1256179809570312,
65.200000000000003,7.6983566284179688,,4.0591888427734375,
65.299999999999997,7.8644256591796875,,4.0412979125976562,
65.400000000000006,7.8823165893554688,,4.0336380004882812,
65.5,7.78778076171875,,4.03619384765625,
65.599999999999994,7.71368408203125,,4.1894912719726562,
65.700000000000003,7.8465423583984375,,4.4526519775390625,
65.799999999999997,8.19146728515625,,4.7030487060546875,
65.900000000000006,8.6411514282226562,,5.0351943969726562,
66,9.323333740234375,,5.5334243774414062,
66.099999999999994,10.094947814941406,,6.1006317138671875,
66.200000000000003,10.672370910644531,,6.75726318359375,
66.299999999999997,11.078620910644531,,7.4139022827148438,
66.400000000000006,11.528297424316406,,8.037322998046875,
66.5,12.126167297363281,,8.8140411376953125,
66.599999999999994,12.241142272949219,,9.2764968872070312,
66.700000000000003,11.505302429199219,,9.049102783203125,
66.799999999999997,10.772018432617188,,8.6862869262695312,
66.900000000000006,10.677482604980469,,8.4921112060546875,
67,10.723472595214844,,8.2366104125976562,
67.099999999999994,10.508857727050781,,7.8227005004882812,
67.200000000000003,10.43731689453125,,7.3346939086914062,
67.299999999999997,10.54718017578125,,6.7240524291992188,
67.400000000000006,10.585502624511719,,6.09552001953125,
67.5,10.554847717285156,,5.5947418212890625,
67.599999999999994,10.330001831054688,,5.1655044555664062,
67.700000000000003,10.153709411621094,,4.8921127319335938,
67.799999999999997,10.330001831054688,,4.73370361328125,
67.900000000000006,10.54718017578125,,4.5829620361328125,
68,10.562507629394531,,4.4986419677734375,
68.099999999999994,10.427093505859375,,4.4347686767578125,
68.200000000000003,10.1971435546875,,4.3530120849609375,
68.299999999999997,9.9876327514648438,,4.2891387939453125,
68.400000000000006,9.9390869140625,,4.2329254150390625,
68.5,10.01318359375,,4.2584762573242188,
68.599999999999994,10.258460998535156,,4.47564697265625,
68.700000000000003,10.759246826171875,,4.7541427612304688,
68.799999999999997,11.326454162597656,,5.0505294799804688,
68.900000000000006,11.845115661621094,,5.4005584716796875,
69,12.27691650390625,,5.755706787109375,
69.099999999999994,12.565628051757812,,6.1082992553710938,
69.200000000000003,12.73681640625,,6.42767333984375,
69.299999999999997,12.895225524902344,,6.6780624389648438,
69.400000000000006,12.999977111816406,,6.9156723022460938,
69.5,13.0306396484375,,7.1737289428710938,
69.599999999999994,12.787910461425781,,7.3270339965820312,
69.700000000000003,12.013748168945312,,7.2784881591796875,
69.799999999999997,11.211479187011719,,7.2146072387695312,
69.900000000000006,10.782241821289062,,7.1302947998046875,
70,10.467971801757812,16.415868759155273,6.8262481689453125,18.404909133911133
70.099999999999994,10.186927795410156,,6.289703369140625,
70.200000000000003,9.9058761596679688,,5.607513427734375,
70.299999999999997,9.7883453369140625,,5.1706085205078125,
70.400000000000006,9.8982086181640625,,5.0530776977539062,
70.5,9.9697494506835938,,5.019866943359375,
70.599999999999994,9.9697494506835938,,5.0709686279296875,
70.700000000000003,10.166481018066406,,5.0709686279296875,
70.799999999999997,10.442420959472656,,4.8665695190429688,
70.900000000000006,10.278907775878906,,4.5088653564453125,
71,9.6708145141601562,,3.990203857421875,
71.099999999999994,9.1087112426757812,,3.44598388671875,
71.200000000000003,8.7612380981445312,,3.1725997924804688,
71.299999999999997,8.5363922119140625,,3.13427734375,
71.400000000000006,8.4801864624023438,,3.2185897827148438,
71.5,8.605377197265625,,3.3565597534179688,
71.599999999999994,8.7663421630859375,,3.438323974609375,
71.700000000000003,8.7663421630859375,,3.48431396484375,
71.799999999999997,8.6411514282226562,,3.5430755615234375,
71.900000000000006,8.4265289306640625,,3.566070556640625,
72,8.183807373046875,,3.5711822509765625,
72.099999999999994,8.109710693359375,,3.6554946899414062,
72.200000000000003,8.4163131713867188,,3.8343429565429688,
72.299999999999997,8.8506622314453125,,4.0566329956054688,
72.400000000000006,9.2287979125976562,,4.2789154052734375,
72.5,9.66314697265625,,4.5344161987304688,
72.599999999999994,10.071952819824219,,4.8972244262695312,
72.700000000000003,10.452644348144531,,5.295806884765625,
72.799999999999997,10.892105102539062,,5.5972976684570312,
72.900000000000006,11.142494201660156,,5.7787017822265625,
73,11.160377502441406,,5.9933242797851562,
73.099999999999994,11.114387512207031,,6.1568374633789062,
73.200000000000003,10.835891723632812,,6.1082992553710938,
73.299999999999997,10.47308349609375,,5.8553543090820312,
73.400000000000006,10.220138549804688,,5.387786865234375,
73.5,9.92120361328125,,4.8742294311523438,
73.599999999999994,9.5481719970703125,,4.4526519775390625,
73.700000000000003,9.2339096069335938,,4.0770721435546875,
73.799999999999997,8.9145355224609375,,3.7934646606445312,
73.900000000000006,8.6309280395507812,,3.6452789306640625,
74,8.5644989013671875,,3.566070556640625,
74.099999999999994,8.5491714477539062,,3.5916213989257812,
74.200000000000003,8.3243331909179688,,3.721923828125,
74.299999999999997,8.063720703125,,3.8624496459960938,
74.400000000000006,7.9410781860351562,,4.0029754638671875,
74.5,7.8567657470703125,,4.0923995971679688,
74.599999999999994,7.869537353515625,,4.1128387451171875,
74.700000000000003,7.9385223388671875,,4.1153945922851562,
74.799999999999997,8.0867156982421875,,4.2482528686523438,
74.900000000000006,8.5185089111328125,,4.5522994995117188,
75,9.1061630249023438,,4.864013671875,
75.099999999999994,9.6197128295898438,,5.1731643676757812,
75.200000000000003,10.059173583984375,,5.5257568359375,
75.299999999999997,10.465415954589844,,5.8527984619140625,
75.400000000000006,10.772018432617188,,6.1312942504882812,
75.5,10.963645935058594,,6.3152542114257812,
75.599999999999994,10.9329833984375,,6.27947998046875,
75.700000000000003,10.370887756347656,,6.0469741821289062,
75.799999999999997,9.6248245239257812,,5.80169677734375,
75.900000000000006,9.2696762084960938,,5.5743026733398438,
76,9.1317062377929688,,5.369903564453125,
76.099999999999994,8.9809646606445312,,5.1961593627929688,
76.200000000000003,8.8097763061523438,,5.001983642578125,
76.299999999999997,8.6207122802734375,,4.84356689453125,
76.400000000000006,8.4393081665039062,,4.7490386962890625,
76.5,8.283447265625,,4.613616943359375,
76.599999999999994,8.0867156982421875,,4.3964462280273438,
76.700000000000003,7.8950881958007812,,4.2354812622070312,
76.799999999999997,7.9001998901367188,,4.1588287353515625,
76.900000000000006,8.3064422607421875,,4.08984375,
77,8.753570556640625,,3.916107177734375,
77.099999999999994,8.5951614379882812,,3.6197280883789062,
77.200000000000003,8.1608123779296875,,3.41021728515625,
77.299999999999997,7.8542098999023438,,3.33612060546875,
77.400000000000006,7.6932449340820312,,3.290130615234375,
77.5,7.6549224853515625,,3.2109222412109375,
77.599999999999994,7.5501632690429688,,3.1010589599609375,
77.700000000000003,7.4811782836914062,,3.0601806640625,
77.799999999999997,7.5731582641601562,,3.0167465209960938,
77.900000000000006,7.7443466186523438,,3.04229736328125,
78,7.8261032104492188,,3.15216064453125,
78.099999999999994,7.795440673828125,,3.2211456298828125,
78.200000000000003,7.8848724365234375,,3.3488922119140625,
78.299999999999997,8.1403656005859375,,3.5584030151367188,
78.400000000000006,8.5082931518554688,,3.7628021240234375,
78.5,8.9451980590820312,,3.898223876953125,
78.599999999999994,9.4102020263671875,,4.0642929077148438,
78.700000000000003,10.025962829589844,,4.3683395385742188,
78.799999999999997,10.703033447265625,,4.7107086181640625,
78.900000000000006,11.129722595214844,,5.019866943359375,
79,11.364776611328125,,5.3264694213867188,
79.099999999999994,11.489974975585938,,5.6228485107421875,
79.200000000000003,11.119499206542969,,5.773590087890625,
79.299999999999997,10.3453369140625,,5.6688385009765625,
79.400000000000006,9.8368911743164062,,5.3801193237304688,
79.5,9.7781219482421875,,5.17572021484375,
79.599999999999994,10.375991821289062,,5.06585693359375,
79.700000000000003,11.053070068359375,,4.8103561401367188,
79.799999999999997,11.045402526855469,,4.4833145141601562,
79.900000000000006,10.378547668457031,,4.19970703125,
80,9.36932373046875,16.506189346313477,3.9263229370117188,16.470588684082031
80.099999999999994,8.6104888916015625,,3.7168121337890625,
80.200000000000003,8.173583984375,,3.6095046997070312,
80.299999999999997,7.9513015747070312,,3.5149688720703125,
80.400000000000006,7.7545623779296875,,3.3795547485351562,
80.5,7.547607421875,,3.254364013671875,
80.599999999999994,7.5603866577148438,,3.1930389404296875,
80.700000000000003,7.6983566284179688,,3.1853790283203125,
80.799999999999997,7.7366790771484375,,3.2237014770507812,
80.900000000000006,7.7392349243164062,,3.3284530639648438,
81,7.8031082153320312,,3.5226364135742188,
81.099999999999994,7.925750732421875,,3.8087921142578125,
81.200000000000003,8.1786956787109375,,4.1256179809570312,
81.299999999999997,8.6104888916015625,,4.3862228393554688,
81.400000000000006,9.1930313110351562,,4.7158203125,
81.5,9.7960128784179688,,5.129730224609375,
81.599999999999994,10.76690673828125,,5.7046051025390625,
81.700000000000003,12.167045593261719,,6.8083648681640625,
81.799999999999997,12.164497375488281,,7.7997055053710938,
81.900000000000006,11.132270812988281,,8.2008438110351562,
82,10.91510009765625,,8.6198577880859375,
82.099999999999994,10.938095092773438,,8.8038177490234375,
82.200000000000003,10.772018432617188,,8.3720245361328125,
82.299999999999997,10.432205200195312,,7.7128372192382812,
82.400000000000006,9.8241119384765625,,6.9667739868164062,
82.5,9.3821029663085938,,6.2590408325195312,
82.599999999999994,9.1240463256835938,,5.7046051025390625,
82.700000000000003,8.8889846801757812,,5.24981689453125,
82.799999999999997,8.827667236328125,,4.9687652587890625,
82.900000000000006,8.7203521728515625,,4.7490386962890625,
83,8.4852981567382812,,4.4373245239257812,
83.099999999999994,8.3038864135742188,,4.10772705078125,
83.200000000000003,8.0969314575195312,,3.8394546508789062,
83.299999999999997,7.93341064453125,,3.6478271484375,
83.400000000000006,8.053497314453125,,3.5609588623046875,
83.5,8.59771728515625,,3.5584030151367188,
83.599999999999994,9.4536361694335938,,3.4689788818359375,
83.700000000000003,9.6938095092773438,,3.3616714477539062,
83.799999999999997,9.0984954833984375,,3.35400390625,
83.900000000000006,8.4393081665039062,,3.2773590087890625,
84,8.1071548461914062,,3.1649322509765625,
84.099999999999994,7.9589614868164062,,3.0218582153320312,
84.200000000000003,7.8107757568359375,,2.8608932495117188,
84.299999999999997,7.8388824462890625,,2.8838882446289062,
84.400000000000006,7.9742965698242188,,3.0090789794921875,
84.5,7.9691848754882812,,3.106170654296875,
84.599999999999994,7.925750732421875,,3.2364730834960938,
84.700000000000003,8.11737060546875,,3.4536514282226562,
84.799999999999997,8.41375732421875,,3.6989288330078125,
84.900000000000006,8.605377197265625,,3.8445663452148438,
85,8.7459030151367188,,3.8496780395507812,
85.099999999999994,9.0703887939453125,,3.8547821044921875,
85.200000000000003,9.44342041015625,,3.73980712890625,
85.299999999999997,9.3514404296875,,3.4025497436523438,
85.400000000000006,9.1010513305664062,,3.2518081665039062,
85.5,8.8992080688476562,,3.3514480590820312,
85.599999999999994,8.513397216796875,,3.244140625,
85.700000000000003,8.2808914184570312,,3.032073974609375,
85.799999999999997,8.22979736328125,,3.0295181274414062,
85.900000000000006,8.1250381469726562,,3.049957275390625,
86,8.0586090087890625,,2.9758682250976562,
86.099999999999994,7.9513015747070312,,2.8711090087890625,
86.200000000000003,7.8082199096679688,,2.8072357177734375,
86.299999999999997,7.8184356689453125,,2.8072357177734375,
86.400000000000006,7.9589614868164062,,2.8430023193359375,
86.5,8.1199264526367188,,2.9937515258789062,
86.599999999999994,8.3549880981445312,,3.2748031616210938,
86.700000000000003,8.7177963256835938,,3.5430755615234375,
86.799999999999997,9.1521530151367188,,3.767913818359375,
86.900000000000006,9.6120529174804688,,4.008087158203125,
87,10.148597717285156,,4.1843795776367188,
87.099999999999994,10.611053466796875,,4.301910400390625,
87.200000000000003,10.981529235839844,,4.5114212036132812,
87.299999999999997,11.418434143066406,,4.7771377563476562,
87.400000000000006,11.768470764160156,,5.0249786376953125,
87.5,11.919212341308594,,5.2625885009765625,
87.599999999999994,11.681602478027344,,5.3673477172851562,
87.700000000000003,11.068397521972656,,5.24981689453125,
87.799999999999997,10.43731689453125,,5.0275344848632812,
87.900000000000006,9.9595260620117188,,4.7541427612304688,
88,9.5711669921875,,4.3811187744140625,
88.099999999999994,9.1547012329101562,,4.025970458984375,
88.200000000000003,8.8327713012695312,,3.8190155029296875,
88.299999999999997,8.7561264038085938,,3.6989288330078125,
88.400000000000006,8.7484588623046875,,3.6529388427734375,
88.5,8.689697265625,,3.6708221435546875,
88.599999999999994,8.5926055908203125,,3.658050537109375,
88.700000000000003,8.495513916015625,,3.6350555419921875,
88.799999999999997,8.4060897827148438,,3.62994384765625,
88.900000000000006,8.3141098022460938,,3.583953857421875,
89,8.1761398315429688,,3.4715347290039062,
89.099999999999994,8.017730712890625,,3.3846664428710938,
89.200000000000003,8.025390625,,3.3795547485351562,
89.299999999999997,8.1710281372070312,,3.3769989013671875,
89.400000000000006,8.2578964233398438,,3.3744430541992188,
89.5,8.2527923583984375,,3.3897781372070312,
89.599999999999994,8.2093582153320312,,3.3744430541992188,
89.700000000000003,8.2400131225585938,,3.3744430541992188,
89.799999999999997,8.3319931030273438,,3.4076614379882812,
89.900000000000006,8.3141098022460938,,3.3310089111328125,
90,8.163360595703125,14.693877220153809,3.2032623291015625,16.319129943847656
90.099999999999994,8.145477294921875,,3.2415847778320312,
90.200000000000003,8.4725189208984375,,3.3846664428710938,
90.299999999999997,8.9911880493164062,,3.5277481079101562,
90.400000000000006,9.617156982421875,,3.7449188232421875,
90.5,10.544624328613281,,4.2124862670898438,
90.599999999999994,10.700477600097656,,4.393890380859375,
90.700000000000003,10.833335876464844,,4.6723861694335938,
90.799999999999997,11.863006591796875,,5.645843505859375,
90.900000000000006,11.679046630859375,,6.1185150146484375,
91,10.892105102539062,,6.0980758666992188,
91.099999999999994,10.232917785644531,,5.8808975219726562,
91.200000000000003,9.5583953857421875,,5.3673477172851562,
91.299999999999997,9.3284454345703125,,4.9687652587890625,
91.400000000000006,9.1291580200195312,,4.6621627807617188,
91.5,8.8838729858398438,,4.3402328491210938,
91.599999999999994,8.6207122802734375,,4.0387420654296875,
91.700000000000003,8.5159530639648438,,3.9314346313476562,
91.799999999999997,8.3907623291015625,,3.8011322021484375,
91.900000000000006,8.1020431518554688,,3.3565597534179688,
92,8.8659896850585938,,2.8787765502929688,
92.099999999999994,10.089836120605469,,2.314117431640625,
92.200000000000003,10.396430969238281,,1.984527587890625,
92.299999999999997,9.8905410766601562,,1.9436492919921875,
92.400000000000006,9.3591079711914062,,1.88232421875,
92.5,9.4485321044921875,,1.9615325927734375,
92.599999999999994,9.5124053955078125,,1.9053192138671875,
92.700000000000003,9.839447021484375,,1.9640884399414062,
92.799999999999997,10.138381958007812,,2.112274169921875,
92.900000000000006,9.5302886962890625,,2.1838150024414062,
93,8.3268814086914062,,2.2195892333984375,
93.099999999999994,7.5143966674804688,,2.2272491455078125,
93.200000000000003,7.741790771484375,,2.7638015747070312,
93.299999999999997,8.6181564331054688,,4.0336380004882812,
93.400000000000006,9.4996261596679688,,5.6969375610351562,
93.5,9.8292236328125,,7.0357589721679688,
93.599999999999994,9.673370361328125,,7.4190139770507812,
93.700000000000003,9.5277328491210938,,6.9718856811523438,
93.799999999999997,9.581390380859375,,6.3842391967773438,
93.900000000000006,9.8266677856445312,,6.1210708618164062,
94,9.875213623046875,,5.8783493041992188,
94.099999999999994,9.5430679321289062,,5.2804794311523438,
94.200000000000003,9.2926712036132812,,4.7413711547851562,
94.299999999999997,9.18536376953125,,4.457763671875,
94.400000000000006,8.9835205078125,,4.2227020263671875,
94.5,8.7944488525390625,,4.082183837890625,
94.599999999999994,8.7126922607421875,,3.9850921630859375,
94.700000000000003,8.5440597534179688,,3.8394546508789062,
94.799999999999997,8.3600997924804688,,3.7372589111328125,
94.900000000000006,8.4904022216796875,,3.732147216796875,
95,9.1700363159179688,,3.7270355224609375,
95.099999999999994,9.6835861206054688,,3.7193679809570312,
95.200000000000003,9.3565521240234375,,3.8087921142578125,
95.299999999999997,8.6513671875,,3.8650054931640625,
95.400000000000006,8.145477294921875,,3.8215713500976562,
95.5,8.00750732421875,,3.785797119140625,
95.599999999999994,7.9461898803710938,,3.7244796752929688,
95.700000000000003,7.8848724365234375,,3.66827392578125,
95.799999999999997,7.953857421875,,3.6708221435546875,
95.900000000000006,8.127593994140625,,3.714263916015625,
96,8.2732315063476562,,3.7883529663085938,
96.099999999999994,8.4060897827148438,,3.8701171875,
96.200000000000003,8.6360397338867188,,3.9493179321289062,
96.299999999999997,8.8659896850585938,,4.0285263061523438,
96.400000000000006,9.0627212524414062,,4.08984375,
96.5,9.3616561889648438,,4.128173828125,
96.599999999999994,9.5916061401367188,,4.1588287353515625,
96.700000000000003,9.8445510864257812,,4.2533645629882812,
96.799999999999997,10.3453369140625,,4.4143295288085938,
96.900000000000006,10.851226806640625,,4.613616943359375,
97,11.216590881347656,,4.8282394409179688,
97.099999999999994,11.443984985351562,,4.9866485595703125,
97.200000000000003,11.479751586914062,,5.10162353515625,
97.299999999999997,11.137382507324219,,5.1629486083984375,
97.400000000000006,10.4552001953125,,5.0249786376953125,
97.5,9.7525711059570312,,4.62384033203125,
97.599999999999994,9.1623687744140625,,4.2022628784179688,
97.700000000000003,8.8608779907226562,,3.9748687744140625,
97.799999999999997,8.8481063842773438,,3.8931121826171875,
97.900000000000006,8.8685455322265625,,3.88800048828125,
98,8.8327713012695312,,3.898223876953125,
98.099999999999994,8.8072280883789062,,3.8854446411132812,
98.200000000000003,8.7867813110351562,,3.8828887939453125,
98.299999999999997,8.7254638671875,,3.88800048828125,
98.400000000000006,8.6922531127929688,,3.85223388671875,
98.5,8.5798263549804688,,3.7347030639648438,
98.599999999999994,8.4520797729492188,,3.62994384765625,
98.700000000000003,8.5440597534179688,,3.640167236328125,
98.799999999999997,8.735687255859375,,3.7168121337890625,
98.900000000000006,8.8123321533203125,,3.767913818359375,
99,8.7867813110351562,,3.77813720703125,
99.099999999999994,8.7663421630859375,,3.767913818359375,
99.200000000000003,8.7382431030273438,,3.7755813598632812,
99.299999999999997,8.7382431030273438,,3.7883529663085938,
99.400000000000006,8.7918930053710938,,3.7270355224609375,
99.5,8.7229080200195312,,3.5992889404296875,
99.599999999999994,8.6411514282226562,,3.5251922607421875,
99.700000000000003,8.7177963256835938,,3.5047531127929688,
99.799999999999997,8.7561264038085938,,3.4868621826171875,
99.900000000000006,8.7177963256835938,,3.4996414184570312,
100,8.6513671875,20.501138687133789,3.5251922607421875,17.826824188232422
100.09999999999999,8.5644989013671875,,3.5251922607421875,
100.2,8.4827423095703125,,3.5379638671875,
100.3,8.4520797729492188,,3.5890655517578125,
100.40000000000001,8.5312881469726562,,3.612060546875,
100.5,8.6513671875,,3.6069488525390625,
100.59999999999999,8.9298629760742188,,3.6861572265625,
100.7,9.4613037109375,,3.831787109375,
100.8,9.9825210571289062,,4.008087158203125,
100.90000000000001,10.43731689453125,,4.245697021484375,
101,10.912544250488281,,4.5165328979492188,
101.09999999999999,11.341781616210938,,4.779693603515625,
101.2,11.679046630859375,,5.037750244140625,
101.3,11.972869873046875,,5.2242660522460938,
101.40000000000001,12.039299011230469,,5.2242660522460938,
101.5,11.65093994140625,,5.1067352294921875,
101.59999999999999,11.035186767578125,,4.9355545043945312,
101.7,10.58294677734375,,4.69793701171875,
101.8,10.284011840820312,,4.4884262084960938,
101.90000000000001,10.010627746582031,,4.3427886962890625,
102,9.7679061889648438,,4.2252578735351562,
102.09999999999999,9.525177001953125,,4.128173828125,
102.2,9.287567138671875,,4.0745162963867188,
102.3,9.1189346313476562,,4.0131988525390625,
102.40000000000001,8.9426422119140625,,3.8701171875,
102.5,8.7203521728515625,,3.7449188232421875,
102.59999999999999,8.6411514282226562,,3.7168121337890625,
102.7,8.7331314086914062,,3.7270355224609375,
102.8,8.8148880004882812,,3.7525863647460938,
102.90000000000001,8.8148880004882812,,3.7883529663085938,
103,8.7944488525390625,,3.8011322021484375,
103.09999999999999,8.7663421630859375,,3.806243896484375,
103.2,8.6922531127929688,,3.8113479614257812,
103.3,8.6207122802734375,,3.7985763549804688,
103.40000000000001,8.5491714477539062,,3.7117080688476562,
103.5,8.403533935546875,,3.5992889404296875,
103.59999999999999,8.3498764038085938,,3.5686264038085938,
103.7,8.477630615234375,,3.5737380981445312,
103.8,8.6028213500976562,,3.6043930053710938,
103.90000000000001,8.6385955810546875,,3.6529388427734375,
104,8.6820297241210938,,3.6963729858398438,
104.09999999999999,8.7791213989257812,,3.7653579711914062,
104.2,8.9017562866210938,,3.859893798828125,
104.3,9.0984954833984375,,3.96209716796875,
104.40000000000001,9.425537109375,,4.0412979125976562,
104.5,9.7679061889648438,,4.1869354248046875,
104.59999999999999,10.28912353515625,,4.467987060546875,
104.7,11.060737609863281,,4.7592544555664062,
104.8,11.617721557617188,,4.9789886474609375,
104.90000000000001,11.607505798339844,,5.0914077758789062,
105,11.076065063476562,,5.0224227905273438,
105.09999999999999,10.36322021484375,,4.8154678344726562,
105.2,9.79345703125,,4.6034011840820312,
105.3,9.3923187255859375,,4.3887786865234375,
105.40000000000001,9.1470413208007812,,4.1409454345703125,
105.5,8.937530517578125,,3.96209716796875,
105.59999999999999,8.7663421630859375,,3.9288787841796875,
105.7,8.7842330932617188,,3.9493179321289062,
105.8,8.9681930541992188,,4.0336380004882812,
105.90000000000001,9.1368179321289062,,4.1409454345703125,
106,9.323333740234375,,4.1256179809570312,
106.09999999999999,9.6018295288085938,,4.0694046020507812,
106.2,9.8266677856445312,,4.1026229858398438,
106.3,10.056617736816406,,4.2073745727539062,
106.40000000000001,10.324897766113281,,4.3146820068359375,
106.5,10.529296875,,4.33001708984375,
106.59999999999999,10.710700988769531,,4.43988037109375,
106.7,11.168045043945312,,4.8282394409179688,
106.8,11.735252380371094,,5.2702560424804688,
106.90000000000001,12.169601440429688,,5.7071609497070312,
107,12.639724731445312,,6.2360458374023438,
107.09999999999999,13.344902038574219,,6.8543548583984375,
107.2,14.172721862792969,,7.6975021362304688,
107.3,14.900901794433594,,8.7552719116210938,
107.40000000000001,15.450225830078125,,9.859039306640625,
107.5,15.738937377929688,,10.980682373046875,
107.59999999999999,16.007213592529297,,12.288841247558594,
107.7,16.656185150146484,,14.000686645507812,
107.8,17.823818206787109,,16.021697998046875,
107.90000000000001,18.950572967529297,,18.104019165039062,
108,19.075767517089844,,19.762214660644531,
108.09999999999999,17.910690307617188,,19.964061737060547,
108.2,15.907569885253906,,19.501605987548828,
108.3,14.384788513183594,,19.034038543701172,
108.40000000000001,13.776702880859375,,17.822971343994141,
108.5,13.229927062988281,,16.404945373535156,
108.59999999999999,12.890113830566406,,15.252639770507812,
108.7,12.987205505371094,,14.399269104003906,
108.8,12.867118835449219,,13.814178466796875,
108.90000000000001,12.282020568847656,,13.285293579101562,
109,11.597282409667969,,12.582664489746094,
109.09999999999999,10.978973388671875,,11.74462890625,
109.2,10.4552001953125,,10.957687377929688,
109.3,10.008071899414062,,10.137527465820312,
109.40000000000001,9.6810379028320312,,9.1691818237304688,
109.5,9.3667678833007812,,8.2314987182617188,
109.59999999999999,9.0933837890625,,7.5339889526367188,
109.7,9.0397262573242188,,7.0229873657226562,
109.8,9.0243988037109375,,6.6218490600585938,
109.90000000000001,8.9451980590820312,,6.2948074340820312,
110,8.827667236328125,0,6.0163192749023438,0
110.09999999999999,8.7152481079101562,,5.7991409301757812,
110.2,8.59771728515625,,5.6100692749023438,
110.3,8.4904022216796875,,5.3954544067382812,
110.40000000000001,8.4290847778320312,,5.0914077758789062,
110.5,8.2808914184570312,,4.779693603515625,
110.59999999999999,8.163360595703125,,4.5931777954101562,
110.7,8.2681198120117188,,4.4986419677734375,
110.8,8.403533935546875,,4.4066619873046875,
110.90000000000001,8.4163131713867188,,4.3121337890625,
111,8.367767333984375,,4.2405929565429688,
111.09999999999999,8.32177734375,,4.1971588134765625,
111.2,8.2527923583984375,,4.1613845825195312,
111.3,8.163360595703125,,4.1256179809570312,
111.40000000000001,8.109710693359375,,4.043853759765625,
111.5,8.0049514770507812,,3.99786376953125,
111.59999999999999,8.08160400390625,,4.2022628784179688,
111.7,8.6667022705078125,,4.6902694702148438,
111.8,9.489410400390625,,5.341796875,
111.90000000000001,10.130714416503906,,6.0699691772460938,
112,10.447532653808594,,6.6959457397460938,
112.09999999999999,10.611053466796875,,7.1941680908203125,
112.2,10.80523681640625,,7.7460479736328125,
112.3,11.040290832519531,,8.4180145263671875,
112.40000000000001,11.323898315429688,,9.0542068481445312,
112.5,11.564071655273438,,9.5243301391601562,
112.59999999999999,11.679046630859375,,10.045547485351562,
112.7,11.809349060058594,,10.850372314453125,
112.8,12.064849853515625,,11.749732971191406,
112.90000000000001,12.322906494140625,,12.689971923828125,
113,12.494087219238281,,13.727302551269531,
113.09999999999999,12.739372253417969,,14.802963256835938,
113.2,13.038307189941406,,15.978263854980469,
113.3,13.388336181640625,,17.120346069335938,
113.40000000000001,13.937667846679688,,18.063140869140625,
113.5,14.423110961914062,,18.714664459228516,
113.59999999999999,14.688835144042969,,19.343196868896484,
113.7,15.000541687011719,,20.303874969482422,
113.8,15.498771667480469,,21.292659759521484,
113.90000000000001,15.981662750244141,,22.235454559326172,
114,16.334255218505859,,23.260009765625,
114.09999999999999,16.676624298095703,,24.0699462890625,
114.2,16.921905517578125,,24.611606597900391,
114.3,16.610195159912109,,24.951419830322266,
114.40000000000001,15.595859527587891,,24.598831176757812,
114.5,14.280036926269531,,23.24212646484375,
114.59999999999999,12.918220520019531,,21.486839294433594,
114.7,11.824676513671875,,19.803096771240234,
114.8,11.198707580566406,,18.119350433349609,
114.90000000000001,10.789901733398438,,16.499481201171875,
115,10.444976806640625,,15.030357360839844,
115.09999999999999,10.186927795410156,,13.706863403320312,
115.2,9.9927444458007812,,12.477912902832031,
115.3,9.8317794799804688,,11.333267211914062,
115.40000000000001,9.6657028198242188,,10.196296691894531,
115.5,9.4970779418945312,,9.0133285522460938,
115.59999999999999,9.2185821533203125,,7.981109619140625,
115.7,8.9886322021484375,,7.2427139282226562,
115.8,9.047393798828125,,6.6218490600585938,
115.90000000000001,9.1087112426757812,,6.0827484130859375,
116,9.0218429565429688,,5.6892776489257812,
116.09999999999999,8.9400863647460938,,5.3647918701171875,
116.2,8.8404388427734375,,5.0786285400390625,
116.3,8.6845855712890625,,4.8461227416992188,
116.40000000000001,8.5568313598632812,,4.634063720703125,
116.5,8.4674072265625,,4.3555679321289062,
116.59999999999999,8.2349014282226562,,4.0923995971679688,
116.7,8.0381698608398438,,3.9748687744140625,
116.8,8.0764923095703125,,3.9263229370117188,
116.90000000000001,8.127593994140625,,3.9033279418945312,
117,8.1352615356445312,,3.9365463256835938,
117.09999999999999,8.1378173828125,,3.9646530151367188,
117.2,8.1071548461914062,,3.9569854736328125,
117.3,8.0330581665039062,,3.9569854736328125,
117.40000000000001,7.9564056396484375,,3.9646530151367188,
117.5,7.925750732421875,,3.8956680297851562,
117.59999999999999,7.795440673828125,,3.7525863647460938,
117.7,7.6549224853515625,,3.6912689208984375,
117.8,7.7264556884765625,,3.73980712890625,
117.90000000000001,7.8925323486328125,,3.7883529663085938,
118,8.00750732421875,,3.85223388671875,
118.09999999999999,8.109710693359375,,3.933990478515625,
118.2,8.283447265625,,4.0029754638671875,
118.3,8.5312881469726562,,4.0796279907226562,
118.40000000000001,8.8225555419921875,,4.2252578735351562,
118.5,9.1419296264648438,,4.4143295288085938,
118.59999999999999,9.4459762573242188,,4.5471878051757812,
118.7,9.7270278930664062,,4.7004928588867188,
118.8,10.151153564453125,,5.037750244140625,
118.90000000000001,10.723472595214844,,5.479766845703125,
119,11.244697570800781,,5.9652175903320312,
119.09999999999999,11.612617492675781,,6.5324249267578125,
119.2,11.873222351074219,,7.1686172485351562,
119.3,12.01885986328125,,7.8559188842773438,
119.40000000000001,12.141502380371094,,8.607086181640625,
119.5,12.292243957519531,,9.3556976318359375,
119.59999999999999,12.287132263183594,,9.9612350463867188,
119.7,12.174713134765625,,10.502899169921875,
119.8,12.179824829101562,,11.200408935546875,
119.90000000000001,12.376556396484375,,11.997573852539062,
120,12.611618041992188,9.6153841018676758,12.853492736816406,9.6153841018676758
120.09999999999999,12.767471313476562,,13.803955078125,
120.2,12.95654296875,,14.777412414550781,
120.3,13.171165466308594,,15.766197204589844,
120.40000000000001,13.434326171875,,16.777976989746094,
120.5,13.758811950683594,,17.646675109863281,
120.59999999999999,13.955551147460938,,18.086135864257812,
120.7,13.975990295410156,,18.185779571533203,
120.8,13.9862060546875,,18.254764556884766,
120.90000000000001,13.809913635253906,,18.165340423583984,
121,13.337242126464844,,17.7412109375,
121.09999999999999,12.821128845214844,,17.151008605957031,
121.2,12.151718139648438,,16.37939453125,
121.3,11.349449157714844,,15.382942199707031,
121.40000000000001,10.6749267578125,,14.294517517089844,
121.5,10.192031860351562,,12.983802795410156,
121.59999999999999,9.801116943359375,,11.440582275390625,
121.7,9.425537109375,,10.053215026855469,
121.8,9.2339096069335938,,9.0618743896484375,
121.90000000000001,9.231353759765625,,8.2826004028320312,
122,9.2058029174804688,,7.6285171508789062,
122.09999999999999,9.0806121826171875,,7.1098556518554688,
122.2,8.9707412719726562,,6.6499557495117188,
122.3,8.845550537109375,,6.2845916748046875,
122.40000000000001,8.6948013305664062,,5.9677734375,
122.5,8.6028213500976562,,5.5794143676757812,
122.59999999999999,8.4265289306640625,,5.1527252197265625,
122.7,8.2042465209960938,,4.8486785888671875,
122.8,8.1940231323242188,,4.6953811645507812,
122.90000000000001,8.329437255859375,,4.5727386474609375,
123,8.3447723388671875,,4.4730987548828125,
123.09999999999999,8.2451248168945312,,4.4168853759765625,
123.2,8.1965789794921875,,4.3555679321289062,
123.3,8.1403656005859375,,4.301910400390625,
123.40000000000001,8.0330581665039062,,4.2686920166015625,
123.5,7.953857421875,,4.1869354248046875,
123.59999999999999,7.8414306640625,,4.0285263061523438,
123.7,7.7009124755859375,,3.9263229370117188,
123.8,7.723907470703125,,3.951873779296875,
123.90000000000001,7.8746490478515625,,4.0029754638671875,
124,7.97174072265625,,4.0668487548828125,
124.09999999999999,7.9870681762695312,,4.1383895874023438,
124.2,8.0049514770507812,,4.192047119140625,
124.3,8.035614013671875,,4.2508087158203125,
124.40000000000001,8.08160400390625,,4.337677001953125,
124.5,8.2144622802734375,,4.4373245239257812,
124.59999999999999,8.4341964721679688,,4.5241928100585938,
124.7,8.6207122802734375,,4.7030487060546875,
124.8,8.8966522216796875,,5.1144027709960938,
124.90000000000001,9.3667678833007812,,5.6560592651367188,
125,9.8036727905273438,,6.2641525268554688,
125.09999999999999,10.143486022949219,,6.9846572875976562,
125.2,10.503746032714844,,7.8227005004882812,
125.3,10.894660949707031,,8.7603836059570312,
125.40000000000001,11.226806640625,,9.7798309326171875,
125.5,11.518081665039062,,10.796722412109375,
125.59999999999999,11.891105651855469,,11.673088073730469,
125.7,12.20281982421875,,12.42425537109375,
125.8,12.453208923339844,,13.244407653808594,
125.90000000000001,12.913108825683594,,14.261299133300781,
126,13.441993713378906,,15.403388977050781,
126.09999999999999,13.909561157226562,,16.591461181640625,
126.2,14.458885192871094,,17.828079223632812,
126.3,15.064422607421875,,19.126018524169922,
126.40000000000001,15.577972412109375,,20.636024475097656,
126.5,16.050647735595703,,22.2303466796875,
126.59999999999999,16.587200164794922,,23.530841827392578,
126.7,16.924457550048828,,24.649929046630859,
126.8,17.072650909423828,,26.101169586181641,
126.90000000000001,17.453342437744141,,27.777248382568359,
127,17.966899871826172,,28.906558990478516,
127.09999999999999,17.849369049072266,,29.440555572509766,
127.2,17.182514190673828,,29.269371032714844,
127.3,16.446674346923828,,28.265254974365234,
127.40000000000001,15.524322509765625,,27.174270629882812,
127.5,14.466552734375,,26.106281280517578,
127.59999999999999,13.503311157226562,,24.593719482421875,
127.7,12.609062194824219,,22.61614990234375,
127.8,11.837455749511719,,20.766330718994141,
127.90000000000001,11.403106689453125,,19.315090179443359,
128,11.152717590332031,,17.978824615478516,
128.09999999999999,10.869110107421875,,16.757537841796875,
128.19999999999999,10.580390930175781,,15.633338928222656,
128.30000000000001,10.373435974121094,,14.527023315429688,
128.40000000000001,10.156265258789062,,13.499908447265625,
128.5,9.9160919189453125,,12.53411865234375,
128.59999999999999,9.7270278930664062,,11.514678955078125,
128.69999999999999,9.4996261596679688,,10.446685791015625,
128.80000000000001,9.2517929077148438,,9.5217742919921875,
128.90000000000001,9.1776962280273438,,8.8319244384765625,
129,9.231353759765625,,8.2519378662109375,
129.09999999999999,9.2083587646484375,,7.7818222045898438,
129.19999999999999,9.0806121826171875,,7.4036788940429688,
129.30000000000001,8.9605255126953125,,7.0076522827148438,
129.40000000000001,8.8532180786132812,,6.6269607543945312,
129.5,8.7280197143554688,,6.3152542114257812,
129.59999999999999,8.6309280395507812,,5.9652175903320312,
129.69999999999999,8.5108413696289062,,5.497650146484375,
129.80000000000001,8.3064422607421875,,5.0990676879882812,
129.90000000000001,8.2221298217773438,,4.9048919677734375,
130,8.3192214965820312,9.4339628219604492,4.797576904296875,9.4339628219604492
130.09999999999999,8.3728713989257812,,4.7209320068359375,
130.19999999999999,8.3345489501953125,,4.7004928588867188,
130.30000000000001,8.2681198120117188,,4.6749420166015625,
130.40000000000001,8.1863632202148438,,4.6468353271484375,
130.5,8.0994873046875,,4.651947021484375,
130.59999999999999,8.0202865600585938,,4.6493911743164062,
130.69999999999999,7.9896240234375,,4.567626953125,
130.80000000000001,7.8772048950195312,,4.4449920654296875,
130.90000000000001,7.8209915161132812,,4.4730987548828125,
131,8.091827392578125,,4.6851577758789062,
131.09999999999999,8.4929580688476562,,5.0224227905273438,
131.19999999999999,8.845550537109375,,5.4669876098632812,
131.30000000000001,9.1751480102539062,,5.9958724975585938,
131.40000000000001,9.5047378540039062,,6.6039657592773438,
131.5,9.8087844848632812,,7.2835922241210938,
131.59999999999999,10.094947814941406,,7.9913330078125,
131.69999999999999,10.411766052246094,,8.6019744873046875,
131.80000000000001,10.623832702636719,,9.1794052124023438,
131.90000000000001,10.802680969238281,,9.9382400512695312,
132,11.147605895996094,,10.893814086914062,
132.09999999999999,11.57684326171875,,11.936248779296875,
132.19999999999999,11.967758178710938,,13.144767761230469,
132.30000000000001,12.340789794921875,,14.493804931640625,
132.40000000000001,12.741920471191406,,15.911827087402344,
132.5,13.155838012695312,,17.426944732666016,
132.59999999999999,13.579963684082031,,18.842414855957031,
132.69999999999999,14.144622802734375,,19.933399200439453,
132.80000000000001,14.724601745605469,,20.853199005126953,
132.90000000000001,15.143623352050781,,22.023391723632812,
133,15.68017578125,,23.472076416015625,
133.09999999999999,16.290817260742188,,24.833889007568359,
133.19999999999999,16.766048431396484,,26.047515869140625,
133.30000000000001,17.105865478515625,,27.217704772949219,
133.40000000000001,17.179958343505859,,28.111953735351562,
133.5,17.006217956542969,,28.395561218261719,
133.59999999999999,16.408348083496094,,27.963764190673828,
133.69999999999999,15.296920776367188,,26.624946594238281,
133.80000000000001,14.067970275878906,,24.828781127929688,
133.90000000000001,13.025527954101562,,23.364765167236328,
134,12.328010559082031,,21.967178344726562,
134.09999999999999,11.8170166015625,,20.421405792236328,
134.19999999999999,11.341781616210938,,18.885848999023438,
134.30000000000001,10.945762634277344,,17.378398895263672,
134.40000000000001,10.590614318847656,,15.955268859863281,
134.5,10.248245239257812,,14.580673217773438,
134.59999999999999,9.9569778442382812,,13.180534362792969,
134.69999999999999,9.6682586669921875,,11.742073059082031,
134.80000000000001,9.3488845825195312,,10.541221618652344,
134.90000000000001,9.18536376953125,,9.7057342529296875,
135,9.195587158203125,,8.9826736450195312,
135.09999999999999,9.1317062377929688,,8.349029541015625,
135.19999999999999,9.0397262573242188,,7.8124771118164062,
135.30000000000001,8.9860763549804688,,7.3116989135742188,
135.40000000000001,8.8225555419921875,,6.92333984375,
135.5,8.5823822021484375,,6.5962982177734375,
135.59999999999999,8.421417236328125,,6.197723388671875,
135.69999999999999,8.2400131225585938,,5.7531509399414062,
135.80000000000001,8.04583740234375,,5.4465484619140625,
135.90000000000001,8.0483856201171875,,5.2983627319335938,
136,8.0867156982421875,,5.1706085205078125,
136.09999999999999,7.9385223388671875,,5.0428619384765625,
136.19999999999999,7.7341232299804688,,4.91766357421875,
136.30000000000001,7.611480712890625,,4.7899169921875,
136.40000000000001,7.519500732421875,,4.687713623046875,
136.5,7.4173049926757812,,4.5982894897460938,
136.59999999999999,7.3304367065429688,,4.4603195190429688,
136.69999999999999,7.1847991943359375,,4.319793701171875,
136.80000000000001,7.1055908203125,,4.3121337890625,
136.90000000000001,7.2665557861328125,,4.4271087646484375,
137,7.4965057373046875,,4.6417236328125,
137.09999999999999,7.74945068359375,,4.9968719482421875,
137.19999999999999,8.091827392578125,,5.4465484619140625,
137.30000000000001,8.4929580688476562,,5.9549942016601562,
137.40000000000001,8.909423828125,,6.5579757690429688,
137.5,9.3207778930664062,,7.1890640258789062,
137.59999999999999,9.7423553466796875,,7.6949539184570312,
137.69999999999999,10.0872802734375,,8.0986404418945312,
137.80000000000001,10.409210205078125,,8.653076171875,
137.90000000000001,10.835891723632812,,9.388916015625,
138,11.229362487792969,,10.209068298339844,
138.09999999999999,11.510414123535156,,11.077774047851562,
138.19999999999999,11.811904907226562,,11.959243774414062,
138.30000000000001,12.195152282714844,,12.873931884765625,
138.40000000000001,12.560516357421875,,13.837173461914062,
138.5,12.9207763671875,,14.764633178710938,
138.59999999999999,13.332130432128906,,15.449378967285156,
138.69999999999999,13.620841979980469,,15.939933776855469,
138.80000000000001,13.881454467773438,,16.525032043457031,
138.90000000000001,14.33624267578125,,17.235321044921875,
139,14.808921813964844,,17.881736755371094,
139.09999999999999,15.194725036621094,,18.408065795898438,
139.19999999999999,15.480880737304688,,18.796424865722656,
139.30000000000001,15.7159423828125,,19.041706085205078,
139.40000000000001,15.777263641357422,,19.263988494873047,
139.5,15.69805908203125,,19.332973480224609,
139.59999999999999,15.3480224609375,,19.049369812011719,
139.69999999999999,14.566192626953125,,18.548591613769531,
139.80000000000001,13.572296142578125,,18.004375457763672,
139.90000000000001,12.683158874511719,,17.250648498535156,
140,12.023971557617188,9.5238094329833984,16.243980407714844,9.5313739776611328
140.09999999999999,11.387771606445312,,15.155548095703125,
140.19999999999999,10.830787658691406,,14.013465881347656,
140.30000000000001,10.396430969238281,,12.8841552734375,
140.40000000000001,10.018295288085938,,11.721633911132812,
140.5,9.673370361328125,,10.533554077148438,
140.59999999999999,9.379547119140625,,9.3505935668945312,
140.69999999999999,9.121490478515625,,8.313262939453125,
140.80000000000001,8.9579696655273438,,7.5978622436523438,
140.90000000000001,8.9222030639648438,,7.0817489624023438,
141,8.9043121337890625,,6.6320724487304688,
141.09999999999999,8.7586822509765625,,6.24371337890625,
141.19999999999999,8.52362060546875,,5.8783493041992188,
141.30000000000001,8.3141098022460938,,5.5691909790039062,
141.40000000000001,8.1659164428710938,,5.3264694213867188,
141.5,8.017730712890625,,5.0581893920898438,
141.59999999999999,7.7979965209960938,,4.6928253173828125,
141.69999999999999,7.5092849731445312,,4.358123779296875,
141.80000000000001,7.355987548828125,,4.1562728881835938,
141.90000000000001,7.3840866088867188,,4.0515213012695312,
142,7.3943099975585938,,4.0004196166992188,
142.09999999999999,7.3483200073242188,,3.9672088623046875,
142.19999999999999,7.3048858642578125,,3.9314346313476562,
142.30000000000001,7.2742233276367188,,3.9288787841796875,
142.40000000000001,7.2614517211914062,,3.9825363159179688,
142.5,7.28955078125,,4.0131988525390625,
142.59999999999999,7.3534317016601562,,3.9442138671875,
142.69999999999999,7.3968658447265625,,3.898223876953125,
142.80000000000001,7.5859375,,4.0515213012695312,
142.90000000000001,8.0126190185546875,,4.358123779296875,
143,8.4520797729492188,,4.7541427612304688,
143.09999999999999,8.8225555419921875,,5.2574844360351562,
143.19999999999999,9.1802520751953125,,5.847686767578125,
143.30000000000001,9.5098495483398438,,6.5707473754882812,
143.40000000000001,9.7909011840820312,,7.4828872680664062,
143.5,10.056617736816406,,8.5253219604492188,
143.59999999999999,10.350440979003906,,9.470672607421875,
143.69999999999999,10.636604309082031,,10.318939208984375,
143.80000000000001,10.976417541503906,,11.376708984375,
143.90000000000001,11.436317443847656,,12.712966918945312,
144,11.868110656738281,,14.169319152832031,
144.09999999999999,12.136390686035156,,15.804519653320312,
144.19999999999999,12.412330627441406,,17.682445526123047,
144.30000000000001,12.8824462890625,,19.767326354980469,
144.40000000000001,13.347457885742188,,22.133255004882812,
144.5,13.776702880859375,,24.624378204345703,
144.59999999999999,14.272369384765625,,27.112949371337891,
144.69999999999999,14.653060913085938,,29.736934661865234,
144.80000000000001,15.013320922851562,,32.399246215820312,
144.90000000000001,15.618854522705078,,35.207187652587891,
145,16.270378112792969,,38.298740386962891,
145.09999999999999,16.893798828125,,41.875740051269531,
145.19999999999999,17.522327423095703,,45.963737487792969,
145.30000000000001,18.092094421386719,,50.084953308105469,
145.40000000000001,18.585208892822266,,53.835693359375,
145.5,19.047664642333984,,56.605316162109375,
145.59999999999999,19.262283325195312,,57.53277587890625,
145.69999999999999,18.840709686279297,,55.930793762207031,
145.80000000000001,18.173854827880859,,52.169834136962891,
145.90000000000001,17.678184509277344,,48.191699981689453,
146,16.934680938720703,,45.470623016357422,
146.09999999999999,15.922897338867188,,43.406185150146484,
146.19999999999999,15.115516662597656,,41.34429931640625,
146.30000000000001,14.418006896972656,,39.5225830078125,
146.40000000000001,13.702606201171875,,37.777519226074219,
146.5,13.068962097167969,,35.534229278564453,
146.59999999999999,12.412330627441406,,32.877029418945312,
146.69999999999999,11.758247375488281,,30.447223663330078,
146.80000000000001,11.395439147949219,,28.31890869140625,
146.90000000000001,11.175712585449219,,26.136940002441406,
147,10.8231201171875,,23.885986328125,
147.09999999999999,10.419425964355469,,21.683574676513672,
147.19999999999999,10.140937805175781,,19.629356384277344,
147.30000000000001,9.9390869140625,,17.725879669189453,
147.40000000000001,9.673370361328125,,15.991035461425781,
147.5,9.3769912719726562,,14.378829956054688,
147.59999999999999,9.0346221923828125,,12.850936889648438,
147.69999999999999,8.7459030151367188,,11.547889709472656,
147.80000000000001,8.6564788818359375,,10.446685791015625,
147.90000000000001,8.6130447387695312,,9.5473251342773438,
148,8.5644989013671875,,8.8063735961914062,
148.09999999999999,8.5185089111328125,,8.1727371215820312,
148.19999999999999,8.421417236328125,,7.6796188354492188,
148.30000000000001,8.26556396484375,,7.2759323120117188,
148.40000000000001,8.1071548461914062,,6.8262481689453125,
148.5,7.979400634765625,,6.2615966796875,
148.59999999999999,7.8542098999023438,,5.7173843383789062,
148.69999999999999,7.78778076171875,,5.341796875,
148.80000000000001,7.8644256591796875,,5.0684127807617188,
148.90000000000001,7.9513015747070312,,4.84356689453125,
149,7.9640731811523438,,4.6723861694335938,
149.09999999999999,7.9589614868164062,,4.4986419677734375,
149.19999999999999,7.89764404296875,,4.301910400390625,
149.30000000000001,7.8261032104492188,,4.1383895874023438,
149.40000000000001,7.795440673828125,,3.9595413208007812,
149.5,7.777557373046875,,3.6861572265625,
149.59999999999999,7.7009124755859375,,3.4025497436523438,
149.69999999999999,7.6063766479492188,,3.216033935546875,
149.80000000000001,7.6523666381835938,,3.1138381958007812,
149.90000000000001,7.7571182250976562,,3.124053955078125,
150,7.7469024658203125,9.669621467590332,3.2415847778320312,0
150.09999999999999,7.6370315551757812,,3.392333984375,
150.19999999999999,7.5859375,,3.5532989501953125,
150.30000000000001,7.6523666381835938,,3.7014846801757812,
150.40000000000001,7.7187957763671875,,3.8113479614257812,
150.5,7.723907470703125,,3.8266830444335938,
150.59999999999999,7.6600265502929688,,3.8675613403320312,
150.69999999999999,7.7443466186523438,,4.1102828979492188,
150.80000000000001,8.071380615234375,,4.4909820556640625,
150.90000000000001,8.3984222412109375,,4.9125595092773438,
151,8.6411514282226562,,5.3647918701171875,
151.09999999999999,8.8583221435546875,,5.8630142211914062,
151.19999999999999,9.0499496459960938,,6.4711074829101562,
151.30000000000001,9.2364654541015625,,7.2324981689453125,
151.40000000000001,9.4664154052734375,,8.0500946044921875,
151.5,9.6529312133789062,,8.8038177490234375,
151.59999999999999,9.747467041015625,,9.5830917358398438,
151.69999999999999,9.8879928588867188,,10.58465576171875,
151.80000000000001,10.161376953125,,11.734405517578125,
151.90000000000001,10.429649353027344,,12.986358642578125,
152,10.618721008300781,,14.44781494140625,
152.09999999999999,10.800125122070312,,16.034469604492188,
152.19999999999999,11.045402526855469,,17.695220947265625,
152.30000000000001,11.377555847167969,,19.473499298095703,
152.40000000000001,11.773582458496094,,21.078041076660156,
152.5,12.049522399902344,,22.335098266601562,
152.59999999999999,12.233482360839844,,23.630485534667969,
152.69999999999999,12.591178894042969,,25.227359771728516,
152.80000000000001,12.992317199707031,,27.097618103027344,
152.90000000000001,13.268257141113281,,29.177391052246094,
153,13.551856994628906,,31.331253051757812,
153.09999999999999,13.965766906738281,,33.117198944091797,
153.19999999999999,14.486991882324219,,34.302719116210938,
153.30000000000001,14.964775085449219,,34.956798553466797,
153.40000000000001,15.253486633300781,,35.184192657470703,
153.5,15.417007446289062,,35.401371002197266,
153.59999999999999,15.690395355224609,,35.871490478515625,
153.69999999999999,16.017433166503906,,36.574115753173828,
153.80000000000001,16.237163543701172,,37.483695983886719,
153.90000000000001,16.163070678710938,,38.408603668212891,
154,15.703170776367188,,38.569568634033203,
154.09999999999999,15.174285888671875,,37.430038452148438,
154.19999999999999,14.349021911621094,,35.598102569580078,
154.30000000000001,13.163497924804688,,33.349704742431641,
154.40000000000001,12.044410705566406,,30.707836151123047,
154.5,11.316230773925781,,28.022529602050781,
154.59999999999999,10.943206787109375,,25.355110168457031,
154.69999999999999,10.62127685546875,,22.894645690917969,
154.80000000000001,10.332557678222656,,20.674350738525391,
154.90000000000001,10.046401977539062,,18.737659454345703,
155,9.7500228881835938,,17.059028625488281,
155.09999999999999,9.4970779418945312,,15.385498046875,
155.19999999999999,9.1649246215820312,,13.737525939941406,
155.30000000000001,8.8021163940429688,,12.268402099609375,
155.40000000000001,8.6207122802734375,,10.996009826660156,
155.5,8.477630615234375,,9.8922500610351562,
155.59999999999999,8.2578964233398438,,9.010772705078125,
155.69999999999999,8.0381698608398438,,8.2877120971679688,
155.80000000000001,7.8107757568359375,,7.6617355346679688,
155.90000000000001,7.5629425048828125,,7.181396484375,
156,7.3764266967773438,,6.711273193359375,
156.09999999999999,7.2052383422851562,,6.141510009765625,
156.19999999999999,7.0289459228515625,,5.6407318115234375,
156.30000000000001,6.9855117797851562,,5.2983627319335938,
156.40000000000001,7.041717529296875,,5.0300827026367188,
156.5,7.06982421875,,4.8129119873046875,
156.59999999999999,7.0647125244140625,,4.6212844848632812,
156.69999999999999,7.0493850708007812,,4.4092178344726562,
156.80000000000001,7.0468292236328125,,4.2354812622070312,
156.90000000000001,7.0263900756835938,,4.07196044921875,
157,7.01361083984375,,3.842010498046875,
157.09999999999999,6.9369659423828125,,3.5762939453125,
157.19999999999999,6.8424301147460938,,3.3769989013671875,
157.30000000000001,6.8884201049804688,,3.2466964721679688,
157.40000000000001,6.9650726318359375,,3.1700439453125,
157.5,6.9804000854492188,,3.1291656494140625,
157.59999999999999,6.9625167846679688,,3.1674880981445312,
157.69999999999999,6.913970947265625,,3.3488922119140625,
157.80000000000001,6.8833084106445312,,3.66827392578125,
157.90000000000001,7.005950927734375,,4.043853759765625,
158,7.2052383422851562,,4.3325729370117188,
158.09999999999999,7.3636474609375,,4.5931777954101562,
158.19999999999999,7.593597412109375,,4.9764328002929688,
158.30000000000001,7.9206390380859375,,5.4286651611328125,
158.40000000000001,8.1889114379882812,,5.9524383544921875,
158.5,8.3575439453125,,6.6525115966796875,
158.59999999999999,8.5389480590820312,,7.4726638793945312,
158.69999999999999,8.7688980102539062,,8.39501953125,
158.80000000000001,8.9988479614257812,,9.4400177001953125,
158.90000000000001,9.2109146118164062,,10.464569091796875,
159,9.3616561889648438,,11.417587280273438,
159.09999999999999,9.4613037109375,,12.531562805175781,
159.19999999999999,9.6580429077148438,,14.013465881347656,
159.30000000000001,9.9544219970703125,,15.761085510253906,
159.40000000000001,10.271240234375,,17.646675109863281,
159.5,10.623832702636719,,19.644683837890625,
159.59999999999999,11.027519226074219,,21.744895935058594,
159.69999999999999,11.472091674804688,,24.052059173583984,
159.80000000000001,11.893661499023438,,26.389884948730469,
159.90000000000001,12.241142272949219,,28.446659088134766,
160,12.527305603027344,8.7890625,30.347579956054688,8.3333339691162109
160.09999999999999,12.941215515136719,,32.435012817382812,
160.19999999999999,13.52630615234375,,34.913364410400391,
160.30000000000001,14.009201049804688,,37.994693756103516,
160.40000000000001,14.42822265625,,41.183334350585938,
160.5,14.964775085449219,,43.840534210205078,
160.59999999999999,15.593303680419922,,46.298442840576172,
160.69999999999999,16.308704376220703,,49.060398101806641,
160.80000000000001,16.842700958251953,,51.582183837890625,
160.90000000000001,17.067539215087891,,53.649177551269531,
161,17.358810424804688,,56.446903228759766,
161.09999999999999,17.869808197021484,,60.141433715820312,
161.19999999999999,18.355258941650391,,64.275421142578125,
161.30000000000001,18.626087188720703,,68.961296081542969,
161.40000000000001,18.9173583984375,,73.64971923828125,
161.5,19.275058746337891,,77.638069152832031,
161.59999999999999,19.696632385253906,,80.27227783203125,
161.69999999999999,20.115653991699219,,81.148643493652344,
161.80000000000001,20.373710632324219,,81.19207763671875,
161.90000000000001,20.716079711914062,,81.19207763671875,
162,21.10699462890625,,81.19207763671875,
162.09999999999999,21.204082489013672,,81.19207763671875,
162.19999999999999,21.188755035400391,,81.19207763671875,
162.30000000000001,21.336944580078125,,81.19207763671875,
162.40000000000001,21.625659942626953,,81.19207763671875,
162.5,21.947589874267578,,81.19207763671875,
162.59999999999999,22.141769409179688,,81.19207763671875,
162.69999999999999,21.893932342529297,,81.19207763671875,
162.80000000000001,21.29095458984375,,81.19207763671875,
162.90000000000001,20.399257659912109,,81.19207763671875,
163,19.213737487792969,,80.980010986328125,
163.09999999999999,18.153415679931641,,78.685623168945312,
163.19999999999999,17.190177917480469,,74.239921569824219,
163.30000000000001,16.211612701416016,,69.260231018066406,
163.40000000000001,15.176841735839844,,64.007148742675781,
163.5,14.065414428710938,,59.121986389160156,
163.59999999999999,13.168609619140625,,54.987998962402344,
163.69999999999999,12.688270568847656,,51.193824768066406,
163.80000000000001,12.297355651855469,,47.568279266357422,
163.90000000000001,11.788909912109375,,44.057708740234375,
164,11.3009033203125,,40.401504516601562,
164.09999999999999,10.800125122070312,,36.972694396972656,
164.19999999999999,10.301902770996094,,33.748283386230469,
164.30000000000001,9.7730178833007812,,30.327140808105469,
164.40000000000001,9.1317062377929688,,27.179378509521484,
164.5,8.587493896484375,,24.739353179931641,
164.59999999999999,8.2783432006835938,,22.570159912109375,
164.69999999999999,7.9768524169921875,,20.490390777587891,
164.80000000000001,7.5629425048828125,,18.668674468994141,
164.90000000000001,7.1592483520507812,,17.056472778320312,
165,6.8373184204101562,,15.587348937988281,
165.09999999999999,6.581817626953125,,14.169319152832031,
165.19999999999999,6.415740966796875,,12.843276977539062,
165.30000000000001,6.2573318481445312,,11.650093078613281,
165.40000000000001,6.1500244140625,,10.640869140625,
165.5,6.2164535522460938,,9.7823867797851562,
165.59999999999999,6.333984375,,8.9468994140625,
165.69999999999999,6.3825302124023438,,8.17529296875,
165.80000000000001,6.39019775390625,,7.5135421752929688,
165.90000000000001,6.4004135131835938,,6.933563232421875,
166,6.4029693603515625,,6.4430007934570312,
166.09999999999999,6.4055252075195312,,5.975433349609375,
166.19999999999999,6.4285202026367188,,5.4363327026367188,
166.30000000000001,6.4285202026367188,,4.9304428100585938,
166.40000000000001,6.4796218872070312,,4.5752944946289062,
166.5,6.6303634643554688,,4.2865829467773438,
166.59999999999999,6.7504501342773438,,4.043853759765625,
166.69999999999999,6.783660888671875,,3.8471221923828125,
166.80000000000001,6.7708892822265625,,3.6554946899414062,
166.90000000000001,6.6967926025390625,,3.4715347290039062,
167,6.5792617797851562,,3.2875747680664062,
167.09999999999999,6.5179443359375,,3.0652923583984375,
167.19999999999999,6.4770660400390625,,2.8430023193359375,
167.30000000000001,6.42596435546875,,2.865997314453125,
167.40000000000001,6.4412918090820312,,3.1649322509765625,
167.5,6.5434951782226562,,3.5865097045898438,
167.59999999999999,6.7274551391601562,,4.0234146118164062,
167.69999999999999,6.9395217895507812,,4.49609375,
167.80000000000001,7.1413650512695312,,5.0633010864257812,
167.90000000000001,7.3713150024414062,,5.6867218017578125,
168,7.63958740234375,,6.3126983642578125,
168.09999999999999,7.8133316040039062,,6.9642181396484375,
168.19999999999999,7.925750732421875,,7.7920379638671875,
168.30000000000001,8.0867156982421875,,8.9136886596679688,
168.40000000000001,8.293670654296875,,10.175857543945312,
168.5,8.495513916015625,,11.473793029785156,
168.59999999999999,8.6692581176757812,,12.945472717285156,
168.69999999999999,8.8148880004882812,,14.749305725097656,
168.80000000000001,9.00140380859375,,16.910835266113281,
168.90000000000001,9.3284454345703125,,19.051925659179688,
169,9.6784820556640625,,20.819984436035156,
169.09999999999999,10.054061889648438,,22.524169921875,
169.19999999999999,10.529296875,,24.499183654785156,
169.30000000000001,11.040290832519531,,26.555961608886719,
169.40000000000001,11.533409118652344,,28.684276580810547,
169.5,11.985641479492188,,31.287818908691406,
169.59999999999999,12.4046630859375,,34.586322784423828,
169.69999999999999,12.890113830566406,,38.079010009765625,
169.80000000000001,13.434326171875,,41.119461059570312,
169.90000000000001,13.917221069335938,,43.411293029785156,
170,14.402671813964844,7.3770489692687988,45.825767517089844,4.9180326461791992
170.09999999999999,14.992881774902344,,49.098724365234375,
170.19999999999999,15.51409912109375,,52.905673980712891,
170.30000000000001,15.920345306396484,,56.42901611328125,
170.40000000000001,16.329143524169922,,59.346828460693359,
170.5,16.622970581054688,,62.078125,
170.59999999999999,16.886135101318359,,64.019927978515625,
170.69999999999999,17.080314636230469,,65.218215942382812,
170.80000000000001,17.200397491455078,,66.794654846191406,
170.90000000000001,17.478893280029297,,68.836097717285156,
171,17.8135986328125,,71.605720520019531,
171.09999999999999,18.028217315673828,,75.6170654296875,
171.19999999999999,18.204513549804688,,78.698394775390625,
171.30000000000001,18.475345611572266,,80.129196166992188,
171.40000000000001,18.794719696044922,,80.977455139160156,
171.5,19.098762512207031,,81.19207763671875,
171.59999999999999,19.520339965820312,,81.19207763671875,
171.69999999999999,20.100322723388672,,81.19207763671875,
171.80000000000001,20.534675598144531,,81.19207763671875,
171.90000000000001,20.859157562255859,,81.19207763671875,
172,21.191307067871094,,81.19207763671875,
172.09999999999999,21.416149139404297,,81.19207763671875,
172.19999999999999,21.707420349121094,,81.19207763671875,
172.30000000000001,21.8607177734375,,81.19207763671875,
172.40000000000001,21.592445373535156,,81.19207763671875,
172.5,21.188755035400391,,81.19207763671875,
172.59999999999999,20.595993041992188,,81.19207763671875,
172.69999999999999,19.584213256835938,,81.19207763671875,
172.80000000000001,18.498340606689453,,81.19207763671875,
172.90000000000001,17.504444122314453,,80.08831787109375,
173,16.439010620117188,,76.189384460449219,
173.09999999999999,15.291816711425781,,70.74212646484375,
173.19999999999999,14.144622802734375,,65.936172485351562,
173.30000000000001,13.314247131347656,,61.367835998535156,
173.40000000000001,12.752143859863281,,56.727951049804688,
173.5,12.197708129882812,,52.128952026367188,
173.59999999999999,11.755691528320312,,47.621932983398438,
173.69999999999999,11.321342468261719,,43.434288024902344,
173.80000000000001,10.853782653808594,,39.221096038818359,
173.90000000000001,10.43731689453125,,34.83160400390625,
174,9.9441986083984375,,30.649070739746094,
174.09999999999999,9.4613037109375,,27.153831481933594,
174.19999999999999,9.1725921630859375,,24.098049163818359,
174.30000000000001,8.909423828125,,21.318210601806641,
174.40000000000001,8.605377197265625,,18.998271942138672,
174.5,8.3243331909179688,,17.066688537597656,
174.59999999999999,8.0739364624023438,,15.439155578613281,
174.69999999999999,7.86187744140625,,14.026237487792969,
174.80000000000001,7.71368408203125,,12.743629455566406,
174.90000000000001,7.5424957275390625,,11.588768005371094,
175,7.355987548828125,,10.743064880371094,
175.09999999999999,7.3253250122070312,,10.10687255859375,
175.19999999999999,7.3610916137695312,,9.5294418334960938,
175.30000000000001,7.3125457763671875,,9.066986083984375,
175.40000000000001,7.23590087890625,,8.6862869262695312,
175.5,7.1745758056640625,,8.4103469848632812,
175.59999999999999,7.0749359130859375,,8.1676254272460938,
175.69999999999999,6.9344100952148438,,7.7945938110351562,
175.80000000000001,6.85009765625,,7.2657089233398438,
175.90000000000001,6.7683334350585938,,6.7444915771484375,
176,6.7427825927734375,,6.3740158081054688,
176.09999999999999,6.8781967163085938,,6.0801925659179688,
176.19999999999999,6.9804000854492188,,5.8170242309570312,
176.30000000000001,6.9574050903320312,,5.5845184326171875,
176.40000000000001,6.9165267944335938,,5.3724594116210938,
176.5,6.8858642578125,,5.2140426635742188,
176.59999999999999,6.8552017211914062,,5.0684127807617188,
176.69999999999999,6.8603134155273438,,4.8589019775390625,
176.80000000000001,6.8373184204101562,,4.5446319580078125,
176.90000000000001,6.765777587890625,,4.2533645629882812,
177,6.8271026611328125,,4.07196044921875,
177.09999999999999,6.988067626953125,,3.92376708984375,
177.19999999999999,7.0212783813476562,,3.7449188232421875,
177.30000000000001,6.9241867065429688,,3.5788421630859375,
177.40000000000001,6.8552017211914062,,3.52008056640625,
177.5,6.79388427734375,,3.640167236328125,
177.59999999999999,6.7325668334960938,,3.9084396362304688,
177.69999999999999,6.811767578125,,4.1869354248046875,
177.80000000000001,6.9471817016601562,,4.4168853759765625,
177.90000000000001,7.12603759765625,,4.7899169921875,
178,7.4351882934570312,,5.3928985595703125,
178.09999999999999,7.7187957763671875,,6.1031875610351562,
178.19999999999999,7.9231948852539062,,6.8696823120117188,
178.30000000000001,8.1148223876953125,,7.705169677734375,
178.40000000000001,8.3013381958007812,,8.6275253295898438,
178.5,8.477630615234375,,9.6852951049804688,
178.59999999999999,8.6948013305664062,,10.720069885253906,
178.69999999999999,8.9937362670898438,,11.545333862304688,
178.80000000000001,9.3028945922851562,,12.304168701171875,
178.90000000000001,9.6043853759765625,,13.300621032714844,
179,10.000411987304688,,14.371162414550781,
179.09999999999999,10.516517639160156,,15.313957214355469,
179.19999999999999,11.030075073242188,,16.192878723144531,
179.30000000000001,11.415878295898438,,16.961936950683594,
179.40000000000001,11.469535827636719,,17.467826843261719,
179.5,11.004524230957031,,17.268535614013672,
179.59999999999999,10.352996826171875,,16.060020446777344,
179.69999999999999,9.8266677856445312,,14.562789916992188,
179.80000000000001,9.4306411743164062,,13.415596008300781,
179.90000000000001,9.2517929077148438,,12.322052001953125,
180,9.1419296264648438,6.5075926780700684,11.256622314453125,6.1601638793945312
180.09999999999999,8.9809646606445312,,10.362373352050781,
180.19999999999999,8.8404388427734375,,9.59075927734375,
180.30000000000001,8.7050247192382812,,8.9417877197265625,
180.40000000000001,8.569610595703125,,8.30303955078125,
180.5,8.4699630737304688,,7.5646438598632812,
180.59999999999999,8.3268814086914062,,6.8696823120117188,
180.69999999999999,8.2502365112304688,,6.3867874145507812,
180.80000000000001,8.3192214965820312,,6.0418624877929688,
180.90000000000001,8.32177734375,,5.7659225463867188,
181,8.2451248168945312,,5.5564193725585938,
181.09999999999999,8.19146728515625,,5.341796875,
181.19999999999999,8.0764923095703125,,5.1041793823242188,
181.30000000000001,7.907867431640625,,4.8461227416992188,
181.40000000000001,7.777557373046875,,4.5088653564453125,
181.5,7.5961532592773438,,4.18182373046875,
181.59999999999999,7.483734130859375,,4.0183029174804688,
181.69999999999999,7.557830810546875,,3.9595413208007812,
181.80000000000001,7.60382080078125,,3.9748687744140625,
181.90000000000001,7.5731582641601562,,4.07196044921875,
182,7.5782699584960938,,4.245697021484375,
182.09999999999999,7.6523666381835938,,4.5855178833007812,
182.19999999999999,7.7903366088867188,,5.0121994018554688,
182.30000000000001,7.979400634765625,,5.4261093139648438,
182.40000000000001,8.1378173828125,,5.8706817626953125,
182.5,8.329437255859375,,6.5222091674804688,
182.59999999999999,8.587493896484375,,7.355133056640625,
182.69999999999999,8.789337158203125,,8.2647171020507812,
182.80000000000001,8.9426422119140625,,9.2637176513671875,
182.90000000000001,9.1010513305664062,,10.301048278808594,
183,9.3131179809570312,,11.369041442871094,
183.09999999999999,9.5941619873046875,,12.38848876953125,
183.19999999999999,9.9033203125,,13.19586181640625,
183.30000000000001,10.123046875,,13.941925048828125,
183.40000000000001,10.335113525390625,,14.879608154296875,
183.5,10.769462585449219,,15.840293884277344,
183.59999999999999,11.288131713867188,,16.734542846679688,
183.69999999999999,11.673934936523438,,17.720771789550781,
183.80000000000001,11.957542419433594,,18.821975708007812,
183.90000000000001,12.179824829101562,,19.912960052490234,
184,12.310127258300781,,20.705009460449219,
184.09999999999999,12.067405700683594,,20.756111145019531,
184.19999999999999,11.280464172363281,,20.048374176025391,
184.30000000000001,10.467971801757812,,18.980384826660156,
184.40000000000001,10.082168579101562,,17.764205932617188,
184.5,9.839447021484375,,16.550582885742188,
184.59999999999999,9.507293701171875,,15.262863159179688,
184.69999999999999,9.2109146118164062,,13.903602600097656,
184.80000000000001,8.8940963745117188,,12.705307006835938,
184.90000000000001,8.5772781372070312,,11.593879699707031,
185,8.3243331909179688,,10.439018249511719,
185.09999999999999,8.035614013671875,,9.3454818725585938,
185.19999999999999,7.8031082153320312,,8.4844436645507812,
185.30000000000001,7.7928924560546875,,7.7997055053710938,
185.40000000000001,7.8388824462890625,,7.2376022338867188,
185.5,7.795440673828125,,6.7879257202148438,
185.59999999999999,7.6906890869140625,,6.3765716552734375,
185.69999999999999,7.5833816528320312,,6.031646728515625,
185.80000000000001,7.4709625244140625,,5.7173843383789062,
185.90000000000001,7.335540771484375,,5.3264694213867188,
186,7.1413650512695312,,4.88189697265625,
186.09999999999999,6.9344100952148438,,4.567626953125,
186.19999999999999,6.8654251098632812,,4.4168853759765625,
186.30000000000001,6.8628692626953125,,4.301910400390625,
186.40000000000001,6.8526458740234375,,4.22015380859375,
186.5,6.875640869140625,,4.2124862670898438,
186.59999999999999,6.9471817016601562,,4.2508087158203125,
186.69999999999999,7.0110626220703125,,4.3862228393554688,
186.80000000000001,7.080047607421875,,4.634063720703125,
186.90000000000001,7.189910888671875,,4.9048919677734375,
187,7.2767791748046875,,5.2089385986328125,
187.09999999999999,7.4454116821289062,,5.7122726440429688,
187.19999999999999,7.71368408203125,,6.4378890991210938,
187.30000000000001,7.907867431640625,,7.30914306640625,
187.40000000000001,8.0432815551757812,,8.257049560546875,
187.5,8.2476806640625,,9.233062744140625,
187.59999999999999,8.5261764526367188,,10.249954223632812,
187.69999999999999,8.8123321533203125,,11.307723999023438,
187.80000000000001,9.07550048828125,,12.316947937011719,
187.90000000000001,9.2645721435546875,,13.165206909179688,
188,9.3948745727539062,,13.921485900878906,
188.09999999999999,9.6350479125976562,,14.785072326660156,
188.19999999999999,10.071952819824219,,15.707427978515625,
188.30000000000001,10.524185180664062,,16.614456176757812,
188.40000000000001,10.917655944824219,,17.521480560302734,
188.5,11.303459167480469,,18.397846221923828,
188.59999999999999,11.610061645507812,,19.118354797363281,
188.69999999999999,11.822120666503906,,19.550151824951172,
188.80000000000001,11.740364074707031,,19.529708862304688,
188.90000000000001,11.170600891113281,,18.819419860839844,
189,10.439872741699219,,17.725879669189453,
189.09999999999999,9.9544219970703125,,16.788192749023438,
189.19999999999999,9.7065811157226562,,15.824958801269531,
189.30000000000001,9.4510879516601562,,14.659881591796875,
189.40000000000001,9.1419296264648438,,13.499908447265625,
189.5,8.8966522216796875,,12.414031982421875,
189.59999999999999,8.70758056640625,,11.453353881835938,
189.69999999999999,8.5261764526367188,,10.54888916015625,
189.80000000000001,8.3984222412109375,,9.59075927734375,
189.90000000000001,8.2042465209960938,,8.5994186401367188,
190,7.9819564819335938,6.2111802101135254,7.8278121948242188,6.1601638793945312
190.09999999999999,7.925750732421875,,7.3142547607421875,
190.19999999999999,7.9231948852539062,,6.8926773071289062,
190.30000000000001,7.8848724365234375,,6.5349807739257812,
190.40000000000001,7.815887451171875,,6.215606689453125,
190.5,7.7443466186523438,,5.91156005859375,
190.59999999999999,7.6370315551757812,,5.6432876586914062,
190.69999999999999,7.5169525146484375,,5.405670166015625,
190.80000000000001,7.4402999877929688,,5.1144027709960938,
190.90000000000001,7.317657470703125,,4.761810302734375,
191,7.218017578125,,4.542083740234375,
191.09999999999999,7.2870025634765625,,4.4909820556640625,
191.19999999999999,7.4070816040039062,,4.5369720458984375,
191.30000000000001,7.4709625244140625,,4.651947021484375,
191.40000000000001,7.5348358154296875,,4.8103561401367188,
191.5,7.6421432495117188,,5.0479736328125,
191.59999999999999,7.7801132202148438,,5.3980026245117188,
191.69999999999999,7.9589614868164062,,5.883453369140625,
191.80000000000001,8.1786956787109375,,6.4046783447265625,
191.90000000000001,8.3779830932617188,,6.8211441040039062,
192,8.5057373046875,,7.3142547607421875,
192.09999999999999,8.6641464233398438,,8.073089599609375,
192.19999999999999,8.8736572265625,,8.975006103515625,
192.30000000000001,9.0397262573242188,,9.9842300415039062,
192.40000000000001,9.1802520751953125,,11.067550659179688,
192.5,9.3769912719726562,,12.125320434570312,
192.59999999999999,9.5660629272460938,,13.241851806640625,
192.69999999999999,9.7270278930664062,,14.452926635742188,
192.80000000000001,9.9876327514648438,,15.566902160644531,
192.90000000000001,10.327445983886719,,16.381950378417969,
193,10.608497619628906,,17.151008605957031,
193.09999999999999,10.828231811523438,,18.091243743896484,
193.19999999999999,11.178260803222656,,18.844970703125,
193.30000000000001,11.543632507324219,,19.417289733886719,
193.40000000000001,11.735252380371094,,19.964061737060547,
193.5,11.811904907226562,,20.383079528808594,
193.59999999999999,11.638160705566406,,20.659019470214844,
193.69999999999999,11.139938354492188,,20.551708221435547,
193.80000000000001,10.498634338378906,,19.583366394042969,
193.90000000000001,9.8241119384765625,,17.843410491943359,
194,9.2364654541015625,,16.083015441894531,
194.09999999999999,8.89154052734375,,14.573013305664062,
194.19999999999999,8.7305755615234375,,13.154983520507812,
194.30000000000001,8.5542831420898438,,11.956687927246094,
194.40000000000001,8.3830947875976562,,10.960243225097656,
194.5,8.2783432006835938,,9.9740142822265625,
194.59999999999999,8.1429214477539062,,9.0925369262695312,
194.69999999999999,7.9870681762695312,,8.3643569946289062,
194.80000000000001,7.851654052734375,,7.6055221557617188,
194.90000000000001,7.6293716430664062,,6.8441390991210938,
195,7.41986083984375,,6.2615966796875,
195.09999999999999,7.4045257568359375,,5.8706817626953125,
195.19999999999999,7.437744140625,,5.5768585205078125,
195.30000000000001,7.3943099975585938,,5.32391357421875,
195.40000000000001,7.2921066284179688,,5.1246185302734375,
195.5,7.2026824951171875,,5.001983642578125,
195.59999999999999,7.1413650512695312,,4.9789886474609375,
195.69999999999999,7.0902633666992188,,4.927886962890625,
195.80000000000001,7.0366058349609375,,4.6774978637695312,
195.90000000000001,6.9063034057617188,,4.376007080078125,
196,6.857757568359375,,4.2635879516601562,
196.09999999999999,6.988067626953125,,4.33001708984375,
196.19999999999999,7.1004867553710938,,4.47564697265625,
196.30000000000001,7.1592483520507812,,4.6800537109375,
196.40000000000001,7.2512283325195312,,4.9304428100585938,
196.5,7.3687591552734375,,5.2523727416992188,
196.59999999999999,7.4888458251953125,,5.6432876586914062,
196.69999999999999,7.6549224853515625,,6.0112075805664062,
196.80000000000001,7.8082199096679688,,6.3101425170898438,
196.90000000000001,7.9640731811523438,,6.7419357299804688,
197,8.1991348266601562,,7.4726638793945312,
197.09999999999999,8.4801864624023438,,8.3337020874023438,
197.19999999999999,8.735687255859375,,9.268829345703125,
197.30000000000001,8.9349746704101562,,10.32659912109375,
197.40000000000001,9.1419296264648438,,11.432914733886719,
197.5,9.4076461791992188,,12.554557800292969,
197.59999999999999,9.7602386474609375,,13.591888427734375,
197.69999999999999,10.235466003417969,,14.401824951171875,
197.80000000000001,10.628936767578125,,15.068679809570312,
197.90000000000001,10.874221801757812,,15.853065490722656,
198,11.221702575683594,,16.696212768554688,
198.09999999999999,11.535964965820312,,17.462715148925781,
198.19999999999999,11.633056640625,,18.014595031738281,
198.30000000000001,11.489974975585938,,18.175559997558594,
198.40000000000001,10.91510009765625,,17.774425506591797,
198.5,10.184371948242188,,16.647666931152344,
198.59999999999999,9.7116928100585938,,15.145332336425781,
198.69999999999999,9.249237060546875,,13.650657653808594,
198.80000000000001,8.753570556640625,,12.329719543457031,
198.90000000000001,8.5031814575195312,,11.315383911132812,
199,8.4060897827148438,,10.421134948730469,
199.09999999999999,8.2578964233398438,,9.5703201293945312,
199.19999999999999,8.0892715454101562,,8.8217086791992188,
199.30000000000001,7.9513015747070312,,8.1727371215820312,
199.40000000000001,7.8082199096679688,,7.613189697265625,
199.5,7.6370315551757812,,7.0536422729492188,
199.59999999999999,7.4530715942382812,,6.4097824096679688,
199.69999999999999,7.27166748046875,,5.7991409301757812,
199.80000000000001,7.1745758056640625,,5.3928985595703125,
199.90000000000001,7.1796875,,5.1195144653320312,
200,7.1490325927734375,0,4.8844528198242188,0
200.09999999999999,7.0953750610351562,,4.6928253173828125,
200.19999999999999,7.0647125244140625,,4.5190887451171875,
200.30000000000001,6.97784423828125,,4.337677001953125,
200.40000000000001,6.8603134155273438,,4.1307220458984375,
200.5,6.821990966796875,,3.8828887939453125,
200.59999999999999,6.7964401245117188,,3.6478271484375,
200.69999999999999,6.8322067260742188,,3.5890655517578125,
200.80000000000001,7.023834228515625,,3.7014846801757812,
200.90000000000001,7.1950225830078125,,3.9365463256835938,
201,7.3202133178710938,,4.33001708984375,
201.09999999999999,7.4914016723632812,,4.871673583984375,
201.19999999999999,7.703460693359375,,5.5053176879882812,
201.30000000000001,7.9231948852539062,,6.251373291015625,
201.40000000000001,8.173583984375,,7.0127639770507812,
201.5,8.4112014770507812,,7.7639389038085938,
201.59999999999999,8.55938720703125,,8.6862869262695312,
201.69999999999999,8.7586822509765625,,9.9382400512695312,
201.80000000000001,9.0729446411132812,,11.404808044433594,
201.90000000000001,9.4127578735351562,,13.034896850585938,
202,9.7040328979492188,,15.038017272949219,
202.09999999999999,9.9467544555664062,,17.368179321289062,
202.19999999999999,10.294235229492188,,19.820980072021484,
202.30000000000001,10.769462585449219,,22.312103271484375,
202.40000000000001,11.088836669921875,,24.951419830322266,
202.5,11.254913330078125,,28.04296875,
202.59999999999999,11.5947265625,,31.816703796386719,
202.69999999999999,12.264137268066406,,36.012016296386719,
202.80000000000001,12.933547973632812,,40.511367797851562,
202.90000000000001,13.838020324707031,,45.549827575683594,
203,15.049087524414062,,51.175941467285156,
203.09999999999999,15.95611572265625,,57.905807495117188,
203.19999999999999,16.768604278564453,,65.609130859375,
203.30000000000001,17.317928314208984,,72.591949462890625,
203.40000000000001,17.918354034423828,,78.097976684570312,
203.5,19.004230499267578,,80.875259399414062,
203.59999999999999,19.821830749511719,,81.19207763671875,
203.69999999999999,20.090103149414062,,81.19207763671875,
203.80000000000001,20.189750671386719,,81.19207763671875,
203.90000000000001,20.325164794921875,,81.19207763671875,
204,20.376262664794922,,81.19207763671875,
204.09999999999999,20.274063110351562,,81.19207763671875,
204.19999999999999,20.039005279541016,,81.19207763671875,
204.30000000000001,19.885704040527344,,81.19207763671875,
204.40000000000001,19.74517822265625,,81.19207763671875,
204.5,19.415584564208984,,81.19207763671875,
204.59999999999999,19.241844177246094,,81.19207763671875,
204.69999999999999,19.280170440673828,,81.19207763671875,
204.80000000000001,19.405364990234375,,81.19207763671875,
204.90000000000001,19.982795715332031,,81.19207763671875,
205,20.598548889160156,,81.19207763671875,
205.09999999999999,20.516788482666016,,81.19207763671875,
205.19999999999999,20.09521484375,,81.19207763671875,
205.30000000000001,19.921474456787109,,81.19207763671875,
205.40000000000001,19.855045318603516,,81.19207763671875,
205.5,19.676193237304688,,81.19207763671875,
205.59999999999999,19.234180450439453,,81.19207763671875,
205.69999999999999,18.396137237548828,,81.19207763671875,
205.80000000000001,17.496780395507812,,81.19207763671875,
205.90000000000001,16.806930541992188,,81.19207763671875,
206,16.234607696533203,,81.097541809082031,
206.09999999999999,15.557533264160156,,79.252830505371094,
206.19999999999999,14.739936828613281,,75.118843078613281,
206.30000000000001,13.853347778320312,,70.680809020996094,
206.40000000000001,13.079185485839844,,66.194229125976562,
206.5,12.442985534667969,,61.181320190429688,
206.59999999999999,11.755691528320312,,56.073875427246094,
206.69999999999999,11.13482666015625,,51.339458465576172,
206.80000000000001,10.769462585449219,,47.049613952636719,
206.90000000000001,10.465415954589844,,43.199230194091797,
207,10.043846130371094,,39.826629638671875,
207.09999999999999,9.535400390625,,36.717193603515625,
207.19999999999999,9.0243988037109375,,33.602649688720703,
207.30000000000001,8.6564788818359375,,30.34246826171875,
207.40000000000001,8.37542724609375,,27.112949371337891,
207.5,8.0662765502929688,,24.432754516601562,
207.59999999999999,7.8644256591796875,,22.329990386962891,
207.69999999999999,7.759674072265625,,20.383079528808594,
207.80000000000001,7.6012649536132812,,18.722332000732422,
207.90000000000001,7.3866424560546875,,17.306861877441406,
208,7.1234817504882812,,16.054908752441406,
208.09999999999999,6.9011917114257812,,15.043128967285156,
208.19999999999999,6.765777587890625,,13.993026733398438,
208.30000000000001,6.6354751586914062,,12.758956909179688,
208.40000000000001,6.5256118774414062,,11.568328857421875,
208.5,6.5128326416015625,,10.653640747070312,
208.59999999999999,6.5383834838867188,,9.912689208984375,
208.69999999999999,6.5434951782226562,,9.233062744140625,
208.80000000000001,6.57415771484375,,8.59686279296875,
208.90000000000001,6.6073684692382812,,8.0015487670898438,
209,6.57415771484375,,7.5058822631835938,
209.09999999999999,6.4949493408203125,,7.0076522827148438,
209.19999999999999,6.3007659912109375,,6.3867874145507812,
209.30000000000001,6.0324935913085938,,5.8093643188476562,
209.40000000000001,5.955841064453125,,5.4082260131835938,
209.5,6.0452728271484375,,5.093963623046875,
209.59999999999999,6.1117019653320312,,4.797576904296875,
209.69999999999999,6.1525802612304688,,4.5114212036132812,
209.80000000000001,6.16790771484375,,4.238037109375,
209.90000000000001,6.16790771484375,,4.0106430053710938,
210,6.2113418579101562,0,3.785797119140625,0
210.09999999999999,6.2573318481445312,,3.4587631225585938,
210.19999999999999,6.22412109375,,3.1112823486328125,
210.30000000000001,6.2471160888671875,,2.8787765502929688,
210.40000000000001,6.3390960693359375,,2.6973724365234375,
210.5,6.3390960693359375,,2.536407470703125,
210.59999999999999,6.3007659912109375,,2.4137649536132812,
210.69999999999999,6.2649993896484375,,2.3013458251953125,
210.80000000000001,6.1806869506835938,,2.222137451171875,
210.90000000000001,6.0606002807617188,,2.23236083984375,
211,5.902191162109375,,2.2834625244140625,
211.09999999999999,5.8613128662109375,,2.3320083618164062,
211.19999999999999,6.0350494384765625,,2.45208740234375,
211.30000000000001,6.185791015625,,2.664154052734375,
211.40000000000001,6.2036819458007812,,2.9273223876953125,
211.5,6.196014404296875,,3.2364730834960938,
211.59999999999999,6.213897705078125,,3.601837158203125,
211.69999999999999,6.2292327880859375,,4.0668487548828125,
211.80000000000001,6.252227783203125,,4.62384033203125,
211.90000000000001,6.2982177734375,,5.1833877563476562,
212,6.3774185180664062,,5.8042526245117188,
212.09999999999999,6.5869293212890625,,6.6269607543945312,
212.19999999999999,6.8705368041992188,,7.595306396484375,
212.30000000000001,7.0672683715820312,,8.74505615234375,
212.40000000000001,7.2384567260742188,,10.137527465820312,
212.5,7.5552749633789062,,11.703742980957031,
212.59999999999999,7.9972915649414062,,13.407928466796875,
212.69999999999999,8.4060897827148438,,15.25775146484375,
212.80000000000001,8.7152481079101562,,17.483154296875,
212.90000000000001,9.1010513305664062,,20.385635375976562,
213,9.79345703125,,23.638149261474609,
213.09999999999999,10.531852722167969,,27.210041046142578,
213.19999999999999,11.224250793457031,,31.510105133056641,
213.30000000000001,12.182380676269531,,36.471916198730469,
213.40000000000001,13.441993713378906,,41.983047485351562,
213.5,14.747596740722656,,48.209583282470703,
213.59999999999999,15.833473205566406,,55.435123443603516,
213.69999999999999,16.919349670410156,,64.247314453125,
213.80000000000001,18.117645263671875,,73.818344116210938,
213.90000000000001,19.096210479736328,,79.825149536132812,
214,19.847377777099609,,81.19207763671875,
214.09999999999999,20.501457214355469,,81.19207763671875,
214.19999999999999,20.979244232177734,,81.19207763671875,
214.30000000000001,21.175979614257812,,81.19207763671875,
214.40000000000001,21.165760040283203,,81.19207763671875,
214.5,21.147872924804688,,81.19207763671875,
214.59999999999999,20.961357116699219,,81.19207763671875,
214.69999999999999,20.746738433837891,,81.19207763671875,
214.80000000000001,20.557670593261719,,81.19207763671875,
214.90000000000001,19.918918609619141,,81.19207763671875,
215,18.909694671630859,,81.19207763671875,
215.09999999999999,17.685848236083984,,81.19207763671875,
215.19999999999999,16.612747192382812,,81.19207763671875,
215.30000000000001,15.951004028320312,,81.19207763671875,
215.40000000000001,15.355690002441406,,80.665748596191406,
215.5,14.647956848144531,,78.1925048828125,
215.59999999999999,13.901893615722656,,73.994644165039062,
215.69999999999999,13.186492919921875,,69.38031005859375,
215.80000000000001,12.445541381835938,,64.840080261230469,
215.90000000000001,11.822120666503906,,60.966697692871094,
216,11.5589599609375,,57.136753082275391,
216.09999999999999,11.349449157714844,,53.099853515625,
216.19999999999999,10.95086669921875,,49.303123474121094,
216.30000000000001,10.483306884765625,,45.881980895996094,
216.40000000000001,9.9518661499023438,,42.851749420166016,
216.5,9.4306411743164062,,39.732093811035156,
216.59999999999999,8.9886322021484375,,36.645652770996094,
216.69999999999999,8.6207122802734375,,34.077880859375,
216.80000000000001,8.37542724609375,,32.005775451660156,
216.90000000000001,8.1429214477539062,,30.260707855224609,
217,7.8490982055664062,,28.684276580810547,
217.09999999999999,7.56549072265625,,27.033744812011719,
217.19999999999999,7.2691116333007812,,25.395988464355469,
217.30000000000001,6.9599609375,,23.842548370361328,
217.40000000000001,6.730010986328125,,22.189464569091797,
217.5,6.5205001831054688,,20.339645385742188,
217.59999999999999,6.3084335327148438,,18.857746124267578,
217.69999999999999,6.2215652465820312,,17.75909423828125,
217.80000000000001,6.178131103515625,,16.668113708496094,
217.90000000000001,6.121917724609375,,15.671661376953125,
218,6.1193618774414062,,14.7237548828125,
218.09999999999999,6.1270294189453125,,13.78607177734375,
218.19999999999999,6.0989227294921875,,12.845832824707031,
218.30000000000001,6.0912628173828125,,11.823829650878906,
218.40000000000001,6.0887069702148438,,10.689407348632812,
218.5,6.0708160400390625,,9.70062255859375,
218.59999999999999,6.1014785766601562,,8.9954452514648438,
218.69999999999999,6.1295852661132812,,8.405242919921875,
218.80000000000001,6.0989227294921875,,7.8201446533203125,
218.90000000000001,6.047821044921875,,7.2376022338867188,
219,6.0273818969726562,,6.6959457397460938,
219.09999999999999,5.994171142578125,,6.1900558471679688,
219.19999999999999,5.8791961669921875,,5.65350341796875,
219.30000000000001,5.7667770385742188,,5.0786285400390625,
219.40000000000001,5.6977920532226562,,4.58807373046875,
219.5,5.736114501953125,,4.245697021484375,
219.59999999999999,5.8536453247070312,,3.9416580200195312,
219.69999999999999,5.920074462890625,,3.6554946899414062,
219.80000000000001,6.0452728271484375,,3.4485397338867188,
219.90000000000001,6.20623779296875,,3.2799072265625,
220,6.2982177734375,6.4377679824829102,3.1266098022460938,5.747126579284668
220.09999999999999,6.3927459716796875,,2.96820068359375,
220.19999999999999,6.4770660400390625,,2.7535781860351562,
220.30000000000001,6.4208526611328125,,2.4674224853515625,
220.40000000000001,6.3416519165039062,,2.2170333862304688,
220.5,6.3953018188476562,,2.0509567260742188,
220.59999999999999,6.4055252075195312,,1.9155426025390625,
220.69999999999999,6.2931060791015625,,1.88232421875,
220.80000000000001,6.139801025390625,,1.9972991943359375,
220.90000000000001,6.0452728271484375,,2.1940383911132812,
221,6.0350494384765625,,2.4214324951171875,
221.09999999999999,6.0733718872070312,,2.67437744140625,
221.19999999999999,6.0810394287109375,,2.9477615356445312,
221.30000000000001,6.0835952758789062,,3.290130615234375,
221.40000000000001,6.2343368530273438,,3.8011322021484375,
221.5,6.436187744140625,,4.4654312133789062,
221.59999999999999,6.5256118774414062,,5.2344894409179688,
221.69999999999999,6.6124801635742188,,6.0801925659179688,
221.80000000000001,6.7862167358398438,,6.9616622924804688,
221.90000000000001,6.967620849609375,,7.89935302734375,
222,7.12603759765625,,8.85491943359375,
222.09999999999999,7.2742233276367188,,9.7338409423828125,
222.19999999999999,7.3662033081054688,,10.612762451171875,
222.30000000000001,7.49395751953125,,11.711410522460938,
222.40000000000001,7.8567657470703125,,12.789619445800781,
222.5,8.551727294921875,,13.617439270019531,
222.59999999999999,9.16748046875,,14.437591552734375,
222.69999999999999,9.44342041015625,,15.36761474609375,
222.80000000000001,9.471527099609375,,16.113677978515625,
222.90000000000001,9.3105621337890625,,16.108566284179688,
223,9.0780563354492188,,15.084007263183594,
223.09999999999999,8.7331314086914062,,13.487136840820312,
223.19999999999999,8.4699630737304688,,12.112548828125,
223.30000000000001,8.4725189208984375,,10.990898132324219,
223.40000000000001,8.4980697631835938,,9.9254684448242188,
223.5,8.37542724609375,,9.0567626953125,
223.59999999999999,8.1991348266601562,,8.366912841796875,
223.69999999999999,8.0151748657226562,,7.8048171997070312,
223.80000000000001,7.833770751953125,,7.2018356323242188,
223.90000000000001,7.63958740234375,,6.5324249267578125,
224,7.483734130859375,,5.9882125854492188,
224.09999999999999,7.4607391357421875,,5.6126251220703125,
224.19999999999999,7.4888458251953125,,5.2830276489257812,
224.30000000000001,7.4581832885742188,,4.9713211059570312,
224.40000000000001,7.4224166870117188,,4.6774978637695312,
224.5,7.4632949829101562,,4.3990020751953125,
224.59999999999999,7.4965057373046875,,4.1205062866210938,
224.69999999999999,7.4888458251953125,,3.7730255126953125,
224.80000000000001,7.3943099975585938,,3.37188720703125,
224.90000000000001,7.23590087890625,,3.0550689697265625,
225,7.1771316528320312,,2.8685531616210938,
225.09999999999999,7.1566925048828125,,2.7459182739257812,
225.19999999999999,7.0902633666992188,,2.6897048950195312,
225.30000000000001,6.9982833862304688,,2.720367431640625,
225.40000000000001,6.8705368041992188,,2.830230712890625,
225.5,6.7555618286132812,,3.0116348266601562,
225.59999999999999,6.7376708984375,,3.2134780883789062,
225.69999999999999,6.71978759765625,,3.4127731323242188,
225.80000000000001,6.7632217407226562,,3.7551422119140625,
225.90000000000001,6.9804000854492188,,4.2865829467773438,
226,7.2282333374023438,,4.8895645141601562,
226.09999999999999,7.4300765991210938,,5.5283126831054688,
226.19999999999999,7.6165924072265625,,6.2207183837890625,
226.30000000000001,7.8286590576171875,,6.969329833984375,
226.40000000000001,8.11737060546875,,7.7128372192382812,
226.5,8.4801864624023438,,8.3285903930664062,
226.59999999999999,8.7280197143554688,,8.8114852905273438,
226.69999999999999,8.8711013793945312,,9.3684768676757812,
226.80000000000001,9.1419296264648438,,10.094093322753906,
226.90000000000001,9.55328369140625,,10.7864990234375,
227,10.005516052246094,,11.363929748535156,
227.09999999999999,10.411766052246094,,11.949028015136719,
227.19999999999999,10.705589294433594,,12.562225341796875,
227.30000000000001,10.881881713867188,,13.183090209960938,
227.40000000000001,10.830787658691406,,13.522903442382812,
227.5,10.393882751464844,,13.119216918945312,
227.59999999999999,9.7602386474609375,,12.061447143554688,
227.69999999999999,9.3437728881835938,,10.901473999023438,
227.80000000000001,9.2287979125976562,,9.8564834594726562,
227.90000000000001,9.1419296264648438,,8.9980010986328125,
228,8.9528579711914062,,8.3899078369140625,
228.09999999999999,8.7407913208007812,,7.8763580322265625,
228.19999999999999,8.5057373046875,,7.4266738891601562,
228.30000000000001,8.275787353515625,,6.9948806762695312,
228.40000000000001,8.1045989990234375,,6.4608840942382812,
228.5,7.887420654296875,,5.8860092163085938,
228.59999999999999,7.6600265502929688,,5.4439926147460938,
228.69999999999999,7.539947509765625,,5.0965194702148438,
228.80000000000001,7.409637451171875,,4.77203369140625,
228.90000000000001,7.2461166381835938,,4.5190887451171875,
229,7.1183700561523438,,4.284027099609375,
229.09999999999999,7.0366058349609375,,4.043853759765625,
229.19999999999999,6.949737548828125,,3.8445663452148438,
229.30000000000001,6.86798095703125,,3.601837158203125,
229.40000000000001,6.7964401245117188,,3.244140625,
229.5,6.6329193115234375,,2.9119873046875,
229.59999999999999,6.5026168823242188,,2.6897048950195312,
229.69999999999999,6.507720947265625,,2.536407470703125,
229.80000000000001,6.482177734375,,2.3907699584960938,
229.90000000000001,6.4336318969726562,,2.260467529296875,
230,6.454071044921875,6.4377679824829102,2.2016983032226562,5.747126579284668
230.09999999999999,6.5026168823242188,,2.2553558349609375,
230.19999999999999,6.5051727294921875,,2.4112091064453125,
230.30000000000001,6.5486068725585938,,2.5823974609375,
230.40000000000001,6.6482467651367188,,2.7050323486328125,
230.5,6.783660888671875,,2.8915481567382812,
230.59999999999999,7.041717529296875,,3.2083740234375,
230.69999999999999,7.3023300170898438,,3.5967330932617188,
230.80000000000001,7.4607391357421875,,4.025970458984375,
230.90000000000001,7.5808258056640625,,4.49609375,
231,7.7315673828125,,5.0403060913085938,
231.09999999999999,7.953857421875,,5.6432876586914062,
231.19999999999999,8.2732315063476562,,6.215606689453125,
231.30000000000001,8.605377197265625,,6.6627273559570312,
231.40000000000001,8.8251113891601562,,7.079193115234375,
231.5,9.0882720947265625,,7.67706298828125,
231.59999999999999,9.4996261596679688,,8.4001312255859375,
231.69999999999999,9.88543701171875,,9.1615219116210938,
231.80000000000001,10.268684387207031,,9.9331283569335938,
231.90000000000001,10.720916748046875,,10.663864135742188,
232,10.98919677734375,,11.363929748535156,
232.09999999999999,10.76690673828125,,11.823829650878906,
232.19999999999999,10.184371948242188,,11.568328857421875,
232.30000000000001,9.535400390625,,10.587211608886719,
232.40000000000001,9.0039596557617188,,9.600982666015625,
232.5,8.7229080200195312,,8.8983535766601562,
232.59999999999999,8.5721664428710938,,8.2928237915039062,
232.69999999999999,8.3600997924804688,,7.7434921264648438,
232.80000000000001,8.1250381469726562,,7.2299423217773438,
232.90000000000001,7.9308624267578125,,6.7623748779296875,
233,7.7443466186523438,,6.325469970703125,
233.09999999999999,7.6165924072265625,,5.8323593139648438,
233.19999999999999,7.5220565795898438,,5.2830276489257812,
233.30000000000001,7.4402999877929688,,4.8665695190429688,
233.40000000000001,7.4224166870117188,,4.6187286376953125,
233.5,7.4173049926757812,,4.3887786865234375,
233.59999999999999,7.3994216918945312,,4.1562728881835938,
233.69999999999999,7.3789825439453125,,3.9569854736328125,
233.80000000000001,7.3662033081054688,,3.7755813598632812,
233.90000000000001,7.317657470703125,,3.5992889404296875,
234,7.2333450317382812,,3.417877197265625,
234.09999999999999,7.172027587890625,,3.2058181762695312,
234.19999999999999,7.1004867553710938,,3.04229736328125,
234.30000000000001,7.0749359130859375,,3.0525131225585938,
234.40000000000001,7.1541366577148438,,3.162384033203125,
234.5,7.243560791015625,,3.3335647583007812,
234.59999999999999,7.3406524658203125,,3.5967330932617188,
234.69999999999999,7.4811782836914062,,3.92376708984375,
234.80000000000001,7.6549224853515625,,4.3172378540039062,
234.90000000000001,7.82354736328125,,4.761810302734375,
235,7.9896240234375,,5.1910476684570312,
235.09999999999999,8.063720703125,,5.6024093627929688,
235.19999999999999,8.11737060546875,,6.1619491577148438,
235.30000000000001,8.3549880981445312,,6.9131240844726562,
235.40000000000001,8.6411514282226562,,7.7358322143554688,
235.5,8.8557662963867188,,8.5840911865234375,
235.59999999999999,9.1240463256835938,,9.4016876220703125,
235.69999999999999,9.47918701171875,,10.170745849609375,
235.80000000000001,9.8496627807617188,,10.909141540527344,
235.90000000000001,10.102607727050781,,11.461021423339844,
236,9.9160919189453125,,11.499343872070312,
236.09999999999999,9.341217041015625,,10.960243225097656,
236.19999999999999,8.863433837890625,,10.165634155273438,
236.30000000000001,8.6513671875,,9.33270263671875,
236.40000000000001,8.5006256103515625,,8.6096420288085938,
236.5,8.2860031127929688,,8.027099609375,
236.59999999999999,8.1045989990234375,,7.4803314208984375,
236.69999999999999,7.953857421875,,6.9821090698242188,
236.80000000000001,7.8107757568359375,,6.5247573852539062,
236.90000000000001,7.7213516235351562,,6.0035400390625,
237,7.5731582641601562,,5.4005584716796875,
237.09999999999999,7.355987548828125,,4.9151077270507812,
237.19999999999999,7.2665557861328125,,4.6110687255859375,
237.30000000000001,7.2742233276367188,,4.3785629272460938,
237.40000000000001,7.2588958740234375,,4.1869354248046875,
237.5,7.2205657958984375,,4.0106430053710938,
237.59999999999999,7.19757080078125,,3.859893798828125,
237.69999999999999,7.172027587890625,,3.7244796752929688,
237.80000000000001,7.115814208984375,,3.548187255859375,
237.90000000000001,7.0851516723632812,,3.3105697631835938,
238,7.01361083984375,,3.0908432006835938,
238.09999999999999,7.0110626220703125,,3.032073974609375,
238.19999999999999,7.1643600463867188,,3.1112823486328125,
238.30000000000001,7.3048858642578125,,3.2594680786132812,
238.40000000000001,7.4070816040039062,,3.4817581176757812,
238.5,7.52972412109375,,3.750030517578125,
238.59999999999999,7.6549224853515625,,4.0668487548828125,
238.69999999999999,7.741790771484375,,4.4526519775390625,
238.80000000000001,7.8261032104492188,,4.8205718994140625,
238.90000000000001,7.89764404296875,,5.1067352294921875,
239,7.9666290283203125,,5.4261093139648438,
239.09999999999999,8.1761398315429688,,5.9166717529296875,
239.19999999999999,8.4674072265625,,6.5017623901367188,
239.30000000000001,8.7254638671875,,7.1149673461914062,
239.40000000000001,8.973297119140625,,7.797149658203125,
239.5,9.2364654541015625,,8.5099945068359375,
239.59999999999999,9.5277328491210938,,9.233062744140625,
239.69999999999999,9.8803253173828125,,9.8973617553710938,
239.80000000000001,10.235466003417969,,10.242286682128906,
239.90000000000001,10.186927795410156,,10.209068298339844,
240,9.755126953125,0,9.99700927734375,0
240.09999999999999,9.3769912719726562,,9.5677642822265625,
240.19999999999999,9.1189346313476562,,8.9315719604492188,
240.30000000000001,8.8864288330078125,,8.3285903930664062,
240.40000000000001,8.6769180297851562,,7.7741546630859375,
240.5,8.495513916015625,,7.1865081787109375,
240.59999999999999,8.2451248168945312,,6.665283203125,
240.69999999999999,7.9972915649414062,,6.1926116943359375,
240.80000000000001,7.8388824462890625,,5.5972976684570312,
240.90000000000001,7.71368408203125,,5.0173110961914062,
241,7.7187957763671875,,4.6493911743164062,
241.09999999999999,7.8312149047851562,,4.3836669921875,
241.19999999999999,7.8363265991210938,,4.1383895874023438,
241.30000000000001,7.7341232299804688,,3.9391021728515625,
241.40000000000001,7.611480712890625,,3.7755813598632812,
241.5,7.4888458251953125,,3.6095046997070312,
241.59999999999999,7.38153076171875,,3.4229888916015625,
241.69999999999999,7.327880859375,,3.2288131713867188,
241.80000000000001,7.243560791015625,,3.0346298217773438,
241.90000000000001,7.1566925048828125,,2.9707565307617188,
242,7.2205657958984375,,3.0678482055664062,
242.09999999999999,7.3585357666015625,,3.2109222412109375,
242.19999999999999,7.437744140625,,3.3769989013671875,
242.30000000000001,7.4530715942382812,,3.5507431030273438,
242.40000000000001,7.4786224365234375,,3.7295913696289062,
242.5,7.5143966674804688,,3.9672088623046875,
242.59999999999999,7.5680465698242188,,4.2431488037109375,
242.69999999999999,7.667694091796875,,4.4628753662109375,
242.80000000000001,7.7162399291992188,,4.6723861694335938,
242.90000000000001,7.7801132202148438,,5.0709686279296875,
243,7.9870681762695312,,5.65350341796875,
243.09999999999999,8.2349014282226562,,6.3561325073242188,
243.19999999999999,8.4929580688476562,,7.1302947998046875,
243.30000000000001,8.8353271484375,,7.917236328125,
243.40000000000001,9.1802520751953125,,8.7603836059570312,
243.5,9.489410400390625,,9.6878509521484375,
243.59999999999999,9.8598861694335938,,10.54888916015625,
243.69999999999999,10.181816101074219,,11.24639892578125,
243.80000000000001,10.450088500976562,,11.933692932128906,
243.90000000000001,10.912544250488281,,12.7359619140625,
244,11.359672546386719,,13.512687683105469,
244.09999999999999,11.413322448730469,,14.021133422851562,
244.19999999999999,11.02496337890625,,14.151435852050781,
244.30000000000001,10.416877746582031,,13.727302551269531,
244.40000000000001,9.9160919189453125,,12.86627197265625,
244.5,9.5583953857421875,,11.892814636230469,
244.59999999999999,9.249237060546875,,10.80438232421875,
244.69999999999999,8.8838729858398438,,9.7261734008789062,
244.80000000000001,8.5772781372070312,,8.9520111083984375,
244.90000000000001,8.4546356201171875,,8.3566970825195312,
245,8.3422164916992188,,7.8431396484375,
245.09999999999999,8.183807373046875,,7.4215621948242188,
245.19999999999999,8.0841598510742188,,7.0076522827148438,
245.30000000000001,7.9231948852539062,,6.6269607543945312,
245.40000000000001,7.7571182250976562,,6.2743682861328125,
245.5,7.6753616333007812,,5.865570068359375,
245.59999999999999,7.5680465698242188,,5.35968017578125,
245.69999999999999,7.41986083984375,,4.9789886474609375,
245.80000000000001,7.3943099975585938,,4.7694778442382812,
245.90000000000001,7.3840866088867188,,4.5752944946289062,
246,7.3151016235351562,,4.4066619873046875,
246.09999999999999,7.2691116333007812,,4.284027099609375,
246.19999999999999,7.2461166381835938,,4.19970703125,
246.30000000000001,7.2410125732421875,,4.19970703125,
246.40000000000001,7.2588958740234375,,4.22015380859375,
246.5,7.23590087890625,,4.1894912719726562,
246.59999999999999,7.19757080078125,,4.2967987060546875,
246.69999999999999,7.317657470703125,,4.65960693359375,
246.80000000000001,7.5884857177734375,,5.1271743774414062,
246.90000000000001,7.8082199096679688,,5.6713943481445312,
247,7.9180831909179688,,6.3459091186523438,
247.09999999999999,7.9972915649414062,,7.1021881103515625,
247.19999999999999,8.0867156982421875,,7.9223480224609375,
247.30000000000001,8.1965789794921875,,8.7654953002929688,
247.40000000000001,8.3524322509765625,,9.4732284545898438,
247.5,8.5363922119140625,,10.10687255859375,
247.59999999999999,8.8481063842773438,,10.888702392578125,
247.69999999999999,9.3105621337890625,,11.742073059082031,
247.80000000000001,9.7500228881835938,,12.539230346679688,
247.90000000000001,10.089836120605469,,13.23419189453125,
248,10.212471008300781,,13.709419250488281,
248.09999999999999,9.9569778442382812,,13.809066772460938,
248.19999999999999,9.4357528686523438,,13.198417663574219,
248.30000000000001,8.9503021240234375,,11.8902587890625,
248.40000000000001,8.5185089111328125,,10.472236633300781,
248.5,8.1889114379882812,,9.4195785522460938,
248.59999999999999,8.0892715454101562,,8.6786270141601562,
248.69999999999999,8.0688323974609375,,8.0807571411132812,
248.80000000000001,8.0202865600585938,,7.56719970703125,
248.90000000000001,7.9129714965820312,,7.1072998046875,
249,7.7928924560546875,,6.693389892578125,
249.09999999999999,7.6830215454101562,,6.3331375122070312,
249.19999999999999,7.5731582641601562,,5.9192276000976562,
249.30000000000001,7.4300765991210938,,5.3980026245117188,
249.40000000000001,7.2665557861328125,,4.9789886474609375,
249.5,7.2001266479492188,,4.7490386962890625,
249.59999999999999,7.1592483520507812,,4.567626953125,
249.69999999999999,7.0774917602539062,,4.3964462280273438,
249.80000000000001,7.0263900756835938,,4.2993545532226562,
249.90000000000001,7.0033950805664062,,4.2942428588867188,
250,7.0085067749023438,14.274385452270508,4.376007080078125,14.274385452270508
250.09999999999999,7.059600830078125,,4.5701828002929688,
250.19999999999999,7.097930908203125,,4.8691177368164062,
250.30000000000001,7.1234817504882812,,5.3750076293945312,
250.40000000000001,7.23590087890625,,6.1823883056640625,
250.5,7.4454116821289062,,7.1481781005859375,
250.59999999999999,7.6702499389648438,,8.2800445556640625,
250.69999999999999,7.9129714965820312,,9.618865966796875,
250.80000000000001,8.2808914184570312,,11.108428955078125,
250.90000000000001,8.8532180786132812,,12.876487731933594,
251,9.5711669921875,,14.966484069824219,
251.09999999999999,10.271240234375,,17.235321044921875,
251.19999999999999,10.902320861816406,,19.958950042724609,
251.30000000000001,11.612617492675781,,23.612598419189453,
251.40000000000001,12.537521362304688,,28.1170654296875,
251.5,13.551856994628906,,33.712512969970703,
251.59999999999999,14.645401000976562,,40.345294952392578,
251.69999999999999,15.820697784423828,,47.987300872802734,
251.80000000000001,16.929569244384766,,56.965568542480469,
251.90000000000001,17.900470733642578,,65.925949096679688,
252,18.613315582275391,,74.170936584472656,
252.09999999999999,19.287834167480469,,79.72039794921875,
252.19999999999999,20.179527282714844,,81.19207763671875,
252.30000000000001,20.606212615966797,,81.19207763671875,
252.40000000000001,20.478462219238281,,81.19207763671875,
252.5,20.621543884277344,,81.19207763671875,
252.59999999999999,20.981800079345703,,81.19207763671875,
252.69999999999999,21.301174163818359,,81.19207763671875,
252.80000000000001,21.342052459716797,,81.19207763671875,
252.90000000000001,21.078887939453125,,81.19207763671875,
253,20.925590515136719,,81.19207763671875,
253.09999999999999,20.810615539550781,,81.19207763671875,
253.19999999999999,20.659870147705078,,81.19207763671875,
253.30000000000001,20.585773468017578,,81.19207763671875,
253.40000000000001,20.501457214355469,,81.19207763671875,
253.5,20.332828521728516,,81.19207763671875,
253.59999999999999,19.671085357666016,,81.19207763671875,
253.69999999999999,18.815158843994141,,81.19207763671875,
253.80000000000001,18.171298980712891,,81.19207763671875,
253.90000000000001,17.481449127197266,,81.19207763671875,
254,17.024105072021484,,81.19207763671875,
254.09999999999999,16.72772216796875,,81.19207763671875,
254.19999999999999,16.295928955078125,,80.412803649902344,
254.30000000000001,15.593303680419922,,77.075973510742188,
254.40000000000001,14.670951843261719,,72.0860595703125,
254.5,13.991317749023438,,67.188125610351562,
254.59999999999999,13.367897033691406,,62.067901611328125,
254.69999999999999,12.611618041992188,,56.753501892089844,
254.80000000000001,11.995864868164062,,51.865791320800781,
254.90000000000001,11.400550842285156,,47.828887939453125,
255,10.800125122070312,,43.958065032958984,
255.09999999999999,10.217582702636719,,39.325847625732422,
255.19999999999999,9.5839462280273438,,34.599098205566406,
255.30000000000001,9.1138229370117188,,30.817699432373047,
255.40000000000001,8.7944488525390625,,27.938213348388672,
255.5,8.4623031616210938,,25.638713836669922,
255.59999999999999,8.1761398315429688,,23.61004638671875,
255.69999999999999,7.91552734375,,21.594150543212891,
255.80000000000001,7.6421432495117188,,19.67279052734375,
255.90000000000001,7.41986083984375,,17.799976348876953,
256,7.1669158935546875,,15.847953796386719,
256.10000000000002,6.8884201049804688,,14.166763305664062,
256.19999999999999,6.6993484497070312,,12.932701110839844,
256.30000000000001,6.5767059326171875,,11.895370483398438,
256.39999999999998,6.4285202026367188,,11.021560668945312,
256.5,6.2598876953125,,10.349594116210938,
256.60000000000002,6.1372528076171875,,9.7619476318359375,
256.69999999999999,6.1372528076171875,,9.1180877685546875,
256.80000000000001,6.2215652465820312,,8.3260345458984375,
256.89999999999998,6.196014404296875,,7.503326416015625,
257,6.0784835815429688,,6.8569107055664062,
257.10000000000002,6.0452728271484375,,6.4327774047851562,
257.19999999999999,6.0069427490234375,,6.1108474731445312,
257.30000000000001,5.9328460693359375,,5.8630142211914062,
257.39999999999998,5.955841064453125,,5.709716796875,
257.5,5.976287841796875,,5.5691909790039062,
257.60000000000002,5.8613128662109375,,5.3954544067382812,
257.69999999999999,5.810211181640625,,5.0862960815429688,
257.80000000000001,5.828094482421875,,4.6468353271484375,
257.89999999999998,5.7872161865234375,,4.2993545532226562,
258,5.7897720336914062,,4.1894912719726562,
258.10000000000002,5.8204269409179688,,4.1639404296875,
258.19999999999999,5.856201171875,,4.0566329956054688,
258.30000000000001,5.9149627685546875,,4.0131988525390625,
258.39999999999998,5.9609527587890625,,4.1971588134765625,
258.5,6.0376052856445312,,4.467987060546875,
258.60000000000002,6.1551361083984375,,4.5829620361328125,
258.69999999999999,6.178131103515625,,4.6187286376953125,
258.80000000000001,6.1117019653320312,,5.0275344848632812,
258.89999999999998,6.1295852661132812,,5.9013442993164062,
259,6.2624435424804688,,6.9540023803710938,
259.10000000000002,6.4029693603515625,,8.1676254272460938,
259.19999999999999,6.5128326416015625,,9.5882034301757812,
259.30000000000001,6.6482467651367188,,11.241287231445312,
259.39999999999998,6.9292984008789062,,13.221412658691406,
259.5,7.5067291259765625,,15.689544677734375,
259.60000000000002,8.3600997924804688,,19.087696075439453,
259.69999999999999,9.7270278930664062,,24.067390441894531,
259.80000000000001,11.719924926757812,,31.313369750976562,
259.89999999999998,13.797142028808594,,41.482269287109375,
260,15.636737823486328,8.28729248046875,54.017097473144531,7.6726341247558594
260.10000000000002,17.218284606933594,,66.5289306640625,
260.19999999999999,18.677188873291016,,76.442329406738281,
260.30000000000001,19.931694030761719,,80.839485168457031,
260.39999999999998,20.751850128173828,,81.19207763671875,
260.5,21.119770050048828,,81.19207763671875,
260.60000000000002,21.252628326416016,,81.19207763671875,
260.69999999999999,21.349720001220703,,81.19207763671875,
260.80000000000001,21.398262023925781,,81.19207763671875,
260.89999999999998,21.707420349121094,,81.19207763671875,
261,22.093223571777344,,81.19207763671875,
261.10000000000002,22.169872283935547,,81.19207763671875,
261.19999999999999,21.932258605957031,,81.19207763671875,
261.30000000000001,21.612884521484375,,81.19207763671875,
261.39999999999998,21.377822875976562,,81.19207763671875,
261.5,20.974132537841797,,81.19207763671875,
261.60000000000002,20.363487243652344,,81.19207763671875,
261.69999999999999,19.614875793457031,,81.19207763671875,
261.80000000000001,18.567325592041016,,81.19207763671875,
261.89999999999998,17.435459136962891,,81.19207763671875,
262,16.398128509521484,,81.19207763671875,
262.10000000000002,15.62396240234375,,79.048431396484375,
262.19999999999999,15.028648376464844,,73.688041687011719,
262.30000000000001,14.280036926269531,,67.757888793945312,
262.39999999999998,13.556968688964844,,62.241645812988281,
262.5,12.902885437011719,,56.30126953125,
262.60000000000002,12.069961547851562,,50.251029968261719,
262.69999999999999,11.058181762695312,,44.918743133544922,
262.80000000000001,10.255912780761719,,40.42449951171875,
262.89999999999998,9.783233642578125,,36.346717834472656,
263,9.4025421142578125,,32.670074462890625,
263.10000000000002,9.0320663452148438,,29.706275939941406,
263.19999999999999,8.689697265625,,27.281578063964844,
263.30000000000001,8.3984222412109375,,24.918205261230469,
263.39999999999998,8.0892715454101562,,22.562496185302734,
263.5,7.8133316040039062,,20.735668182373047,
263.60000000000002,7.6728057861328125,,19.417289733886719,
263.69999999999999,7.5373916625976562,,18.170448303222656,
263.80000000000001,7.3687591552734375,,16.982376098632812,
263.89999999999998,7.207794189453125,,15.870948791503906,
264,7.0749359130859375,,14.70587158203125,
264.10000000000002,6.9982833862304688,,13.336387634277344,
264.19999999999999,6.8884201049804688,,11.849380493164062,
264.30000000000001,6.7964401245117188,,10.661308288574219,
264.39999999999998,6.8194351196289062,,9.7593917846679688,
264.5,6.8015518188476562,,9.0312118530273438,
264.60000000000002,6.7248992919921875,,8.4665603637695312,
264.69999999999999,6.6329193115234375,,7.9402313232421875,
264.80000000000001,6.5230560302734375,,7.4956588745117188,
264.89999999999998,6.46173095703125,,6.9923248291015625,
265,6.3697509765625,,6.3407974243164062,
265.10000000000002,6.2368927001953125,,5.7173843383789062,
265.19999999999999,6.2164535522460938,,5.2677001953125,
265.30000000000001,6.2649993896484375,,4.9202194213867188,
265.39999999999998,6.2368927001953125,,4.6442794799804688,
265.5,6.1168060302734375,,4.5063095092773438,
265.60000000000002,6.0401611328125,,4.4168853759765625,
265.69999999999999,5.9865036010742188,,4.4015579223632812,
265.80000000000001,5.937957763671875,,4.3121337890625,
265.89999999999998,5.937957763671875,,4.008087158203125,
266,5.87408447265625,,3.767913818359375,
266.10000000000002,5.8434219360351562,,3.612060546875,
266.19999999999999,5.9532928466796875,,3.4025497436523438,
266.30000000000001,6.0733718872070312,,3.1777114868164062,
266.39999999999998,6.1142578125,,2.978424072265625,
266.5,6.0912628173828125,,2.774017333984375,
266.60000000000002,6.0324935913085938,,2.5747299194335938,
266.69999999999999,6.0197219848632812,,2.3320083618164062,
266.80000000000001,5.9686203002929688,,2.04840087890625,
266.89999999999998,5.8510894775390625,,1.8567733764648438,
267,5.7693328857421875,,1.7724609375,
267.10000000000002,5.7488861083984375,,1.7034759521484375,
267.19999999999999,5.7488861083984375,,1.6472625732421875,
267.30000000000001,5.7846603393554688,,1.5578384399414062,
267.39999999999998,5.8306503295898438,,1.42242431640625,
267.5,5.8357620239257812,,1.2870101928710938,
267.60000000000002,5.8306503295898438,,1.1107177734375,
267.69999999999999,5.6824569702148438,,0.9497528076171875,
267.80000000000001,5.5240478515625,,0.85521697998046875,
267.89999999999998,5.5598220825195312,,0.778564453125,
268,5.626251220703125,,0.71724700927734375,
268.10000000000002,5.6339111328125,,0.66103363037109375,
268.19999999999999,5.6007003784179688,,0.6175994873046875,
268.30000000000001,5.5444869995117188,,0.6278228759765625,
268.39999999999998,5.552154541015625,,0.6099395751953125,
268.5,5.5904769897460938,,0.54095458984375,
268.60000000000002,5.6109161376953125,,0.48729705810546875,
268.69999999999999,5.65435791015625,,0.530731201171875,
268.80000000000001,5.5674819946289062,,0.6916961669921875,
268.89999999999998,5.4678421020507812,,1.0340652465820312,
269,5.856201171875,,1.6932525634765625,
269.10000000000002,6.6405868530273438,,2.8430023193359375,
269.19999999999999,7.6549224853515625,,4.5855178833007812,
269.30000000000001,9.0141830444335938,,6.8696823120117188,
269.39999999999998,10.089836120605469,,9.968902587890625,
269.5,10.751579284667969,,14.225532531738281,
269.60000000000002,11.433761596679688,,19.542484283447266,
269.69999999999999,11.875778198242188,,26.162490844726562,
269.80000000000001,12.248809814453125,,34.075325012207031,
269.89999999999998,12.885002136230469,,42.634574890136719,
270,13.707717895507812,7.2289156913757324,52.243927001953125,6.7340068817138672
270.10000000000002,14.678611755371094,,63.207435607910156,
270.19999999999999,15.761932373046875,,74.298690795898438,
270.30000000000001,16.970447540283203,,80.428131103515625,
270.39999999999998,18.281162261962891,,81.19207763671875,
270.5,19.290390014648438,,81.19207763671875,
270.60000000000002,19.757953643798828,,81.19207763671875,
270.69999999999999,19.870372772216797,,81.19207763671875,
270.80000000000001,20.164199829101562,,81.19207763671875,
270.89999999999998,20.519344329833984,,81.19207763671875,
271,20.419700622558594,,81.19207763671875,
271.10000000000002,20.197414398193359,,81.19207763671875,
271.19999999999999,19.898479461669922,,81.19207763671875,
271.30000000000001,19.292945861816406,,81.19207763671875,
271.39999999999998,18.370590209960938,,81.19207763671875,
271.5,17.374137878417969,,81.19207763671875,
271.60000000000002,16.244827270507812,,81.19207763671875,
271.69999999999999,14.875350952148438,,79.57220458984375,
271.80000000000001,13.700050354003906,,73.782577514648438,
271.89999999999998,12.734260559082031,,65.064918518066406,
272,11.694374084472656,,56.257835388183594,
272.10000000000002,10.720916748046875,,48.733360290527344,
272.19999999999999,10.066841125488281,,42.959060668945312,
272.30000000000001,9.6018295288085938,,37.974254608154297,
272.39999999999998,9.1240463256835938,,33.319046020507812,
272.5,8.6309280395507812,,29.353683471679688,
272.60000000000002,8.2093582153320312,,25.937648773193359,
272.69999999999999,7.8567657470703125,,22.728569030761719,
272.80000000000001,7.501617431640625,,19.713668823242188,
272.89999999999998,7.19757080078125,,17.179107666015625,
273,7.0442733764648438,,15.175987243652344,
273.10000000000002,6.9522933959960938,,13.558677673339844,
273.19999999999999,6.8781967163085938,,12.132987976074219,
273.30000000000001,6.82965087890625,,10.781387329101562,
273.39999999999998,6.7376708984375,,9.692962646484375,
273.5,6.701904296875,,8.7425003051757812,
273.60000000000002,6.7248992919921875,,7.7818222045898438,
273.69999999999999,6.6533584594726562,,6.8517990112304688,
273.80000000000001,6.6226959228515625,,6.0904083251953125,
273.89999999999998,6.712127685546875,,5.4388885498046875,
274,6.7453384399414062,,4.7899169921875,
274.10000000000002,6.7146759033203125,,4.1767120361328125,
274.19999999999999,6.5971527099609375,,3.5762939453125,
274.30000000000001,6.35186767578125,,3.049957275390625,
274.39999999999998,6.13214111328125,,2.6079483032226562,
274.5,5.9967269897460938,,2.19659423828125,
274.60000000000002,5.8613128662109375,,1.8618850708007812,
274.69999999999999,5.792327880859375,,1.624267578125,
274.80000000000001,5.8229827880859375,,1.4198684692382812,
274.89999999999998,5.828094482421875,,1.230804443359375,
275,5.753997802734375,,1.0570602416992188,
275.10000000000002,5.6696853637695312,,0.90120697021484375,
275.19999999999999,5.61602783203125,,0.7836761474609375,
275.30000000000001,5.5725936889648438,,0.678924560546875,
275.39999999999998,5.4908370971679688,,0.54605865478515625,
275.5,5.3707504272460938,,0.4438629150390625,
275.60000000000002,5.3349761962890625,,0.42342376708984375,
275.69999999999999,5.3733062744140625,,0.420867919921875,
275.80000000000001,5.4014129638671875,,0.4157562255859375,
275.89999999999998,5.4090728759765625,,0.494964599609375,
276,5.3528671264648438,,0.68402862548828125,
276.10000000000002,5.28643798828125,,0.95996856689453125,
276.19999999999999,5.2966537475585938,,1.2359085083007812,
276.30000000000001,5.32220458984375,,1.4735260009765625,
276.39999999999998,5.2455520629882812,,1.800567626953125,
276.5,5.1178054809570312,,2.3907699584960938,
276.60000000000002,5.0692596435546875,,3.2977981567382812,
276.69999999999999,5.0411529541015625,,4.5701828002929688,
276.80000000000001,5.0539321899414062,,6.3382492065429688,
276.89999999999998,5.3630828857421875,,8.78082275390625,
277,5.9532928466796875,,12.214744567871094,
277.10000000000002,6.7453384399414062,,17.000259399414062,
277.19999999999999,7.82354736328125,,23.004508972167969,
277.30000000000001,9.0780563354492188,,30.357799530029297,
277.39999999999998,10.623832702636719,,39.852180480957031,
277.5,12.488975524902344,,51.876007080078125,
277.60000000000002,14.216156005859375,,65.5733642578125,
277.69999999999999,15.7159423828125,,76.764259338378906,
277.80000000000001,16.9678955078125,,81.051551818847656,
277.89999999999998,18.010334014892578,,81.19207763671875,
278,18.919914245605469,,81.19207763671875,
278.10000000000002,19.474349975585938,,81.19207763671875,
278.19999999999999,19.844825744628906,,81.19207763671875,
278.30000000000001,20.174419403076172,,81.19207763671875,
278.39999999999998,20.274063110351562,,81.19207763671875,
278.5,20.291950225830078,,81.19207763671875,
278.60000000000002,20.207633972167969,,81.19207763671875,
278.69999999999999,19.668529510498047,,81.19207763671875,
278.80000000000001,18.861148834228516,,81.19207763671875,
278.89999999999998,17.821262359619141,,81.19207763671875,
279,16.50799560546875,,81.19207763671875,
279.10000000000002,15.345466613769531,,80.97235107421875,
279.19999999999999,14.527870178222656,,78.361137390136719,
279.30000000000001,13.799697875976562,,73.123390197753906,
279.39999999999998,13.097068786621094,,66.914741516113281,
279.5,12.575851440429688,,59.929367065429688,
279.60000000000002,11.942207336425781,,52.908226013183594,
279.69999999999999,11.216590881347656,,46.523284912109375,
279.80000000000001,10.593170166015625,,40.736209869384766,
279.89999999999998,9.9160919189453125,,35.702857971191406,
280,9.2620162963867188,6.9930071830749512,31.579090118408203,7.0202808380126953
280.10000000000002,8.6922531127929688,,28.168163299560547,
280.19999999999999,8.1582565307617188,,25.270793914794922,
280.30000000000001,7.7264556884765625,,22.488399505615234,
280.39999999999998,7.3508758544921875,,19.905296325683594,
280.5,7.1081466674804688,,17.861293792724609,
280.60000000000002,7.0110626220703125,,16.282302856445312,
280.69999999999999,6.85009765625,,14.928153991699219,
280.80000000000001,6.5537109375,,13.745193481445312,
280.89999999999998,6.1934585571289062,,12.705307006835938,
281,5.9711761474609375,,11.558113098144531,
281.10000000000002,5.9073028564453125,,10.280609130859375,
281.19999999999999,5.7744369506835938,,9.1640777587890625,
281.30000000000001,5.5930328369140625,,8.3260345458984375,
281.39999999999998,5.4448471069335938,,7.631072998046875,
281.5,5.2685470581054688,,6.9948806762695312,
281.60000000000002,5.1229171752929688,,6.4430007934570312,
281.69999999999999,5.0590362548828125,,5.9345550537109375,
281.80000000000001,5.0462646484375,,5.4899826049804688,
281.89999999999998,5.0615921020507812,,5.0326385498046875,
282,5.0667037963867188,,4.4935379028320312,
282.10000000000002,5.0385971069335938,,4.0157470703125,
282.19999999999999,5.0896987915039062,,3.7014846801757812,
282.30000000000001,5.1765670776367188,,3.4485397338867188,
282.39999999999998,5.1791229248046875,,3.2058181762695312,
282.5,5.1586837768554688,,2.996307373046875,
282.60000000000002,5.1331329345703125,,2.8225631713867188,
282.69999999999999,5.120361328125,,2.6386032104492188,
282.80000000000001,5.120361328125,,2.3652191162109375,
282.89999999999998,5.092254638671875,,2.030517578125,
283,5.0896987915039062,,1.7596893310546875,
283.10000000000002,5.166351318359375,,1.5757293701171875,
283.19999999999999,5.220001220703125,,1.3968734741210938,
283.30000000000001,5.240447998046875,,1.2052536010742188,
283.39999999999998,5.2787704467773438,,1.0212936401367188,
283.5,5.2455520629882812,,0.83477783203125,
283.60000000000002,5.1714630126953125,,0.64315032958984375,
283.69999999999999,5.17401123046875,,0.438751220703125,
283.80000000000001,5.1995620727539062,,0.24712371826171875,
283.89999999999998,5.2276687622070312,,0.1117095947265625,
284,5.240447998046875,,0.02484130859375,
284.10000000000002,5.240447998046875,,-0.03647613525390625,
284.19999999999999,5.3043212890625,,-0.0441436767578125,
284.30000000000001,5.350311279296875,,-0.01348114013671875,
284.39999999999998,5.4065170288085938,,0.01717376708984375,
284.5,5.4167404174804688,,0.11937713623046875,
284.60000000000002,5.332427978515625,,0.2880096435546875,
284.69999999999999,5.3835220336914062,,0.474517822265625,
284.80000000000001,5.69012451171875,,0.69936370849609375,
284.89999999999998,6.1372528076171875,,0.91909027099609375,
285,6.5486068725585938,,1.1081619262695312,
285.10000000000002,6.9267425537109375,,1.2972335815429688,
285.19999999999999,7.1745758056640625,,1.506744384765625,
285.30000000000001,7.264007568359375,,1.7341384887695312,
285.39999999999998,7.3406524658203125,,1.9078750610351562,
285.5,7.3968658447265625,,2.0688400268554688,
285.60000000000002,7.5910415649414062,,2.34222412109375,
285.69999999999999,7.8925323486328125,,2.6667098999023438,
285.80000000000001,8.08160400390625,,3.0065231323242188,
285.89999999999998,8.2502365112304688,,3.3872222900390625,
286,8.4086456298828125,,3.7806930541992188,
286.10000000000002,8.477630615234375,,4.025970458984375,
286.19999999999999,8.4239730834960938,,3.916107177734375,
286.30000000000001,8.1940231323242188,,3.5507431030273438,
286.39999999999998,7.9742965698242188,,3.1725997924804688,
286.5,7.9742965698242188,,2.8225631713867188,
286.60000000000002,7.961517333984375,,2.4648666381835938,
286.69999999999999,7.7903366088867188,,2.1046142578125,
286.80000000000001,7.5884857177734375,,1.7699050903320312,
286.89999999999998,7.4402999877929688,,1.4581985473632812,
287,7.3534317016601562,,1.1107177734375,
287.10000000000002,7.1694717407226562,,0.778564453125,
287.19999999999999,7.0212783813476562,,0.55628204345703125,
287.30000000000001,7.08770751953125,,0.39276123046875,
287.39999999999998,7.1771316528320312,,0.2496795654296875,
287.5,7.172027587890625,,0.13214874267578125,
287.60000000000002,7.0825958251953125,,0.0197296142578125,
287.69999999999999,6.9471817016601562,,-0.06969451904296875,
287.80000000000001,6.821990966796875,,-0.16678619384765625,
287.89999999999998,6.6635818481445312,,-0.28942108154296875,
288,6.5792617797851562,,-0.37885284423828125,
288.10000000000002,6.60992431640625,,-0.39673614501953125,
288.19999999999999,6.5894851684570312,,-0.35074615478515625,
288.30000000000001,6.4591827392578125,,-0.222991943359375,
288.39999999999998,6.2752227783203125,,0.00440216064453125,
288.5,6.1730194091796875,,0.254791259765625,
288.60000000000002,6.1551361083984375,,0.4515228271484375,
288.69999999999999,6.1142578125,,0.55628204345703125,
288.80000000000001,6.0912628173828125,,0.65337371826171875,
288.89999999999998,6.22412109375,,0.83222198486328125,
289,6.4642868041992188,,1.046844482421875,
289.10000000000002,6.7223434448242188,,1.2818984985351562,
289.19999999999999,6.9446258544921875,,1.5629501342773438,
289.30000000000001,7.1209259033203125,,1.8951034545898438,
289.39999999999998,7.373870849609375,,2.222137451171875,
289.5,7.7009124755859375,,2.4597549438476562,
289.60000000000002,7.961517333984375,,2.6922607421875,
289.69999999999999,8.3345489501953125,,3.0346298217773438,
289.80000000000001,8.863433837890625,,3.4051055908203125,
289.89999999999998,9.1547012329101562,,3.76025390625,
290,9.1240463256835938,6.8807339668273926,4.025970458984375,6.8649883270263672
290.10000000000002,8.9247512817382812,,3.9927520751953125,
290.19999999999999,8.6999130249023438,,3.6708221435546875,
290.30000000000001,8.5440597534179688,,3.1777114868164062,
290.39999999999998,8.2962265014648438,,2.6207199096679688,
290.5,8.0841598510742188,,2.19659423828125,
290.60000000000002,8.1250381469726562,,1.892547607421875,
290.69999999999999,8.2987823486328125,,1.6114959716796875,
290.80000000000001,8.385650634765625,,1.3381118774414062,
290.89999999999998,8.3141098022460938,,1.0723876953125,
291,8.1991348266601562,,0.83733367919921875,
291.10000000000002,8.1378173828125,,0.640594482421875,
291.19999999999999,8.1148223876953125,,0.42342376708984375,
291.30000000000001,7.953857421875,,0.20113372802734375,
291.39999999999998,7.7698974609375,,0.05039215087890625,
291.5,7.71368408203125,,-0.04158782958984375,
291.60000000000002,7.6651382446289062,,-0.11568450927734375,
291.69999999999999,7.5833816528320312,,-0.169342041015625,
291.80000000000001,7.519500732421875,,-0.18466949462890625,
291.89999999999998,7.427520751953125,,-0.169342041015625,
292,7.3585357666015625,,-0.15145111083984375,
292.10000000000002,7.317657470703125,,-0.1540069580078125,
292.19999999999999,7.2001266479492188,,-0.1412353515625,
292.30000000000001,7.1566925048828125,,-0.07991790771484375,
292.39999999999998,7.264007568359375,,0.0299530029296875,
292.5,7.3840866088867188,,0.1679229736328125,
292.60000000000002,7.4735107421875,,0.31866455078125,
292.69999999999999,7.4990615844726562,,0.4796295166015625,
292.80000000000001,7.41986083984375,,0.67125701904296875,
292.89999999999998,7.3713150024414062,,0.842437744140625,
293,7.3866424560546875,,0.9114227294921875,
293.10000000000002,7.373870849609375,,0.9395294189453125,
293.19999999999999,7.5041732788085938,,1.0621719360351562,
293.30000000000001,7.815887451171875,,1.230804443359375,
293.39999999999998,8.071380615234375,,1.3994293212890625,
293.5,8.2349014282226562,,1.578277587890625,
293.60000000000002,8.3498764038085938,,1.7596893310546875,
293.69999999999999,8.421417236328125,,1.9538650512695312,
293.80000000000001,8.5261764526367188,,2.1378250122070312,
293.89999999999998,8.6718063354492188,,2.2451324462890625,
294,8.78167724609375,,2.3115692138671875,
294.10000000000002,8.9784088134765625,,2.4878616333007812,
294.19999999999999,9.3948745727539062,,2.720367431640625,
294.30000000000001,9.7909011840820312,,2.9528732299804688,
294.39999999999998,9.9084320068359375,,3.2185897827148438,
294.5,9.8292236328125,,3.4434280395507812,
294.60000000000002,9.691253662109375,,3.530303955078125,
294.69999999999999,9.4664154052734375,,3.3795547485351562,
294.80000000000001,9.213470458984375,,2.9656448364257812,
294.89999999999998,8.845550537109375,,2.4878616333007812,
295,8.431640625,,2.1557083129882812,
295.10000000000002,8.2170181274414062,,1.910430908203125,
295.19999999999999,8.109710693359375,,1.670257568359375,
295.30000000000001,7.9845123291015625,,1.468414306640625,
295.39999999999998,7.815887451171875,,1.2997894287109375,
295.5,7.611480712890625,,1.1515960693359375,
295.60000000000002,7.3943099975585938,,1.0161819458007812,
295.69999999999999,7.2026824951171875,,0.862884521484375,
295.80000000000001,6.9292984008789062,,0.68914031982421875,
295.89999999999998,6.6661376953125,,0.54095458984375,
296,6.4796218872070312,,0.42852783203125,
296.10000000000002,6.4464035034179688,,0.328887939453125,
296.19999999999999,6.546051025390625,,0.23946380615234375,
296.30000000000001,6.5588226318359375,,0.1576995849609375,
296.39999999999998,6.5434951782226562,,0.106597900390625,
296.5,6.5307159423828125,,0.12448883056640625,
296.60000000000002,6.5511627197265625,,0.1755828857421875,
296.69999999999999,6.5562667846679688,,0.1679229736328125,
296.80000000000001,6.6073684692382812,,0.144927978515625,
296.89999999999998,6.8066558837890625,,0.18836212158203125,
297,7.0008392333984375,,0.290557861328125,
297.10000000000002,7.0110626220703125,,0.46685791015625,
297.19999999999999,6.9011917114257812,,0.7019195556640625,
297.30000000000001,6.8143234252929688,,0.94719696044921875,
297.39999999999998,6.7683334350585938,,1.192474365234375,
297.5,6.821990966796875,,1.4122085571289062,
297.60000000000002,6.8449859619140625,,1.578277587890625,
297.69999999999999,6.8858642578125,,1.8107833862304688,
297.80000000000001,7.0825958251953125,,2.1480484008789062,
297.89999999999998,7.2844467163085938,,2.50830078125,
298,7.4249725341796875,,2.8966598510742188,
298.10000000000002,7.5859375,,3.2926864624023438,
298.19999999999999,7.8772048950195312,,3.6784896850585938,
298.30000000000001,8.3524322509765625,,4.025970458984375,
298.39999999999998,8.7918930053710938,,4.2227020263671875,
298.5,8.8583221435546875,,4.3146820068359375,
298.60000000000002,8.6539230346679688,,4.3913345336914062,
298.69999999999999,8.5031814575195312,,4.245697021484375,
298.80000000000001,8.3498764038085938,,3.8752288818359375,
298.89999999999998,8.1045989990234375,,3.4868621826171875,
299,7.8899765014648438,,3.1214981079101562,
299.10000000000002,7.7111282348632812,,2.8097915649414062,
299.19999999999999,7.5961532592773438,,2.480194091796875,
299.30000000000001,7.5067291259765625,,2.058624267578125,
299.39999999999998,7.4173049926757812,,1.6779251098632812,
299.5,7.4224166870117188,,1.432647705078125,
299.60000000000002,7.4811782836914062,,1.2461318969726562,
299.69999999999999,7.5143966674804688,,1.0621719360351562,
299.80000000000001,7.5118408203125,,0.90631866455078125,
299.89999999999998,7.4249725341796875,,0.7657928466796875,
300,7.28955078125,7.9155678749084473,0.6278228759765625,8.0428953170776367
300.10000000000002,7.2103500366210938,,0.474517822265625,
300.19999999999999,7.059600830078125,,0.3058929443359375,
300.30000000000001,6.9011917114257812,,0.19091796875,
300.39999999999998,6.9292984008789062,,0.1219329833984375,
300.5,6.9957275390625,,0.07849884033203125,
300.60000000000002,7.01361083984375,,0.042724609375,
300.69999999999999,7.0340576171875,,0.00951385498046875,
300.80000000000001,7.0212783813476562,,-0.0083770751953125,
300.89999999999998,6.9727325439453125,,-0.00582122802734375,
301,6.9011917114257812,,0.02484130859375,
301.10000000000002,6.7376708984375,,0.09127044677734375,
301.19999999999999,6.6303634643554688,,0.2266845703125,
301.30000000000001,6.7606658935546875,,0.41831207275390625,
301.39999999999998,6.9522933959960938,,0.61248779296875,
301.5,7.06982421875,,0.8117828369140625,
301.60000000000002,7.1694717407226562,,1.0161819458007812,
301.69999999999999,7.3151016235351562,,1.248687744140625,
301.80000000000001,7.5246124267578125,,1.4914093017578125,
301.89999999999998,7.6881332397460938,,1.6728134155273438,
302,7.7085723876953125,,1.8312225341796875,
302.10000000000002,7.7979965209960938,,2.0892791748046875,
302.19999999999999,8.0662765502929688,,2.4342041015625,
302.30000000000001,8.37542724609375,,2.8327865600585938,
302.39999999999998,8.6564788818359375,,3.2850189208984375,
302.5,8.9758529663085938,,3.7474746704101562,
302.60000000000002,9.3769912719726562,,4.2048187255859375,
302.69999999999999,9.7602386474609375,,4.5727386474609375,
302.80000000000001,9.747467041015625,,4.7030487060546875,
302.89999999999998,9.3667678833007812,,4.6161727905273438,
303,9.0678329467773438,,4.3862228393554688,
303.10000000000002,8.9017562866210938,,4.0055313110351562,
303.19999999999999,8.6948013305664062,,3.6069488525390625,
303.30000000000001,8.4367523193359375,,3.3131256103515625,
303.39999999999998,8.2144622802734375,,3.0831756591796875,
303.5,7.9768524169921875,,2.8813323974609375,
303.60000000000002,7.8031082153320312,,2.6028366088867188,
303.69999999999999,7.67791748046875,,2.2349166870117188,
303.80000000000001,7.5527191162109375,,1.9308700561523438,
303.89999999999998,7.5220565795898438,,1.7111434936523438,
304,7.52972412109375,,1.506744384765625,
304.10000000000002,7.5246124267578125,,1.3253326416015625,
304.19999999999999,7.4862899780273438,,1.156707763671875,
304.30000000000001,7.3968658447265625,,1.0008544921875,
304.39999999999998,7.2921066284179688,,0.862884521484375,
304.5,7.2154617309570312,,0.70702362060546875,
304.60000000000002,7.1030426025390625,,0.53328704833984375,
304.69999999999999,7.0161666870117188,,0.42852783203125,
304.80000000000001,7.0825958251953125,,0.4055328369140625,
304.89999999999998,7.1771316528320312,,0.4055328369140625,
305,7.207794189453125,,0.42852783203125,
305.10000000000002,7.1796875,,0.51029205322265625,
305.19999999999999,7.0953750610351562,,0.6457061767578125,
305.30000000000001,7.0008392333984375,,0.80922698974609375,
305.39999999999998,7.0161666870117188,,0.9574127197265625,
305.5,7.0468292236328125,,1.0315093994140625,
305.60000000000002,7.041717529296875,,1.118377685546875,
305.69999999999999,7.1490325927734375,,1.3304443359375,
305.80000000000001,7.3483200073242188,,1.6089401245117188,
305.89999999999998,7.5424957275390625,,1.9129867553710938,
306,7.7290115356445312,,2.2476882934570312,
306.10000000000002,7.9206390380859375,,2.6079483032226562,
306.19999999999999,8.1480331420898438,,2.9835281372070312,
306.30000000000001,8.477630615234375,,3.346343994140625,
306.39999999999998,8.7663421630859375,,3.6248321533203125,
306.5,8.9298629760742188,,3.8854446411132812,
306.60000000000002,9.249237060546875,,4.2635879516601562,
306.69999999999999,9.8292236328125,,4.6774978637695312,
306.80000000000001,10.378547668457031,,5.0684127807617188,
306.89999999999998,10.580390930175781,,5.4363327026367188,
307,10.340225219726562,,5.6202926635742188,
307.10000000000002,9.801116943359375,,5.4363327026367188,
307.19999999999999,9.2185821533203125,,4.864013671875,
307.30000000000001,8.74334716796875,,4.1128387451171875,
307.39999999999998,8.2987823486328125,,3.4638671875,
307.5,7.9742965698242188,,3.0729522705078125,
307.60000000000002,7.9053115844726562,,2.8276748657226562,
307.69999999999999,7.9487457275390625,,2.6334991455078125,
307.80000000000001,7.9461898803710938,,2.4699783325195312,
307.89999999999998,7.9027557373046875,,2.2911224365234375,
308,7.8261032104492188,,2.0995025634765625,
308.10000000000002,7.74945068359375,,1.8976593017578125,
308.19999999999999,7.69580078125,,1.6472625732421875,
308.30000000000001,7.539947509765625,,1.3815460205078125,
308.39999999999998,7.38153076171875,,1.1975860595703125,
308.5,7.3534317016601562,,1.0698394775390625,
308.60000000000002,7.3074417114257812,,0.95230865478515625,
308.69999999999999,7.2026824951171875,,0.85010528564453125,
308.80000000000001,7.1311416625976562,,0.7479095458984375,
308.89999999999998,7.1132583618164062,,0.658477783203125,
309,7.115814208984375,,0.60227203369140625,
309.10000000000002,7.1464767456054688,,0.54095458984375,
309.19999999999999,7.097930908203125,,0.4336395263671875,
309.30000000000001,7.0442733764648438,,0.3518829345703125,
309.39999999999998,7.1107025146484375,,0.3416595458984375,
309.5,7.1311416625976562,,0.3978729248046875,
309.60000000000002,7.097930908203125,,0.5256195068359375,
309.69999999999999,7.1388092041015625,,0.69936370849609375,
309.80000000000001,7.2001266479492188,,0.8858795166015625,
309.89999999999998,7.225677490234375,,1.0851669311523438,
310,7.281890869140625,13.392856597900391,1.2691268920898438,0
310.10000000000002,7.2844467163085938,,1.4070968627929688,
310.19999999999999,7.30999755859375,,1.5936126708984375,
310.30000000000001,7.557830810546875,,1.8797683715820312,
310.39999999999998,7.9461898803710938,,2.1940383911132812,
310.5,8.3089981079101562,,2.5057449340820312,
310.60000000000002,8.5619430541992188,,2.8276748657226562,
310.69999999999999,8.7944488525390625,,3.1547164916992188,
310.80000000000001,9.0371780395507812,,3.4792022705078125,
310.89999999999998,9.1930313110351562,,3.73980712890625,
311,9.1291580200195312,,3.7832489013671875,
311.10000000000002,8.8711013793945312,,3.6095046997070312,
311.19999999999999,8.6564788818359375,,3.3233489990234375,
311.30000000000001,8.6028213500976562,,2.986083984375,
311.39999999999998,8.5210647583007812,,2.67437744140625,
311.5,8.2144622802734375,,2.426544189453125,
311.60000000000002,7.9001998901367188,,2.2144775390625,
311.69999999999999,7.7366790771484375,,2.0356292724609375,
311.80000000000001,7.63958740234375,,1.8567733764648438,
311.89999999999998,7.5246124267578125,,1.6140518188476562,
312,7.335540771484375,,1.3534393310546875,
312.10000000000002,7.2052383422851562,,1.174591064453125,
312.19999999999999,7.2026824951171875,,1.05450439453125,
312.30000000000001,7.1847991943359375,,0.9497528076171875,
312.39999999999998,7.12603759765625,,0.8577728271484375,
312.5,7.0902633666992188,,0.778564453125,
312.60000000000002,7.041717529296875,,0.6916961669921875,
312.69999999999999,6.97784423828125,,0.604827880859375,
312.80000000000001,6.9599609375,,0.5179595947265625,
312.89999999999998,6.896087646484375,,0.3978729248046875,
313,6.875640869140625,,0.328887939453125,
313.10000000000002,6.9906158447265625,,0.3365478515625,
313.19999999999999,7.0928192138671875,,0.4055328369140625,
313.30000000000001,7.1694717407226562,,0.52817535400390625,
313.39999999999998,7.2205657958984375,,0.68658447265625,
313.5,7.2103500366210938,,0.8577728271484375,
313.60000000000002,7.1592483520507812,,1.0034027099609375,
313.69999999999999,7.1847991943359375,,1.1311569213867188,
313.80000000000001,7.1873550415039062,,1.2359085083007812,
313.89999999999998,7.2103500366210938,,1.3713226318359375,
314,7.465850830078125,,1.6012725830078125,
314.10000000000002,7.7928924560546875,,1.8772125244140625,
314.19999999999999,8.0509414672851562,,2.1761474609375,
314.30000000000001,8.283447265625,,2.5006332397460938,
314.39999999999998,8.55938720703125,,2.8378982543945312,
314.5,8.8225555419921875,,3.1853790283203125,
314.60000000000002,9.0269546508789062,,3.456207275390625,
314.69999999999999,9.0371780395507812,,3.5430755615234375,
314.80000000000001,8.9017562866210938,,3.4868621826171875,
314.89999999999998,8.8838729858398438,,3.3437881469726562,
315,9.0218429565429688,,3.1112823486328125,
315.10000000000002,9.0601730346679688,,2.8430023193359375,
315.19999999999999,8.9937362670898438,,2.60028076171875,
315.30000000000001,8.9809646606445312,,2.352447509765625,
315.39999999999998,8.9503021240234375,,2.0969467163085938,
315.5,8.863433837890625,,1.8158950805664062,
315.60000000000002,8.6999130249023438,,1.4888534545898438,
315.69999999999999,8.459747314453125,,1.1694793701171875,
315.80000000000001,8.3038864135742188,,0.94464111328125,
315.89999999999998,8.2783432006835938,,0.7836761474609375,
316,8.237457275390625,,0.64826202392578125,
316.10000000000002,8.1659164428710938,,0.548614501953125,
316.19999999999999,8.0764923095703125,,0.45919036865234375,
316.30000000000001,7.9231948852539062,,0.3697662353515625,
316.39999999999998,7.7826690673828125,,0.290557861328125,
316.5,7.7264556884765625,,0.2036895751953125,
316.60000000000002,7.6089324951171875,,0.088714599609375,
316.69999999999999,7.5348358154296875,,0.00951385498046875,
316.80000000000001,7.6063766479492188,,0.0069580078125,
316.89999999999998,7.6651382446289062,,0.0376129150390625,
317,7.6753616333007812,,0.070831298828125,
317.10000000000002,7.6702499389648438,,0.13726043701171875,
317.19999999999999,7.631927490234375,,0.236907958984375,
317.30000000000001,7.52972412109375,,0.37232208251953125,
317.39999999999998,7.4760665893554688,,0.530731201171875,
317.5,7.4402999877929688,,0.6278228759765625,
317.60000000000002,7.3968658447265625,,0.7095794677734375,
317.69999999999999,7.4914016723632812,,0.8475494384765625,
317.80000000000001,7.7443466186523438,,1.0212936401367188,
317.89999999999998,8.0662765502929688,,1.210357666015625,
318,8.4265289306640625,,1.3917694091796875,
318.10000000000002,8.7918930053710938,,1.5808334350585938,
318.19999999999999,9.0397262573242188,,1.8031234741210938,
318.30000000000001,9.139373779296875,,2.030517578125,
318.39999999999998,9.121490478515625,,2.2016983032226562,
318.5,9.1087112426757812,,2.4035491943359375,
318.60000000000002,9.2569046020507812,,2.6999282836914062,
318.69999999999999,9.3999862670898438,,3.0116348266601562,
318.80000000000001,9.3207778930664062,,3.272247314453125,
318.89999999999998,9.1444854736328125,,3.4332122802734375,
319,9.011627197265625,,3.4025497436523438,
319.10000000000002,8.8889846801757812,,3.18792724609375,
319.19999999999999,8.7459030151367188,,2.865997314453125,
319.30000000000001,8.5568313598632812,,2.4674224853515625,
319.39999999999998,8.3166656494140625,,2.1046142578125,
319.5,8.2042465209960938,,1.8899917602539062,
319.60000000000002,8.2400131225585938,,1.7392425537109375,
319.69999999999999,8.237457275390625,,1.5757293701171875,
319.80000000000001,8.1429214477539062,,1.4096527099609375,
319.89999999999998,8.0483856201171875,,1.2435760498046875,
320,7.953857421875,14.634146690368652,1.0979385375976562,14.532872200012207
320.10000000000002,7.8567657470703125,,0.96508026123046875,
320.19999999999999,7.7009124755859375,,0.77600860595703125,
320.30000000000001,7.483734130859375,,0.5997161865234375,
320.39999999999998,7.391754150390625,,0.51540374755859375,
320.5,7.437744140625,,0.48218536376953125,
320.60000000000002,7.483734130859375,,0.4617462158203125,
320.69999999999999,7.4760665893554688,,0.46685791015625,
320.80000000000001,7.427520751953125,,0.5179595947265625,
320.89999999999998,7.327880859375,,0.622711181640625,
321,7.2052383422851562,,0.7376861572265625,
321.10000000000002,7.041717529296875,,0.81689453125,
321.19999999999999,6.9369659423828125,,0.916534423828125,
321.30000000000001,7.0340576171875,,1.0851669311523438,
321.39999999999998,7.2103500366210938,,1.2972335815429688,
321.5,7.391754150390625,,1.5271835327148438,
321.60000000000002,7.6012649536132812,,1.7954559326171875,
321.69999999999999,7.7673416137695312,,2.112274169921875,
321.80000000000001,7.9104156494140625,,2.45208740234375,
321.89999999999998,8.1199264526367188,,2.7535781860351562,
322,8.275787353515625,,2.996307373046875,
322.10000000000002,8.3805389404296875,,3.2824630737304688,
322.19999999999999,8.4980697631835938,,3.5992889404296875,
322.30000000000001,8.5670547485351562,,3.7014846801757812,
322.39999999999998,8.5210647583007812,,3.4817581176757812,
322.5,8.3447723388671875,,3.1266098022460938,
322.60000000000002,8.1429214477539062,,2.8251190185546875,
322.69999999999999,8.00750732421875,,2.5747299194335938,
322.80000000000001,7.9742965698242188,,2.260467529296875,
322.89999999999998,7.9385223388671875,,1.9053192138671875,
323,7.9768524169921875,,1.60638427734375,
323.10000000000002,8.1403656005859375,,1.3355560302734375,
323.19999999999999,8.2068023681640625,,1.0774993896484375,
323.30000000000001,8.11737060546875,,0.8475494384765625,
323.39999999999998,7.9666290283203125,,0.63037872314453125,
323.5,7.7801132202148438,,0.42342376708984375,
323.60000000000002,7.631927490234375,,0.2215728759765625,
323.69999999999999,7.4760665893554688,,-0.0083770751953125,
323.80000000000001,7.151580810546875,,-0.25876617431640625,
323.89999999999998,6.857757568359375,,-0.46060943603515625,
324,6.7172317504882812,,-0.6062469482421875,
324.10000000000002,6.5588226318359375,,-0.70078277587890625,
324.19999999999999,6.4310760498046875,,-0.76976776123046875,
324.30000000000001,6.3825302124023438,,-0.802978515625,
324.39999999999998,6.3135452270507812,,-0.82086181640625,
324.5,6.2547760009765625,,-0.85919189453125,
324.60000000000002,6.2368927001953125,,-0.88474273681640625,
324.69999999999999,6.213897705078125,,-0.912841796875,
324.80000000000001,6.4106369018554688,,-0.92050933837890625,
324.89999999999998,6.71978759765625,,-0.90773773193359375,
325,6.7708892822265625,,-0.91028594970703125,
325.10000000000002,6.7070159912109375,,-0.940948486328125,
325.19999999999999,6.804107666015625,,-0.96905517578125,
325.30000000000001,6.9855117797851562,,-0.97672271728515625,
325.39999999999998,6.9650726318359375,,-0.9818267822265625,
325.5,6.7683334350585938,,-0.99460601806640625,
325.60000000000002,6.6278076171875,,-1.0099334716796875,
325.69999999999999,6.7427825927734375,,-1.015045166015625,
325.80000000000001,6.9804000854492188,,-1.015045166015625,
325.89999999999998,7.1055908203125,,-1.0099334716796875,
326,7.1771316528320312,,-1.0022659301757812,
326.10000000000002,7.3840866088867188,,-0.96138763427734375,
326.19999999999999,7.6012649536132812,,-0.85152435302734375,
326.30000000000001,7.6523666381835938,,-0.67523193359375,
326.39999999999998,7.6421432495117188,,-0.50148773193359375,
326.5,7.833770751953125,,-0.3660736083984375,
326.60000000000002,8.2400131225585938,,-0.22554779052734375,
326.69999999999999,8.6539230346679688,,-0.0441436767578125,
326.80000000000001,9.1623687744140625,,0.1858062744140625,
326.89999999999998,9.6529312133789062,,0.4898529052734375,
327,10.161376953125,,0.90631866455078125,
327.10000000000002,10.715812683105469,,1.5348434448242188,
327.19999999999999,11.02496337890625,,2.4418716430664062,
327.30000000000001,11.313682556152344,,3.6095046997070312,
327.39999999999998,11.863006591796875,,5.0735244750976562,
327.5,12.542633056640625,,7.1328506469726562,
327.60000000000002,13.109848022460938,,10.242286682128906,
327.69999999999999,13.700050354003906,,14.325172424316406,
327.80000000000001,14.619850158691406,,18.834751129150391,
327.89999999999998,15.58819580078125,,23.801670074462891,
328,16.196285247802734,,29.731822967529297,
328.10000000000002,16.513103485107422,,36.612438201904297,
328.19999999999999,16.942344665527344,,44.126693725585938,
328.30000000000001,17.588760375976562,,52.034416198730469,
328.39999999999998,18.350147247314453,,60.465919494628906,
328.5,19.280170440673828,,69.094154357910156,
328.60000000000002,20.133537292480469,,76.2430419921875,
328.69999999999999,20.611324310302734,,80.190521240234375,
328.80000000000001,20.575553894042969,,81.19207763671875,
328.89999999999998,20.496349334716797,,81.19207763671875,
329,20.762069702148438,,81.19207763671875,
329.10000000000002,20.986907958984375,,81.19207763671875,
329.19999999999999,21.306282043457031,,81.19207763671875,
329.30000000000001,21.594997406005859,,81.19207763671875,
329.39999999999998,21.784069061279297,,81.19207763671875,
329.5,21.868385314941406,,81.19207763671875,
329.60000000000002,21.610328674316406,,81.19207763671875,
329.69999999999999,21.377822875976562,,81.19207763671875,
329.80000000000001,21.1248779296875,,81.19207763671875,
329.89999999999998,20.902595520019531,,81.19207763671875,
330,20.621543884277344,0,81.19207763671875,0
330.10000000000002,20.194858551025391,,81.19207763671875,
330.19999999999999,19.535667419433594,,81.097541809082031,
330.30000000000001,18.689964294433594,,79.160850524902344,
330.39999999999998,17.949012756347656,,74.82757568359375,
330.5,17.070095062255859,,69.490180969238281,
330.60000000000002,15.943340301513672,,63.810413360595703,
330.69999999999999,14.670951843261719,,57.530223846435547,
330.80000000000001,13.255477905273438,,50.35833740234375,
330.89999999999998,11.811904907226562,,43.311649322509766,
331,10.608497619628906,,37.66510009765625,
331.10000000000002,9.2466812133789062,,32.749279022216797,
331.19999999999999,7.9666290283203125,,28.068519592285156,
331.30000000000001,7.3713150024414062,,24.049503326416016,
331.39999999999998,7.1311416625976562,,20.482723236083984,
331.5,6.8807525634765625,,17.483154296875,
331.60000000000002,6.5945968627929688,,14.96392822265625,
331.69999999999999,6.333984375,,12.807502746582031,
331.80000000000001,6.0887069702148438,,11.070106506347656,
331.89999999999998,5.8510894775390625,,9.7057342529296875,
332,5.5598220825195312,,8.699066162109375,
332.10000000000002,5.4065170288085938,,7.8482513427734375,
332.19999999999999,5.5547103881835938,,6.8875732421875,
332.30000000000001,5.7131195068359375,,5.9703292846679688,
332.39999999999998,5.76422119140625,,5.129730224609375,
332.5,5.7386703491210938,,4.2073745727539062,
332.60000000000002,5.6569061279296875,,3.3156814575195312,
332.69999999999999,5.644134521484375,,2.6590423583984375,
332.80000000000001,5.7437820434570312,,2.168487548828125,
332.89999999999998,5.8536453247070312,,1.7699050903320312,
333,5.9532928466796875,,1.42242431640625,
333.10000000000002,6.0376052856445312,,1.1158294677734375,
333.19999999999999,6.0835952758789062,,0.888427734375,
333.30000000000001,6.1423568725585938,,0.67636871337890625,
333.39999999999998,6.1704635620117188,,0.41320037841796875,
333.5,6.0912628173828125,,0.1679229736328125,
333.60000000000002,6.0708160400390625,,0.00951385498046875,
333.69999999999999,6.2675552368164062,,-0.0620269775390625,
333.80000000000001,6.5690460205078125,,-0.0262603759765625,
333.89999999999998,6.7708892822265625,,0.06060791015625,
334,6.8168792724609375,,0.0759429931640625,
334.10000000000002,6.9011917114257812,,0.04528045654296875,
334.19999999999999,7.0391616821289062,,0.00951385498046875,
334.30000000000001,6.9829559326171875,,-0.11057281494140625,
334.39999999999998,6.875640869140625,,-0.23065948486328125,
334.5,6.8986358642578125,,-0.297088623046875,
334.60000000000002,6.86798095703125,,-0.3992919921875,
334.69999999999999,6.747894287109375,,-0.5219268798828125,
334.80000000000001,6.6763534545898438,,-0.61135101318359375,
334.89999999999998,6.5434951782226562,,-0.68033599853515625,
335,6.2931060791015625,,-0.721221923828125,
335.10000000000002,6.2598876953125,,-0.72377777099609375,
335.19999999999999,6.397857666015625,,-0.69567108154296875,
335.30000000000001,6.3569793701171875,,-0.66756439208984375,
335.39999999999998,6.1346969604492188,,-0.70333099365234375,
335.5,5.7769927978515625,,-0.774871826171875,
335.60000000000002,5.386077880859375,,-0.82086181640625,
335.69999999999999,5.1867904663085938,,-0.813201904296875,
335.80000000000001,5.166351318359375,,-0.78509521484375,
335.89999999999998,5.1919021606445312,,-0.77231597900390625,
336,5.1637954711914062,,-0.7518768310546875,
336.10000000000002,5.1765670776367188,,-0.76465606689453125,
336.19999999999999,5.1126937866210938,,-0.78509521484375,
336.30000000000001,4.8674163818359375,,-0.78253936767578125,
336.39999999999998,4.7115631103515625,,-0.76976776123046875,
336.5,4.6579055786132812,,-0.74932098388671875,
336.60000000000002,4.5940322875976562,,-0.74166107177734375,
336.69999999999999,4.4713897705078125,,-0.756988525390625,
336.80000000000001,4.3768539428710938,,-0.76465606689453125,
336.89999999999998,4.3538589477539062,,-0.7518768310546875,
337,4.3487472534179688,,-0.72377777099609375,
337.10000000000002,4.3410873413085938,,-0.6880035400390625,
337.19999999999999,4.412628173828125,,-0.63179779052734375,
337.30000000000001,4.604248046875,,-0.53470611572265625,
337.39999999999998,4.7830963134765625,,-0.45549774169921875,
337.5,4.926177978515625,,-0.41973114013671875,
337.60000000000002,4.8929672241210938,,-0.35585784912109375,
337.69999999999999,4.6809005737304688,,-0.389068603515625,
337.80000000000001,4.5710372924804688,,-0.48871612548828125,
337.89999999999998,4.576141357421875,,-0.573028564453125,
338,4.6655731201171875,,-0.53981781005859375,
338.10000000000002,4.908294677734375,,-0.3839569091796875,
338.19999999999999,5.1459121704101562,,-0.27664947509765625,
338.30000000000001,5.3656387329101562,,-0.15656280517578125,
338.39999999999998,5.7054519653320312,,-0.0313720703125,
338.5,6.09381103515625,,0.13470458984375,
338.60000000000002,6.4566268920898438,,0.328887939453125,
338.69999999999999,6.7989959716796875,,0.5179595947265625,
338.80000000000001,7.133697509765625,,0.696807861328125,
338.89999999999998,7.4581832885742188,,0.87310028076171875,
339,7.9870681762695312,,1.0877227783203125,
339.10000000000002,8.4852981567382812,,1.302337646484375,
339.19999999999999,8.7561264038085938,,1.4786376953125,
339.30000000000001,9.0857162475585938,,1.6779251098632812,
339.39999999999998,9.3028945922851562,,1.8721084594726562,
339.5,9.2160263061523438,,2.1352691650390625,
339.60000000000002,9.2671279907226562,,2.6667098999023438,
339.69999999999999,10.077056884765625,,3.509857177734375,
339.80000000000001,11.178260803222656,,4.835906982421875,
339.89999999999998,11.791465759277344,,6.75726318359375,
340,12.090400695800781,0,9.2100677490234375,0
340.10000000000002,12.402107238769531,,12.076774597167969,
340.19999999999999,12.718925476074219,,15.69976806640625,
340.30000000000001,13.074073791503906,,20.975841522216797,
340.39999999999998,13.462432861328125,,27.76702880859375,
340.5,13.942771911621094,,35.296615600585938,
340.60000000000002,14.6505126953125,,43.171123504638672,
340.69999999999999,15.544761657714844,,50.189708709716797,
340.80000000000001,16.142627716064453,,56.316596984863281,
340.89999999999998,16.423679351806641,,62.530357360839844,
341,16.778823852539062,,67.443626403808594,
341.10000000000002,17.080314636230469,,69.967964172363281,
341.19999999999999,17.064983367919922,,70.30010986328125,
341.30000000000001,16.5999755859375,,68.059379577636719,
341.39999999999998,15.779819488525391,,63.424606323242188,
341.5,14.824249267578125,,58.667198181152344,
341.60000000000002,13.952995300292969,,54.088638305664062,
341.69999999999999,13.171165466308594,,48.766574859619141,
341.80000000000001,12.243698120117188,,43.280990600585938,
341.89999999999998,11.178260803222656,,37.782630920410156,
342,10.457756042480469,,32.601089477539062,
342.10000000000002,10.47308349609375,,27.204929351806641,
342.19999999999999,11.160377502441406,,21.686130523681641,
342.30000000000001,12.006080627441406,,15.474922180175781,
342.39999999999998,12.379112243652344,,10.265281677246094,
342.5,12.195152282714844,,7.9862213134765625,
342.60000000000002,11.796577453613281,,6.7547073364257812,
342.69999999999999,11.375,,5.663726806640625,
342.80000000000001,10.986640930175781,,4.450103759765625,
342.89999999999998,10.863998413085938,,3.4229888916015625,
343,11.070953369140625,,2.794464111328125,
343.10000000000002,11.145050048828125,,2.3447799682617188,
343.19999999999999,10.838447570800781,,1.9870834350585938,
343.30000000000001,10.243133544921875,,1.7060317993164062,
343.39999999999998,9.6069412231445312,,1.506744384765625,
343.5,9.0729446411132812,,1.3559951782226562,
343.60000000000002,8.6488113403320312,,1.20269775390625,
343.69999999999999,8.4469680786132812,,0.98296356201171875,
343.80000000000001,8.5772781372070312,,0.732574462890625,
343.89999999999998,9.1470413208007812,,0.4259796142578125,
344,9.8496627807617188,,-0.3200836181640625,
344.10000000000002,10.590614318847656,,-0.30475616455078125,
344.19999999999999,11.489974975585938,,1.6753692626953125,
344.30000000000001,12.557960510253906,,4.3708953857421875,
344.39999999999998,13.687271118164062,,6.1031875610351562,
344.5,13.794586181640625,,5.6560592651367188,
344.60000000000002,13.19671630859375,,3.951873779296875,
344.69999999999999,12.892669677734375,,3.9263229370117188,
344.80000000000001,12.540077209472656,,6.3867874145507812,
344.89999999999998,12.113395690917969,,9.084869384765625,
345,11.824676513671875,,11.818717956542969,
345.10000000000002,11.865562438964844,,15.497917175292969,
345.19999999999999,12.427658081054688,,18.630352020263672,
345.30000000000001,13.15838623046875,,18.006931304931641,
345.39999999999998,13.370452880859375,,15.663993835449219,
345.5,13.373008728027344,,15.0916748046875,
345.60000000000002,13.316802978515625,,14.77996826171875,
345.69999999999999,12.936103820800781,,15.416160583496094,
345.80000000000001,12.578407287597656,,16.157112121582031,
345.89999999999998,12.172157287597656,,14.900047302246094,
346,11.663711547851562,,13.333831787109375,
346.10000000000002,11.472091674804688,,11.961799621582031,
346.19999999999999,11.4490966796875,,10.244842529296875,
346.30000000000001,11.323898315429688,,8.3158187866210938,
346.39999999999998,10.999412536621094,,6.8288040161132812,
346.5,10.649375915527344,,6.7138290405273438,
346.60000000000002,10.375991821289062,,7.807373046875,
346.69999999999999,9.9620819091796875,,9.636749267578125,
346.80000000000001,9.5839462280273438,,11.943916320800781,
346.89999999999998,9.1649246215820312,,11.432914733886719,
347,8.5644989013671875,,6.8824615478515625,
347.10000000000002,7.9385223388671875,,3.9186630249023438,
347.19999999999999,7.4786224365234375,,3.6069488525390625,
347.30000000000001,7.27166748046875,,3.4817581176757812,
347.39999999999998,7.189910888671875,,3.4076614379882812,
347.5,7.1796875,,3.3233489990234375,
347.60000000000002,7.1592483520507812,,3.2390289306640625,
347.69999999999999,7.0391616821289062,,3.2390289306640625,
347.80000000000001,6.9574050903320312,,3.2671356201171875,
347.89999999999998,6.8909759521484375,,3.2390289306640625,
348,6.8909759521484375,,3.2696914672851562,
348.10000000000002,7.1362533569335938,,3.4332122802734375,
348.19999999999999,7.4326324462890625,,3.6376113891601562,
348.30000000000001,7.5987091064453125,,3.85223388671875,
348.39999999999998,7.6472549438476562,,4.1971588134765625,
348.5,7.6446990966796875,,4.7362594604492188,
348.60000000000002,7.7366790771484375,,5.3290176391601562,
348.69999999999999,7.8567657470703125,,5.8093643188476562,
348.80000000000001,7.9206390380859375,,6.1926116943359375,
348.89999999999998,8.1786956787109375,,6.7010574340820312,
349,8.7024688720703125,,7.3295822143554688,
349.10000000000002,9.1751480102539062,,7.9581146240234375,
349.19999999999999,9.4842987060546875,,8.5943069458007812,
349.30000000000001,9.7065811157226562,,9.1972885131835938,
349.39999999999998,9.8905410766601562,,9.7159576416015625,
349.5,10.03106689453125,,9.9178009033203125,
349.60000000000002,9.801116943359375,,9.6444168090820312,
349.69999999999999,9.29522705078125,,9.0644302368164062,
349.80000000000001,8.8711013793945312,,8.28515625,
349.89999999999998,8.421417236328125,,7.5007705688476562,
350,7.9972915649414062,8,6.9310073852539062,4.8543691635131836
350.10000000000002,7.6881332397460938,,6.5707473754882812,
350.19999999999999,7.45562744140625,,6.2820358276367188,
350.30000000000001,7.3125457763671875,,5.8579025268554688,
350.39999999999998,7.1081466674804688,,5.2702560424804688,
350.5,6.8807525634765625,,4.80780029296875,
350.60000000000002,6.7913284301757812,,4.5727386474609375,
350.69999999999999,6.7453384399414062,,4.3887786865234375,
350.80000000000001,6.6993484497070312,,4.1843795776367188,
350.89999999999998,6.6124801635742188,,3.990203857421875,
351,6.5256118774414062,,3.8343429565429688,
351.10000000000002,6.5332717895507812,,3.6503829956054688,
351.19999999999999,6.482177734375,,3.4153289794921875,
351.30000000000001,6.3825302124023438,,3.2850189208984375,
351.39999999999998,6.3774185180664062,,3.244140625,
351.5,6.397857666015625,,3.2058181762695312,
351.60000000000002,6.4055252075195312,,3.2211456298828125,
351.69999999999999,6.4055252075195312,,3.2696914672851562,
351.80000000000001,6.4004135131835938,,3.2875747680664062,
351.89999999999998,6.4387359619140625,,3.2134780883789062,
352,6.4566268920898438,,3.0985031127929688,
352.10000000000002,6.4285202026367188,,3.04229736328125,
352.19999999999999,6.2394485473632812,,2.9503173828125,
352.30000000000001,5.828094482421875,,2.830230712890625,
352.39999999999998,5.6313629150390625,,2.8225631713867188,
352.5,5.7156753540039062,,2.8966598510742188,
352.60000000000002,5.8204269409179688,,3.0244140625,
352.69999999999999,5.9430694580078125,,3.1291656494140625,
352.80000000000001,6.0989227294921875,,3.1828231811523438,
352.89999999999998,6.379974365234375,,3.3310089111328125,
353,6.875640869140625,,3.6324996948242188,
353.10000000000002,7.3151016235351562,,3.9109954833984375,
353.19999999999999,7.4735107421875,,4.1153945922851562,
353.30000000000001,7.5118408203125,,4.3887786865234375,
353.39999999999998,7.6140365600585938,,4.6800537109375,
353.5,7.6446990966796875,,4.8333511352539062,
353.60000000000002,7.5731582641601562,,4.9866485595703125,
353.69999999999999,7.7852249145507812,,5.3571243286132812,
353.80000000000001,8.2119064331054688,,5.8962326049804688,
353.89999999999998,8.6207122802734375,,6.4430007934570312,
354,8.937530517578125,,6.969329833984375,
354.10000000000002,9.139373779296875,,7.4956588745117188,
354.19999999999999,9.16748046875,,7.8124771118164062,
354.30000000000001,8.8557662963867188,,7.8380279541015625,
354.39999999999998,8.5082931518554688,,7.631072998046875,
354.5,8.2962265014648438,,7.1277389526367188,
354.60000000000002,8.0381698608398438,,6.5758590698242188,
354.69999999999999,7.7520065307617188,,6.2360458374023438,
354.80000000000001,7.4862899780273438,,5.957550048828125,
354.89999999999998,7.2563400268554688,,5.5129776000976562,
355,6.988067626953125,,4.910003662109375,
355.10000000000002,6.7887725830078125,,4.4347686767578125,
355.19999999999999,6.7760009765625,,4.1435012817382812,
355.30000000000001,6.7887725830078125,,3.9263229370117188,
355.39999999999998,6.7146759033203125,,3.7347030639648438,
355.5,6.5792617797851562,,3.5430755615234375,
355.60000000000002,6.454071044921875,,3.3565597534179688,
355.69999999999999,6.333984375,,3.1010589599609375,
355.80000000000001,6.213897705078125,,2.8608932495117188,
355.89999999999998,6.185791015625,,2.74847412109375,
356,6.2087860107421875,,2.7152557373046875,
356.10000000000002,6.2036819458007812,,2.67437744140625,
356.19999999999999,6.1755752563476562,,2.6156082153320312,
356.30000000000001,6.1576919555664062,,2.6079483032226562,
356.39999999999998,6.1704635620117188,,2.6437149047851562,
356.5,6.0963668823242188,,2.6232757568359375,
356.60000000000002,6.0273818969726562,,2.6156082153320312,
356.69999999999999,6.1653518676757812,,2.7152557373046875,
356.80000000000001,6.35186767578125,,2.8404541015625,
356.89999999999998,6.4566268920898438,,2.9656448364257812,
357,6.53582763671875,,3.1547164916992188,
357.10000000000002,6.6686859130859375,,3.4127731323242188,
357.19999999999999,6.8705368041992188,,3.6197280883789062,
357.30000000000001,7.0085067749023438,,3.750030517578125,
357.39999999999998,7.1643600463867188,,3.99786376953125,
357.5,7.4454116821289062,,4.4194412231445312,
357.60000000000002,7.7162399291992188,,4.8767852783203125,
357.69999999999999,7.9487457275390625,,5.3213577270507812,
357.80000000000001,8.1812515258789062,,5.7480392456054688,
357.89999999999998,8.3268814086914062,,6.2309341430664062,
358,8.2476806640625,,6.5988540649414062,
358.10000000000002,7.8899765014648438,,6.4404449462890625,
358.19999999999999,7.501617431640625,,5.9038925170898438,
358.30000000000001,7.3636474609375,,5.4209976196289062,
358.39999999999998,7.373870849609375,,5.0633010864257812,
358.5,7.3764266967773438,,4.7848052978515625,
358.60000000000002,7.3202133178710938,,4.5190887451171875,
358.69999999999999,7.2307891845703125,,4.2329254150390625,
358.80000000000001,7.1924667358398438,,3.8701171875,
358.89999999999998,7.097930908203125,,3.399993896484375,
359,7.0085067749023438,,2.978424072265625,
359.10000000000002,7.1694717407226562,,2.7178115844726562,
359.19999999999999,7.4045257568359375,,2.5312957763671875,
359.30000000000001,7.4428558349609375,,2.334564208984375,
359.39999999999998,7.3585357666015625,,2.0662841796875,
359.5,7.3074417114257812,,1.726470947265625,
359.60000000000002,7.27166748046875,,1.4070968627929688,
359.69999999999999,7.0570526123046875,,1.1439285278320312,
359.80000000000001,6.7325668334960938,,0.9778594970703125,
359.89999999999998,6.5434951782226562,,0.94719696044921875,
360,6.4566268920898438,8.3102493286132812,0.9574127197265625,5.3859963417053223
360.10000000000002,6.3953018188476562,,0.92931365966796875,
360.19999999999999,6.333984375,,0.8756561279296875,
360.30000000000001,6.2752227783203125,,0.87821197509765625,
360.39999999999998,6.213897705078125,,0.9957427978515625,
360.5,6.1091461181640625,,1.16436767578125,
360.60000000000002,6.0324935913085938,,1.322784423828125,
360.69999999999999,6.068267822265625,,1.53228759765625,
360.80000000000001,6.13214111328125,,1.762237548828125,
360.89999999999998,6.2164535522460938,,1.9334259033203125,
361,6.3569793701171875,,2.0739517211914062,
361.10000000000002,6.563934326171875,,2.2451324462890625,
361.19999999999999,6.8322067260742188,,2.4674224853515625,
361.30000000000001,7.1030426025390625,,2.6207199096679688,
361.39999999999998,7.3994216918945312,,2.74847412109375,
361.5,7.7673416137695312,,3.0116348266601562,
361.60000000000002,8.1301498413085938,,3.35400390625,
361.69999999999999,8.403533935546875,,3.6529388427734375,
361.80000000000001,8.3933181762695312,,3.9493179321289062,
361.89999999999998,8.091827392578125,,4.227813720703125,
362,7.8184356689453125,,4.209930419921875,
362.10000000000002,7.631927490234375,,3.8215713500976562,
362.19999999999999,7.427520751953125,,3.346343994140625,
362.30000000000001,7.3994216918945312,,3.0167465209960938,
362.39999999999998,7.5731582641601562,,2.8046798706054688,
362.5,7.6983566284179688,,2.6079483032226562,
362.60000000000002,7.6804656982421875,,2.406097412109375,
362.69999999999999,7.6242599487304688,,2.2144775390625,
362.80000000000001,7.6191482543945312,,2.0151824951171875,
362.89999999999998,7.5910415649414062,,1.7673492431640625,
363,7.4428558349609375,,1.4786376953125,
363.10000000000002,7.3866424560546875,,1.248687744140625,
363.19999999999999,7.52972412109375,,1.09283447265625,
363.30000000000001,7.56549072265625,,0.9574127197265625,
363.39999999999998,7.4300765991210938,,0.862884521484375,
363.5,7.2537841796875,,0.750457763671875,
363.60000000000002,7.0570526123046875,,0.64826202392578125,
363.69999999999999,6.896087646484375,,0.5818328857421875,
363.80000000000001,6.7887725830078125,,0.4847412109375,
363.89999999999998,6.8347625732421875,,0.44641876220703125,
364,7.0340576171875,,0.55117034912109375,
364.10000000000002,7.2665557861328125,,0.75812530517578125,
364.19999999999999,7.483734130859375,,0.99829864501953125,
364.30000000000001,7.6165924072265625,,1.2282485961914062,
364.39999999999998,7.6217041015625,,1.432647705078125,
364.5,7.6625823974609375,,1.6472625732421875,
364.60000000000002,8.025390625,,1.8772125244140625,
364.69999999999999,8.5823822021484375,,2.2272491455078125,
364.80000000000001,9.2083587646484375,,2.9605331420898438,
364.89999999999998,9.8701019287109375,,4.1716079711914062,
365,10.401542663574219,,6.0546417236328125,
365.10000000000002,10.863998413085938,,8.7195053100585938,
365.19999999999999,11.48486328125,,11.997573852539062,
365.30000000000001,11.993309020996094,,15.896499633789062,
365.39999999999998,12.399551391601562,,20.301319122314453,
365.5,12.859451293945312,,25.26568603515625,
365.60000000000002,13.6566162109375,,30.873908996582031,
365.69999999999999,14.509986877441406,,37.419818878173828,
365.80000000000001,14.908561706542969,,45.238117218017578,
365.89999999999998,15.266265869140625,,54.045204162597656,
366,15.938228607177734,,63.611122131347656,
366.10000000000002,16.594863891601562,,72.484634399414062,
366.19999999999999,16.911685943603516,,78.798042297363281,
366.30000000000001,17.177402496337891,,81.19207763671875,
366.39999999999998,17.637302398681641,,81.19207763671875,
366.5,17.956680297851562,,81.19207763671875,
366.60000000000002,18.092094421386719,,81.19207763671875,
366.69999999999999,18.217288970947266,,81.19207763671875,
366.80000000000001,18.286273956298828,,81.19207763671875,
366.89999999999998,18.053768157958984,,81.19207763671875,
367,17.729282379150391,,81.19207763671875,
367.10000000000002,17.739505767822266,,81.19207763671875,
367.19999999999999,17.859588623046875,,81.19207763671875,
367.30000000000001,17.941349029541016,,81.19207763671875,
367.39999999999998,18.112533569335938,,81.19207763671875,
367.5,17.992450714111328,,81.19207763671875,
367.60000000000002,17.481449127197266,,81.19207763671875,
367.69999999999999,17.041988372802734,,81.19207763671875,
367.80000000000001,16.668960571289062,,81.19207763671875,
367.89999999999998,16.209060668945312,,81.19207763671875,
368,15.746604919433594,,81.19207763671875,
368.10000000000002,15.25604248046875,,80.7679443359375,
368.19999999999999,14.681167602539062,,77.852691650390625,
368.30000000000001,13.96832275390625,,72.218917846679688,
368.39999999999998,13.091957092285156,,66.125244140625,
368.5,12.506866455078125,,60.097999572753906,
368.60000000000002,12.225814819335938,,54.732498168945312,
368.69999999999999,11.919212341308594,,50.335342407226562,
368.80000000000001,11.553848266601562,,46.091487884521484,
368.89999999999998,11.058181762695312,,41.760765075683594,
369,10.62127685546875,,37.437705993652344,
369.10000000000002,10.243133544921875,,33.681854248046875,
369.19999999999999,9.9441986083984375,,30.87646484375,
369.30000000000001,9.7219161987304688,,28.566745758056641,
369.39999999999998,9.3310012817382812,,26.226364135742188,
369.5,8.8327713012695312,,23.852771759033203,
369.60000000000002,8.3703231811523438,,21.750003814697266,
369.69999999999999,7.9231948852539062,,19.964061737060547,
369.80000000000001,7.5450515747070312,,18.093799591064453,
369.89999999999998,7.2307891845703125,,16.024253845214844,
370,6.9011917114257812,7.0257611274719238,14.159103393554688,2.3866348266601562
370.10000000000002,6.7044601440429688,,12.761512756347656,
370.19999999999999,6.6942367553710938,,11.629653930664062,
370.30000000000001,6.6686859130859375,,10.651084899902344,
370.39999999999998,6.5767059326171875,,9.9356842041015625,
370.5,6.4847259521484375,,9.33270263671875,
370.60000000000002,6.3953018188476562,,8.6607437133789062,
370.69999999999999,6.305877685546875,,7.9146804809570312,
370.80000000000001,6.2752227783203125,,7.071533203125,
370.89999999999998,6.2394485473632812,,6.343353271484375,
371,6.252227783203125,,5.8630142211914062,
371.10000000000002,6.3876419067382812,,5.5129776000976562,
371.19999999999999,6.4642868041992188,,5.2012710571289062,
371.30000000000001,6.4796218872070312,,4.9202194213867188,
371.39999999999998,6.4949493408203125,,4.651947021484375,
371.5,6.4693984985351562,,4.3530120849609375,
371.60000000000002,6.4285202026367188,,4.025970458984375,
371.69999999999999,6.4029693603515625,,3.6427230834960938,
371.80000000000001,6.3825302124023438,,3.3105697631835938,
371.89999999999998,6.4515151977539062,,3.1112823486328125,
372,6.5486068725585938,,2.9554290771484375,
372.10000000000002,6.6022567749023438,,2.7893524169921875,
372.19999999999999,6.6329193115234375,,2.6156082153320312,
372.30000000000001,6.57415771484375,,2.4290924072265625,
372.39999999999998,6.454071044921875,,2.2579116821289062,
372.5,6.4029693603515625,,2.08416748046875,
372.60000000000002,6.344207763671875,,1.8261184692382812,
372.69999999999999,6.2190093994140625,,1.5885009765625,
372.80000000000001,6.2215652465820312,,1.450531005859375,
372.89999999999998,6.333984375,,1.3278884887695312,
373,6.3646469116210938,,1.2001419067382812,
373.10000000000002,6.2828826904296875,,1.0749435424804688,
373.19999999999999,6.1091461181640625,,0.98296356201171875,
373.30000000000001,5.9507369995117188,,0.92420196533203125,
373.39999999999998,5.902191162109375,,0.82199859619140625,
373.5,5.8025436401367188,,0.63803863525390625,
373.60000000000002,5.7156753540039062,,0.42342376708984375,
373.69999999999999,5.8587570190429688,,0.3058929443359375,
373.80000000000001,6.2343368530273438,,0.3697662353515625,
373.89999999999998,6.5511627197265625,,0.45407867431640625,
374,6.50006103515625,,0.42852783203125,
374.10000000000002,6.3109893798828125,,0.3595428466796875,
374.19999999999999,6.22412109375,,0.2956695556640625,
374.30000000000001,6.1730194091796875,,0.2036895751953125,
374.39999999999998,6.1832427978515625,,0.1500396728515625,
374.5,6.2803268432617188,,0.18325042724609375,
374.60000000000002,6.3876419067382812,,0.23435211181640625,
374.69999999999999,6.4464035034179688,,0.28289794921875,
374.80000000000001,6.4106369018554688,,0.3748779296875,
374.89999999999998,6.3390960693359375,,0.53839874267578125,
375,6.3569793701171875,,0.7095794677734375,
375.10000000000002,6.3314285278320312,,0.79900360107421875,
375.19999999999999,6.2343368530273438,,0.862884521484375,
375.30000000000001,6.2982177734375,,0.9957427978515625,
375.39999999999998,6.5256118774414062,,1.1797027587890625,
375.5,6.7325668334960938,,1.4173126220703125,
375.60000000000002,6.8066558837890625,,1.8516693115234375,
375.69999999999999,7.0289459228515625,,2.5619583129882812,
375.80000000000001,7.4811782836914062,,3.4434280395507812,
375.89999999999998,8.0943756103515625,,4.319793701171875,
376,9.0320663452148438,,5.2830276489257812,
376.10000000000002,9.8215560913085938,,6.3842391967773438,
376.19999999999999,10.462867736816406,,7.4803314208984375,
376.30000000000001,10.912544250488281,,8.5738677978515625,
376.39999999999998,11.122055053710938,,9.6393051147460938,
376.5,10.955978393554688,,10.229507446289062,
376.60000000000002,10.493522644042969,,9.6060867309570312,
376.69999999999999,10.025962829589844,,8.2979278564453125,
376.80000000000001,9.7423553466796875,,7.30914306640625,
376.89999999999998,9.5456161499023438,,6.6601791381835938,
377,9.2620162963867188,,6.1542892456054688,
377.10000000000002,8.771453857421875,,5.699493408203125,
377.19999999999999,8.44952392578125,,5.2600326538085938,
377.30000000000001,8.2400131225585938,,4.7183761596679688,
377.39999999999998,8.053497314453125,,4.1971588134765625,
377.5,8.0662765502929688,,3.9007720947265625,
377.60000000000002,8.1991348266601562,,3.7270355224609375,
377.69999999999999,8.1965789794921875,,3.6324996948242188,
377.80000000000001,8.053497314453125,,3.5916213989257812,
377.89999999999998,7.86187744140625,,3.4792022705078125,
378,7.6293716430664062,,3.2518081665039062,
378.10000000000002,7.3687591552734375,,2.9452056884765625,
378.19999999999999,7.2410125732421875,,2.7510223388671875,
378.30000000000001,7.3406524658203125,,2.7867965698242188,
378.39999999999998,7.5552749633789062,,2.9605331420898438,
378.5,7.7571182250976562,,3.2671356201171875,
378.60000000000002,7.907867431640625,,3.66827392578125,
378.69999999999999,8.0611648559570312,,4.0949554443359375,
378.80000000000001,8.3243331909179688,,4.5190887451171875,
378.89999999999998,8.6718063354492188,,4.8205718994140625,
379,9.0065155029296875,,5.1169586181640625,
379.10000000000002,9.397430419921875,,5.5794143676757812,
379.19999999999999,9.70147705078125,,5.9549942016601562,
379.30000000000001,9.709136962890625,,6.1389541625976562,
379.39999999999998,9.4536361694335938,,6.0290908813476562,
379.5,9.1061630249023438,,5.5513076782226562,
379.60000000000002,8.8736572265625,,5.0224227905273438,
379.69999999999999,8.78167724609375,,4.5701828002929688,
379.80000000000001,8.5210647583007812,,4.0694046020507812,
379.89999999999998,8.0432815551757812,,3.6606063842773438,
380,7.723907470703125,0,3.399993896484375,0
380.10000000000002,7.5833816528320312,,3.1266098022460938,
380.19999999999999,7.4454116821289062,,2.8353424072265625,
380.30000000000001,7.281890869140625,,2.5696182250976562,
380.39999999999998,7.0825958251953125,,2.3575592041015625,
380.5,6.8475418090820312,,2.1991424560546875,
380.60000000000002,6.6789093017578125,,2.0560684204101562,
380.69999999999999,6.5511627197265625,,1.8848800659179688,
380.80000000000001,6.4004135131835938,,1.7801284790039062,
380.89999999999998,6.3646469116210938,,1.8031234741210938,
381,6.546051025390625,,1.8618850708007812,
381.10000000000002,6.7683334350585938,,1.9589767456054688,
381.19999999999999,6.9114151000976562,,2.1480484008789062,
381.30000000000001,7.0647125244140625,,2.4112091064453125,
381.39999999999998,7.264007568359375,,2.7305831909179688,
381.5,7.4786224365234375,,3.1087265014648438,
381.60000000000002,7.6625823974609375,,3.4025497436523438,
381.69999999999999,7.8184356689453125,,3.6095046997070312,
381.80000000000001,8.0305023193359375,,3.9033279418945312,
381.89999999999998,8.2221298217773438,,4.227813720703125,
382,8.275787353515625,,4.40411376953125,
382.10000000000002,8.4112014770507812,,4.3274612426757812,
382.19999999999999,8.6718063354492188,,4.03619384765625,
382.30000000000001,8.789337158203125,,3.6554946899414062,
382.39999999999998,8.6922531127929688,,3.26202392578125,
382.5,8.5542831420898438,,2.8404541015625,
382.60000000000002,8.3907623291015625,,2.3754425048828125,
382.69999999999999,8.3038864135742188,,1.9819717407226562,
382.80000000000001,8.3268814086914062,,1.6958084106445312,
382.89999999999998,8.2706756591796875,,1.4403076171875,
383,8.19146728515625,,1.174591064453125,
383.10000000000002,8.11737060546875,,0.8858795166015625,
383.19999999999999,8.0560531616210938,,0.63037872314453125,
383.30000000000001,7.907867431640625,,0.4336395263671875,
383.39999999999998,7.355987548828125,,0.25734710693359375,
383.5,6.75811767578125,,0.0759429931640625,
383.60000000000002,6.5971527099609375,,-0.0620269775390625,
383.69999999999999,6.6891326904296875,,-0.12335205078125,
383.80000000000001,6.821990966796875,,-0.18978118896484375,
383.89999999999998,6.82965087890625,,-0.279205322265625,
384,6.7887725830078125,,-0.34307861328125,
384.10000000000002,6.75811767578125,,-0.36351776123046875,
384.19999999999999,6.6610260009765625,,-0.3481903076171875,
384.30000000000001,6.6303634643554688,,-0.27153778076171875,
384.39999999999998,6.6252517700195312,,-0.131011962890625,
384.5,6.563934326171875,,0.0299530029296875,
384.60000000000002,6.5971527099609375,,0.20624542236328125,
384.69999999999999,6.804107666015625,,0.3876495361328125,
384.80000000000001,7.0391616821289062,,0.55628204345703125,
384.89999999999998,7.34576416015625,,0.7095794677734375,
385,7.7213516235351562,,0.85010528564453125,
385.10000000000002,7.93341064453125,,0.98296356201171875,
385.19999999999999,8.0202865600585938,,1.1081619262695312,
385.30000000000001,8.0739364624023438,,1.1669235229492188,
385.39999999999998,8.0560531616210938,,1.1720352172851562,
385.5,8.19146728515625,,1.25634765625,
385.60000000000002,8.4750747680664062,,1.432647705078125,
385.69999999999999,8.63348388671875,,1.6600418090820312,
385.80000000000001,8.6871414184570312,,1.9180984497070312,
385.89999999999998,8.6769180297851562,,2.19659423828125,
386,8.6079330444335938,,2.4571990966796875,
386.10000000000002,8.5440597534179688,,2.5951690673828125,
386.19999999999999,8.3779830932617188,,2.4699783325195312,
386.30000000000001,8.1148223876953125,,2.1710433959960938,
386.39999999999998,7.9308624267578125,,1.9436492919921875,
386.5,7.8567657470703125,,1.79034423828125,
386.60000000000002,7.7469024658203125,,1.6089401245117188,
386.69999999999999,7.5322799682617188,,1.38665771484375,
386.80000000000001,7.3764266967773438,,1.1618194580078125,
386.89999999999998,7.2588958740234375,,0.93697357177734375,
387,7.0544967651367188,,0.68914031982421875,
387.10000000000002,6.7760009765625,,0.4259796142578125,
387.19999999999999,6.5511627197265625,,0.22412872314453125,
387.30000000000001,6.4770660400390625,,0.0938262939453125,
387.39999999999998,6.3544235229492188,,-0.0083770751953125,
387.5,6.1627960205078125,,-0.0901336669921875,
387.60000000000002,6.0912628173828125,,-0.1642303466796875,
387.69999999999999,6.086151123046875,,-0.2281036376953125,
387.80000000000001,5.9788360595703125,,-0.28176116943359375,
387.89999999999998,5.8255386352539062,,-0.34052276611328125,
388,5.736114501953125,,-0.39162445068359375,
388.10000000000002,5.753997802734375,,-0.36351776123046875,
388.19999999999999,5.8945236206054688,,-0.22043609619140625,
388.30000000000001,6.1474685668945312,,-0.01092529296875,
388.39999999999998,6.436187744140625,,0.1960296630859375,
388.5,6.6073684692382812,,0.3799896240234375,
388.60000000000002,6.701904296875,,0.56139373779296875,
388.69999999999999,6.701904296875,,0.66614532470703125,
388.80000000000001,6.64569091796875,,0.72235870361328125,
388.89999999999998,6.7683334350585938,,0.83477783203125,
389,6.9906158447265625,,0.9676361083984375,
389.10000000000002,7.1234817504882812,,1.0800552368164062,
389.19999999999999,7.2052383422851562,,1.174591064453125,
389.30000000000001,7.3202133178710938,,1.2921218872070312,
389.39999999999998,7.5271682739257812,,1.4377593994140625,
389.5,7.8082199096679688,,1.552734375,
389.60000000000002,8.163360595703125,,1.66259765625,
389.69999999999999,8.5798263549804688,,1.86444091796875,
389.80000000000001,8.9835205078125,,2.1276092529296875,
389.89999999999998,9.2364654541015625,,2.3958816528320312,
390,9.231353759765625,0,2.6615982055664062,0
390.10000000000002,9.0550613403320312,,2.8966598510742188,
390.19999999999999,8.8506622314453125,,2.9349822998046875,
390.30000000000001,8.6104888916015625,,2.656494140625,
390.39999999999998,8.3422164916992188,,2.3243408203125,
390.5,8.2400131225585938,,2.15826416015625,
390.60000000000002,8.3192214965820312,,2.038177490234375,
390.69999999999999,8.3830947875976562,,1.8874359130859375,
390.80000000000001,8.3447723388671875,,1.726470947265625,
390.89999999999998,8.1991348266601562,,1.578277587890625,
391,7.9921798706054688,,1.42242431640625,
391.10000000000002,7.7928924560546875,,1.2001419067382812,
391.19999999999999,7.611480712890625,,0.990631103515625,
391.30000000000001,7.5220565795898438,,0.8935394287109375,
391.39999999999998,7.5220565795898438,,0.85010528564453125,
391.5,7.4914016723632812,,0.80411529541015625,
391.60000000000002,7.3994216918945312,,0.770904541015625,
391.69999999999999,7.299774169921875,,0.73513031005859375,
391.80000000000001,7.2588958740234375,,0.70702362060546875,
391.89999999999998,7.2461166381835938,,0.6559295654296875,
392,7.1388092041015625,,0.6099395751953125,
392.10000000000002,7.0289459228515625,,0.66614532470703125,
392.19999999999999,7.0263900756835938,,0.79134368896484375,
392.30000000000001,7.0391616821289062,,0.89609527587890625,
392.39999999999998,7.06982421875,,0.96508026123046875,
392.5,7.1566925048828125,,1.0417327880859375,
392.60000000000002,7.3253250122070312,,1.16436767578125,
392.69999999999999,7.5859375,,1.302337646484375,
392.80000000000001,7.7928924560546875,,1.3841018676757812,
392.89999999999998,7.9845123291015625,,1.4888534545898438,
393,8.2476806640625,,1.7111434936523438,
393.10000000000002,8.4801864624023438,,1.9819717407226562,
393.19999999999999,8.569610595703125,,2.2579116821289062,
393.30000000000001,8.5210647583007812,,2.4878616333007812,
393.39999999999998,8.4239730834960938,,2.6258316040039062,
393.5,8.33966064453125,,2.6411590576171875,
393.60000000000002,8.3038864135742188,,2.4597549438476562,
393.69999999999999,8.183807373046875,,2.1378250122070312,
393.80000000000001,8.025390625,,1.8976593017578125,
393.89999999999998,8.0023956298828125,,1.75457763671875,
394,8.0202865600585938,,1.616607666015625,
394.10000000000002,7.9768524169921875,,1.4709701538085938,
394.19999999999999,7.8823165893554688,,1.3176727294921875,
394.30000000000001,7.7571182250976562,,1.184814453125,
394.39999999999998,7.6063766479492188,,1.0672836303710938,
394.5,7.4428558349609375,,0.91909027099609375,
394.60000000000002,7.2588958740234375,,0.76068115234375,
394.69999999999999,7.1311416625976562,,0.678924560546875,
394.80000000000001,7.133697509765625,,0.658477783203125,
394.89999999999998,7.1822433471679688,,0.67125701904296875,
395,7.1873550415039062,,0.732574462890625,
395.10000000000002,7.1643600463867188,,0.82711029052734375,
395.19999999999999,7.1643600463867188,,0.9216461181640625,
395.30000000000001,7.1924667358398438,,0.9855194091796875,
395.39999999999998,7.2384567260742188,,0.94464111328125,
395.5,7.1592483520507812,,0.83733367919921875,
395.60000000000002,6.9931716918945312,,0.8475494384765625,
395.69999999999999,6.9752883911132812,,0.97019195556640625,
395.80000000000001,7.08770751953125,,1.1413726806640625,
395.89999999999998,7.2742233276367188,,1.3381118774414062,
396,7.4965057373046875,,1.5195159912109375,
396.10000000000002,7.71368408203125,,1.7366943359375,
396.19999999999999,7.9027557373046875,,1.97430419921875,
396.30000000000001,7.9589614868164062,,2.1046142578125,
396.39999999999998,7.8414306640625,,2.1097183227539062,
396.5,7.7162399291992188,,2.0969467163085938,
396.60000000000002,7.7801132202148438,,2.0254058837890625,
396.69999999999999,7.8746490478515625,,1.8669967651367188,
396.80000000000001,7.8363265991210938,,1.6677093505859375,
396.89999999999998,7.7903366088867188,,1.4377593994140625,
397,7.8005523681640625,,1.2078094482421875,
397.10000000000002,7.8056640625,,0.97019195556640625,
397.19999999999999,7.71368408203125,,0.70702362060546875,
397.30000000000001,7.4914016723632812,,0.474517822265625,
397.39999999999998,7.28955078125,,0.33910369873046875,
397.5,7.133697509765625,,0.2650146484375,
397.60000000000002,6.8628692626953125,,0.18836212158203125,
397.69999999999999,6.6303634643554688,,0.10149383544921875,
397.80000000000001,6.6431427001953125,,0.01717376708984375,
397.89999999999998,6.7862167358398438,,-0.06458282470703125,
398,6.9906158447265625,,-0.18978118896484375,
398.10000000000002,7.1745758056640625,,-0.35074615478515625,
398.19999999999999,7.3636474609375,,-0.4682769775390625,
398.30000000000001,7.5987091064453125,,-0.52448272705078125,
398.39999999999998,7.74945068359375,,-0.54747772216796875,
398.5,7.8133316040039062,,-0.55770111083984375,
398.60000000000002,7.89764404296875,,-0.5219268798828125,
398.69999999999999,8.0228424072265625,,-0.41461944580078125,
398.80000000000001,8.1020431518554688,,-0.24343109130859375,
398.89999999999998,8.0841598510742188,,-0.06969451904296875,
399,8.173583984375,,0.1679229736328125,
399.10000000000002,8.59771728515625,,0.5639495849609375,
399.19999999999999,9.2517929077148438,,1.1490402221679688,
399.30000000000001,10.273796081542969,,1.9870834350585938,
399.39999999999998,11.592170715332031,,3.216033935546875,
399.5,12.596290588378906,,4.945770263671875,
399.60000000000002,13.068962097167969,,7.1481781005859375,
399.69999999999999,13.189048767089844,,9.8437042236328125,
399.80000000000001,13.23248291015625,,13.26995849609375,
399.89999999999998,13.38067626953125,,17.674781799316406,
400,13.620841979980469,5.0890583992004395,23.321331024169922,2.0013341903686523
400.10000000000002,14.004096984863281,,29.959220886230469,
400.19999999999999,14.819137573242188,,37.108108520507812,
400.30000000000001,15.802814483642578,,45.028610229492188,
400.39999999999998,16.364913940429688,,53.805034637451172,
400.5,16.804374694824219,,62.9979248046875,
400.60000000000002,17.4456787109375,,72.298126220703125,
400.69999999999999,17.923465728759766,,79.079093933105469,
400.80000000000001,18.283718109130859,,81.19207763671875,
400.89999999999998,18.799827575683594,,81.19207763671875,
401,19.292945861816406,,81.19207763671875,
401.10000000000002,19.487125396728516,,81.19207763671875,
401.19999999999999,19.515228271484375,,81.19207763671875,
401.30000000000001,19.673637390136719,,81.19207763671875,
401.39999999999998,20.016010284423828,,81.19207763671875,
401.5,20.309833526611328,,81.19207763671875,
401.60000000000002,20.153980255126953,,81.19207763671875,
401.69999999999999,19.405364990234375,,81.19207763671875,
401.80000000000001,18.4395751953125,,81.19207763671875,
401.89999999999998,17.788047790527344,,81.19207763671875,
402,17.384357452392578,,81.19207763671875,
402.10000000000002,16.995998382568359,,80.903366088867188,
402.19999999999999,16.651073455810547,,78.997329711914062,
402.30000000000001,16.255050659179688,,75.729484558105469,
402.39999999999998,15.590747833251953,,72.155044555664062,
402.5,14.954551696777344,,68.488616943359375,
402.60000000000002,14.732269287109375,,64.972938537597656,
402.69999999999999,14.474212646484375,,61.551795959472656,
402.80000000000001,13.950439453125,,57.977348327636719,
402.89999999999998,13.367897033691406,,54.354358673095703,
403,12.839012145996094,,50.958763122558594,
403.10000000000002,12.322906494140625,,47.399650573730469,
403.19999999999999,11.755691528320312,,44.17779541015625,
403.30000000000001,11.441429138183594,,41.63812255859375,
403.39999999999998,11.321342468261719,,39.359066009521484,
403.5,10.984085083007812,,36.540901184082031,
403.60000000000002,10.278907775878906,,33.206623077392578,
403.69999999999999,9.5047378540039062,,30.34246826171875,
403.80000000000001,8.9758529663085938,,28.037860870361328,
403.89999999999998,8.6232681274414062,,25.738361358642578,
404,8.275787353515625,,23.505290985107422,
404.10000000000002,7.943634033203125,,21.706569671630859,
404.19999999999999,7.78778076171875,,20.173568725585938,
404.30000000000001,7.703460693359375,,18.901180267333984,
404.39999999999998,7.5348358154296875,,17.891956329345703,
404.5,7.3610916137695312,,16.990043640136719,
404.60000000000002,7.151580810546875,,16.162223815917969,
404.69999999999999,6.9190826416015625,,15.193878173828125,
404.80000000000001,6.7862167358398438,,13.913818359375,
404.89999999999998,6.638031005859375,,12.702751159667969,
405,6.5307159423828125,,11.846824645996094,
405.10000000000002,6.5409393310546875,,11.121208190917969,
405.19999999999999,6.5179443359375,,10.479904174804688,
405.30000000000001,6.4285202026367188,,9.9203567504882812,
405.39999999999998,6.305877685546875,,9.3556976318359375,
405.5,6.1806869506835938,,8.8319244384765625,
405.60000000000002,6.1091461181640625,,8.2621612548828125,
405.69999999999999,6.0452728271484375,,7.5467605590820312,
405.80000000000001,5.9967269897460938,,6.8390274047851562,
405.89999999999998,6.0554885864257812,,6.35357666015625,
406,6.178131103515625,,5.9958724975585938,
406.10000000000002,6.2394485473632812,,5.61773681640625,
406.19999999999999,6.2471160888671875,,5.1578369140625,
406.30000000000001,6.2394485473632812,,4.6672744750976562,
406.39999999999998,6.24200439453125,,4.2533645629882812,
406.5,6.3007659912109375,,3.8803329467773438,
406.60000000000002,6.3748626708984375,,3.4076614379882812,
406.69999999999999,6.3467559814453125,,2.957977294921875,
406.80000000000001,6.3365402221679688,,2.6948165893554688,
406.89999999999998,6.4131927490234375,,2.5057449340820312,
407,6.4464035034179688,,2.314117431640625,
407.10000000000002,6.44384765625,,2.1352691650390625,
407.19999999999999,6.44384765625,,1.9691925048828125,
407.30000000000001,6.4029693603515625,,1.7877883911132812,
407.39999999999998,6.4055252075195312,,1.5731735229492188,
407.5,6.4745101928710938,,1.2921218872070312,
407.60000000000002,6.4847259521484375,,1.0315093994140625,
407.69999999999999,6.5409393310546875,,0.88332366943359375,
407.80000000000001,6.6686859130859375,,0.7938995361328125,
407.89999999999998,6.7351226806640625,,0.71213531494140625,
408,6.7708892822265625,,0.64826202392578125,
408.10000000000002,6.8092117309570312,,0.57927703857421875,
408.19999999999999,6.8347625732421875,,0.51029205322265625,
408.30000000000001,6.8526458740234375,,0.42342376708984375,
408.39999999999998,6.7964401245117188,,0.290557861328125,
408.5,6.8168792724609375,,0.20880126953125,
408.60000000000002,6.9752883911132812,,0.19347381591796875,
408.69999999999999,7.115814208984375,,0.1755828857421875,
408.80000000000001,7.2052383422851562,,0.14237213134765625,
408.89999999999998,7.2946624755859375,,0.106597900390625,
409,7.34576416015625,,0.06827545166015625,
409.10000000000002,7.3380966186523438,,0.0197296142578125,
409.19999999999999,7.3202133178710938,,-0.067138671875,
409.30000000000001,7.2537841796875,,-0.177001953125,
409.39999999999998,7.2103500366210938,,-0.24854278564453125,
409.5,7.2486724853515625,,-0.297088623046875,
409.60000000000002,7.281890869140625,,-0.3379669189453125,
409.69999999999999,7.2537841796875,,-0.3660736083984375,
409.80000000000001,7.189910888671875,,-0.39673614501953125,
409.89999999999998,7.1311416625976562,,-0.4299468994140625,
410,7.1107025146484375,0,-0.481048583984375,0
410.10000000000002,7.059600830078125,,-0.55258941650390625,
410.19999999999999,6.9931716918945312,,-0.590911865234375,
410.30000000000001,7.005950927734375,,-0.58835601806640625,
410.39999999999998,7.005950927734375,,-0.590911865234375,
410.5,7.0033950805664062,,-0.60113525390625,
410.60000000000002,6.9855117797851562,,-0.62157440185546875,
410.69999999999999,6.9267425537109375,,-0.63945770263671875,
410.80000000000001,6.8909759521484375,,-0.65734100341796875,
410.89999999999998,6.811767578125,,-0.7058868408203125,
411,6.75811767578125,,-0.7518768310546875,
411.10000000000002,6.804107666015625,,-0.75954437255859375,
411.19999999999999,6.8475418090820312,,-0.74932098388671875,
411.30000000000001,6.8449859619140625,,-0.74166107177734375,
411.39999999999998,6.8194351196289062,,-0.739105224609375,
411.5,6.8168792724609375,,-0.7442169189453125,
411.60000000000002,6.85009765625,,-0.774871826171875,
411.69999999999999,6.86798095703125,,-0.80042266845703125,
411.80000000000001,6.875640869140625,,-0.7799835205078125,
411.89999999999998,6.9063034057617188,,-0.72377777099609375,
412,6.8986358642578125,,-0.63690185546875,
412.10000000000002,6.8935317993164062,,-0.5040435791015625,
412.19999999999999,6.9701766967773438,,-0.34563446044921875,
412.30000000000001,7.06982421875,,-0.18466949462890625,
412.39999999999998,7.1490325927734375,,-0.06458282470703125,
412.5,7.1490325927734375,,0.00951385498046875,
412.60000000000002,7.1771316528320312,,0.11937713623046875,
412.69999999999999,7.38153076171875,,0.2496795654296875,
412.80000000000001,7.6753616333007812,,0.35443878173828125,
412.89999999999998,7.9768524169921875,,0.46941375732421875,
413,8.1684722900390625,,0.604827880859375,
413.10000000000002,8.2860031127929688,,0.732574462890625,
413.19999999999999,8.3958663940429688,,0.78623199462890625,
413.30000000000001,8.44952392578125,,0.82711029052734375,
413.39999999999998,8.5287322998046875,,0.94719696044921875,
413.5,8.6513671875,,1.100494384765625,
413.60000000000002,8.7663421630859375,,1.266571044921875,
413.69999999999999,8.8148880004882812,,1.4479751586914062,
413.80000000000001,8.8583221435546875,,1.6677093505859375,
413.89999999999998,9.0320663452148438,,1.8618850708007812,
414,9.2287979125976562,,1.9819717407226562,
414.10000000000002,9.4536361694335938,,2.140380859375,
414.19999999999999,9.8087844848632812,,2.3192291259765625,
414.30000000000001,10.094947814941406,,2.38055419921875,
414.39999999999998,10.140937805175781,,2.3371124267578125,
414.5,9.9620819091796875,,2.2272491455078125,
414.60000000000002,9.709136962890625,,2.0713958740234375,
414.69999999999999,9.507293701171875,,1.8440017700195312,
414.80000000000001,9.1828079223632812,,1.5373992919921875,
414.89999999999998,8.789337158203125,,1.2870101928710938,
415,8.551727294921875,,1.1413726806640625,
415.10000000000002,8.3422164916992188,,1.0340652465820312,
415.19999999999999,8.0892715454101562,,0.94208526611328125,
415.30000000000001,7.8056640625,,0.8296661376953125,
415.39999999999998,7.5271682739257812,,0.72235870361328125,
415.5,7.335540771484375,,0.5894927978515625,
415.60000000000002,7.19757080078125,,0.42852783203125,
415.69999999999999,7.1464767456054688,,0.34421539306640625,
415.80000000000001,7.2307891845703125,,0.35699462890625,
415.89999999999998,7.3151016235351562,,0.3978729248046875,
416,7.2921066284179688,,0.448974609375,
416.10000000000002,7.1924667358398438,,0.5179595947265625,
416.19999999999999,7.1464767456054688,,0.5894927978515625,
416.30000000000001,7.2767791748046875,,0.64315032958984375,
416.39999999999998,7.4224166870117188,,0.64315032958984375,
416.5,7.4530715942382812,,0.6457061767578125,
416.60000000000002,7.5373916625976562,,0.7427978515625,
416.69999999999999,7.7264556884765625,,0.89609527587890625,
416.80000000000001,7.8925323486328125,,1.0672836303710938,
416.89999999999998,8.0560531616210938,,1.25634765625,
417,8.2706756591796875,,1.4709701538085938,
417.10000000000002,8.6002731323242188,,1.71624755859375,
417.19999999999999,8.96563720703125,,1.928314208984375,
417.30000000000001,9.065277099609375,,2.0228500366210938,
417.39999999999998,9.0729446411132812,,2.0969467163085938,
417.5,9.2926712036132812,,2.1454925537109375,
417.60000000000002,9.5047378540039062,,2.0407333374023438,
417.69999999999999,9.5098495483398438,,1.8593292236328125,
417.80000000000001,9.3667678833007812,,1.68048095703125,
417.89999999999998,9.1649246215820312,,1.5271835327148438,
418,9.0448379516601562,,1.394317626953125,
418.10000000000002,8.973297119140625,,1.230804443359375,
418.19999999999999,8.7970046997070312,,1.0877227783203125,
418.30000000000001,8.6564788818359375,,1.0391769409179688,
418.39999999999998,8.605377197265625,,1.05450439453125,
418.5,8.5363922119140625,,1.100494384765625,
418.60000000000002,8.4623031616210938,,1.1975860595703125,
418.69999999999999,8.4546356201171875,,1.3508834838867188,
418.80000000000001,8.4623031616210938,,1.5297393798828125,
418.89999999999998,8.2630081176757812,,1.624267578125,
419,7.7520065307617188,,1.652374267578125,
419.10000000000002,7.2588958740234375,,1.8082275390625,
419.19999999999999,7.2537841796875,,2.1071624755859375,
419.30000000000001,7.6600265502929688,,2.4597549438476562,
419.39999999999998,8.08160400390625,,2.8327865600585938,
419.5,8.5057373046875,,3.1189422607421875,
419.60000000000002,9.121490478515625,,3.3769989013671875,
419.69999999999999,9.673370361328125,,3.7091522216796875,
419.80000000000001,10.123046875,,3.9850921630859375,
419.89999999999998,10.889549255371094,,4.1639404296875,
420,11.901329040527344,0,4.3990020751953125,0
420.10000000000002,12.445541381835938,,4.6672744750976562,
420.19999999999999,12.131278991699219,,4.7592544555664062,
420.30000000000001,11.354560852050781,,4.4730987548828125,
420.39999999999998,10.685150146484375,,3.96209716796875,
420.5,10.227806091308594,,3.601837158203125,
420.60000000000002,9.7449111938476562,,3.4153289794921875,
420.69999999999999,9.4587478637695312,,3.37188720703125,
420.80000000000001,9.7500228881835938,,3.4996414184570312,
420.89999999999998,10.258460998535156,,3.5073089599609375,
421,10.102607727050781,,2.9119873046875,
421.10000000000002,9.3667678833007812,,2.076507568359375,
421.19999999999999,8.7484588623046875,,1.542510986328125,
421.30000000000001,8.15570068359375,,1.1541519165039062,
421.39999999999998,7.7903366088867188,,0.85010528564453125,
421.5,7.8005523681640625,,0.63037872314453125,
421.60000000000002,7.82354736328125,,0.4975128173828125,
421.69999999999999,7.9308624267578125,,0.47707366943359375,
421.80000000000001,8.1786956787109375,,0.51029205322265625,
421.89999999999998,8.3422164916992188,,0.55628204345703125,
422,8.2962265014648438,,0.5639495849609375,
422.10000000000002,8.1991348266601562,,0.5818328857421875,
422.19999999999999,8.237457275390625,,0.59716033935546875,
422.30000000000001,8.3141098022460938,,0.59204864501953125,
422.39999999999998,8.5849380493164062,,0.6738128662109375,
422.5,9.0525054931640625,,0.8296661376953125,
422.60000000000002,9.3182220458984375,,0.94208526611328125,
422.69999999999999,9.4127578735351562,,1.0238494873046875,
422.80000000000001,9.4025421142578125,,1.100494384765625,
422.89999999999998,9.2415771484375,,1.1107177734375,
423,9.0065155029296875,,0.98807525634765625,
423.10000000000002,8.7203521728515625,,0.842437744140625,
423.19999999999999,8.55938720703125,,0.8475494384765625,
423.30000000000001,8.6002731323242188,,0.9395294189453125,
423.39999999999998,8.5849380493164062,,0.98040771484375,
423.5,8.4648513793945312,,0.9574127197265625,
423.60000000000002,8.2553482055664062,,0.84499359130859375,
423.69999999999999,8.0483856201171875,,0.68402862548828125,
423.80000000000001,8.0100631713867188,,0.59716033935546875,
423.89999999999998,8.091827392578125,,0.64826202392578125,
424,8.367767333984375,,0.83222198486328125,
424.10000000000002,8.6922531127929688,,0.934417724609375,
424.19999999999999,8.8123321533203125,,0.8475494384765625,
424.30000000000001,8.8021163940429688,,0.7836761474609375,
424.39999999999998,8.8072280883789062,,0.8654327392578125,
424.5,8.9528579711914062,,0.98296356201171875,
424.60000000000002,9.019287109375,,0.972747802734375,
424.69999999999999,8.9043121337890625,,0.92931365966796875,
424.80000000000001,8.6871414184570312,,0.9497528076171875,
424.89999999999998,8.41375732421875,,0.98807525634765625,
425,8.2272415161132812,,1.0315093994140625,
425.10000000000002,8.0841598510742188,,1.0493927001953125,
425.19999999999999,7.9180831909179688,,1.0442886352539062,
425.30000000000001,7.8056640625,,0.9676361083984375,
425.39999999999998,7.667694091796875,,0.8654327392578125,
425.5,7.6165924072265625,,0.87054443359375,
425.60000000000002,7.7469024658203125,,0.9318695068359375,
425.69999999999999,7.8363265991210938,,0.9574127197265625,
425.80000000000001,7.8388824462890625,,0.94719696044921875,
425.89999999999998,7.8261032104492188,,0.93697357177734375,
426,7.8388824462890625,,0.934417724609375,
426.10000000000002,7.7750015258789062,,0.83477783203125,
426.19999999999999,7.6242599487304688,,0.7427978515625,
426.30000000000001,7.6217041015625,,0.778564453125,
426.39999999999998,7.7443466186523438,,0.80922698974609375,
426.5,7.8107757568359375,,0.79134368896484375,
426.60000000000002,7.8005523681640625,,0.80411529541015625,
426.69999999999999,7.7928924560546875,,0.83477783203125,
426.80000000000001,7.8209915161132812,,0.78623199462890625,
426.89999999999998,7.7213516235351562,,0.68658447265625,
427,7.649810791015625,,0.66103363037109375,
427.10000000000002,7.777557373046875,,0.7019195556640625,
427.19999999999999,7.887420654296875,,0.73513031005859375,
427.30000000000001,7.8925323486328125,,0.73513031005859375,
427.39999999999998,7.9385223388671875,,0.71724700927734375,
427.5,8.1122665405273438,,0.7657928466796875,
427.60000000000002,8.163360595703125,,0.7938995361328125,
427.69999999999999,7.9513015747070312,,0.7427978515625,
427.80000000000001,7.78778076171875,,0.7095794677734375,
427.89999999999998,7.7750015258789062,,0.69425201416015625,
428,7.7290115356445312,,0.6814727783203125,
428.10000000000002,7.6421432495117188,,0.6738128662109375,
428.19999999999999,7.6191482543945312,,0.66103363037109375,
428.30000000000001,7.7290115356445312,,0.622711181640625,
428.39999999999998,7.82354736328125,,0.5639495849609375,
428.5,7.8746490478515625,,0.54605865478515625,
428.60000000000002,8.0611648559570312,,0.57416534423828125,
428.69999999999999,8.3524322509765625,,0.6559295654296875,
428.80000000000001,8.6156005859375,,0.7479095458984375,
428.89999999999998,8.771453857421875,,0.79134368896484375,
429,8.8762130737304688,,0.8475494384765625,
429.10000000000002,8.973297119140625,,0.83222198486328125,
429.19999999999999,8.9043121337890625,,0.714691162109375,
429.30000000000001,8.8583221435546875,,0.65081787109375,
429.39999999999998,9.0039596557617188,,0.6559295654296875,
429.5,9.0831680297851562,,0.66614532470703125,
429.60000000000002,9.011627197265625,,0.658477783203125,
429.69999999999999,8.89154052734375,,0.65337371826171875,
429.80000000000001,8.8199996948242188,,0.65337371826171875,
429.89999999999998,8.7561264038085938,,0.59204864501953125,
430,8.6181564331054688,0,0.5179595947265625,0
430.10000000000002,8.605377197265625,,0.5205078125,
430.19999999999999,8.7740097045898438,,0.54605865478515625,
430.30000000000001,8.8787612915039062,,0.548614501953125,
430.39999999999998,8.8838729858398438,,0.52817535400390625,
430.5,8.8557662963867188,,0.530731201171875,
430.60000000000002,8.8353271484375,,0.50262451171875,
430.69999999999999,8.6922531127929688,,0.39531707763671875,
430.80000000000001,8.5466156005859375,,0.3237762451171875,
430.89999999999998,8.6488113403320312,,0.34932708740234375,
431,8.799560546875,,0.37743377685546875,
431.10000000000002,8.827667236328125,,0.382537841796875,
431.19999999999999,8.7867813110351562,,0.38509368896484375,
431.30000000000001,8.7407913208007812,,0.3978729248046875,
431.39999999999998,8.7305755615234375,,0.37232208251953125,
431.5,8.6181564331054688,,0.290557861328125,
431.60000000000002,8.5568313598632812,,0.2599029541015625,
431.69999999999999,8.7407913208007812,,0.30333709716796875,
431.80000000000001,8.8940963745117188,,0.3339996337890625,
431.89999999999998,8.845550537109375,,0.3237762451171875,
432,8.6488113403320312,,0.30078125,
432.10000000000002,8.4750747680664062,,0.290557861328125,
432.19999999999999,8.421417236328125,,0.254791259765625,
432.30000000000001,8.2783432006835938,,0.18325042724609375,
432.39999999999998,8.1940231323242188,,0.17047882080078125,
432.5,8.3907623291015625,,0.2139129638671875,
432.60000000000002,8.6002731323242188,,0.23435211181640625,
432.69999999999999,8.6999130249023438,,0.2317962646484375,
432.80000000000001,8.7101364135742188,,0.24712371826171875,
432.89999999999998,8.6845855712890625,,0.272674560546875,
433,8.6820297241210938,,0.2496795654296875,
433.10000000000002,8.5338363647460938,,0.19091796875,
433.19999999999999,8.4367523193359375,,0.19347381591796875,
433.30000000000001,8.5926055908203125,,0.236907958984375,
433.39999999999998,8.7305755615234375,,0.2599029541015625,
433.5,8.7637863159179688,,0.272674560546875,
433.60000000000002,8.7203521728515625,,0.2880096435546875,
433.69999999999999,8.6513671875,,0.30078125,
433.80000000000001,8.6258163452148438,,0.2777862548828125,
433.89999999999998,8.4980697631835938,,0.20880126953125,
434,8.385650634765625,,0.1858062744140625,
434.10000000000002,8.5159530639648438,,0.219024658203125,
434.19999999999999,8.6641464233398438,,0.236907958984375,
434.30000000000001,8.6743621826171875,,0.2420196533203125,
434.39999999999998,8.63348388671875,,0.25223541259765625,
434.5,8.6002731323242188,,0.2777862548828125,
434.60000000000002,8.605377197265625,,0.28289794921875,
434.69999999999999,8.5287322998046875,,0.2215728759765625,
434.80000000000001,8.4060897827148438,,0.1679229736328125,
434.89999999999998,8.4623031616210938,,0.1858062744140625,
435,8.6002731323242188,,0.20880126953125,
435.10000000000002,8.6488113403320312,,0.2139129638671875,
435.19999999999999,8.6488113403320312,,0.21646881103515625,
435.30000000000001,8.63348388671875,,0.23946380615234375,
435.39999999999998,8.6104888916015625,,0.2599029541015625,
435.5,8.5951614379882812,,0.2139129638671875,
435.60000000000002,8.4699630737304688,,0.14748382568359375,
435.69999999999999,8.4086456298828125,,0.1398162841796875,
435.80000000000001,8.5389480590820312,,0.17303466796875,
435.89999999999998,8.6181564331054688,,0.20113372802734375,
436,8.605377197265625,,0.2266845703125,
436.10000000000002,8.52362060546875,,0.24456787109375,
436.19999999999999,8.4239730834960938,,0.28289794921875,
436.30000000000001,8.3984222412109375,,0.3365478515625,
436.39999999999998,8.2860031127929688,,0.33910369873046875,
436.5,8.0228424072265625,,0.36721038818359375,
436.60000000000002,8.0688323974609375,,0.566497802734375,
436.69999999999999,8.5951614379882812,,0.94464111328125,
436.80000000000001,9.0908279418945312,,1.3789901733398438,
436.89999999999998,9.3386611938476562,,1.7596893310546875,
437,9.4664154052734375,,2.076507568359375,
437.10000000000002,9.6120529174804688,,2.3217849731445312,
437.19999999999999,9.7449111938476562,,2.3166732788085938,
437.30000000000001,9.6657028198242188,,2.1199417114257812,
437.39999999999998,9.5609512329101562,,2.0535125732421875,
437.5,9.709136962890625,,2.12249755859375,
437.60000000000002,9.967193603515625,,2.2068099975585938,
437.69999999999999,10.077056884765625,,2.4776382446289062,
437.80000000000001,10.217582702636719,,2.6718215942382812,
437.89999999999998,10.373435974121094,,2.5670623779296875,
438,10.322341918945312,,2.3907699584960938,
438.10000000000002,10.176704406738281,,2.1454925537109375,
438.19999999999999,9.9774169921875,,1.8465576171875,
438.30000000000001,9.6350479125976562,,1.4428634643554688,
438.39999999999998,9.36932373046875,,1.1413726806640625,
438.5,9.4229812622070312,,1.1337127685546875,
438.60000000000002,9.6222686767578125,,1.2589035034179688,
438.69999999999999,9.839447021484375,,1.450531005859375,
438.80000000000001,10.03106689453125,,1.652374267578125,
438.89999999999998,10.064285278320312,,1.6498184204101562,
439,9.8547744750976562,,1.5373992919921875,
439.10000000000002,9.6427078247070312,,1.5041885375976562,
439.19999999999999,9.6375961303710938,,1.4811935424804688,
439.30000000000001,9.755126953125,,1.450531005859375,
439.39999999999998,9.9390869140625,,1.4377593994140625,
439.5,10.056617736816406,,1.4249801635742188,
439.60000000000002,10.117942810058594,,1.4096527099609375,
439.69999999999999,10.209922790527344,,1.3278884887695312,
439.80000000000001,10.189476013183594,,1.1592636108398438,
439.89999999999998,10.166481018066406,,1.0851669311523438,
440,10.368331909179688,5.0977063179016113,1.138824462890625,7.6530613899230957
440.10000000000002,10.575286865234375,,1.1899185180664062,
440.19999999999999,10.590614318847656,,1.2078094482421875,
440.30000000000001,10.480751037597656,,1.20269775390625,
440.39999999999998,10.327445983886719,,1.192474365234375,
440.5,10.186927795410156,,1.1822586059570312,
440.60000000000002,10.174148559570312,,1.1209335327148438,
440.69999999999999,10.06939697265625,,0.9318695068359375,
440.80000000000001,10.008071899414062,,0.76323699951171875,
440.89999999999998,10.17926025390625,,0.86032867431640625,
441,10.220138549804688,,1.1413726806640625,
441.10000000000002,10.549736022949219,,1.414764404296875,
441.19999999999999,10.95086669921875,,1.4377593994140625,
441.30000000000001,10.631492614746094,,1.3048934936523438,
441.39999999999998,10.250801086425781,,1.2614593505859375,
441.5,10.100051879882812,,1.322784423828125,
441.60000000000002,9.7627944946289062,,1.6983642578125,
441.69999999999999,9.6248245239257812,,2.1454925537109375,
441.80000000000001,9.5277328491210938,,1.800567626953125,
441.89999999999998,9.0908279418945312,,0.7274627685546875,
442,8.827667236328125,,0.4847412109375,
442.10000000000002,8.8225555419921875,,1.2691268920898438,
442.19999999999999,8.8787612915039062,,1.7571334838867188,
442.30000000000001,8.8787612915039062,,2.2016983032226562,
442.39999999999998,8.6258163452148438,,3.6350555419921875,
442.5,8.3268814086914062,,4.5446319580078125,
442.60000000000002,8.2400131225585938,,4.4168853759765625,
442.69999999999999,8.643707275390625,,3.6784896850585938,
442.80000000000001,9.51751708984375,,3.4127731323242188,
442.89999999999998,10.427093505859375,,4.651947021484375,
443,11.1910400390625,,6.7138290405273438,
443.10000000000002,11.354560852050781,,8.6607437133789062,
443.19999999999999,10.409210205078125,,8.4333419799804688,
443.30000000000001,9.3744354248046875,,7.0306472778320312,
443.39999999999998,9.2824554443359375,,4.5522994995117188,
443.5,9.471527099609375,,2.4546432495117188,
443.60000000000002,9.3386611938476562,,2.4086532592773438,
443.69999999999999,9.0448379516601562,,2.5287399291992188,
443.80000000000001,9.0576171875,,2.6692657470703125,
443.89999999999998,9.4689712524414062,,2.8966598510742188,
444,9.8675460815429688,,3.198150634765625,
444.10000000000002,9.9084320068359375,,3.4689788818359375,
444.19999999999999,9.6478195190429688,,3.4689788818359375,
444.30000000000001,9.3948745727539062,,3.2799072265625,
444.39999999999998,9.2006912231445312,,3.0908432006835938,
444.5,9.065277099609375,,2.96820068359375,
444.60000000000002,8.96563720703125,,2.9273223876953125,
444.69999999999999,8.8736572265625,,2.8072357177734375,
444.80000000000001,8.7740097045898438,,2.6794891357421875,
444.89999999999998,8.7944488525390625,,2.7995681762695312,
445,9.1547012329101562,,3.1470489501953125,
445.10000000000002,9.7193603515625,,3.6043930053710938,
445.19999999999999,10.166481018066406,,4.0489654541015625,
445.30000000000001,10.347892761230469,,4.3708953857421875,
445.39999999999998,10.342781066894531,,4.5906219482421875,
445.5,10.3070068359375,,4.634063720703125,
445.60000000000002,10.110275268554688,,4.5369720458984375,
445.69999999999999,9.839447021484375,,4.4449920654296875,
445.80000000000001,9.7321319580078125,,4.3070220947265625,
445.89999999999998,9.6427078247070312,,4.1511688232421875,
446,9.4919662475585938,,3.9774246215820312,
446.10000000000002,9.2901229858398438,,3.77813720703125,
446.19999999999999,9.07550048828125,,3.640167236328125,
446.30000000000001,8.9451980590820312,,3.4894180297851562,
446.39999999999998,8.789337158203125,,3.2773590087890625,
446.5,8.6360397338867188,,3.162384033203125,
446.60000000000002,8.6641464233398438,,3.1598281860351562,
446.69999999999999,8.6999130249023438,,3.1674880981445312,
446.80000000000001,8.6181564331054688,,3.141937255859375,
446.89999999999998,8.3626556396484375,,3.0908432006835938,
447,7.9001998901367188,,2.9937515258789062,
447.10000000000002,7.611480712890625,,2.8378982543945312,
447.19999999999999,7.7060165405273438,,2.6590423583984375,
447.30000000000001,7.9308624267578125,,2.6130523681640625,
447.39999999999998,8.1684722900390625,,2.7433624267578125,
447.5,8.4112014770507812,,2.9145431518554688,
447.60000000000002,8.6360397338867188,,3.088287353515625,
447.69999999999999,8.789337158203125,,3.2518081665039062,
447.80000000000001,8.8148880004882812,,3.3795547485351562,
447.89999999999998,8.7612380981445312,,3.4408721923828125,
448,8.6948013305664062,,3.3156814575195312,
448.10000000000002,8.5798263549804688,,3.0985031127929688,
448.19999999999999,8.5568313598632812,,3.0371856689453125,
448.30000000000001,8.7254638671875,,3.0933990478515625,
448.39999999999998,8.8557662963867188,,3.141937255859375,
448.5,8.8685455322265625,,3.1572723388671875,
448.60000000000002,8.8327713012695312,,3.141937255859375,
448.69999999999999,8.7637863159179688,,3.1393890380859375,
448.80000000000001,8.6539230346679688,,3.095947265625,
448.89999999999998,8.3703231811523438,,2.9068832397460938,
449,7.9308624267578125,,2.6999282836914062,
449.10000000000002,7.723907470703125,,2.5977249145507812,
449.19999999999999,7.97174072265625,,2.480194091796875,
449.30000000000001,8.4418563842773438,,2.3115692138671875,
449.39999999999998,8.6028213500976562,,1.8133392333984375,
449.5,7.9870681762695312,,1.0953826904296875,
449.60000000000002,7.0289459228515625,,0.60227203369140625,
449.69999999999999,6.6048126220703125,,0.45407867431640625,
449.80000000000001,6.638031005859375,,0.5256195068359375,
449.89999999999998,6.9395217895507812,,0.6329345703125,
450,7.3023300170898438,7.1371927261352539,0.8117828369140625,7.1146249771118164
450.10000000000002,7.547607421875,,0.954864501953125,
450.19999999999999,8.0509414672851562,,1.0877227783203125,
450.30000000000001,8.6718063354492188,,1.2818984985351562,
450.39999999999998,8.9426422119140625,,1.5373992919921875,
450.5,9.2109146118164062,,1.93853759765625,
450.60000000000002,9.857330322265625,,2.3652191162109375,
450.69999999999999,10.715812683105469,,2.7535781860351562,
450.80000000000001,11.5947265625,,3.2799072265625,
450.89999999999998,12.284576416015625,,3.88800048828125,
451,12.82879638671875,,4.4935379028320312,
451.10000000000002,13.127731323242188,,4.8665695190429688,
451.19999999999999,13.053634643554688,,4.8231277465820312,
451.30000000000001,12.913108825683594,,4.613616943359375,
451.39999999999998,12.915664672851562,,4.376007080078125,
451.5,12.741920471191406,,4.2763595581054688,
451.60000000000002,12.440437316894531,,4.705596923828125,
451.69999999999999,12.374000549316406,,5.0888519287109375,
451.80000000000001,12.417442321777344,,4.7362594604492188,
451.89999999999998,11.931991577148438,,3.9186630249023438,
452,11.111831665039062,,3.30035400390625,
452.10000000000002,10.378547668457031,,3.0295181274414062,
452.19999999999999,9.79345703125,,2.8404541015625,
452.30000000000001,9.645263671875,,2.8046798706054688,
452.39999999999998,9.8420028686523438,,2.8532257080078125,
452.5,10.156265258789062,,2.9170989990234375,
452.60000000000002,10.36322021484375,,2.9170989990234375,
452.69999999999999,10.340225219726562,,2.848114013671875,
452.80000000000001,10.324897766113281,,2.830230712890625,
452.89999999999998,10.373435974121094,,2.8787765502929688,
453,10.327445983886719,,2.89410400390625,
453.10000000000002,10.301902770996094,,2.7459182739257812,
453.19999999999999,10.255912780761719,,2.5389633178710938,
453.30000000000001,10.248245239257812,,2.498077392578125,
453.39999999999998,10.350440979003906,,2.5491790771484375,
453.5,10.358108520507812,,2.5798416137695312,
453.60000000000002,10.227806091308594,,2.5594024658203125,
453.69999999999999,10.036178588867188,,2.4929733276367188,
453.80000000000001,9.839447021484375,,2.426544189453125,
453.89999999999998,9.7116928100585938,,2.278350830078125,
454,9.5762786865234375,,2.0867233276367188,
454.10000000000002,9.5226211547851562,,2.0151824951171875,
454.19999999999999,9.6657028198242188,,2.0560684204101562,
454.30000000000001,9.7857894897460938,,2.1046142578125,
454.39999999999998,9.7960128784179688,,2.12249755859375,
454.5,9.7423553466796875,,2.1148300170898438,
454.60000000000002,9.6503753662109375,,2.1071624755859375,
454.69999999999999,9.5686111450195312,,2.0713958740234375,
454.80000000000001,9.4306411743164062,,1.9410934448242188,
454.89999999999998,9.3207778930664062,,1.8491134643554688,
455,9.38720703125,,1.874664306640625,
455.10000000000002,9.4766311645507812,,1.8976593017578125,
455.19999999999999,9.4613037109375,,1.8695526123046875,
455.30000000000001,9.425537109375,,1.8440017700195312,
455.39999999999998,9.4383087158203125,,1.8874359130859375,
455.5,9.4485321044921875,,1.9717483520507812,
455.60000000000002,9.4613037109375,,1.9436492919921875,
455.69999999999999,9.415313720703125,,1.8210067749023438,
455.80000000000001,9.3999862670898438,,1.79034423828125,
455.89999999999998,9.5507278442382812,,1.8261184692382812,
456,9.6605911254882812,,1.8312225341796875,
456.10000000000002,9.6197128295898438,,1.8133392333984375,
456.19999999999999,9.5711669921875,,1.8261184692382812,
456.30000000000001,9.5047378540039062,,1.8465576171875,
456.39999999999998,9.4459762573242188,,1.8056793212890625,
456.5,9.4025421142578125,,1.690704345703125,
456.60000000000002,9.379547119140625,,1.6319351196289062,
456.69999999999999,9.4766311645507812,,1.6651535034179688,
456.80000000000001,9.6197128295898438,,1.6830368041992188,
456.89999999999998,9.7321319580078125,,1.6958084106445312,
457,9.7500228881835938,,1.7111434936523438,
457.10000000000002,9.66314697265625,,1.71624755859375,
457.19999999999999,9.5660629272460938,,1.7111434936523438,
457.30000000000001,9.51751708984375,,1.6319351196289062,
457.39999999999998,9.4050979614257812,,1.506744384765625,
457.5,9.3310012817382812,,1.4658584594726562,
457.60000000000002,9.5379562377929688,,1.5808334350585938,
457.69999999999999,9.7602386474609375,,1.744354248046875,
457.80000000000001,9.73724365234375,,1.7673492431640625,
457.89999999999998,9.6324920654296875,,1.7213592529296875,
458,9.6299362182617188,,1.79034423828125,
458.10000000000002,9.645263671875,,1.818450927734375,
458.19999999999999,9.4868545532226562,,1.6753692626953125,
458.30000000000001,9.3463287353515625,,1.5578384399414062,
458.39999999999998,9.4178695678710938,,1.5476226806640625,
458.5,9.489410400390625,,1.5501785278320312,
458.60000000000002,9.4842987060546875,,1.542510986328125,
458.69999999999999,9.4510879516601562,,1.5501785278320312,
458.80000000000001,9.4306411743164062,,1.5910568237304688,
458.89999999999998,9.4587478637695312,,1.6396026611328125,
459,9.4102020263671875,,1.578277587890625,
459.10000000000002,9.2696762084960938,,1.4428634643554688,
459.19999999999999,9.2543487548828125,,1.3611068725585938,
459.30000000000001,9.525177001953125,,1.4096527099609375,
459.39999999999998,9.8266677856445312,,1.6472625732421875,
459.5,9.9135360717773438,,1.86444091796875,
459.60000000000002,9.8266677856445312,,1.910430908203125,
459.69999999999999,9.7193603515625,,1.8976593017578125,
459.80000000000001,9.6835861206054688,,1.854217529296875,
459.89999999999998,9.5890579223632812,,1.7366943359375,
460,9.5941619873046875,24.242424011230469,1.708587646484375,19.650653839111328
460.10000000000002,9.81134033203125,,1.7775726318359375,
460.19999999999999,10.002967834472656,,1.8312225341796875,
460.30000000000001,10.094947814941406,,1.8491134643554688,
460.39999999999998,10.025962829589844,,1.8082275390625,
460.5,9.8445510864257812,,1.7392425537109375,
460.60000000000002,9.6861419677734375,,1.6421585083007812,
460.69999999999999,9.4664154052734375,,1.4939651489257812,
460.80000000000001,9.3539962768554688,,1.4300918579101562,
460.89999999999998,9.4689712524414062,,1.4786376953125,
461,9.5558395385742188,,1.5297393798828125,
461.10000000000002,9.5200729370117188,,1.5552825927734375,
461.19999999999999,9.4178695678710938,,1.560394287109375,
461.30000000000001,9.3258895874023438,,1.57061767578125,
461.39999999999998,9.287567138671875,,1.5195159912109375,
461.5,9.2390213012695312,,1.4352035522460938,
461.60000000000002,9.2722320556640625,,1.4658584594726562,
461.69999999999999,9.3284454345703125,,1.708587646484375,
461.80000000000001,9.3565521240234375,,2.1454925537109375,
461.89999999999998,9.4127578735351562,,2.7229232788085938,
462,9.489410400390625,,3.3591156005859375,
462.10000000000002,9.6835861206054688,,4.0106430053710938,
462.19999999999999,9.9544219970703125,,4.6289520263671875,
462.30000000000001,10.314674377441406,,5.4414443969726562,
462.39999999999998,10.953422546386719,,6.7393798828125,
462.5,11.809349060058594,,8.3081512451171875,
462.60000000000002,12.675491333007812,,9.7696075439453125,
462.69999999999999,13.194160461425781,,10.942352294921875,
462.80000000000001,12.941215515136719,,11.570884704589844,
462.89999999999998,12.05462646484375,,11.269393920898438,
463,11.09906005859375,,10.129867553710938,
463.10000000000002,10.460311889648438,,9.0005569458007812,
463.19999999999999,10.240577697753906,,8.3618087768554688,
463.30000000000001,10.258460998535156,,7.9530029296875,
463.39999999999998,10.268684387207031,,7.631072998046875,
463.5,10.230361938476562,,7.3960189819335938,
463.60000000000002,10.181816101074219,,7.1302947998046875,
463.69999999999999,10.107719421386719,,6.7368240356445312,
463.80000000000001,9.9927444458007812,,6.1389541625976562,
463.89999999999998,10.010627746582031,,5.6330642700195312,
464,10.194587707519531,,5.3724594116210938,
464.10000000000002,10.276351928710938,,4.9764328002929688,
464.19999999999999,10.220138549804688,,4.5114212036132812,
464.30000000000001,10.102607727050781,,4.0796279907226562,
464.39999999999998,9.9697494506835938,,3.6069488525390625,
464.5,9.9109878540039062,,3.1444931030273438,
464.60000000000002,9.8266677856445312,,2.6334991455078125,
464.69999999999999,9.6043853759765625,,2.1378250122070312,
464.80000000000001,9.4664154052734375,,1.8695526123046875,
464.89999999999998,9.5302886962890625,,1.79034423828125,
465,9.599273681640625,,1.7136993408203125,
465.10000000000002,9.55328369140625,,1.6089401245117188,
465.19999999999999,9.44342041015625,,1.5373992919921875,
465.30000000000001,9.3437728881835938,,1.552734375,
465.39999999999998,9.25946044921875,,1.5757293701171875,
465.5,9.1138229370117188,,1.4709701538085938,
465.60000000000002,8.9988479614257812,,1.3559951782226562,
465.69999999999999,9.1240463256835938,,1.3738784790039062,
465.80000000000001,9.3437728881835938,,1.4479751586914062,
465.89999999999998,9.4485321044921875,,1.5092926025390625,
466,9.4536361694335938,,1.542510986328125,
466.10000000000002,9.3948745727539062,,1.560394287109375,
466.19999999999999,9.3718795776367188,,1.5731735229492188,
466.30000000000001,9.6401519775390625,,1.5961685180664062,
466.39999999999998,10.54718017578125,,1.97430419921875,
466.5,11.788909912109375,,2.9375381469726562,
466.60000000000002,12.976982116699219,,4.2022628784179688,
466.69999999999999,13.528861999511719,,5.69183349609375,
466.80000000000001,13.27081298828125,,7.34747314453125,
466.89999999999998,12.379112243652344,,8.5099945068359375,
467,11.277908325195312,,8.4767837524414062,
467.10000000000002,10.669822692871094,,7.4317855834960938,
467.19999999999999,10.245689392089844,,6.0367584228515625,
467.30000000000001,10.038734436035156,,5.1220626831054688,
467.39999999999998,10.192031860351562,,4.779693603515625,
467.5,10.401542663574219,,4.5165328979492188,
467.60000000000002,10.519073486328125,,4.3632278442382812,
467.69999999999999,10.401542663574219,,4.3632278442382812,
467.80000000000001,10.084724426269531,,4.4168853759765625,
467.89999999999998,9.7295761108398438,,4.33001708984375,
468,9.6810379028320312,,4.227813720703125,
468.10000000000002,9.8982086181640625,,4.4245529174804688,
468.19999999999999,9.99530029296875,,4.5574111938476562,
468.30000000000001,10.148597717285156,,4.7950286865234375,
468.39999999999998,10.3070068359375,,5.2753677368164062,
468.5,10.370887756347656,,5.4899826049804688,
468.60000000000002,10.248245239257812,,5.3443527221679688,
468.69999999999999,10.094947814941406,,4.9253311157226562,
468.80000000000001,10.061729431152344,,4.5574111938476562,
468.89999999999998,10.03106689453125,,4.4168853759765625,
469,10.135826110839844,,4.4654312133789062,
469.10000000000002,10.409210205078125,,4.6161727905273438,
469.19999999999999,10.559951782226562,,4.6442794799804688,
469.30000000000001,10.47308349609375,,4.4526519775390625,
469.39999999999998,10.340225219726562,,4.2252578735351562,
469.5,10.261016845703125,,4.07196044921875,
469.60000000000002,10.567619323730469,,4.100067138671875,
469.69999999999999,10.879325866699219,,3.9595413208007812,
469.80000000000001,10.754135131835938,,3.5379638671875,
469.89999999999998,10.600837707519531,,3.3948822021484375,
470,10.542068481445312,14.117646217346191,3.4229888916015625,5.0420165061950684
470.10000000000002,10.434761047363281,,3.3591156005859375,
470.19999999999999,10.194587707519531,,3.3488922119140625,
470.30000000000001,9.9901885986328125,,3.4945297241210938,
470.39999999999998,9.8598861694335938,,3.5584030151367188,
470.5,9.7142486572265625,,3.3846664428710938,
470.60000000000002,9.691253662109375,,3.2211456298828125,
470.69999999999999,9.9339828491210938,,3.2007064819335938,
470.80000000000001,10.102607727050781,,3.1317214965820312,
470.89999999999998,9.949310302734375,,2.9273223876953125,
471,9.6989212036132812,,2.7331390380859375,
471.10000000000002,9.4868545532226562,,2.6232757568359375,
471.19999999999999,9.3539962768554688,,2.60028076171875,
471.30000000000001,9.4050979614257812,,2.5568466186523438,
471.39999999999998,9.6989212036132812,,2.480194091796875,
471.5,9.9927444458007812,,2.3396682739257812,
471.60000000000002,10.06939697265625,,1.9513092041015625,
471.69999999999999,10.048957824707031,,1.68048095703125,
471.80000000000001,9.9569778442382812,,1.7469100952148438,
471.89999999999998,9.5865020751953125,,1.7954559326171875,
472,9.0908279418945312,,1.6140518188476562,
472.10000000000002,8.8097763061523438,,1.358551025390625,
472.19999999999999,8.753570556640625,,1.2614593505859375,
472.30000000000001,8.8046722412109375,,1.2742385864257812,
472.39999999999998,8.8736572265625,,1.2921218872070312,
472.5,8.8199996948242188,,1.2614593505859375,
472.60000000000002,8.6104888916015625,,1.1669235229492188,
472.69999999999999,8.5210647583007812,,1.0136260986328125,
472.80000000000001,8.4878463745117188,,0.91909027099609375,
472.89999999999998,8.3882064819335938,,0.9216461181640625,
473,8.19146728515625,,0.79900360107421875,
473.10000000000002,7.9896240234375,,0.63803863525390625,
473.19999999999999,7.9921798706054688,,0.58438873291015625,
473.30000000000001,8.0688323974609375,,0.60227203369140625,
473.39999999999998,8.127593994140625,,0.6635894775390625,
473.5,8.1301498413085938,,0.69425201416015625,
473.60000000000002,8.0688323974609375,,0.6738128662109375,
473.69999999999999,7.979400634765625,,0.622711181640625,
473.80000000000001,7.8286590576171875,,0.558837890625,
473.89999999999998,7.6600265502929688,,0.558837890625,
474,7.5961532592773438,,0.5894927978515625,
474.10000000000002,7.6702499389648438,,0.6738128662109375,
474.19999999999999,7.795440673828125,,0.788787841796875,
474.30000000000001,7.7852249145507812,,0.80411529541015625,
474.39999999999998,7.7366790771484375,,0.77600860595703125,
474.5,7.8031082153320312,,0.7734527587890625,
474.60000000000002,7.8439865112304688,,0.79134368896484375,
474.69999999999999,7.7520065307617188,,0.7555694580078125,
474.80000000000001,7.6983566284179688,,0.6814727783203125,
474.89999999999998,7.7903366088867188,,0.59204864501953125,
475,7.9359664916992188,,0.58438873291015625,
475.10000000000002,8.0764923095703125,,0.70702362060546875,
475.19999999999999,8.1505889892578125,,0.85010528564453125,
475.30000000000001,8.2604522705078125,,0.94208526611328125,
475.39999999999998,8.6258163452148438,,1.0136260986328125,
475.5,9.029510498046875,,1.0953826904296875,
475.60000000000002,9.3616561889648438,,1.2359085083007812,
475.69999999999999,9.7909011840820312,,1.4530868530273438,
475.80000000000001,10.189476013183594,,1.6600418090820312,
475.89999999999998,10.383659362792969,,1.7571334838867188,
476,10.414321899414062,,1.762237548828125,
476.10000000000002,10.419425964355469,,1.7750167846679688,
476.19999999999999,10.416877746582031,,1.7417984008789062,
476.30000000000001,10.3070068359375,,1.6396026611328125,
476.39999999999998,10.263572692871094,,1.6140518188476562,
476.5,10.404098510742188,,1.6779251098632812,
476.60000000000002,10.503746032714844,,1.6983642578125,
476.69999999999999,10.450088500976562,,1.6396026611328125,
476.80000000000001,10.317230224609375,,1.5655059814453125,
476.89999999999998,10.240577697753906,,1.524627685546875,
477,10.169036865234375,,1.450531005859375,
477.10000000000002,9.9263153076171875,,1.2921218872070312,
477.19999999999999,9.7295761108398438,,1.1950302124023438,
477.30000000000001,9.7576828002929688,,1.2359085083007812,
477.39999999999998,9.6810379028320312,,1.2742385864257812,
477.5,9.5200729370117188,,1.2716827392578125,
477.60000000000002,9.4280929565429688,,1.284454345703125,
477.69999999999999,9.4868545532226562,,1.376434326171875,
477.80000000000001,9.79345703125,,1.5731735229492188,
477.89999999999998,10.097496032714844,,1.7571334838867188,
478,10.299346923828125,,1.9078750610351562,
478.10000000000002,10.480751037597656,,1.9972991943359375,
478.19999999999999,10.605941772460938,,2.0254058837890625,
478.30000000000001,10.874221801757812,,2.1276092529296875,
478.39999999999998,11.119499206542969,,2.2987899780273438,
478.5,11.055625915527344,,2.3779983520507812,
478.60000000000002,10.874221801757812,,2.3473358154296875,
478.69999999999999,10.651931762695312,,2.2298049926757812,
478.80000000000001,10.478195190429688,,2.0713958740234375,
478.89999999999998,10.513961791992188,,1.9998550415039062,
479,10.631492614746094,,1.9896392822265625,
479.10000000000002,10.736251831054688,,1.9794158935546875,
479.19999999999999,10.80523681640625,,2.020294189453125,
479.30000000000001,10.723472595214844,,2.0560684204101562,
479.39999999999998,10.603385925292969,,2.058624267578125,
479.5,10.577842712402344,,2.0611724853515625,
479.60000000000002,10.544624328613281,,2.0330734252929688,
479.69999999999999,10.600837707519531,,2.0662841796875,
479.80000000000001,10.894660949707031,,2.1991424560546875,
479.89999999999998,11.431205749511719,,2.4597549438476562,
480,11.060737609863281,10.416666984558105,2.9094390869140625,14.563106536865234
480.10000000000002,9.7270278930664062,,3.1444931030273438,
480.19999999999999,9.0167312622070312,,2.8021240234375,
480.30000000000001,9.1700363159179688,,2.3856582641601562,
480.39999999999998,9.2441329956054688,,2.1761474609375,
480.5,8.8966522216796875,,1.9564208984375,
480.60000000000002,8.605377197265625,,1.7852325439453125,
480.69999999999999,8.513397216796875,,1.6881484985351562,
480.80000000000001,8.4980697631835938,,1.6140518188476562,
480.89999999999998,8.3805389404296875,,1.5220718383789062,
481,7.9487457275390625,,1.3151168823242188,
481.10000000000002,7.3968658447265625,,1.0877227783203125,
481.19999999999999,7.2205657958984375,,1.0340652465820312,
481.30000000000001,7.23590087890625,,1.046844482421875,
481.39999999999998,7.3227691650390625,,1.0417327880859375,
481.5,7.5603866577148438,,1.0979385375976562,
481.60000000000002,7.8363265991210938,,1.184814453125,
481.69999999999999,8.0739364624023438,,1.2205810546875,
481.80000000000001,8.2604522705078125,,1.2231369018554688,
481.89999999999998,8.4265289306640625,,1.2512435913085938,
482,8.5261764526367188,,1.2997894287109375,
482.10000000000002,8.59771728515625,,1.3355560302734375,
482.19999999999999,8.697357177734375,,1.3278884887695312,
482.30000000000001,8.74334716796875,,1.2640151977539062,
482.39999999999998,8.7842330932617188,,1.2180252075195312,
482.5,8.9298629760742188,,1.2410202026367188,
482.60000000000002,9.0499496459960938,,1.2742385864257812,
482.69999999999999,9.0499496459960938,,1.2921218872070312,
482.80000000000001,9.0346221923828125,,1.3151168823242188,
482.89999999999998,9.0141830444335938,,1.3381118774414062,
483,9.0141830444335938,,1.3457794189453125,
483.10000000000002,9.0039596557617188,,1.34832763671875,
483.19999999999999,8.8685455322265625,,1.294677734375,
483.30000000000001,8.7459030151367188,,1.210357666015625,
483.39999999999998,8.789337158203125,,1.1950302124023438,
483.5,8.937530517578125,,1.230804443359375,
483.60000000000002,9.0525054931640625,,1.266571044921875,
483.69999999999999,9.0806121826171875,,1.294677734375,
483.80000000000001,9.1138229370117188,,1.3355560302734375,
483.89999999999998,9.0933837890625,,1.3508834838867188,
484,9.0550613403320312,,1.3611068725585938,
484.10000000000002,9.0908279418945312,,1.3687744140625,
484.19999999999999,9.0448379516601562,,1.302337646484375,
484.30000000000001,8.9809646606445312,,1.2282485961914062,
484.39999999999998,9.1010513305664062,,1.2461318969726562,
484.5,9.2415771484375,,1.2972335815429688,
484.60000000000002,9.2850112915039062,,1.3330001831054688,
484.69999999999999,9.2926712036132812,,1.3611068725585938,
484.80000000000001,9.2824554443359375,,1.376434326171875,
484.89999999999998,9.2466812133789062,,1.38665771484375,
485,9.231353759765625,,1.4070968627929688,
485.10000000000002,9.2211380004882812,,1.3815460205078125,
485.19999999999999,9.1598129272460938,,1.2921218872070312,
485.30000000000001,9.1266021728515625,,1.2410202026367188,
485.39999999999998,9.2441329956054688,,1.2742385864257812,
485.5,9.3769912719726562,,1.3278884887695312,
485.60000000000002,9.4204254150390625,,1.3636627197265625,
485.69999999999999,9.4204254150390625,,1.38665771484375,
485.80000000000001,9.3999862670898438,,1.4019851684570312,
485.89999999999998,9.3923187255859375,,1.42242431640625,
486,9.3948745727539062,,1.4479751586914062,
486.10000000000002,9.231353759765625,,1.3713226318359375,
486.19999999999999,8.89154052734375,,1.3151168823242188,
486.30000000000001,8.5338363647460938,,1.542510986328125,
486.39999999999998,8.26556396484375,,1.6396026611328125,
486.5,8.1812515258789062,,1.4556427001953125,
486.60000000000002,8.183807373046875,,1.3687744140625,
486.69999999999999,8.0100631713867188,,1.23846435546875,
486.80000000000001,7.7085723876953125,,0.9778594970703125,
486.89999999999998,7.7622299194335938,,0.90120697021484375,
487,8.0969314575195312,,0.916534423828125,
487.10000000000002,8.053497314453125,,0.79644775390625,
487.19999999999999,7.6421432495117188,,0.64826202392578125,
487.30000000000001,7.5118408203125,,0.622711181640625,
487.39999999999998,7.4326324462890625,,0.57416534423828125,
487.5,7.151580810546875,,0.49240875244140625,
487.60000000000002,7.0263900756835938,,0.52306365966796875,
487.69999999999999,7.0212783813476562,,0.54605865478515625,
487.80000000000001,7.0008392333984375,,0.50006866455078125,
487.89999999999998,6.988067626953125,,0.50518035888671875,
488,7.0187225341796875,,0.55117034912109375,
488.10000000000002,7.0033950805664062,,0.548614501953125,
488.19999999999999,7.0340576171875,,0.57416534423828125,
488.30000000000001,7.1413650512695312,,0.63803863525390625,
488.39999999999998,7.172027587890625,,0.68914031982421875,
488.5,7.1566925048828125,,0.75301361083984375,
488.60000000000002,7.1030426025390625,,0.7836761474609375,
488.69999999999999,6.9727325439453125,,0.69936370849609375,
488.80000000000001,6.8833084106445312,,0.63803863525390625,
488.89999999999998,6.8271026611328125,,0.6278228759765625,
489,6.7274551391601562,,0.5639495849609375,
489.10000000000002,6.5894851684570312,,0.51540374755859375,
489.19999999999999,6.4336318969726562,,0.49240875244140625,
489.30000000000001,6.3135452270507812,,0.45407867431640625,
489.39999999999998,6.2292327880859375,,0.4719696044921875,
489.5,6.1117019653320312,,0.46941375732421875,
489.60000000000002,6.0146102905273438,,0.35443878173828125,
489.69999999999999,6.1474685668945312,,0.3748779296875,
489.80000000000001,6.53582763671875,,0.4975128173828125,
489.89999999999998,6.9395217895507812,,0.66103363037109375,
490,7.5322799682617188,6.9767441749572754,0.98807525634765625,14.563106536865234
490.10000000000002,8.2987823486328125,,1.3662185668945312,
490.19999999999999,8.8481063842773438,,1.670257568359375,
490.30000000000001,9.3080062866210938,,1.8491134643554688,
490.39999999999998,9.709136962890625,,1.9768600463867188,
490.5,9.8982086181640625,,2.0892791748046875,
490.60000000000002,9.9441986083984375,,2.15826416015625,
490.69999999999999,9.931427001953125,,2.12249755859375,
490.80000000000001,9.8292236328125,,1.9998550415039062,
490.89999999999998,9.7781219482421875,,1.9359817504882812,
491,9.9058761596679688,,1.9998550415039062,
491.10000000000002,10.046401977539062,,2.1378250122070312,
491.19999999999999,10.171592712402344,,2.2809066772460938,
491.30000000000001,10.271240234375,,2.38055419921875,
491.39999999999998,10.235466003417969,,2.41632080078125,
491.5,10.146041870117188,,2.4035491943359375,
491.60000000000002,9.99530029296875,,2.3294525146484375,
491.69999999999999,9.875213623046875,,2.2706832885742188,
491.80000000000001,9.931427001953125,,2.314117431640625,
491.89999999999998,10.01318359375,,2.3984375,
492,10.038734436035156,,2.4725341796875,
492.10000000000002,10.048957824707031,,2.5210723876953125,
492.19999999999999,10.054061889648438,,2.5568466186523438,
492.30000000000001,10.043846130371094,,2.5670623779296875,
492.39999999999998,10.015739440917969,,2.4776382446289062,
492.5,9.9084320068359375,,2.3217849731445312,
492.60000000000002,9.893096923828125,,2.250244140625,
492.69999999999999,10.125602722167969,,2.2911224365234375,
492.80000000000001,10.373435974121094,,2.3933258056640625,
492.89999999999998,10.462867736816406,,2.572174072265625,
493,10.401542663574219,,2.8685531616210938,
493.10000000000002,10.294235229492188,,3.2850189208984375,
493.19999999999999,10.286567687988281,,3.824127197265625,
493.30000000000001,10.401542663574219,,4.43988037109375,
493.39999999999998,10.697921752929688,,5.2421493530273438,
493.5,11.206367492675781,,6.4302291870117188,
493.60000000000002,11.819572448730469,,7.9708938598632812,
493.69999999999999,12.435325622558594,,9.7951583862304688,
493.80000000000001,13.112396240234375,,11.729293823242188,
493.89999999999998,13.958106994628906,,13.665985107421875,
494,14.982658386230469,,15.572013854980469,
494.10000000000002,15.744049072265625,,16.900611877441406,
494.19999999999999,15.741493225097656,,17.025810241699219,
494.30000000000001,15.151290893554688,,16.609344482421875,
494.39999999999998,14.573860168457031,,16.494369506835938,
494.5,14.285140991210938,,16.458602905273438,
494.60000000000002,13.886566162109375,,16.330848693847656,
494.69999999999999,13.36279296875,,16.10345458984375,
494.80000000000001,13.002532958984375,,15.771308898925781,
494.89999999999998,12.833900451660156,,15.395721435546875,
495,12.708709716796875,,14.974143981933594,
495.10000000000002,12.427658081054688,,14.437591552734375,
495.19999999999999,12.057182312011719,,13.964920043945312,
495.30000000000001,11.847671508789062,,13.642990112304688,
495.39999999999998,11.758247375488281,,13.402816772460938,
495.5,11.681602478027344,,12.981246948242188,
495.60000000000002,11.518081665039062,,12.1483154296875,
495.69999999999999,11.380111694335938,,11.389480590820312,
495.80000000000001,11.5589599609375,,11.02667236328125,
495.89999999999998,11.801681518554688,,10.745620727539062,
496,11.811904907226562,,10.288276672363281,
496.10000000000002,11.806793212890625,,10.014892578125,
496.19999999999999,11.988197326660156,,10.045547485351562,
496.30000000000001,12.098060607910156,,10.10687255859375,
496.39999999999998,12.052070617675781,,10.129867553710938,
496.5,11.995864868164062,,10.10687255859375,
496.60000000000002,11.939651489257812,,10.104316711425781,
496.69999999999999,11.865562438964844,,10.145195007324219,
496.80000000000001,11.827232360839844,,10.055770874023438,
496.89999999999998,11.771026611328125,,9.7798309326171875,
497,11.765914916992188,,9.600982666015625,
497.10000000000002,11.903884887695312,,9.5779876708984375,
497.19999999999999,12.05462646484375,,9.608642578125,
497.30000000000001,12.1466064453125,,9.6980667114257812,
497.39999999999998,12.121055603027344,,9.7210617065429688,
497.5,12.062294006347656,,9.6801834106445312,
497.60000000000002,12.023971557617188,,9.7031784057617188,
497.69999999999999,11.919212341308594,,9.7542800903320312,
497.80000000000001,11.783798217773438,,9.3275985717773438,
497.89999999999998,11.771026611328125,,8.5815353393554688,
498,11.845115661621094,,7.8559188842773438,
498.10000000000002,11.489974975585938,,6.8390274047851562,
498.19999999999999,10.963645935058594,,5.9652175903320312,
498.30000000000001,10.76690673828125,,5.5053176879882812,
498.39999999999998,10.690261840820312,,5.239593505859375,
498.5,10.63916015625,,5.1322860717773438,
498.60000000000002,10.575286865234375,,5.0351943969726562,
498.69999999999999,10.485862731933594,,4.779693603515625,
498.80000000000001,10.355552673339844,,4.521636962890625,
498.89999999999998,10.337669372558594,,4.4475479125976562,
499,10.496078491210938,,4.467987060546875,
499.10000000000002,10.628936767578125,,4.5063095092773438,
499.19999999999999,10.680038452148438,,4.5293045043945312,
499.30000000000001,10.6749267578125,,4.5293045043945312,
499.39999999999998,10.634048461914062,,4.5241928100585938,
499.5,10.588058471679688,,4.5165328979492188,
499.60000000000002,10.542068481445312,,4.4603195190429688,
499.69999999999999,10.396430969238281,,4.2763595581054688,
499.80000000000001,10.261016845703125,,4.1332778930664062,
499.89999999999998,10.36322021484375,,4.1511688232421875,
500,10.536956787109375,4.2194089889526367,4.2252578735351562,0
500.10000000000002,10.600837707519531,,4.2686920166015625,
500.19999999999999,10.605941772460938,,4.284027099609375,
500.30000000000001,10.590614318847656,,4.2865829467773438,
500.39999999999998,10.529296875,,4.29168701171875,
500.5,10.4552001953125,,4.3070220947265625,
500.60000000000002,10.378547668457031,,4.2022628784179688,
500.69999999999999,10.258460998535156,,3.99786376953125,
500.80000000000001,10.238021850585938,,3.9365463256835938,
500.89999999999998,10.373435974121094,,3.9850921630859375,
501,10.452644348144531,,4.025970458984375,
501.10000000000002,10.467971801757812,,4.061737060546875,
501.19999999999999,10.478195190429688,,4.061737060546875,
501.30000000000001,10.414321899414062,,4.03619384765625,
501.39999999999998,10.312118530273438,,4.0183029174804688,
501.5,10.294235229492188,,3.9876480102539062,
501.60000000000002,10.204811096191406,,3.8547821044921875,
501.69999999999999,10.084724426269531,,3.7193679809570312,
501.80000000000001,10.186927795410156,,3.732147216796875,
501.89999999999998,10.3453369140625,,3.7960205078125,
502,10.396430969238281,,3.8266830444335938,
502.10000000000002,10.386215209960938,,3.8343429565429688,
502.19999999999999,10.370887756347656,,3.8394546508789062,
502.30000000000001,10.319786071777344,,3.8496780395507812,
502.39999999999998,10.235466003417969,,3.8496780395507812,
502.5,10.128158569335938,,3.7295913696289062,
502.60000000000002,10.01318359375,,3.566070556640625,
502.69999999999999,10.028511047363281,,3.5635147094726562,
502.80000000000001,10.169036865234375,,3.6197280883789062,
502.89999999999998,10.261016845703125,,3.6452789306640625,
503,10.284011840820312,,3.6912689208984375,
503.10000000000002,10.294235229492188,,3.7270355224609375,
503.19999999999999,10.235466003417969,,3.73980712890625,
503.30000000000001,10.171592712402344,,3.7653579711914062,
503.39999999999998,10.151153564453125,,3.7347030639648438,
503.5,10.000411987304688,,3.5813980102539062,
503.60000000000002,9.8982086181640625,,3.4996414184570312,
503.69999999999999,10.059173583984375,,3.5916213989257812,
503.80000000000001,10.240577697753906,,3.6912689208984375,
503.89999999999998,10.322341918945312,,3.7372589111328125,
504,10.378547668457031,,3.7934646606445312,
504.10000000000002,10.600837707519531,,4.0668487548828125,
504.19999999999999,11.152717590332031,,4.3836669921875,
504.30000000000001,11.423545837402344,,4.245697021484375,
504.39999999999998,11.0811767578125,,3.732147216796875,
504.5,10.585502624511719,,3.254364013671875,
504.60000000000002,10.396430969238281,,3.0933990478515625,
504.69999999999999,10.787345886230469,,3.2952423095703125,
504.80000000000001,11.717369079589844,,3.7832489013671875,
504.89999999999998,12.049522399902344,,3.8496780395507812,
505,11.497642517089844,,3.3744430541992188,
505.10000000000002,10.940650939941406,,3.0371856689453125,
505.19999999999999,10.554847717285156,,2.8966598510742188,
505.30000000000001,10.411766052246094,,2.7714691162109375,
505.39999999999998,10.324897766113281,,2.63604736328125,
505.5,10.317230224609375,,2.6181640625,
505.60000000000002,10.485862731933594,,2.6922607421875,
505.69999999999999,10.85888671875,,3.014190673828125,
505.80000000000001,11.101615905761719,,3.3310089111328125,
505.89999999999998,10.886993408203125,,3.1444931030273438,
506,10.485862731933594,,2.7459182739257812,
506.10000000000002,10.207366943359375,,2.5108566284179688,
506.19999999999999,10.151153564453125,,2.4239883422851562,
506.30000000000001,10.102607727050781,,2.3243408203125,
506.39999999999998,10.046401977539062,,2.2655792236328125,
506.5,10.158821105957031,,2.3294525146484375,
506.60000000000002,10.342781066894531,,2.406097412109375,
506.69999999999999,10.460311889648438,,2.4469833374023438,
506.80000000000001,10.498634338378906,,2.4827499389648438,
506.89999999999998,10.524185180664062,,2.5287399291992188,
507,10.539512634277344,,2.5747299194335938,
507.10000000000002,10.519073486328125,,2.6053924560546875,
507.19999999999999,10.503746032714844,,2.5619583129882812,
507.30000000000001,10.419425964355469,,2.4469833374023438,
507.39999999999998,10.368331909179688,,2.4009933471679688,
507.5,10.559951782226562,,2.4648666381835938,
507.60000000000002,10.761802673339844,,2.5415191650390625,
507.69999999999999,10.80523681640625,,2.56451416015625,
507.80000000000001,10.818008422851562,,2.5772857666015625,
507.89999999999998,10.774574279785156,,2.5951690673828125,
508,10.697921752929688,,2.610504150390625,
508.10000000000002,10.672370910644531,,2.6232757568359375,
508.19999999999999,10.529296875,,2.536407470703125,
508.30000000000001,10.381103515625,,2.4367599487304688,
508.39999999999998,10.447532653808594,,2.462310791015625,
508.5,10.562507629394531,,2.50830078125,
508.60000000000002,10.588058471679688,,2.5287399291992188,
508.69999999999999,10.562507629394531,,2.5491790771484375,
508.80000000000001,10.531852722167969,,2.5747299194335938,
508.89999999999998,10.511405944824219,,2.6053924560546875,
509,10.508857727050781,,2.6488265991210938,
509.10000000000002,10.511405944824219,,2.6386032104492188,
509.19999999999999,10.386215209960938,,2.5287399291992188,
509.30000000000001,10.276351928710938,,2.4597549438476562,
509.39999999999998,10.424537658691406,,2.5031890869140625,
509.5,10.575286865234375,,2.5517349243164062,
509.60000000000002,10.590614318847656,,2.5594024658203125,
509.69999999999999,10.603385925292969,,2.5823974609375,
509.80000000000001,10.588058471679688,,2.5926132202148438,
509.89999999999998,10.542068481445312,,2.6028366088867188,
510,10.595726013183594,5.5865921974182129,2.6590423583984375,0
510.10000000000002,10.534400939941406,,2.6130523681640625,
510.19999999999999,10.335113525390625,,2.4571990966796875,
510.30000000000001,10.3453369140625,,2.4367599487304688,
510.39999999999998,10.506301879882812,,2.5159683227539062,
510.5,10.580390930175781,,2.5415191650390625,
510.60000000000002,10.623832702636719,,2.554290771484375,
510.69999999999999,10.667266845703125,,2.5849533081054688,
510.80000000000001,10.626380920410156,,2.5951690673828125,
510.89999999999998,10.5650634765625,,2.6028366088867188,
511,10.542068481445312,,2.5926132202148438,
511.10000000000002,10.457756042480469,,2.5006332397460938,
511.19999999999999,10.450088500976562,,2.4597549438476562,
511.30000000000001,10.978973388671875,,2.794464111328125,
511.39999999999998,11.523185729980469,,3.1777114868164062,
511.5,11.280464172363281,,3.032073974609375,
511.60000000000002,10.751579284667969,,2.610504150390625,
511.69999999999999,10.465415954589844,,2.360107421875,
511.80000000000001,10.273796081542969,,2.2834625244140625,
511.89999999999998,10.248245239257812,,2.2834625244140625,
512,10.263572692871094,,2.2298049926757812,
512.10000000000002,10.148597717285156,,2.094390869140625,
512.20000000000005,10.25335693359375,,2.1173858642578125,
512.29999999999995,10.519073486328125,,2.2476882934570312,
512.39999999999998,10.613609313964844,,2.2579116821289062,
512.5,10.618721008300781,,2.1812591552734375,
512.60000000000002,11.331565856933594,,2.360107421875,
512.70000000000005,12.524749755859375,,2.5849533081054688,
512.79999999999995,12.867118835449219,,2.4316482543945312,
512.89999999999998,12.072517395019531,,2.0356292724609375,
513,10.782241821289062,,1.6370468139648438,
513.10000000000002,10.036178588867188,,1.450531005859375,
513.20000000000005,10.064285278320312,,1.4530868530273438,
513.29999999999995,10.263572692871094,,1.5041885375976562,
513.39999999999998,10.365776062011719,,1.5629501342773438,
513.5,10.409210205078125,,1.6012725830078125,
513.60000000000002,10.411766052246094,,1.6114959716796875,
513.70000000000005,10.368331909179688,,1.616607666015625,
513.79999999999995,10.322341918945312,,1.6191635131835938,
513.89999999999998,10.225250244140625,,1.5552825927734375,
514,10.171592712402344,,1.486297607421875,
514.10000000000002,10.291679382324219,,1.5169601440429688,
514.20000000000005,10.483306884765625,,1.5680618286132812,
514.29999999999995,10.669822692871094,,1.6114959716796875,
514.39999999999998,10.84100341796875,,1.64471435546875,
514.5,11.050514221191406,,1.6932525634765625,
514.60000000000002,11.196151733398438,,1.79034423828125,
514.70000000000005,11.178260803222656,,1.8261184692382812,
514.79999999999995,11.073509216308594,,1.7366943359375,
514.89999999999998,10.961090087890625,,1.64471435546875,
515,10.889549255371094,,1.616607666015625,
515.10000000000002,10.948310852050781,,1.6140518188476562,
515.20000000000005,11.063285827636719,,1.6549301147460938,
515.29999999999995,11.045402526855469,,1.6830368041992188,
515.39999999999998,10.963645935058594,,1.66259765625,
515.5,10.98919677734375,,1.6932525634765625,
515.60000000000002,11.007080078125,,1.7520217895507812,
515.70000000000005,10.943206787109375,,1.7136993408203125,
515.79999999999995,10.853782653808594,,1.616607666015625,
515.89999999999998,10.815452575683594,,1.5680618286132812,
516,10.9329833984375,,1.578277587890625,
516.10000000000002,11.111831665039062,,1.6191635131835938,
516.20000000000005,11.152717590332031,,1.6600418090820312,
516.29999999999995,11.096504211425781,,1.6574859619140625,
516.39999999999998,11.093948364257812,,1.66259765625,
516.5,11.109275817871094,,1.68048095703125,
516.60000000000002,11.065841674804688,,1.66259765625,
516.70000000000005,10.925315856933594,,1.5629501342773438,
516.79999999999995,10.8231201171875,,1.4658584594726562,
516.89999999999998,10.871665954589844,,1.4658584594726562,
517,10.994300842285156,,1.5041885375976562,
517.10000000000002,11.060737609863281,,1.5348434448242188,
517.20000000000005,11.058181762695312,,1.5552825927734375,
517.29999999999995,11.037742614746094,,1.57061767578125,
517.39999999999998,11.014747619628906,,1.5859451293945312,
517.5,10.994300842285156,,1.6140518188476562,
517.60000000000002,10.935539245605469,,1.6089401245117188,
517.70000000000005,10.769462585449219,,1.5220718383789062,
517.79999999999995,10.680038452148438,,1.4658584594726562,
517.89999999999998,10.820564270019531,,1.5016326904296875,
518,10.963645935058594,,1.5348434448242188,
518.10000000000002,11.030075073242188,,1.5552825927734375,
518.20000000000005,11.068397521972656,,1.578277587890625,
518.29999999999995,11.040290832519531,,1.5859451293945312,
518.39999999999998,11.007080078125,,1.5961685180664062,
518.5,10.984085083007812,,1.616607666015625,
518.60000000000002,10.843559265136719,,1.5655059814453125,
518.70000000000005,10.649375915527344,,1.4479751586914062,
518.79999999999995,10.994300842285156,,1.5578384399414062,
518.89999999999998,12.179824829101562,,1.9232025146484375,
519,13.117507934570312,,2.076507568359375,
519.10000000000002,13.224822998046875,,1.8899917602539062,
519.20000000000005,12.601402282714844,,1.5910568237304688,
519.29999999999995,11.221702575683594,,1.3355560302734375,
519.39999999999998,10.238021850585938,,1.2359085083007812,
519.5,10.056617736816406,,1.2410202026367188,
519.60000000000002,9.9186477661132812,,1.1822586059570312,
519.70000000000005,9.7960128784179688,,1.0979385375976562,
519.79999999999995,9.92120361328125,,1.100494384765625,
519.89999999999998,10.146041870117188,,1.1439285278320312,
520,10.273796081542969,7.223114013671875,1.1720352172851562,0
520.10000000000002,10.286567687988281,,1.184814453125,
520.20000000000005,10.291679382324219,,1.192474365234375,
520.29999999999995,10.286567687988281,,1.2001419067382812,
520.39999999999998,10.258460998535156,,1.20269775390625,
520.5,10.250801086425781,,1.174591064453125,
520.60000000000002,10.186927795410156,,1.1030502319335938,
520.70000000000005,10.135826110839844,,1.0749435424804688,
520.79999999999995,10.235466003417969,,1.100494384765625,
520.89999999999998,10.388771057128906,,1.1260452270507812,
521,10.493522644042969,,1.1669235229492188,
521.10000000000002,10.490966796875,,1.1822586059570312,
521.20000000000005,10.424537658691406,,1.174591064453125,
521.29999999999995,10.419425964355469,,1.2078094482421875,
521.39999999999998,10.414321899414062,,1.248687744140625,
521.5,10.225250244140625,,1.1873626708984375,
521.60000000000002,10.025962829589844,,1.0877227783203125,
521.70000000000005,10.094947814941406,,1.1081619262695312,
521.79999999999995,10.301902770996094,,1.1899185180664062,
521.89999999999998,10.370887756347656,,1.2205810546875,
522,10.335113525390625,,1.2180252075195312,
522.10000000000002,10.36322021484375,,1.2435760498046875,
522.20000000000005,10.350440979003906,,1.2742385864257812,
522.29999999999995,10.281455993652344,,1.2818984985351562,
522.39999999999998,10.299346923828125,,1.294677734375,
522.5,10.212471008300781,,1.2512435913085938,
522.60000000000002,10.066841125488281,,1.174591064453125,
522.70000000000005,10.212471008300781,,1.192474365234375,
522.79999999999995,10.419425964355469,,1.25634765625,
522.89999999999998,10.421981811523438,,1.2691268920898438,
523,10.421981811523438,,1.27679443359375,
523.10000000000002,10.483306884765625,,1.3202285766601562,
523.20000000000005,10.462867736816406,,1.3457794189453125,
523.29999999999995,10.467971801757812,,1.3611068725585938,
523.39999999999998,10.409210205078125,,1.3381118774414062,
523.5,10.230361938476562,,1.2589035034179688,
523.60000000000002,10.204811096191406,,1.2205810546875,
523.70000000000005,10.401542663574219,,1.2716827392578125,
523.79999999999995,10.539512634277344,,1.3253326416015625,
523.89999999999998,10.490966796875,,1.3151168823242188,
524,10.529296875,,1.322784423828125,
524.10000000000002,10.559951782226562,,1.3636627197265625,
524.20000000000005,10.460311889648438,,1.3611068725585938,
524.29999999999995,10.470527648925781,,1.3636627197265625,
524.39999999999998,10.360664367675781,,1.3151168823242188,
524.5,10.17926025390625,,1.2256927490234375,
524.60000000000002,10.368331909179688,,1.2640151977539062,
524.70000000000005,10.580390930175781,,1.3508834838867188,
524.79999999999995,10.764350891113281,,1.4786376953125,
524.89999999999998,11.290687561035156,,1.6855926513671875,
525,11.538520812988281,,1.7136993408203125,
525.10000000000002,11.150161743164062,,1.552734375,
525.20000000000005,10.616165161132812,,1.4070968627929688,
525.29999999999995,10.125602722167969,,1.2256927490234375,
525.39999999999998,9.7397994995117188,,0.9957427978515625,
525.5,9.7423553466796875,,0.9114227294921875,
525.60000000000002,9.9978561401367188,,0.9676361083984375,
525.70000000000005,10.110275268554688,,1.0289535522460938,
525.79999999999995,10.102607727050781,,1.082611083984375,
525.89999999999998,10.230361938476562,,1.210357666015625,
526,10.973861694335938,,1.468414306640625,
526.10000000000002,11.990753173828125,,1.7673492431640625,
526.20000000000005,12.440437316894531,,1.9334259033203125,
526.29999999999995,12.522193908691406,,1.9947433471679688,
526.39999999999998,12.966766357421875,,2.2246932983398438,
526.5,13.67449951171875,,2.6181640625,
526.60000000000002,13.9862060546875,,2.8149032592773438,
526.70000000000005,13.958106994628906,,2.7356948852539062,
526.79999999999995,13.809913635253906,,2.5823974609375,
526.89999999999998,13.605514526367188,,2.388214111328125,
527,13.413887023925781,,2.2579116821289062,
527.10000000000002,13.171165466308594,,2.2298049926757812,
527.20000000000005,12.657608032226562,,2.1659317016601562,
527.29999999999995,12.133834838867188,,2.08416748046875,
527.39999999999998,11.960090637207031,,2.1480484008789062,
527.5,11.804237365722656,,2.2757949829101562,
527.60000000000002,11.497642517089844,,2.2911224365234375,
527.70000000000005,11.211479187011719,,2.23236083984375,
527.79999999999995,11.060737609863281,,2.2170333862304688,
527.89999999999998,10.943206787109375,,2.2272491455078125,
528,10.843559265136719,,2.1557083129882812,
528.10000000000002,10.695365905761719,,2.0049667358398438,
528.20000000000005,10.567619323730469,,1.9308700561523438,
528.29999999999995,10.393882751464844,,1.818450927734375,
528.39999999999998,10.708145141601562,,1.8440017700195312,
528.5,11.972869873046875,,2.1761474609375,
528.60000000000002,12.7725830078125,,2.2579116821289062,
528.70000000000005,12.437881469726562,,2.0075225830078125,
528.79999999999995,11.28302001953125,,1.64471435546875,
528.89999999999998,10.202255249023438,,1.3687744140625,
529,9.9007644653320312,,1.2333526611328125,
529.10000000000002,9.99530029296875,,1.1873626708984375,
529.20000000000005,10.204811096191406,,1.2001419067382812,
529.29999999999995,10.470527648925781,,1.230804443359375,
529.39999999999998,10.738807678222656,,1.3048934936523438,
529.5,10.894660949707031,,1.4019851684570312,
529.60000000000002,10.98919677734375,,1.506744384765625,
529.70000000000005,11.047958374023438,,1.57061767578125,
529.79999999999995,11.055625915527344,,1.5731735229492188,
529.89999999999998,10.912544250488281,,1.4888534545898438,
530,10.774574279785156,10.109519958496094,1.4173126220703125,5.3619303703308105
530.10000000000002,10.820564270019531,,1.4428634643554688,
530.20000000000005,10.820564270019531,,1.4837493896484375,
530.29999999999995,10.682594299316406,,1.4837493896484375,
530.39999999999998,10.559951782226562,,1.4760818481445312,
530.5,10.508857727050781,,1.4939651489257812,
530.60000000000002,10.552291870117188,,1.5348434448242188,
530.70000000000005,10.646827697753906,,1.5552825927734375,
530.79999999999995,10.588058471679688,,1.4914093017578125,
530.89999999999998,10.478195190429688,,1.4096527099609375,
531,10.590614318847656,,1.432647705078125,
531.10000000000002,10.774574279785156,,1.4811935424804688,
531.20000000000005,10.861442565917969,,1.4760818481445312,
531.29999999999995,10.930427551269531,,1.46075439453125,
531.39999999999998,11.022407531738281,,1.4658584594726562,
531.5,11.101615905761719,,1.4837493896484375,
531.60000000000002,11.132270812988281,,1.4990768432617188,
531.70000000000005,11.070953369140625,,1.4530868530273438,
531.79999999999995,10.886993408203125,,1.3381118774414062,
531.89999999999998,10.795013427734375,,1.2818984985351562,
532,10.927871704101562,,1.3278884887695312,
532.10000000000002,11.040290832519531,,1.3713226318359375,
532.20000000000005,11.035186767578125,,1.38665771484375,
532.29999999999995,11.050514221191406,,1.4122085571289062,
532.39999999999998,11.050514221191406,,1.4352035522460938,
532.5,11.019851684570312,,1.4403076171875,
532.60000000000002,11.017295837402344,,1.4581985473632812,
532.70000000000005,10.894660949707031,,1.4070968627929688,
532.79999999999995,10.73114013671875,,1.3048934936523438,
532.89999999999998,10.756690979003906,,1.3074493408203125,
533,10.902320861816406,,1.3611068725585938,
533.10000000000002,11.019851684570312,,1.3892135620117188,
533.20000000000005,11.035186767578125,,1.3917694091796875,
533.29999999999995,10.999412536621094,,1.3815460205078125,
533.39999999999998,10.958534240722656,,1.3789901733398438,
533.5,10.907432556152344,,1.38665771484375,
533.60000000000002,10.861442565917969,,1.3662185668945312,
533.70000000000005,10.726028442382812,,1.2895660400390625,
533.79999999999995,10.626380920410156,,1.230804443359375,
533.89999999999998,10.782241821289062,,1.2716827392578125,
534,10.976417541503906,,1.3278884887695312,
534.10000000000002,11.055625915527344,,1.358551025390625,
534.20000000000005,11.070953369140625,,1.3738784790039062,
534.29999999999995,11.040290832519531,,1.376434326171875,
534.39999999999998,11.001968383789062,,1.3815460205078125,
534.5,10.968757629394531,,1.3917694091796875,
534.60000000000002,10.871665954589844,,1.3457794189453125,
534.70000000000005,10.703033447265625,,1.2461318969726562,
534.79999999999995,10.751579284667969,,1.2818984985351562,
534.89999999999998,11.548736572265625,,1.5910568237304688,
535,12.478759765625,,1.7213592529296875,
535.10000000000002,12.425102233886719,,1.5450668334960938,
535.20000000000005,11.492530822753906,,1.4428634643554688,
535.29999999999995,10.940650939941406,,1.3738784790039062,
535.39999999999998,10.861442565917969,,1.230804443359375,
535.5,10.590614318847656,,1.0289535522460938,
535.60000000000002,10.217582702636719,,0.8398895263671875,
535.70000000000005,10.010627746582031,,0.70702362060546875,
535.79999999999995,9.9058761596679688,,0.5894927978515625,
535.89999999999998,9.5328445434570312,,0.5256195068359375,
536,9.213470458984375,,0.62015533447265625,
536.10000000000002,9.1981430053710938,,0.81433868408203125,
536.20000000000005,9.5481719970703125,,1.0059585571289062,
536.29999999999995,10.204811096191406,,1.248687744140625,
536.39999999999998,10.838447570800781,,1.5476226806640625,
536.5,11.666267395019531,,1.670257568359375,
536.60000000000002,11.875778198242188,,1.5092926025390625,
536.70000000000005,11.104171752929688,,1.3457794189453125,
536.79999999999995,10.409210205078125,,1.3176727294921875,
536.89999999999998,10.138381958007812,,1.3048934936523438,
537,10.350440979003906,,1.3457794189453125,
537.10000000000002,10.909988403320312,,1.5476226806640625,
537.20000000000005,11.581954956054688,,1.8874359130859375,
537.29999999999995,12.177268981933594,,2.2170333862304688,
537.39999999999998,12.621841430664062,,2.4239883422851562,
537.5,12.708709716796875,,2.5031890869140625,
537.60000000000002,12.583511352539062,,2.5415191650390625,
537.70000000000005,12.425102233886719,,2.5747299194335938,
537.79999999999995,12.218147277832031,,2.5491790771484375,
537.89999999999998,12.023971557617188,,2.4699783325195312,
538,11.860450744628906,,2.3779983520507812,
538.10000000000002,11.707145690917969,,2.2655792236328125,
538.20000000000005,11.528297424316406,,2.1148300170898438,
538.29999999999995,11.326454162597656,,1.90020751953125,
538.39999999999998,11.058181762695312,,1.670257568359375,
538.5,10.884437561035156,,1.5399551391601562,
538.60000000000002,10.961090087890625,,1.5373992919921875,
538.70000000000005,11.060737609863281,,1.5629501342773438,
538.79999999999995,11.078620910644531,,1.5680618286132812,
538.89999999999998,11.063285827636719,,1.5629501342773438,
539,11.02496337890625,,1.5655059814453125,
539.10000000000002,10.968757629394531,,1.5757293701171875,
539.20000000000005,10.884437561035156,,1.5348434448242188,
539.29999999999995,10.751579284667969,,1.4403076171875,
539.39999999999998,10.7132568359375,,1.4070968627929688,
539.5,10.869110107421875,,1.4556427001953125,
539.60000000000002,10.999412536621094,,1.4939651489257812,
539.70000000000005,11.009635925292969,,1.5041885375976562,
539.79999999999995,10.978973388671875,,1.5041885375976562,
539.89999999999998,10.925315856933594,,1.5092926025390625,
540,10.869110107421875,14.574898719787598,1.5092926025390625,6.8441066741943359
540.10000000000002,10.792457580566406,,1.4658584594726562,
540.20000000000005,10.65704345703125,,1.3713226318359375,
540.29999999999995,10.616165161132812,,1.3278884887695312,
540.39999999999998,10.774574279785156,,1.3789901733398438,
540.5,10.917655944824219,,1.4454193115234375,
540.60000000000002,10.981529235839844,,1.4888534545898438,
540.70000000000005,11.053070068359375,,1.5399551391601562,
540.79999999999995,11.13482666015625,,1.6140518188476562,
540.89999999999998,11.275352478027344,,1.7239151000976562,
541,11.569175720214844,,1.8465576171875,
541.10000000000002,11.949874877929688,,1.9487533569335938,
541.20000000000005,12.402107238769531,,2.1071624755859375,
541.29999999999995,12.923332214355469,,2.3473358154296875,
541.39999999999998,13.327018737792969,,2.5823974609375,
541.5,13.567192077636719,,2.774017333984375,
541.60000000000002,13.592742919921875,,2.8838882446289062,
541.70000000000005,13.334686279296875,,2.8966598510742188,
541.79999999999995,12.823684692382812,,2.8225631713867188,
541.89999999999998,12.169601440429688,,2.5951690673828125,
542,11.538520812988281,,2.260467529296875,
542.10000000000002,11.160377502441406,,2.0075225830078125,
542.20000000000005,11.142494201660156,,1.920654296875,
542.29999999999995,11.26513671875,,1.8976593017578125,
542.39999999999998,11.313682556152344,,1.854217529296875,
542.5,11.231918334960938,,1.7954559326171875,
542.60000000000002,11.109275817871094,,1.7392425537109375,
542.70000000000005,10.999412536621094,,1.6855926513671875,
542.79999999999995,10.899772644042969,,1.6140518188476562,
542.89999999999998,10.715812683105469,,1.486297607421875,
543,10.580390930175781,,1.3917694091796875,
543.10000000000002,10.695365905761719,,1.4122085571289062,
543.20000000000005,10.899772644042969,,1.4658584594726562,
543.29999999999995,11.045402526855469,,1.5169601440429688,
543.39999999999998,11.124610900878906,,1.5629501342773438,
543.5,11.196151733398438,,1.6012725830078125,
543.60000000000002,11.326454162597656,,1.6574859619140625,
543.70000000000005,11.625389099121094,,1.7366943359375,
543.79999999999995,12.126167297363281,,1.8210067749023438,
543.89999999999998,12.941215515136719,,2.0100784301757812,
544,14.182945251464844,,2.462310791015625,
544.10000000000002,15.40423583984375,,3.1470489501953125,
544.20000000000005,16.306148529052734,,4.0464096069335938,
544.29999999999995,17.187625885009766,,5.1144027709960938,
544.39999999999998,18.005222320556641,,6.3714599609375,
544.5,18.528999328613281,,7.9402313232421875,
544.60000000000002,18.82537841796875,,9.654632568359375,
544.70000000000005,18.894363403320312,,11.016448974609375,
544.79999999999995,18.766613006591797,,11.913253784179688,
544.89999999999998,18.508560180664062,,12.544342041015625,
545,17.486560821533203,,12.679756164550781,
545.10000000000002,15.996994018554688,,12.557113647460938,
545.20000000000005,15.36590576171875,,12.518791198730469,
545.29999999999995,16.014877319335938,,12.582664489746094,
545.39999999999998,16.597419738769531,,12.511123657226562,
545.5,16.14007568359375,,11.583663940429688,
545.60000000000002,15.414451599121094,,10.168190002441406,
545.70000000000005,15.138511657714844,,9.5958709716796875,
545.79999999999995,15.156402587890625,,9.6444168090820312,
545.89999999999998,15.03631591796875,,9.3991317749023438,
546,15.07208251953125,,9.1896286010742188,
546.10000000000002,15.360801696777344,,9.268829345703125,
546.20000000000005,15.312255859375,,9.286712646484375,
546.29999999999995,14.688835144042969,,8.9724502563476562,
546.39999999999998,13.554412841796875,,7.779266357421875,
546.5,12.468536376953125,,6.2488174438476562,
546.60000000000002,12.098060607910156,,5.4209976196289062,
546.70000000000005,12.299911499023438,,5.1450576782226562,
546.79999999999995,12.73681640625,,5.0479736328125,
546.89999999999998,12.885002136230469,,4.91766357421875,
547,12.649940490722656,,4.6085128784179688,
547.10000000000002,11.960090637207031,,3.9672088623046875,
547.20000000000005,11.231918334960938,,3.35400390625,
547.29999999999995,10.971305847167969,,3.0269622802734375,
547.39999999999998,10.772018432617188,,2.7535781860351562,
547.5,10.651931762695312,,2.6053924560546875,
547.60000000000002,10.797569274902344,,2.6181640625,
547.70000000000005,10.922767639160156,,2.6513824462890625,
547.79999999999995,10.963645935058594,,2.6615982055664062,
547.89999999999998,11.012191772460938,,2.6615982055664062,
548,10.994300842285156,,2.6334991455078125,
548.10000000000002,10.976417541503906,,2.6028366088867188,
548.20000000000005,10.953422546386719,,2.5389633178710938,
548.29999999999995,10.772018432617188,,2.3831024169921875,
548.39999999999998,10.651931762695312,,2.2987899780273438,
548.5,10.80523681640625,,2.3550033569335938,
548.60000000000002,10.973861694335938,,2.4137649536132812,
548.70000000000005,11.0428466796875,,2.4342041015625,
548.79999999999995,11.063285827636719,,2.4597549438476562,
548.89999999999998,11.070953369140625,,2.49041748046875,
549,11.093948364257812,,2.5312957763671875,
549.10000000000002,11.106727600097656,,2.5338516235351562,
549.20000000000005,11.0428466796875,,2.4571990966796875,
549.29999999999995,11.050514221191406,,2.4239883422851562,
549.39999999999998,11.306015014648438,,2.5108566284179688,
549.5,11.556404113769531,,2.6181640625,
549.60000000000002,11.666267395019531,,2.6897048950195312,
549.70000000000005,11.732696533203125,,2.74847412109375,
549.79999999999995,11.679046630859375,,2.7638015747070312,
549.89999999999998,11.469535827636719,,2.7178115844726562,
550,11.219146728515625,0,2.5849533081054688,0
550.10000000000002,10.966201782226562,,2.3779983520507812,
550.20000000000005,10.848670959472656,,2.26812744140625,
550.29999999999995,10.973861694335938,,2.3115692138671875,
550.39999999999998,11.109275817871094,,2.3626632690429688,
550.5,11.137382507324219,,2.360107421875,
550.60000000000002,11.139938354492188,,2.3268966674804688,
550.70000000000005,11.530853271484375,,2.426544189453125,
550.79999999999995,12.381668090820312,,2.6156082153320312,
550.89999999999998,12.961654663085938,,2.554290771484375,
551,12.971870422363281,,2.2527999877929688,
551.10000000000002,12.578407287597656,,1.9308700561523438,
551.20000000000005,11.679046630859375,,1.5757293701171875,
551.29999999999995,10.851226806640625,,1.322784423828125,
551.39999999999998,10.662155151367188,,1.322784423828125,
551.5,10.741355895996094,,1.3789901733398438,
551.60000000000002,10.884437561035156,,1.432647705078125,
551.70000000000005,10.98919677734375,,1.5016326904296875,
551.79999999999995,11.017295837402344,,1.4914093017578125,
551.89999999999998,10.999412536621094,,1.4377593994140625,
552,11.111831665039062,,1.468414306640625,
552.10000000000002,11.39288330078125,,1.5731735229492188,
552.20000000000005,11.574287414550781,,1.6574859619140625,
552.29999999999995,11.589622497558594,,1.6958084106445312,
552.39999999999998,11.497642517089844,,1.7060317993164062,
552.5,11.35711669921875,,1.6983642578125,
552.60000000000002,11.224250793457031,,1.66259765625,
552.70000000000005,11.019851684570312,,1.5655059814453125,
552.79999999999995,10.818008422851562,,1.4479751586914062,
552.89999999999998,10.848670959472656,,1.4377593994140625,
553,10.994300842285156,,1.49652099609375,
553.10000000000002,11.076065063476562,,1.5297393798828125,
553.20000000000005,11.096504211425781,,1.5578384399414062,
553.29999999999995,11.162933349609375,,1.6089401245117188,
553.39999999999998,12.154273986816406,,1.9691925048828125,
553.5,13.201828002929688,,2.2911224365234375,
553.60000000000002,13.017860412597656,,1.9640884399414062,
553.70000000000005,12.442985534667969,,1.53228759765625,
553.79999999999995,11.4490966796875,,1.2818984985351562,
553.89999999999998,10.567619323730469,,1.1081619262695312,
554,10.406654357910156,,1.1056060791015625,
554.10000000000002,10.381103515625,,1.1311569213867188,
554.20000000000005,10.391326904296875,,1.1618194580078125,
554.29999999999995,10.439872741699219,,1.2129135131835938,
554.39999999999998,10.427093505859375,,1.192474365234375,
554.5,10.386215209960938,,1.118377685546875,
554.60000000000002,10.452644348144531,,1.1158294677734375,
554.70000000000005,10.636604309082031,,1.174591064453125,
554.79999999999995,10.795013427734375,,1.2256927490234375,
554.89999999999998,10.856330871582031,,1.2512435913085938,
555,10.828231811523438,,1.25634765625,
555.10000000000002,10.782241821289062,,1.2589035034179688,
555.20000000000005,10.743911743164062,,1.2640151977539062,
555.29999999999995,10.623832702636719,,1.1975860595703125,
555.39999999999998,10.496078491210938,,1.1107177734375,
555.5,10.552291870117188,,1.1158294677734375,
555.60000000000002,10.728584289550781,,1.1771469116210938,
555.70000000000005,11.308570861816406,,1.294677734375,
555.79999999999995,12.741920471191406,,1.7494659423828125,
555.89999999999998,13.518646240234375,,2.5491790771484375,
556,13.229927062988281,,3.0601806640625,
556.10000000000002,12.943771362304688,,3.070404052734375,
556.20000000000005,12.744476318359375,,3.0678482055664062,
556.29999999999995,12.563072204589844,,3.106170654296875,
556.39999999999998,12.371452331542969,,3.0448532104492188,
556.5,12.299911499023438,,2.9528732299804688,
556.60000000000002,12.236030578613281,,2.830230712890625,
556.70000000000005,12.149162292480469,,2.6769332885742188,
556.79999999999995,11.980537414550781,,2.5108566284179688,
556.89999999999998,11.72503662109375,,2.370330810546875,
557,11.607505798339844,,2.2834625244140625,
557.10000000000002,11.4490966796875,,2.1071624755859375,
557.20000000000005,11.170600891113281,,1.8848800659179688,
557.29999999999995,11.055625915527344,,1.7980117797851562,
557.39999999999998,11.004524230957031,,1.75457763671875,
557.5,10.889549255371094,,1.6728134155273438,
557.60000000000002,10.720916748046875,,1.5885009765625,
557.70000000000005,10.475639343261719,,1.486297607421875,
557.79999999999995,10.465415954589844,,1.3713226318359375,
557.89999999999998,10.636604309082031,,1.230804443359375,
558,10.490966796875,,1.1081619262695312,
558.10000000000002,10.238021850585938,,1.0979385375976562,
558.20000000000005,10.161376953125,,1.1592636108398438,
558.29999999999995,10.17926025390625,,1.2078094482421875,
558.39999999999998,10.125602722167969,,1.2410202026367188,
558.5,9.9544219970703125,,1.2512435913085938,
558.60000000000002,9.7065811157226562,,1.2461318969726562,
558.70000000000005,9.4970779418945312,,1.2512435913085938,
558.79999999999995,9.2901229858398438,,1.2180252075195312,
558.89999999999998,9.0065155029296875,,1.0953826904296875,
559,8.8302230834960938,,1.0034027099609375,
559.10000000000002,8.9579696655273438,,1.0672836303710938,
559.20000000000005,9.3539962768554688,,1.25634765625,
559.29999999999995,9.6835861206054688,,1.5348434448242188,
559.39999999999998,10.015739440917969,,1.8899917602539062,
559.5,10.539512634277344,,2.278350830078125,
559.60000000000002,11.040290832519531,,2.6232757568359375,
559.70000000000005,11.39288330078125,,2.865997314453125,
559.79999999999995,11.5589599609375,,2.940093994140625,
559.89999999999998,11.423545837402344,,2.7919082641601562,
560,11.206367492675781,0,2.5798416137695312,0
560.10000000000002,11.185928344726562,,2.49041748046875,
560.20000000000005,11.237030029296875,,2.45208740234375,
560.29999999999995,11.229362487792969,,2.3958816528320312,
560.39999999999998,11.196151733398438,,2.352447509765625,
560.5,11.139938354492188,,2.314117431640625,
560.60000000000002,11.063285827636719,,2.2834625244140625,
560.70000000000005,10.95086669921875,,2.2706832885742188,
560.79999999999995,10.171592712402344,,2.3166732788085938,
560.89999999999998,9.4868545532226562,,2.4571990966796875,
561,9.70147705078125,,2.4393157958984375,
561.10000000000002,9.7397994995117188,,2.1940383911132812,
561.20000000000005,9.3488845825195312,,1.9359817504882812,
561.29999999999995,9.121490478515625,,1.7571334838867188,
561.39999999999998,9.1317062377929688,,1.6958084106445312,
561.5,9.213470458984375,,1.7009201049804688,
561.60000000000002,9.3591079711914062,,1.7060317993164062,
561.70000000000005,9.4766311645507812,,1.6677093505859375,
561.79999999999995,9.4842987060546875,,1.5501785278320312,
561.89999999999998,9.5328445434570312,,1.4633026123046875,
562,9.755126953125,,1.4990768432617188,
562.10000000000002,9.9825210571289062,,1.5476226806640625,
562.20000000000005,10.10516357421875,,1.5629501342773438,
562.29999999999995,10.158821105957031,,1.5833892822265625,
562.39999999999998,10.163932800292969,,1.6012725830078125,
562.5,10.158821105957031,,1.6114959716796875,
562.60000000000002,10.176704406738281,,1.6191635131835938,
562.70000000000005,10.097496032714844,,1.552734375,
562.79999999999995,9.9876327514648438,,1.4556427001953125,
562.89999999999998,10.028511047363281,,1.4556427001953125,
563,10.166481018066406,,1.5041885375976562,
563.10000000000002,10.278907775878906,,1.5501785278320312,
563.20000000000005,10.317230224609375,,1.5859451293945312,
563.29999999999995,10.3070068359375,,1.5936126708984375,
563.39999999999998,10.286567687988281,,1.6038284301757812,
563.5,10.271240234375,,1.6217193603515625,
563.60000000000002,10.227806091308594,,1.6038284301757812,
563.70000000000005,10.115386962890625,,1.5195159912109375,
563.79999999999995,10.074501037597656,,1.4837493896484375,
563.89999999999998,10.204811096191406,,1.5399551391601562,
564,10.309562683105469,,1.5859451293945312,
564.10000000000002,10.337669372558594,,1.6038284301757812,
564.20000000000005,10.335113525390625,,1.616607666015625,
564.29999999999995,10.291679382324219,,1.6268234252929688,
564.39999999999998,10.258460998535156,,1.6396026611328125,
564.5,10.261016845703125,,1.6574859619140625,
564.60000000000002,10.120491027832031,,1.5833892822265625,
564.70000000000005,9.985076904296875,,1.4811935424804688,
564.79999999999995,10.059173583984375,,1.49652099609375,
564.89999999999998,10.189476013183594,,1.5578384399414062,
565,10.281455993652344,,1.598724365234375,
565.10000000000002,10.317230224609375,,1.6217193603515625,
565.20000000000005,10.314674377441406,,1.634490966796875,
565.29999999999995,10.3070068359375,,1.6472625732421875,
565.39999999999998,10.3070068359375,,1.6574859619140625,
565.5,10.227806091308594,,1.6140518188476562,
565.60000000000002,10.138381958007812,,1.5373992919921875,
565.70000000000005,10.207366943359375,,1.5476226806640625,
565.79999999999995,10.378547668457031,,1.6191635131835938,
565.89999999999998,10.485862731933594,,1.6728134155273438,
566,10.513961791992188,,1.7034759521484375,
566.10000000000002,10.501190185546875,,1.7136993408203125,
566.20000000000005,10.465415954589844,,1.7290267944335938,
566.29999999999995,10.424537658691406,,1.7469100952148438,
566.39999999999998,10.3453369140625,,1.7060317993164062,
566.5,10.225250244140625,,1.6089401245117188,
566.60000000000002,10.207366943359375,,1.5757293701171875,
566.70000000000005,10.3453369140625,,1.6140518188476562,
566.79999999999995,10.4552001953125,,1.652374267578125,
566.89999999999998,10.480751037597656,,1.652374267578125,
567,10.784797668457031,,1.7366943359375,
567.10000000000002,11.676490783691406,,2.0279617309570312,
567.20000000000005,11.847671508789062,,2.0662841796875,
567.29999999999995,11.009635925292969,,1.7009201049804688,
567.39999999999998,10.669822692871094,,1.468414306640625,
567.5,10.876777648925781,,1.5476226806640625,
567.60000000000002,11.150161743164062,,1.8440017700195312,
567.70000000000005,11.441429138183594,,2.30645751953125,
567.79999999999995,11.730140686035156,,2.8532257080078125,
567.89999999999998,12.069961547851562,,3.5175247192382812,
568,12.389335632324219,,4.2482528686523438,
568.10000000000002,12.741920471191406,,5.193603515625,
568.20000000000005,13.319351196289062,,6.3561325073242188,
568.29999999999995,13.610626220703125,,7.1737289428710938,
568.39999999999998,13.452217102050781,,7.3960189819335938,
568.5,13.2503662109375,,7.2529373168945312,
568.60000000000002,13.089401245117188,,7.0459823608398438,
568.70000000000005,12.93865966796875,,6.8466873168945312,
568.79999999999995,12.782806396484375,,6.5988540649414062,
568.89999999999998,12.685714721679688,,6.4557723999023438,
569,12.616729736328125,,6.4021224975585938,
569.10000000000002,12.374000549316406,,6.1466217041015625,
569.20000000000005,11.901329040527344,,5.6483993530273438,
569.29999999999995,11.451652526855469,,5.1348419189453125,
569.39999999999998,11.382667541503906,,4.7669219970703125,
569.5,11.510414123535156,,4.5395278930664062,
569.60000000000002,11.538520812988281,,4.3453445434570312,
569.70000000000005,11.5589599609375,,4.1153945922851562,
569.79999999999995,11.673934936523438,,3.9135513305664062,
569.89999999999998,11.914100646972656,,3.9365463256835938,
570,12.179824829101562,0,4.1971588134765625,2.5641026496887207
570.10000000000002,12.409774780273438,,4.4730987548828125,
570.20000000000005,12.785362243652344,,4.6723861694335938,
570.29999999999995,13.189048767089844,,4.6928253173828125,
570.39999999999998,13.275917053222656,,4.485870361328125,
570.5,13.12261962890625,,4.2150421142578125,
570.60000000000002,12.741920471191406,,3.8956680297851562,
570.70000000000005,12.292243957519531,,3.5405197143554688,
570.79999999999995,12.006080627441406,,3.308013916015625,
570.89999999999998,11.533409118652344,,3.032073974609375,
571,11.027519226074219,,2.7867965698242188,
571.10000000000002,10.833335876464844,,2.6999282836914062,
571.20000000000005,10.80523681640625,,2.6130523681640625,
571.29999999999995,10.789901733398438,,2.50830078125,
571.39999999999998,10.726028442382812,,2.41632080078125,
571.5,10.552291870117188,,2.3498916625976562,
571.60000000000002,10.294235229492188,,2.2706832885742188,
571.70000000000005,10.100051879882812,,2.1633758544921875,
571.79999999999995,9.9416427612304688,,2.01263427734375,
571.89999999999998,9.8292236328125,,1.82867431640625,
572,9.7321319580078125,,1.5936126708984375,
572.10000000000002,9.7602386474609375,,1.506744384765625,
572.20000000000005,9.9620819091796875,,1.5578384399414062,
572.29999999999995,10.225250244140625,,1.5680618286132812,
572.39999999999998,10.728584289550781,,1.708587646484375,
572.5,11.346893310546875,,1.9870834350585938,
572.60000000000002,11.535964965820312,,2.1046142578125,
572.70000000000005,11.257469177246094,,2.0279617309570312,
572.79999999999995,11.030075073242188,,1.9410934448242188,
572.89999999999998,10.948310852050781,,1.8491134643554688,
573,10.718360900878906,,1.800567626953125,
573.10000000000002,10.071952819824219,,1.6217193603515625,
573.20000000000005,9.379547119140625,,1.2640151977539062,
573.29999999999995,9.121490478515625,,1.026397705078125,
573.39999999999998,8.9835205078125,,0.90887451171875,
573.5,9.1802520751953125,,0.9778594970703125,
573.60000000000002,9.563507080078125,,1.138824462890625,
573.70000000000005,9.5967178344726562,,1.1209335327148438,
573.79999999999995,9.7525711059570312,,1.156707763671875,
573.89999999999998,9.985076904296875,,1.3917694091796875,
574,10.008071899414062,,1.6268234252929688,
574.10000000000002,10.059173583984375,,1.8056793212890625,
574.20000000000005,10.112831115722656,,1.9410934448242188,
574.29999999999995,10.082168579101562,,2.0330734252929688,
574.39999999999998,10.194587707519531,,2.1838150024414062,
574.5,10.480751037597656,,2.3831024169921875,
574.60000000000002,10.646827697753906,,2.5389633178710938,
574.70000000000005,10.700477600097656,,2.5798416137695312,
574.79999999999995,10.623832702636719,,2.5415191650390625,
574.89999999999998,10.726028442382812,,2.656494140625,
575,11.244697570800781,,2.8378982543945312,
575.10000000000002,11.543632507324219,,2.8149032592773438,
575.20000000000005,11.553848266601562,,2.7331390380859375,
575.29999999999995,11.456756591796875,,2.56451416015625,
575.39999999999998,11.231918334960938,,2.1659317016601562,
575.5,10.743911743164062,,1.7520217895507812,
575.60000000000002,10.028511047363281,,1.4811935424804688,
575.70000000000005,9.535400390625,,1.2818984985351562,
575.79999999999995,9.3182220458984375,,1.138824462890625,
575.89999999999998,9.2262420654296875,,1.1132736206054688,
576,9.1649246215820312,,1.0979385375976562,
576.10000000000002,9.4996261596679688,,1.1439285278320312,
576.20000000000005,9.893096923828125,,1.1413726806640625,
576.29999999999995,9.9544219970703125,,1.064727783203125,
576.39999999999998,9.949310302734375,,1.23846435546875,
576.5,9.747467041015625,,1.432647705078125,
576.60000000000002,9.6197128295898438,,1.4275360107421875,
576.70000000000005,9.709136962890625,,1.4173126220703125,
576.79999999999995,9.66314697265625,,1.3917694091796875,
576.89999999999998,9.4587478637695312,,1.2691268920898438,
577,9.323333740234375,,1.2231369018554688,
577.10000000000002,9.2671279907226562,,1.2589035034179688,
577.20000000000005,9.2747879028320312,,1.2589035034179688,
577.29999999999995,9.0882720947265625,,1.1771469116210938,
577.39999999999998,8.7867813110351562,,1.0621719360351562,
577.5,8.7177963256835938,,1.03662109375,
577.60000000000002,8.7637863159179688,,1.0749435424804688,
577.70000000000005,8.8404388427734375,,1.0877227783203125,
577.79999999999995,8.8889846801757812,,1.026397705078125,
577.89999999999998,8.7101364135742188,,0.9114227294921875,
578,8.431640625,,0.83222198486328125,
578.10000000000002,8.2783432006835938,,0.8117828369140625,
578.20000000000005,8.0867156982421875,,0.778564453125,
578.29999999999995,7.78778076171875,,0.72235870361328125,
578.39999999999998,7.5450515747070312,,0.64315032958984375,
578.5,7.4709625244140625,,0.58438873291015625,
578.60000000000002,7.5859375,,0.57416534423828125,
578.70000000000005,7.6293716430664062,,0.5077362060546875,
578.79999999999995,7.4760665893554688,,0.37743377685546875,
578.89999999999998,7.335540771484375,,0.29822540283203125,
579,7.2512283325195312,,0.272674560546875,
579.10000000000002,7.225677490234375,,0.24456787109375,
579.20000000000005,7.2972183227539062,,0.41320037841796875,
579.29999999999995,7.6242599487304688,,0.90631866455078125,
579.39999999999998,8.275787353515625,,1.5629501342773438,
579.5,9.1751480102539062,,2.4367599487304688,
579.60000000000002,10.248245239257812,,3.4868621826171875,
579.70000000000005,11.329010009765625,,4.4986419677734375,
579.79999999999995,12.136390686035156,,5.3928985595703125,
579.89999999999998,12.534965515136719,,5.9677734375,
580,12.93865966796875,12.45847225189209,6.05975341796875,5.1724138259887695
580.10000000000002,13.163497924804688,,5.9422225952148438,
580.20000000000005,12.724037170410156,,5.645843505859375,
580.29999999999995,11.451652526855469,,4.6442794799804688,
580.39999999999998,10.925315856933594,,4.2865829467773438,
580.5,11.295791625976562,,4.82568359375,
580.60000000000002,10.996856689453125,,4.393890380859375,
580.70000000000005,10.782241821289062,,3.622283935546875,
580.79999999999995,11.035186767578125,,3.474090576171875,
580.89999999999998,11.275352478027344,,3.3795547485351562,
581,11.13482666015625,,3.1930389404296875,
581.10000000000002,10.723472595214844,,2.8353424072265625,
581.20000000000005,10.238021850585938,,1.762237548828125,
581.29999999999995,10.015739440917969,,1.1056060791015625,
581.39999999999998,10.0872802734375,,1.3330001831054688,
581.5,10.089836120605469,,1.5578384399414062,
581.60000000000002,10.100051879882812,,1.9027633666992188,
581.70000000000005,9.9697494506835938,,2.1659317016601562,
581.79999999999995,9.7755661010742188,,2.1020584106445312,
581.89999999999998,9.7627944946289062,,1.9691925048828125,
582,9.6529312133789062,,1.8695526123046875,
582.10000000000002,9.4664154052734375,,1.7647933959960938,
582.20000000000005,9.3616561889648438,,1.634490966796875,
582.29999999999995,9.3182220458984375,,1.5092926025390625,
582.39999999999998,9.0576171875,,1.2972335815429688,
582.5,8.6156005859375,,1.0698394775390625,
582.60000000000002,8.5619430541992188,,1.064727783203125,
582.70000000000005,8.7510147094726562,,1.1720352172851562,
582.79999999999995,8.9503021240234375,,1.27679443359375,
582.89999999999998,9.0678329467773438,,1.3330001831054688,
583,9.029510498046875,,1.3253326416015625,
583.10000000000002,9.139373779296875,,1.4019851684570312,
583.20000000000005,9.4689712524414062,,1.6498184204101562,
583.29999999999995,9.6810379028320312,,1.9232025146484375,
583.39999999999998,9.6861419677734375,,2.1276092529296875,
583.5,9.70147705078125,,2.3217849731445312,
583.60000000000002,9.81134033203125,,2.5312957763671875,
583.70000000000005,9.9723052978515625,,2.7178115844726562,
583.79999999999995,10.143486022949219,,2.8327865600585938,
583.89999999999998,10.411766052246094,,2.9298782348632812,
584,10.897216796875,,3.1828231811523438,
584.10000000000002,11.520637512207031,,3.612060546875,
584.20000000000005,12.029075622558594,,4.1026229858398438,
584.29999999999995,12.284576416015625,,4.4603195190429688,
584.39999999999998,12.123611450195312,,4.49609375,
584.5,11.666267395019531,,4.284027099609375,
584.60000000000002,11.390327453613281,,3.9493179321289062,
584.70000000000005,11.224250793457031,,3.5507431030273438,
584.79999999999995,11.160377502441406,,3.308013916015625,
584.89999999999998,11.20892333984375,,3.1853790283203125,
585,10.976417541503906,,2.8685531616210938,
585.10000000000002,10.641716003417969,,2.498077392578125,
585.20000000000005,10.521629333496094,,2.3166732788085938,
585.29999999999995,10.460311889648438,,2.2195892333984375,
585.39999999999998,10.416877746582031,,2.04840087890625,
585.5,10.324897766113281,,1.7571334838867188,
585.60000000000002,10.146041870117188,,1.5041885375976562,
585.70000000000005,10.082168579101562,,1.4096527099609375,
585.79999999999995,10.148597717285156,,1.3841018676757812,
585.89999999999998,10.184371948242188,,1.3687744140625,
586,10.148597717285156,,1.3687744140625,
586.10000000000002,10.082168579101562,,1.376434326171875,
586.20000000000005,10.008071899414062,,1.3917694091796875,
586.29999999999995,9.9646377563476562,,1.3815460205078125,
586.39999999999998,9.857330322265625,,1.3202285766601562,
586.5,9.7679061889648438,,1.2716827392578125,
586.60000000000002,9.8956527709960938,,1.294677734375,
586.70000000000005,10.041290283203125,,1.3355560302734375,
586.79999999999995,10.074501037597656,,1.358551025390625,
586.89999999999998,10.074501037597656,,1.3713226318359375,
587,10.051506042480469,,1.3968734741210938,
587.10000000000002,10.01318359375,,1.4275360107421875,
587.20000000000005,10.015739440917969,,1.4352035522460938,
587.29999999999995,9.9416427612304688,,1.4019851684570312,
587.39999999999998,9.8982086181640625,,1.394317626953125,
587.5,10.077056884765625,,1.4760818481445312,
587.60000000000002,10.255912780761719,,1.5629501342773438,
587.70000000000005,10.296791076660156,,1.624267578125,
587.79999999999995,10.263572692871094,,1.670257568359375,
587.89999999999998,10.184371948242188,,1.6958084106445312,
588,10.079612731933594,,1.7009201049804688,
588.10000000000002,10.01318359375,,1.6651535034179688,
588.20000000000005,9.9263153076171875,,1.5629501342773438,
588.29999999999995,9.9518661499023438,,1.4888534545898438,
588.39999999999998,10.186927795410156,,1.5195159912109375,
588.5,10.393882751464844,,1.6012725830078125,
588.60000000000002,10.521629333496094,,1.7699050903320312,
588.70000000000005,10.605941772460938,,2.0969467163085938,
588.79999999999995,10.687705993652344,,2.6437149047851562,
588.89999999999998,10.948310852050781,,3.37188720703125,
589,11.408210754394531,,4.0847320556640625,
589.10000000000002,11.893661499023438,,4.6468353271484375,
589.20000000000005,12.481315612792969,,5.239593505859375,
589.29999999999995,13.148170471191406,,5.9703292846679688,
589.39999999999998,13.666831970214844,,6.70361328125,
589.5,14.106292724609375,,7.401123046875,
589.60000000000002,14.504875183105469,,8.0194320678710938,
589.70000000000005,14.435890197753906,,8.3592529296875,
589.79999999999995,13.620841979980469,,8.0935287475585938,
589.89999999999998,12.64483642578125,,7.1890640258789062,
590,11.852783203125,12.244897842407227,6.1006317138671875,8.4427766799926758
590.10000000000002,11.306015014648438,,5.2830276489257812,
590.20000000000005,11.127166748046875,,4.779693603515625,
590.29999999999995,11.13482666015625,,4.3785629272460938,
590.39999999999998,11.170600891113281,,3.9953079223632812,
590.5,11.142494201660156,,3.6452789306640625,
590.60000000000002,10.973861694335938,,3.364227294921875,
590.70000000000005,10.812896728515625,,3.2134780883789062,
590.79999999999995,10.802680969238281,,3.1291656494140625,
590.89999999999998,10.649375915527344,,2.986083984375,
591,10.516517639160156,,2.8327865600585938,
591.10000000000002,10.680038452148438,,2.67437744140625,
591.20000000000005,10.754135131835938,,2.5057449340820312,
591.29999999999995,10.644271850585938,,2.3933258056640625,
591.39999999999998,10.47308349609375,,2.3115692138671875,
591.5,10.342781066894531,,2.41632080078125,
591.60000000000002,10.608497619628906,,2.4878616333007812,
591.70000000000005,10.866554260253906,,2.2757949829101562,
591.79999999999995,10.485862731933594,,1.984527587890625,
591.89999999999998,10.008071899414062,,1.7469100952148438,
592,9.8496627807617188,,1.5961685180664062,
592.10000000000002,9.7525711059570312,,1.4530868530273438,
592.20000000000005,9.6605911254882812,,1.3176727294921875,
592.29999999999995,9.7295761108398438,,1.23846435546875,
592.39999999999998,9.691253662109375,,1.1541519165039062,
592.5,9.4357528686523438,,1.0596160888671875,
592.60000000000002,9.2620162963867188,,1.008514404296875,
592.70000000000005,9.1317062377929688,,0.95996856689453125,
592.79999999999995,9.0243988037109375,,0.89098358154296875,
592.89999999999998,9.0218429565429688,,0.86032867431640625,
593,9.1521530151367188,,0.842437744140625,
593.10000000000002,9.1981430053710938,,0.76323699951171875,
593.20000000000005,8.92730712890625,,0.66614532470703125,
593.29999999999995,8.8481063842773438,,0.7198028564453125,
593.39999999999998,9.1087112426757812,,0.81689453125,
593.5,9.38720703125,,0.87821197509765625,
593.60000000000002,9.44342041015625,,0.9676361083984375,
593.70000000000005,9.287567138671875,,1.0289535522460938,
593.79999999999995,9.287567138671875,,1.1234893798828125,
593.89999999999998,9.4945220947265625,,1.2997894287109375,
594,9.6938095092773438,,1.5195159912109375,
594.10000000000002,9.8982086181640625,,1.7494659423828125,
594.20000000000005,10.204811096191406,,1.9538650512695312,
594.29999999999995,10.457756042480469,,2.0637283325195312,
594.39999999999998,10.536956787109375,,2.0254058837890625,
594.5,10.536956787109375,,1.8669967651367188,
594.60000000000002,10.352996826171875,,1.60638427734375,
594.70000000000005,10.120491027832031,,1.3713226318359375,
594.79999999999995,10.112831115722656,,1.2972335815429688,
594.89999999999998,10.207366943359375,,1.3048934936523438,
595,10.240577697753906,,1.322784423828125,
595.10000000000002,10.207366943359375,,1.3202285766601562,
595.20000000000005,10.171592712402344,,1.3100051879882812,
595.29999999999995,10.148597717285156,,1.3381118774414062,
595.39999999999998,10.100051879882812,,1.376434326171875,
595.5,9.9237594604492188,,1.3202285766601562,
595.60000000000002,9.747467041015625,,1.2231369018554688,
595.70000000000005,9.8190078735351562,,1.2231369018554688,
595.79999999999995,10.005516052246094,,1.2818984985351562,
595.89999999999998,10.10516357421875,,1.3176727294921875,
596,10.138381958007812,,1.3253326416015625,
596.10000000000002,10.158821105957031,,1.3304443359375,
596.20000000000005,10.169036865234375,,1.3432235717773438,
596.29999999999995,10.17926025390625,,1.3355560302734375,
596.39999999999998,10.128158569335938,,1.2793426513671875,
596.5,10.041290283203125,,1.2129135131835938,
596.60000000000002,10.128158569335938,,1.2154693603515625,
596.70000000000005,10.406654357910156,,1.284454345703125,
596.79999999999995,10.664710998535156,,1.3048934936523438,
596.89999999999998,10.825675964355469,,1.2614593505859375,
597,10.904876708984375,,1.174591064453125,
597.10000000000002,10.938095092773438,,1.082611083984375,
597.20000000000005,10.912544250488281,,1.0953826904296875,
597.29999999999995,10.754135131835938,,1.0749435424804688,
597.39999999999998,10.552291870117188,,0.99829864501953125,
597.5,10.559951782226562,,1.0110702514648438,
597.60000000000002,10.677482604980469,,1.0902786254882812,
597.70000000000005,10.593170166015625,,1.1234893798828125,
597.79999999999995,10.3453369140625,,1.100494384765625,
597.89999999999998,10.097496032714844,,1.0877227783203125,
598,9.949310302734375,,1.1081619262695312,
598.10000000000002,9.9595260620117188,,1.1081619262695312,
598.20000000000005,9.857330322265625,,1.026397705078125,
598.29999999999995,9.655487060546875,,0.9574127197265625,
598.39999999999998,9.709136962890625,,0.99318695068359375,
598.5,9.84710693359375,,1.0315093994140625,
598.60000000000002,9.8905410766601562,,1.026397705078125,
598.70000000000005,9.8905410766601562,,1.0493927001953125,
598.79999999999995,9.8420028686523438,,1.0877227783203125,
598.89999999999998,9.7602386474609375,,1.0979385375976562,
599,9.691253662109375,,1.0723876953125,
599.10000000000002,9.5328445434570312,,0.99829864501953125,
599.20000000000005,9.4280929565429688,,0.9625244140625,
599.29999999999995,9.5660629272460938,,1.0008544921875,
599.39999999999998,9.6963653564453125,,1.0340652465820312,
599.5,9.7346878051757812,,1.046844482421875,
599.60000000000002,9.7423553466796875,,1.0493927001953125,
599.70000000000005,9.7397994995117188,,1.0596160888671875,
599.79999999999995,9.801116943359375,,1.0800552368164062,
599.89999999999998,9.9109878540039062,,1.0672836303710938,
600,9.9007644653320312,13.483146667480469,1.0110702514648438,9.2497425079345703
600.10000000000002,9.8803253173828125,,0.9855194091796875,
600.20000000000005,10.008071899414062,,1.0289535522460938,
600.29999999999995,10.089836120605469,,1.064727783203125,
600.39999999999998,10.028511047363281,,1.0621719360351562,
600.5,9.9007644653320312,,1.0672836303710938,
600.60000000000002,9.7755661010742188,,1.0851669311523438,
600.70000000000005,9.6810379028320312,,1.09283447265625,
600.79999999999995,9.5124053955078125,,1.026397705078125,
600.89999999999998,9.3131179809570312,,0.92420196533203125,
601,9.3182220458984375,,0.90631866455078125,
601.10000000000002,9.4664154052734375,,0.94719696044921875,
601.20000000000005,9.5456161499023438,,0.9778594970703125,
601.29999999999995,9.5379562377929688,,0.9957427978515625,
601.39999999999998,9.507293701171875,,1.0136260986328125,
601.5,9.47918701171875,,1.0391769409179688,
601.60000000000002,9.4817428588867188,,1.0493927001953125,
601.70000000000005,9.3591079711914062,,0.9957427978515625,
601.79999999999995,9.2160263061523438,,0.9318695068359375,
601.89999999999998,9.3003387451171875,,0.934417724609375,
602,9.433197021484375,,0.94464111328125,
602.10000000000002,9.47918701171875,,0.94719696044921875,
602.20000000000005,9.507293701171875,,0.9778594970703125,
602.29999999999995,9.507293701171875,,1.0161819458007812,
602.39999999999998,9.4664154052734375,,1.0391769409179688,
602.5,9.4561920166015625,,1.046844482421875,
602.60000000000002,9.33355712890625,,1.0008544921875,
602.70000000000005,9.1725921630859375,,0.954864501953125,
602.79999999999995,9.249237060546875,,0.97530364990234375,
602.89999999999998,9.415313720703125,,1.0034027099609375,
603,9.4689712524414062,,1.026397705078125,
603.10000000000002,9.4587478637695312,,1.046844482421875,
603.20000000000005,9.44342041015625,,1.0621719360351562,
603.29999999999995,9.425537109375,,1.0953826904296875,
603.39999999999998,9.425537109375,,1.12860107421875,
603.5,9.3105621337890625,,1.0774993896484375,
603.60000000000002,9.1470413208007812,,0.99829864501953125,
603.70000000000005,9.2032470703125,,1.0059585571289062,
603.79999999999995,9.3769912719726562,,1.0493927001953125,
603.89999999999998,9.4561920166015625,,1.0621719360351562,
604,9.4613037109375,,1.0698394775390625,
604.10000000000002,9.4613037109375,,1.0902786254882812,
604.20000000000005,9.4587478637695312,,1.1081619262695312,
604.29999999999995,9.4561920166015625,,1.1234893798828125,
604.39999999999998,9.425537109375,,1.100494384765625,
604.5,9.2671279907226562,,1.0161819458007812,
604.60000000000002,9.1981430053710938,,0.9676361083984375,
604.70000000000005,9.397430419921875,,1.0034027099609375,
604.79999999999995,9.525177001953125,,1.0340652465820312,
604.89999999999998,9.4945220947265625,,1.046844482421875,
605,9.5124053955078125,,1.0851669311523438,
605.10000000000002,9.5328445434570312,,1.1260452270507812,
605.20000000000005,9.5021820068359375,,1.1439285278320312,
605.29999999999995,9.4945220947265625,,1.138824462890625,
605.39999999999998,9.4076461791992188,,1.064727783203125,
605.5,9.38720703125,,0.99829864501953125,
605.60000000000002,9.6222686767578125,,1.0340652465820312,
605.70000000000005,9.81134033203125,,1.0800552368164062,
605.79999999999995,9.8317794799804688,,1.0851669311523438,
605.89999999999998,9.8675460815429688,,1.0979385375976562,
606,9.8879928588867188,,1.1311569213867188,
606.10000000000002,9.8138961791992188,,1.156707763671875,
606.20000000000005,9.7704620361328125,,1.184814453125,
606.29999999999995,9.673370361328125,,1.1541519165039062,
606.39999999999998,9.5583953857421875,,1.0800552368164062,
606.5,9.6963653564453125,,1.0774993896484375,
606.60000000000002,9.949310302734375,,1.1158294677734375,
606.70000000000005,10.015739440917969,,1.1311569213867188,
606.79999999999995,9.9467544555664062,,1.138824462890625,
606.89999999999998,9.8803253173828125,,1.1618194580078125,
607,9.8138961791992188,,1.184814453125,
607.10000000000002,9.7423553466796875,,1.2001419067382812,
607.20000000000005,9.6784820556640625,,1.1771469116210938,
607.29999999999995,9.5686111450195312,,1.1056060791015625,
607.39999999999998,9.5686111450195312,,1.082611083984375,
607.5,9.7602386474609375,,1.1260452270507812,
607.60000000000002,9.9033203125,,1.1541519165039062,
607.70000000000005,9.9416427612304688,,1.1541519165039062,
607.79999999999995,9.9825210571289062,,1.1362686157226562,
607.89999999999998,10.023406982421875,,1.1234893798828125,
608,10.033622741699219,,1.118377685546875,
608.10000000000002,10.023406982421875,,1.0851669311523438,
608.20000000000005,9.8675460815429688,,1.0008544921875,
608.29999999999995,9.6989212036132812,,0.94464111328125,
608.39999999999998,9.7960128784179688,,0.9778594970703125,
608.5,9.9263153076171875,,1.0391769409179688,
608.60000000000002,10.169036865234375,,1.138824462890625,
608.70000000000005,11.178260803222656,,1.248687744140625,
608.79999999999995,11.829788208007812,,1.2129135131835938,
608.89999999999998,11.226806640625,,1.192474365234375,
609,10.411766052246094,,1.1439285278320312,
609.10000000000002,10.107719421386719,,0.96508026123046875,
609.20000000000005,10.511405944824219,,0.916534423828125,
609.29999999999995,11.219146728515625,,1.0519485473632812,
609.39999999999998,11.403106689453125,,1.1260452270507812,
609.5,10.886993408203125,,1.0774993896484375,
609.60000000000002,10.335113525390625,,1.0519485473632812,
609.70000000000005,10.036178588867188,,1.0493927001953125,
609.79999999999995,9.9237594604492188,,1.156707763671875,
609.89999999999998,10.000411987304688,,1.3508834838867188,
610,10.133270263671875,6.2630481719970703,1.3713226318359375,12.396694183349609
610.10000000000002,10.427093505859375,,1.3968734741210938,
610.20000000000005,10.95086669921875,,1.6396026611328125,
610.29999999999995,11.344337463378906,,1.8721084594726562,
610.39999999999998,11.477195739746094,,1.9998550415039062,
610.5,11.375,,2.0356292724609375,
610.60000000000002,11.027519226074219,,1.8848800659179688,
610.70000000000005,11.058181762695312,,1.8593292236328125,
610.79999999999995,11.395439147949219,,2.058624267578125,
610.89999999999998,11.111831665039062,,1.9180984497070312,
611,10.65704345703125,,1.5348434448242188,
611.10000000000002,10.738807678222656,,1.3994293212890625,
611.20000000000005,11.104171752929688,,1.4352035522460938,
611.29999999999995,11.367332458496094,,1.4939651489257812,
611.39999999999998,11.645828247070312,,1.5808334350585938,
611.5,12.20281982421875,,1.6881484985351562,
611.60000000000002,13.608070373535156,,1.6830368041992188,
611.70000000000005,16.370025634765625,,1.4556427001953125,
611.79999999999995,18.960792541503906,,1.2333526611328125,
611.89999999999998,18.636310577392578,,1.2589035034179688,
612,16.620414733886719,,1.5757293701171875,
612.10000000000002,14.66839599609375,,2.04840087890625,
612.20000000000005,13.541641235351562,,2.388214111328125,
612.29999999999995,13.263145446777344,,2.3652191162109375,
612.39999999999998,12.775138854980469,,2.0688400268554688,
612.5,14.111404418945312,,1.8031234741210938,
612.60000000000002,16.645965576171875,,1.6038284301757812,
612.70000000000005,16.602527618408203,,1.2435760498046875,
612.79999999999995,12.818572998046875,,1.1030502319335938,
612.89999999999998,9.5507278442382812,,1.874664306640625,
613,9.5941619873046875,,2.72802734375,
613.10000000000002,10.662155151367188,,3.272247314453125,
613.20000000000005,9.2287979125976562,,3.0218582153320312,
613.29999999999995,7.1107025146484375,,1.7239151000976562,
613.39999999999998,8.7254638671875,,0.842437744140625,
613.5,12.315238952636719,,0.63037872314453125,
613.60000000000002,14.412895202636719,,0.622711181640625,
613.70000000000005,13.217155456542969,,0.67636871337890625,
613.79999999999995,11.285575866699219,,0.788787841796875,
613.89999999999998,11.109275817871094,,0.99318695068359375,
614,11.377555847167969,,1.192474365234375,
614.10000000000002,10.917655944824219,,1.3815460205078125,
614.20000000000005,10.475639343261719,,1.6958084106445312,
614.29999999999995,11.339225769042969,,2.242584228515625,
614.39999999999998,12.785362243652344,,3.1138381958007812,
614.5,13.85845947265625,,4.337677001953125,
614.60000000000002,14.200828552246094,,5.755706787109375,
614.70000000000005,14.142066955566406,,7.3730239868164062,
614.79999999999995,14.578971862792969,,9.0286636352539062,
614.89999999999998,15.291816711425781,,10.607650756835938,
615,15.7159423828125,,12.477912902832031,
615.10000000000002,15.825809478759766,,14.171875,
615.20000000000005,15.498771667480469,,14.912826538085938,
615.29999999999995,14.676055908203125,,14.823402404785156,
615.39999999999998,13.503311157226562,,14.18975830078125,
615.5,12.442985534667969,,13.083442687988281,
615.60000000000002,11.684150695800781,,11.650093078613281,
615.70000000000005,10.879325866699219,,10.086433410644531,
615.79999999999995,10.358108520507812,,8.6300811767578125,
615.89999999999998,10.301902770996094,,7.4368972778320312,
616,10.281455993652344,,6.399566650390625,
616.10000000000002,10.17926025390625,,5.4133377075195312,
616.20000000000005,10.123046875,,4.6647186279296875,
616.29999999999995,10.071952819824219,,4.07196044921875,
616.39999999999998,10.010627746582031,,3.5149688720703125,
616.5,10.061729431152344,,3.1291656494140625,
616.60000000000002,10.263572692871094,,2.8506698608398438,
616.70000000000005,10.314674377441406,,2.5747299194335938,
616.79999999999995,10.158821105957031,,2.2655792236328125,
616.89999999999998,9.9288711547851562,,1.9538650512695312,
617,9.6810379028320312,,1.6779251098632812,
617.10000000000002,9.4204254150390625,,1.3611068725585938,
617.20000000000005,9.1010513305664062,,1.0723876953125,
617.29999999999995,8.973297119140625,,0.934417724609375,
617.39999999999998,9.0422821044921875,,0.88332366943359375,
617.5,9.0269546508789062,,0.8654327392578125,
617.60000000000002,8.937530517578125,,0.8526611328125,
617.70000000000005,8.845550537109375,,0.83477783203125,
617.79999999999995,8.827667236328125,,0.806671142578125,
617.89999999999998,8.827667236328125,,0.73513031005859375,
618,8.9503021240234375,,0.750457763671875,
618.10000000000002,9.433197021484375,,0.94464111328125,
618.20000000000005,9.9927444458007812,,1.2537994384765625,
618.29999999999995,10.396430969238281,,1.6038284301757812,
618.39999999999998,10.741355895996094,,1.9972991943359375,
618.5,11.055625915527344,,2.4367599487304688,
618.60000000000002,11.4107666015625,,2.8455581665039062,
618.70000000000005,11.696929931640625,,3.18792724609375,
618.79999999999995,11.947319030761719,,3.6171722412109375,
618.89999999999998,12.4046630859375,,4.227813720703125,
619,12.854347229003906,,4.973876953125,
619.10000000000002,13.137947082519531,,5.8681259155273438,
619.20000000000005,13.403671264648438,,7.0383148193359375,
619.29999999999995,13.838020324707031,,8.3899078369140625,
619.39999999999998,14.382232666015625,,9.4860076904296875,
619.5,14.66839599609375,,10.51055908203125,
619.60000000000002,14.791030883789062,,12.158538818359375,
619.70000000000005,14.987770080566406,,14.458038330078125,
619.79999999999995,15.069526672363281,,17.148452758789062,
619.89999999999998,15.082305908203125,,20.165904998779297,
620,15.358245849609375,22.058822631835938,23.147590637207031,12.60504150390625
620.10000000000002,15.836029052734375,,25.776683807373047,
620.20000000000005,16.145183563232422,,28.096626281738281,
620.29999999999995,16.221832275390625,,30.789596557617188,
620.39999999999998,16.418567657470703,,34.162193298339844,
620.5,16.663848876953125,,37.721309661865234,
620.60000000000002,16.842700958251953,,40.4423828125,
620.70000000000005,16.909130096435547,,41.175670623779297,
620.79999999999995,16.372577667236328,,40.214988708496094,
620.89999999999998,15.227935791015625,,37.741748809814453,
621,13.871231079101562,,34.034442901611328,
621.10000000000002,12.693382263183594,,30.442115783691406,
621.20000000000005,12.008636474609375,,27.146163940429688,
621.29999999999995,11.566627502441406,,23.898761749267578,
621.39999999999998,11.157821655273438,,20.891525268554688,
621.5,10.871665954589844,,18.0350341796875,
621.60000000000002,10.651931762695312,,15.204093933105469,
621.70000000000005,10.358108520507812,,12.531562805175781,
621.79999999999995,10.015739440917969,,10.370033264160156,
621.89999999999998,9.8675460815429688,,8.7603836059570312,
622,9.8266677856445312,,7.4905471801757812,
622.10000000000002,9.70147705078125,,6.4251174926757812,
622.20000000000005,9.5277328491210938,,5.5845184326171875,
622.29999999999995,9.3744354248046875,,4.8461227416992188,
622.39999999999998,9.2722320556640625,,4.08984375,
622.5,9.0499496459960938,,3.3386764526367188,
622.60000000000002,8.8097763061523438,,2.71014404296875,
622.70000000000005,8.8072280883789062,,2.2860183715820312,
622.79999999999995,8.827667236328125,,1.9640884399414062,
622.89999999999998,8.7331314086914062,,1.7009201049804688,
623,8.5747222900390625,,1.486297607421875,
623.10000000000002,8.385650634765625,,1.3151168823242188,
623.20000000000005,8.2093582153320312,,1.1439285278320312,
623.29999999999995,7.97174072265625,,0.90631866455078125,
623.39999999999998,7.7213516235351562,,0.6916961669921875,
623.5,7.6651382446289062,,0.5946044921875,
623.60000000000002,7.6881332397460938,,0.55117034912109375,
623.70000000000005,7.611480712890625,,0.51540374755859375,
623.79999999999995,7.5067291259765625,,0.48729705810546875,
623.89999999999998,7.4019775390625,,0.4796295166015625,
624,7.3508758544921875,,0.448974609375,
624.10000000000002,7.317657470703125,,0.34421539306640625,
624.20000000000005,7.2486724853515625,,0.23435211181640625,
624.29999999999995,7.355987548828125,,0.236907958984375,
624.39999999999998,7.6370315551757812,,0.290557861328125,
624.5,7.815887451171875,,0.3135528564453125,
624.60000000000002,7.9283065795898438,,0.31610870361328125,
624.70000000000005,8.017730712890625,,0.328887939453125,
624.79999999999995,8.0969314575195312,,0.364654541015625,
624.89999999999998,8.2604522705078125,,0.37743377685546875,
625,8.3447723388671875,,0.3518829345703125,
625.10000000000002,8.4852981567382812,,0.42852783203125,
625.20000000000005,8.8608779907226562,,0.6099395751953125,
625.29999999999995,9.18536376953125,,0.8398895263671875,
625.39999999999998,9.4408645629882812,,1.1337127685546875,
625.5,9.691253662109375,,1.4658584594726562,
625.60000000000002,9.8905410766601562,,1.8567733764648438,
625.70000000000005,10.143486022949219,,2.2579116821289062,
625.79999999999995,10.373435974121094,,2.5619583129882812,
625.89999999999998,10.572731018066406,,2.922210693359375,
626,10.876777648925781,,3.4970855712890625,
626.10000000000002,11.124610900878906,,4.1894912719726562,
626.20000000000005,11.252357482910156,,4.9815444946289062,
626.29999999999995,11.346893310546875,,5.9652175903320312,
626.39999999999998,11.482307434082031,,7.2222747802734375,
626.5,11.822120666503906,,8.6147537231445312,
626.60000000000002,12.264137268066406,,9.8155975341796875,
626.70000000000005,12.683158874511719,,11.02667236328125,
626.79999999999995,13.1788330078125,,12.585220336914062,
626.89999999999998,13.641281127929688,,14.378829956054688,
627,14.027091979980469,,16.374282836914062,
627.10000000000002,14.476768493652344,,18.673786163330078,
627.20000000000005,15.105300903320312,,21.198123931884766,
627.29999999999995,15.805370330810547,,23.990741729736328,
627.39999999999998,16.244827270507812,,26.900886535644531,
627.5,16.510547637939453,,29.657730102539062,
627.60000000000002,16.732833862304688,,31.637855529785156,
627.70000000000005,16.431343078613281,,32.161628723144531,
627.79999999999995,15.422119140625,,31.599529266357422,
627.89999999999998,14.33624267578125,,30.278594970703125,
628,13.370452880859375,,28.528419494628906,
628.10000000000002,12.458320617675781,,26.456314086914062,
628.20000000000005,11.694374084472656,,23.893650054931641,
628.29999999999995,11.047958374023438,,21.392303466796875,
628.39999999999998,10.718360900878906,,19.149013519287109,
628.5,10.598281860351562,,16.760093688964844,
628.60000000000002,10.432205200195312,,14.340507507324219,
628.70000000000005,10.255912780761719,,12.288841247558594,
628.79999999999995,10.061729431152344,,10.628089904785156,
628.89999999999998,9.8777694702148438,,9.141082763671875,
629,9.7295761108398438,,7.6438522338867188,
629.10000000000002,9.4842987060546875,,6.1491775512695312,
629.20000000000005,9.2620162963867188,,4.9406585693359375,
629.29999999999995,9.1802520751953125,,4.0515213012695312,
629.39999999999998,9.029510498046875,,3.3591156005859375,
629.5,8.7637863159179688,,2.8072357177734375,
629.60000000000002,8.495513916015625,,2.3192291259765625,
629.70000000000005,8.2451248168945312,,1.9487533569335938,
629.79999999999995,8.053497314453125,,1.6651535034179688,
629.89999999999998,7.8720932006835938,,1.3815460205078125,
630,7.5629425048828125,15.228425979614258,1.0698394775390625,8.5714282989501953
630.10000000000002,7.2563400268554688,,0.83477783203125,
630.20000000000005,7.1413650512695312,,0.7019195556640625,
630.29999999999995,7.1388092041015625,,0.604827880859375,
630.39999999999998,7.1388092041015625,,0.530731201171875,
630.5,7.1055908203125,,0.4719696044921875,
630.60000000000002,7.0315017700195312,,0.41320037841796875,
630.70000000000005,6.9114151000976562,,0.3697662353515625,
630.79999999999995,6.7887725830078125,,0.328887939453125,
630.89999999999998,6.712127685546875,,0.21646881103515625,
631,6.6303634643554688,,0.0836029052734375,
631.10000000000002,6.6712417602539062,,0.0580596923828125,
631.20000000000005,6.9063034057617188,,0.0810546875,
631.29999999999995,7.1490325927734375,,0.1040496826171875,
631.39999999999998,7.3713150024414062,,0.1858062744140625,
631.5,7.5859375,,0.32633209228515625,
631.60000000000002,7.7341232299804688,,0.530731201171875,
631.70000000000005,7.925750732421875,,0.788787841796875,
631.79999999999995,8.4367523193359375,,1.0289535522460938,
631.89999999999998,9.425537109375,,1.1056060791015625,
632,10.309562683105469,,1.1541519165039062,
632.10000000000002,10.892105102539062,,1.4070968627929688,
632.20000000000005,11.369888305664062,,1.7469100952148438,
632.29999999999995,11.622833251953125,,2.1327133178710938,
632.39999999999998,11.781242370605469,,2.5798416137695312,
632.5,12.210487365722656,,3.0295181274414062,
632.60000000000002,13.114952087402344,,3.4204330444335938,
632.70000000000005,13.753707885742188,,3.8547821044921875,
632.79999999999995,13.815025329589844,,4.3146820068359375,
632.89999999999998,13.715377807617188,,4.6442794799804688,
633,13.840576171875,,4.9892044067382812,
633.10000000000002,14.535537719726562,,5.369903564453125,
633.20000000000005,15.3480224609375,,5.6662826538085938,
633.29999999999995,15.580528259277344,,6.0035400390625,
633.39999999999998,15.176841735839844,,6.3612442016601562,
633.5,14.231491088867188,,6.5477523803710938,
633.60000000000002,12.933547973632812,,6.3944549560546875,
633.70000000000005,11.842567443847656,,5.8272476196289062,
633.79999999999995,10.999412536621094,,4.9304428100585938,
633.89999999999998,10.258460998535156,,3.99786376953125,
634,9.8675460815429688,,3.2824630737304688,
634.10000000000002,9.88543701171875,,2.71014404296875,
634.20000000000005,9.9416427612304688,,2.2553558349609375,
634.29999999999995,9.8777694702148438,,1.9180984497070312,
634.39999999999998,9.7909011840820312,,1.634490966796875,
634.5,9.6197128295898438,,1.4428634643554688,
634.60000000000002,9.3948745727539062,,1.2997894287109375,
634.70000000000005,9.1521530151367188,,1.1158294677734375,
634.79999999999995,8.799560546875,,0.8296661376953125,
634.89999999999998,8.54150390625,,0.586944580078125,
635,8.5619430541992188,,0.4898529052734375,
635.10000000000002,8.5670547485351562,,0.4438629150390625,
635.20000000000005,8.4112014770507812,,0.39276123046875,
635.29999999999995,8.237457275390625,,0.328887939453125,
635.39999999999998,8.1199264526367188,,0.2599029541015625,
635.5,7.9870681762695312,,0.198577880859375,
635.60000000000002,7.8031082153320312,,0.1500396728515625,
635.70000000000005,7.5961532592773438,,0.06827545166015625,
635.79999999999995,7.3764266967773438,,-0.0722503662109375,
635.89999999999998,7.2384567260742188,,-0.187225341796875,
636,7.2972183227539062,,-0.22554779052734375,
636.10000000000002,7.4530715942382812,,-0.222991943359375,
636.20000000000005,7.6012649536132812,,-0.1999969482421875,
636.29999999999995,7.8107757568359375,,-0.177001953125,
636.39999999999998,8.0969314575195312,,-0.17955780029296875,
636.5,8.33966064453125,,-0.177001953125,
636.60000000000002,8.5363922119140625,,-0.14379119873046875,
636.70000000000005,8.7970046997070312,,-0.13356781005859375,
636.79999999999995,8.9017562866210938,,-0.16678619384765625,
636.89999999999998,8.89154052734375,,-0.1412353515625,
637,9.0806121826171875,,-0.0083770751953125,
637.10000000000002,9.3258895874023438,,0.1755828857421875,
637.20000000000005,9.5098495483398438,,0.3799896240234375,
637.29999999999995,9.6886978149414062,,0.60738372802734375,
637.39999999999998,9.8547744750976562,,0.862884521484375,
637.5,10.048957824707031,,1.1490402221679688,
637.60000000000002,10.3453369140625,,1.4428634643554688,
637.70000000000005,10.669822692871094,,1.6472625732421875,
637.79999999999995,10.892105102539062,,1.7494659423828125,
637.89999999999998,11.017295837402344,,1.9078750610351562,
638,11.050514221191406,,2.1097183227539062,
638.10000000000002,10.723472595214844,,2.19659423828125,
638.20000000000005,10.245689392089844,,2.0790634155273438,
638.29999999999995,9.9697494506835938,,1.8235626220703125,
638.39999999999998,9.783233642578125,,1.578277587890625,
638.5,9.5839462280273438,,1.394317626953125,
638.60000000000002,9.3667678833007812,,1.2001419067382812,
638.70000000000005,9.103607177734375,,0.92931365966796875,
638.79999999999995,8.8353271484375,,0.696807861328125,
638.89999999999998,8.7331314086914062,,0.586944580078125,
639,8.6922531127929688,,0.5205078125,
639.10000000000002,8.5491714477539062,,0.44641876220703125,
639.20000000000005,8.3779830932617188,,0.37232208251953125,
639.29999999999995,8.2476806640625,,0.29822540283203125,
639.39999999999998,8.1020431518554688,,0.23946380615234375,
639.5,7.93341064453125,,0.180694580078125,
639.60000000000002,7.759674072265625,,0.06316375732421875,
639.70000000000005,7.5450515747070312,,-0.08246612548828125,
639.79999999999995,7.447967529296875,,-0.15145111083984375,
639.89999999999998,7.5348358154296875,,-0.1642303466796875,
640,7.575714111328125,13.992537498474121,-0.17189788818359375,8.5714282989501953
640.10000000000002,7.5450515747070312,,-0.17955780029296875,
640.20000000000005,7.5424957275390625,,-0.17955780029296875,
640.29999999999995,7.56549072265625,,-0.16167449951171875,
640.39999999999998,7.6089324951171875,,-0.1642303466796875,
640.5,7.667694091796875,,-0.24343109130859375,
640.60000000000002,7.6549224853515625,,-0.35585784912109375,
640.70000000000005,7.7187957763671875,,-0.3839569091796875,
640.79999999999995,8.0100631713867188,,-0.34307861328125,
640.89999999999998,8.32177734375,,-0.279205322265625,
641,8.5363922119140625,,-0.20255279541015625,
641.10000000000002,8.7126922607421875,,-0.113128662109375,
641.20000000000005,8.8736572265625,,0.01717376708984375,
641.29999999999995,9.0550613403320312,,0.1858062744140625,
641.39999999999998,9.2824554443359375,,0.33910369873046875,
641.5,9.4204254150390625,,0.44641876220703125,
641.60000000000002,9.4868545532226562,,0.59716033935546875,
641.70000000000005,9.691253662109375,,0.85521697998046875,
641.79999999999995,9.9441986083984375,,1.1720352172851562,
641.89999999999998,10.10516357421875,,1.5271835327148438,
642,10.235466003417969,,1.966644287109375,
642.10000000000002,10.350440979003906,,2.5134124755859375,
642.20000000000005,10.513961791992188,,3.1266098022460938,
642.29999999999995,10.76690673828125,,3.6836013793945312,
642.39999999999998,10.907432556152344,,4.1256179809570312,
642.5,11.007080078125,,4.705596923828125,
642.60000000000002,11.242141723632812,,5.5794143676757812,
642.70000000000005,11.46697998046875,,6.5962982177734375,
642.79999999999995,11.643272399902344,,7.7281646728515625,
642.89999999999998,11.845115661621094,,9.0184402465820312,
643,12.090400695800781,,10.51055908203125,
643.10000000000002,12.5145263671875,,12.084442138671875,
643.20000000000005,13.017860412597656,,13.441146850585938,
643.29999999999995,13.212043762207031,,14.3916015625,
643.39999999999998,13.572296142578125,,15.071235656738281,
643.5,13.998985290527344,,15.873504638671875,
643.60000000000002,13.677055358886719,,16.494369506835938,
643.70000000000005,12.953987121582031,,16.433052062988281,
643.79999999999995,12.343345642089844,,15.868392944335938,
643.89999999999998,11.730140686035156,,15.216873168945312,
644,11.088836669921875,,14.345611572265625,
644.10000000000002,10.519073486328125,,12.876487731933594,
644.20000000000005,9.985076904296875,,11.32049560546875,
644.29999999999995,9.6682586669921875,,10.209068298339844,
644.39999999999998,9.6427078247070312,,9.1512985229492188,
644.5,9.6299362182617188,,8.0577621459960938,
644.60000000000002,9.5609512329101562,,7.061309814453125,
644.70000000000005,9.5124053955078125,,6.0444183349609375,
644.79999999999995,9.3923187255859375,,5.1373977661132812,
644.89999999999998,9.2390213012695312,,4.3504562377929688,
645,9.00140380859375,,3.52008056640625,
645.10000000000002,8.7152481079101562,,2.7867965698242188,
645.20000000000005,8.6181564331054688,,2.3192291259765625,
645.29999999999995,8.6692581176757812,,1.966644287109375,
645.39999999999998,8.6283721923828125,,1.6932525634765625,
645.5,8.5491714477539062,,1.4914093017578125,
645.60000000000002,8.5057373046875,,1.3278884887695312,
645.70000000000005,8.385650634765625,,1.2129135131835938,
645.79999999999995,8.2221298217773438,,1.0877227783203125,
645.89999999999998,8.1327056884765625,,0.9037628173828125,
646,8.0892715454101562,,0.7274627685546875,
646.10000000000002,8.1684722900390625,,0.64315032958984375,
646.20000000000005,8.3371047973632812,,0.60227203369140625,
646.29999999999995,8.3141098022460938,,0.5256195068359375,
646.39999999999998,8.1327056884765625,,0.41064453125,
646.5,7.91552734375,,0.29822540283203125,
646.60000000000002,7.703460693359375,,0.2139129638671875,
646.70000000000005,7.539947509765625,,0.1295928955078125,
646.79999999999995,7.3840866088867188,,-0.00070953369140625,
646.89999999999998,7.1669158935546875,,-0.1463470458984375,
647,7.0161666870117188,,-0.2459869384765625,
647.10000000000002,7.0851516723632812,,-0.3022003173828125,
647.20000000000005,7.2486724853515625,,-0.2843170166015625,
647.29999999999995,7.355987548828125,,-0.2281036376953125,
647.39999999999998,7.335540771484375,,-0.22043609619140625,
647.5,7.2588958740234375,,-0.23065948486328125,
647.60000000000002,7.281890869140625,,-0.21533203125,
647.70000000000005,7.437744140625,,-0.16678619384765625,
647.79999999999995,7.5552749633789062,,-0.13356781005859375,
647.89999999999998,7.56549072265625,,-0.07991790771484375,
648,7.6702499389648438,,0.08615875244140625,
648.10000000000002,7.8414306640625,,0.31610870361328125,
648.20000000000005,7.9589614868164062,,0.56905364990234375,
648.29999999999995,8.08160400390625,,0.8577728271484375,
648.39999999999998,8.2732315063476562,,1.16436767578125,
648.5,8.4929580688476562,,1.5169601440429688,
648.60000000000002,8.7024688720703125,,1.9155426025390625,
648.70000000000005,8.8404388427734375,,2.2655792236328125,
648.79999999999995,8.845550537109375,,2.5849533081054688,
648.89999999999998,8.9170913696289062,,3.0474090576171875,
649,9.1981430053710938,,3.658050537109375,
649.10000000000002,9.4689712524414062,,4.3887786865234375,
649.20000000000005,9.6324920654296875,,5.2472610473632812,
649.29999999999995,9.7730178833007812,,6.2590408325195312,
649.39999999999998,9.9390869140625,,7.4547805786132812,
649.5,10.235466003417969,,8.6888427734375,
649.60000000000002,10.63916015625,,9.6904067993164062,
649.70000000000005,10.835891723632812,,10.454353332519531,
649.79999999999995,10.994300842285156,,11.236183166503906,
649.89999999999998,11.461868286132812,,12.107437133789062,
650,11.952430725097656,8.1855392456054688,12.945472717285156,8.5714282989501953
650.10000000000002,12.292243957519531,,13.584228515625,
650.20000000000005,12.5145263671875,,13.885711669921875,
650.29999999999995,12.215591430664062,,13.939369201660156,
650.39999999999998,11.400550842285156,,13.60211181640625,
650.5,10.6749267578125,,12.59033203125,
650.60000000000002,10.06939697265625,,10.998565673828125,
650.70000000000005,9.6197128295898438,,9.2611618041992188,
650.79999999999995,9.507293701171875,,7.6438522338867188,
650.89999999999998,9.4306411743164062,,6.325469970703125,
651,9.2798995971679688,,5.3366851806640625,
651.10000000000002,9.1649246215820312,,4.4424362182617188,
651.20000000000005,8.9503021240234375,,3.6887130737304688,
651.29999999999995,8.6385955810546875,,3.1393890380859375,
651.39999999999998,8.41375732421875,,2.6386032104492188,
651.5,8.1863632202148438,,2.1071624755859375,
651.60000000000002,7.9870681762695312,,1.6932525634765625,
651.70000000000005,7.9461898803710938,,1.4377593994140625,
651.79999999999995,7.8797607421875,,1.2461318969726562,
651.89999999999998,7.7571182250976562,,1.0774993896484375,
652,7.6472549438476562,,0.92420196533203125,
652.10000000000002,7.519500732421875,,0.8117828369140625,
652.20000000000005,7.3713150024414062,,0.71724700927734375,
652.29999999999995,7.2486724853515625,,0.58438873291015625,
652.39999999999998,7.0621566772460938,,0.3876495361328125,
652.5,6.8858642578125,,0.25223541259765625,
652.60000000000002,6.8526458740234375,,0.20624542236328125,
652.70000000000005,6.8322067260742188,,0.16536712646484375,
652.79999999999995,6.7887725830078125,,0.10149383544921875,
652.89999999999998,6.7351226806640625,,0.03250885009765625,
653,6.6175918579101562,,-0.0160369873046875,
653.10000000000002,6.4412918090820312,,-0.0722503662109375,
653.20000000000005,6.2854385375976562,,-0.169342041015625,
653.29999999999995,6.1346969604492188,,-0.32263946533203125,
653.39999999999998,6.0554885864257812,,-0.44272613525390625,
653.5,6.1525802612304688,,-0.49637603759765625,
653.60000000000002,6.3007659912109375,,-0.53981781005859375,
653.70000000000005,6.4004135131835938,,-0.54236602783203125,
653.79999999999995,6.415740966796875,,-0.47849273681640625,
653.89999999999998,6.44384765625,,-0.3992919921875,
654,6.5869293212890625,,-0.32775115966796875,
654.10000000000002,6.7760009765625,,-0.26642608642578125,
654.20000000000005,6.8705368041992188,,-0.2510986328125,
654.29999999999995,6.8603134155273438,,-0.24088287353515625,
654.39999999999998,6.9369659423828125,,-0.1463470458984375,
654.5,7.0774917602539062,,0.00440216064453125,
654.60000000000002,7.151580810546875,,0.17047882080078125,
654.70000000000005,7.1847991943359375,,0.35699462890625,
654.79999999999995,7.2512283325195312,,0.57416534423828125,
654.89999999999998,7.3662033081054688,,0.83477783203125,
655,7.5271682739257812,,1.1311569213867188,
655.10000000000002,7.703460693359375,,1.3611068725585938,
655.20000000000005,7.8414306640625,,1.5731735229492188,
655.29999999999995,8.0228424072265625,,1.9819717407226562,
655.39999999999998,8.2962265014648438,,2.6207199096679688,
655.5,8.5798263549804688,,3.509857177734375,
655.60000000000002,8.9298629760742188,,4.669830322265625,
655.70000000000005,9.4817428588867188,,6.0904083251953125,
655.79999999999995,10.140937805175781,,7.9146804809570312,
655.89999999999998,10.812896728515625,,10.239730834960938,
656,11.387771606445312,,12.741073608398438,
656.10000000000002,11.842567443847656,,15.347175598144531,
656.20000000000005,12.450653076171875,,18.632904052734375,
656.29999999999995,13.120063781738281,,22.805221557617188,
656.39999999999998,13.551856994628906,,27.820686340332031,
656.5,13.899337768554688,,33.377811431884766,
656.60000000000002,14.535537719726562,,38.697319030761719,
656.70000000000005,15.3480224609375,,43.316761016845703,
656.79999999999995,15.88201904296875,,45.912639617919922,
656.89999999999998,15.984218597412109,,45.547275543212891,
657,15.506431579589844,,44.024494171142578,
657.10000000000002,14.540641784667969,,41.980495452880859,
657.20000000000005,13.592742919921875,,39.198101043701172,
657.29999999999995,12.749588012695312,,36.500019073486328,
657.39999999999998,12.003532409667969,,33.973125457763672,
657.5,11.382667541503906,,31.584197998046875,
657.60000000000002,10.917655944824219,,29.116069793701172,
657.70000000000005,10.521629333496094,,26.208480834960938,
657.79999999999995,10.094947814941406,,23.323883056640625,
657.89999999999998,9.8343353271484375,,20.952846527099609,
658,9.691253662109375,,18.620128631591797,
658.10000000000002,9.4510879516601562,,16.205657958984375,
658.20000000000005,9.1598129272460938,,14.118217468261719,
658.29999999999995,8.8327713012695312,,12.442138671875,
658.39999999999998,8.4801864624023438,,11.02667236328125,
658.5,8.1761398315429688,,9.5933151245117188,
658.60000000000002,7.8363265991210938,,8.055206298828125,
658.70000000000005,7.5910415649414062,,6.75726318359375,
658.79999999999995,7.5782699584960938,,5.7582626342773438,
658.89999999999998,7.5603866577148438,,4.9202194213867188,
659,7.45562744140625,,4.238037109375,
659.10000000000002,7.3406524658203125,,3.66827392578125,
659.20000000000005,7.2103500366210938,,3.2058181762695312,
659.29999999999995,7.0928192138671875,,2.7893524169921875,
659.39999999999998,6.9344100952148438,,2.3166732788085938,
659.5,6.7504501342773438,,1.8772125244140625,
659.60000000000002,6.6942367553710938,,1.6319351196289062,
659.70000000000005,6.7555618286132812,,1.468414306640625,
659.79999999999995,6.7606658935546875,,1.3048934936523438,
659.89999999999998,6.6661376953125,,1.16436767578125,
660,6.5409393310546875,10.169490814208984,1.0493927001953125,0
660.10000000000002,6.4234085083007812,,0.954864501953125,
660.20000000000005,6.3774185180664062,,0.80922698974609375,
660.29999999999995,6.3646469116210938,,0.56905364990234375,
660.39999999999998,6.3416519165039062,,0.36721038818359375,
660.5,6.4029693603515625,,0.28289794921875,
660.60000000000002,6.4693984985351562,,0.21646881103515625,
660.70000000000005,6.4668426513671875,,0.13726043701171875,
660.79999999999995,6.4080810546875,,0.05039215087890625,
660.89999999999998,6.31610107421875,,-0.04158782958984375,
661,6.2624435424804688,,-0.12079620361328125,
661.10000000000002,6.22412109375,,-0.23321533203125,
661.20000000000005,6.075927734375,,-0.38140106201171875,
661.29999999999995,5.9430694580078125,,-0.49127197265625,
661.39999999999998,5.9916152954101562,,-0.51171112060546875,
661.5,6.0452728271484375,,-0.49382781982421875,
661.60000000000002,5.9992828369140625,,-0.44783782958984375,
661.70000000000005,5.937957763671875,,-0.38140106201171875,
661.79999999999995,5.9405136108398438,,-0.314971923828125,
661.89999999999998,6.0350494384765625,,-0.21533203125,
662,6.196014404296875,,-0.10291290283203125,
662.10000000000002,6.3084335327148438,,-0.02370452880859375,
662.20000000000005,6.415740966796875,,0.10915374755859375,
662.29999999999995,6.64569091796875,,0.36721038818359375,
662.39999999999998,6.8858642578125,,0.6916961669921875,
662.5,7.0391616821289062,,1.064727783203125,
662.60000000000002,7.1592483520507812,,1.5195159912109375,
662.70000000000005,7.2563400268554688,,2.0790634155273438,
662.79999999999995,7.3483200073242188,,2.7459182739257812,
662.89999999999998,7.5450515747070312,,3.4434280395507812,
663,7.74945068359375,,4.1383895874023438,
663.10000000000002,7.93341064453125,,4.973876953125,
663.20000000000005,8.3268814086914062,,6.0520858764648438,
663.29999999999995,8.7944488525390625,,7.3653564453125,
663.39999999999998,9.1061630249023438,,8.9392318725585938,
663.5,9.3769912719726562,,10.755844116210938,
663.60000000000002,9.7755661010742188,,12.787063598632812,
663.70000000000005,10.284011840820312,,14.986923217773438,
663.79999999999995,10.820564270019531,,17.00537109375,
663.89999999999998,11.26513671875,,18.982940673828125,
664,11.765914916992188,,21.274776458740234,
664.10000000000002,12.540077209472656,,23.484851837158203,
664.20000000000005,13.316802978515625,,25.503299713134766,
664.29999999999995,13.809913635253906,,27.715930938720703,
664.39999999999998,14.111404418945312,,30.306697845458984,
664.5,14.412895202636719,,32.866809844970703,
664.60000000000002,14.74249267578125,,35.028339385986328,
664.70000000000005,14.908561706542969,,36.602218627929688,
664.79999999999995,15.028648376464844,,37.430038452148438,
664.89999999999998,15.485992431640625,,37.711090087890625,
665,15.871799468994141,,38.314067840576172,
665.10000000000002,15.363357543945312,,39.371837615966797,
665.20000000000005,14.218711853027344,,39.415275573730469,
665.29999999999995,13.114952087402344,,37.879718780517578,
665.39999999999998,12.12872314453125,,35.258289337158203,
665.5,11.13482666015625,,31.59442138671875,
665.60000000000002,10.301902770996094,,27.506420135498047,
665.70000000000005,9.7781219482421875,,23.829776763916016,
665.79999999999995,9.3361129760742188,,20.720340728759766,
665.89999999999998,8.881317138671875,,17.853630065917969,
666,8.4418563842773438,,15.260307312011719,
666.10000000000002,8.0483856201171875,,13.26995849609375,
666.20000000000005,7.7622299194335938,,11.499343872070312,
666.29999999999995,7.4454116821289062,,9.6393051147460938,
666.39999999999998,7.0723800659179688,,7.889129638671875,
666.5,6.875640869140625,,6.5503082275390625,
666.60000000000002,6.7887725830078125,,5.5232009887695312,
666.70000000000005,6.6508026123046875,,4.7004928588867188,
666.79999999999995,6.4975051879882812,,4.0515213012695312,
666.89999999999998,6.379974365234375,,3.5379638671875,
667,6.2931060791015625,,3.0755081176757812,
667.10000000000002,6.252227783203125,,2.590057373046875,
667.20000000000005,6.2011260986328125,,2.0969467163085938,
667.29999999999995,6.1551361083984375,,1.7136993408203125,
667.39999999999998,6.2087860107421875,,1.4837493896484375,
667.5,6.2803268432617188,,1.3304443359375,
667.60000000000002,6.3109893798828125,,1.1950302124023438,
667.70000000000005,6.27777099609375,,1.0315093994140625,
667.79999999999995,6.1909027099609375,,0.88332366943359375,
667.89999999999998,6.1168060302734375,,0.75301361083984375,
668,6.0452728271484375,,0.5537261962890625,
668.10000000000002,5.9149627685546875,,0.311004638671875,
668.20000000000005,5.7872161865234375,,0.152587890625,
668.29999999999995,5.7488861083984375,,0.06316375732421875,
668.39999999999998,5.736114501953125,,-0.0160369873046875,
668.5,5.7488861083984375,,-0.1003570556640625,
668.60000000000002,5.7795486450195312,,-0.169342041015625,
668.70000000000005,5.7744369506835938,,-0.1999969482421875,
668.79999999999995,5.7846603393554688,,-0.21533203125,
668.89999999999998,5.8791961669921875,,-0.261322021484375,
669,5.8766403198242188,,-0.32263946533203125,
669.10000000000002,5.8332061767578125,,-0.27153778076171875,
669.20000000000005,5.966064453125,,-0.131011962890625,
669.29999999999995,6.1474685668945312,,0.0018463134765625,
669.39999999999998,6.22412109375,,0.0759429931640625,
669.5,6.2190093994140625,,0.14748382568359375,
669.60000000000002,6.2445602416992188,,0.272674560546875,
669.70000000000005,6.3748626708984375,,0.40808868408203125,
669.79999999999995,6.5664901733398438,,0.5077362060546875,
669.89999999999998,6.6610260009765625,,0.54605865478515625,
670,6.7274551391601562,8.3720932006835938,0.6329345703125,7.2115387916564941
670.10000000000002,6.9190826416015625,,0.8475494384765625,
670.20000000000005,7.0953750610351562,,1.1311569213867188,
670.29999999999995,7.218017578125,,1.4173126220703125,
670.39999999999998,7.3789825439453125,,1.7111434936523438,
670.5,7.60382080078125,,2.0330734252929688,
670.60000000000002,7.8950881958007812,,2.3754425048828125,
670.70000000000005,8.2042465209960938,,2.6948165893554688,
670.79999999999995,8.3652114868164062,,2.9068832397460938,
670.89999999999998,8.3958663940429688,,3.1138381958007812,
671,8.495513916015625,,3.4153289794921875,
671.10000000000002,8.5082931518554688,,3.5737380981445312,
671.20000000000005,8.3192214965820312,,3.392333984375,
671.29999999999995,8.1045989990234375,,2.96820068359375,
671.39999999999998,7.9104156494140625,,2.5031890869140625,
671.5,7.6881332397460938,,2.12249755859375,
671.60000000000002,7.5143966674804688,,1.7699050903320312,
671.70000000000005,7.28955078125,,1.3559951782226562,
671.79999999999995,6.9957275390625,,1.01873779296875,
671.89999999999998,6.85009765625,,0.87054443359375,
672,6.839874267578125,,0.7657928466796875,
672.10000000000002,6.811767578125,,0.6635894775390625,
672.20000000000005,6.7427825927734375,,0.58438873291015625,
672.29999999999995,6.6661376953125,,0.4719696044921875,
672.39999999999998,6.6022567749023438,,0.36209869384765625,
672.5,6.5613784790039062,,0.2650146484375,
672.60000000000002,6.5128326416015625,,0.106597900390625,
672.70000000000005,6.397857666015625,,-0.067138671875,
672.79999999999995,6.3365402221679688,,-0.1463470458984375,
672.89999999999998,6.3748626708984375,,-0.16678619384765625,
673,6.3723068237304688,,-0.177001953125,
673.10000000000002,6.3390960693359375,,-0.169342041015625,
673.20000000000005,6.3084335327148438,,-0.17189788818359375,
673.29999999999995,6.2675552368164062,,-0.17444610595703125,
673.39999999999998,6.2496719360351562,,-0.15911865234375,
673.5,6.2828826904296875,,-0.17955780029296875,
673.60000000000002,6.287994384765625,,-0.22043609619140625,
673.70000000000005,6.3390960693359375,,-0.16167449951171875,
673.79999999999995,6.5716018676757812,,0.02228546142578125,
673.89999999999998,6.8066558837890625,,0.254791259765625,
674,7.005950927734375,,0.5205078125,
674.10000000000002,7.2512283325195312,,0.82711029052734375,
674.20000000000005,7.483734130859375,,1.1873626708984375,
674.29999999999995,7.7009124755859375,,1.6191635131835938,
674.39999999999998,7.953857421875,,2.058624267578125,
674.5,8.1352615356445312,,2.4009933471679688,
674.60000000000002,8.283447265625,,2.7995681762695312,
674.70000000000005,8.569610595703125,,3.4051055908203125,
674.79999999999995,8.9324188232421875,,4.100067138671875,
674.89999999999998,9.2824554443359375,,4.7566986083984375,
675,9.507293701171875,,5.341796875,
675.10000000000002,9.3616561889648438,,5.773590087890625,
675.20000000000005,8.9170913696289062,,5.737823486328125,
675.29999999999995,8.5926055908203125,,4.99176025390625,
675.39999999999998,8.3422164916992188,,3.877777099609375,
675.5,8.0867156982421875,,2.9733123779296875,
675.60000000000002,7.97174072265625,,2.426544189453125,
675.70000000000005,7.9001998901367188,,2.0254058837890625,
675.79999999999995,7.7622299194335938,,1.7060317993164062,
675.89999999999998,7.5731582641601562,,1.4658584594726562,
676,7.3713150024414062,,1.2742385864257812,
676.10000000000002,7.172027587890625,,1.1107177734375,
676.20000000000005,7.0340576171875,,0.91909027099609375,
676.29999999999995,6.913970947265625,,0.668701171875,
676.39999999999998,6.811767578125,,0.4719696044921875,
676.5,6.8552017211914062,,0.39531707763671875,
676.60000000000002,6.9548492431640625,,0.3416595458984375,
676.70000000000005,6.9804000854492188,,0.2675628662109375,
676.79999999999995,6.967620849609375,,0.180694580078125,
676.89999999999998,6.9446258544921875,,0.09638214111328125,
677,6.896087646484375,,0.00951385498046875,
677.10000000000002,6.821990966796875,,-0.10546112060546875,
677.20000000000005,6.6482467651367188,,-0.25876617431640625,
677.29999999999995,6.5256118774414062,,-0.36862945556640625,
677.39999999999998,6.5690460205078125,,-0.406951904296875,
677.5,6.581817626953125,,-0.4120635986328125,
677.60000000000002,6.5205001831054688,,-0.40439605712890625,
677.70000000000005,6.4208526611328125,,-0.389068603515625,
677.79999999999995,6.2956619262695312,,-0.36351776123046875,
677.89999999999998,6.231781005859375,,-0.34052276611328125,
678,6.252227783203125,,-0.34052276611328125,
678.10000000000002,6.2036819458007812,,-0.38140106201171875,
678.20000000000005,6.160247802734375,,-0.36862945556640625,
678.29999999999995,6.2649993896484375,,-0.2510986328125,
678.39999999999998,6.3697509765625,,-0.08502197265625,
678.5,6.4412918090820312,,0.1117095947265625,
678.60000000000002,6.5205001831054688,,0.33144378662109375,
678.70000000000005,6.6508026123046875,,0.56905364990234375,
678.79999999999995,6.82965087890625,,0.824554443359375,
678.89999999999998,7.0187225341796875,,1.0315093994140625,
679,7.1183700561523438,,1.1541519165039062,
679.10000000000002,7.2026824951171875,,1.3202285766601562,
679.20000000000005,7.4607391357421875,,1.5910568237304688,
679.29999999999995,7.6830215454101562,,1.86444091796875,
679.39999999999998,7.6881332397460938,,2.030517578125,
679.5,7.6242599487304688,,2.0228500366210938,
679.60000000000002,7.5348358154296875,,1.8772125244140625,
679.70000000000005,7.409637451171875,,1.6421585083007812,
679.79999999999995,7.3380966186523438,,1.3278884887695312,
679.89999999999998,7.2154617309570312,,0.98040771484375,
680,7.0851516723632812,8.11907958984375,0.750457763671875,7.2115387916564941
680.10000000000002,7.1081466674804688,,0.6457061767578125,
680.20000000000005,7.16180419921875,,0.5818328857421875,
680.29999999999995,7.1643600463867188,,0.51540374755859375,
680.39999999999998,7.1541366577148438,,0.41320037841796875,
680.5,7.1413650512695312,,0.311004638671875,
680.60000000000002,7.1055908203125,,0.2215728759765625,
680.70000000000005,7.06982421875,,0.08615875244140625,
680.79999999999995,6.9625167846679688,,-0.08757781982421875,
680.89999999999998,6.8373184204101562,,-0.22043609619140625,
681,6.839874267578125,,-0.2919769287109375,
681.10000000000002,6.8603134155273438,,-0.33541107177734375,
681.20000000000005,6.839874267578125,,-0.3609619140625,
681.29999999999995,6.82965087890625,,-0.38651275634765625,
681.39999999999998,6.804107666015625,,-0.4120635986328125,
681.5,6.691680908203125,,-0.4222869873046875,
681.60000000000002,6.5409393310546875,,-0.43250274658203125,
681.70000000000005,6.323760986328125,,-0.48871612548828125,
681.79999999999995,6.0835952758789062,,-0.55258941650390625,
681.89999999999998,6.0427169799804688,,-0.52703857421875,
682,6.1755752563476562,,-0.45294189453125,
682.10000000000002,6.3084335327148438,,-0.35585784912109375,
682.20000000000005,6.4055252075195312,,-0.22043609619140625,
682.29999999999995,6.4975051879882812,,-0.07991790771484375,
682.39999999999998,6.592041015625,,0.07849884033203125,
682.5,6.7274551391601562,,0.2599029541015625,
682.60000000000002,6.8552017211914062,,0.3978729248046875,
682.70000000000005,6.94207763671875,,0.5256195068359375,
682.79999999999995,7.1362533569335938,,0.76323699951171875,
682.89999999999998,7.5041732788085938,,1.0800552368164062,
683,7.869537353515625,,1.4122085571289062,
683.10000000000002,8.1505889892578125,,1.7366943359375,
683.20000000000005,8.3626556396484375,,2.0177383422851562,
683.29999999999995,8.37542724609375,,2.2349166870117188,
683.39999999999998,8.2042465209960938,,2.3268966674804688,
683.5,8.0279464721679688,,2.1659317016601562,
683.60000000000002,7.7852249145507812,,1.7699050903320312,
683.70000000000005,7.5527191162109375,,1.4173126220703125,
683.79999999999995,7.5782699584960938,,1.230804443359375,
683.89999999999998,7.67791748046875,,1.1056060791015625,
684,7.6600265502929688,,1.0008544921875,
684.10000000000002,7.575714111328125,,0.90631866455078125,
684.20000000000005,7.4811782836914062,,0.81433868408203125,
684.29999999999995,7.4045257568359375,,0.72491455078125,
684.39999999999998,7.373870849609375,,0.59204864501953125,
684.5,7.2870025634765625,,0.39531707763671875,
684.60000000000002,7.1796875,,0.2266845703125,
684.70000000000005,7.1950225830078125,,0.14237213134765625,
684.79999999999995,7.2384567260742188,,0.0759429931640625,
684.89999999999998,7.2512283325195312,,0.014617919921875,
685,7.225677490234375,,-0.03647613525390625,
685.10000000000002,7.1439208984375,,-0.0901336669921875,
685.20000000000005,7.0621566772460938,,-0.1463470458984375,
685.29999999999995,7.0033950805664062,,-0.2102203369140625,
685.39999999999998,6.8628692626953125,,-0.31752777099609375,
685.5,6.7223434448242188,,-0.406951904296875,
685.60000000000002,6.7172317504882812,,-0.41461944580078125,
685.70000000000005,6.7172317504882812,,-0.39673614501953125,
685.79999999999995,6.6303634643554688,,-0.3762969970703125,
685.89999999999998,6.5792617797851562,,-0.3379669189453125,
686,6.6048126220703125,,-0.297088623046875,
686.10000000000002,6.620147705078125,,-0.261322021484375,
686.20000000000005,6.638031005859375,,-0.21533203125,
686.29999999999995,6.599700927734375,,-0.222991943359375,
686.39999999999998,6.5230560302734375,,-0.22554779052734375,
686.5,6.5894851684570312,,-0.12335205078125,
686.60000000000002,6.7862167358398438,,0.02739715576171875,
686.70000000000005,6.9829559326171875,,0.180694580078125,
686.79999999999995,7.1439208984375,,0.34932708740234375,
686.89999999999998,7.2767791748046875,,0.52817535400390625,
687,7.4045257568359375,,0.73513031005859375,
687.10000000000002,7.52972412109375,,0.9574127197265625,
687.20000000000005,7.5910415649414062,,1.0800552368164062,
687.29999999999995,7.5348358154296875,,1.0953826904296875,
687.39999999999998,7.5118408203125,,1.1592636108398438,
687.5,7.6370315551757812,,1.2154693603515625,
687.60000000000002,7.6702499389648438,,1.1439285278320312,
687.70000000000005,7.5680465698242188,,1.0136260986328125,
687.79999999999995,7.4811782836914062,,0.888427734375,
687.89999999999998,7.3968658447265625,,0.7836761474609375,
688,7.3585357666015625,,0.696807861328125,
688.10000000000002,7.3891983032226562,,0.57672119140625,
688.20000000000005,7.3406524658203125,,0.4055328369140625,
688.29999999999995,7.317657470703125,,0.2880096435546875,
688.39999999999998,7.4351882934570312,,0.24456787109375,
688.5,7.4888458251953125,,0.19091796875,
688.60000000000002,7.4735107421875,,0.106597900390625,
688.70000000000005,7.483734130859375,,-0.00582122802734375,
688.79999999999995,7.447967529296875,,-0.11057281494140625,
688.89999999999998,7.34576416015625,,-0.2102203369140625,
689,7.225677490234375,,-0.3303070068359375,
689.10000000000002,7.0544967651367188,,-0.463165283203125,
689.20000000000005,6.9804000854492188,,-0.56281280517578125,
689.29999999999995,7.0672683715820312,,-0.61135101318359375,
689.39999999999998,7.1311416625976562,,-0.63179779052734375,
689.5,7.0928192138671875,,-0.65479278564453125,
689.60000000000002,6.9906158447265625,,-0.66756439208984375,
689.70000000000005,6.8807525634765625,,-0.63690185546875,
689.79999999999995,6.7632217407226562,,-0.573028564453125,
689.89999999999998,6.6635818481445312,,-0.5219268798828125,
690,6.5562667846679688,0,-0.5219268798828125,0
690.10000000000002,6.5332717895507812,,-0.51171112060546875,
690.20000000000005,6.6763534545898438,,-0.46060943603515625,
690.29999999999995,6.8424301147460938,,-0.40184783935546875,
690.39999999999998,6.9727325439453125,,-0.34307861328125,
690.5,7.133697509765625,,-0.27153778076171875,
690.60000000000002,7.281890869140625,,-0.15911865234375,
690.70000000000005,7.38153076171875,,-0.01348114013671875,
690.79999999999995,7.4786224365234375,,0.1168212890625,
690.89999999999998,7.5348358154296875,,0.23946380615234375,
691,7.6191482543945312,,0.46430206298828125,
691.10000000000002,7.833770751953125,,0.824554443359375,
691.20000000000005,8.0586090087890625,,1.2742385864257812,
691.29999999999995,8.2604522705078125,,1.7929000854492188,
691.39999999999998,8.5389480590820312,,2.3831024169921875,
691.5,8.9017562866210938,,3.0933990478515625,
691.60000000000002,9.33355712890625,,3.9774246215820312,
691.70000000000005,9.7346878051757812,,4.945770263671875,
691.79999999999995,10.020851135253906,,6.0699691772460938,
691.89999999999998,10.388771057128906,,7.5850830078125,
692,11.030075073242188,,9.4272384643554688,
692.10000000000002,11.574287414550781,,11.637313842773438,
692.20000000000005,11.916656494140625,,14.266410827636719,
692.29999999999995,12.486427307128906,,17.166336059570312,
692.39999999999998,13.281028747558594,,20.515941619873047,
692.5,14.121627807617188,,24.276901245117188,
692.60000000000002,14.770591735839844,,27.999534606933594,
692.70000000000005,15.289260864257812,,32.130970001220703,
692.79999999999995,16.037872314453125,,36.926704406738281,
692.89999999999998,16.5999755859375,,42.37396240234375,
693,16.881023406982422,,47.915760040283203,
693.10000000000002,17.374137878417969,,52.343574523925781,
693.20000000000005,17.936237335205078,,55.409576416015625,
693.29999999999995,17.99755859375,,56.993675231933594,
693.39999999999998,17.430347442626953,,55.780048370361328,
693.5,16.35980224609375,,52.282253265380859,
693.60000000000002,15.18194580078125,,48.135490417480469,
693.70000000000005,14.182945251464844,,43.786880493164062,
693.79999999999995,13.168609619140625,,40.189437866210938,
693.89999999999998,12.264137268066406,,37.179649353027344,
694,11.5947265625,,34.200519561767578,
694.10000000000002,11.122055053710938,,31.15240478515625,
694.20000000000005,10.685150146484375,,27.784915924072266,
694.29999999999995,10.261016845703125,,24.573280334472656,
694.39999999999998,10.038734436035156,,21.841983795166016,
694.5,9.9058761596679688,,19.320201873779297,
694.60000000000002,9.6708145141601562,,17.143341064453125,
694.70000000000005,9.3386611938476562,,15.278190612792969,
694.79999999999995,8.9400863647460938,,13.515243530273438,
694.89999999999998,8.5466156005859375,,11.811058044433594,
695,8.1786956787109375,,10.099205017089844,
695.10000000000002,7.82354736328125,,8.45123291015625,
695.20000000000005,7.5859375,,7.0868606567382812,
695.29999999999995,7.4632949829101562,,5.9882125854492188,
695.39999999999998,7.3432083129882812,,5.111846923828125,
695.5,7.243560791015625,,4.450103759765625,
695.60000000000002,7.1541366577148438,,3.8650054931640625,
695.70000000000005,7.0085067749023438,,3.3769989013671875,
695.79999999999995,6.8781967163085938,,2.9605331420898438,
695.89999999999998,6.7274551391601562,,2.4469833374023438,
696,6.5767059326171875,,1.9794158935546875,
696.10000000000002,6.6303634643554688,,1.7213592529296875,
696.20000000000005,6.747894287109375,,1.5271835327148438,
696.29999999999995,6.75811767578125,,1.3432235717773438,
696.39999999999998,6.7223434448242188,,1.1720352172851562,
696.5,6.6712417602539062,,1.0110702514648438,
696.60000000000002,6.6431427001953125,,0.88332366943359375,
696.70000000000005,6.68402099609375,,0.74535369873046875,
696.79999999999995,6.6686859130859375,,0.530731201171875,
696.89999999999998,6.5383834838867188,,0.31610870361328125,
697,6.4591827392578125,,0.2036895751953125,
697.10000000000002,6.4566268920898438,,0.1398162841796875,
697.20000000000005,6.4234085083007812,,0.052947998046875,
697.29999999999995,6.4131927490234375,,-0.0313720703125,
697.39999999999998,6.4387359619140625,,-0.08757781982421875,
697.5,6.4029693603515625,,-0.12335205078125,
697.60000000000002,6.3416519165039062,,-0.17955780029296875,
697.70000000000005,6.2368927001953125,,-0.2843170166015625,
697.79999999999995,6.1065902709960938,,-0.3941802978515625,
697.89999999999998,6.0989227294921875,,-0.45294189453125,
698,6.1883468627929688,,-0.48360443115234375,
698.10000000000002,6.2471160888671875,,-0.51682281494140625,
698.20000000000005,6.3288726806640625,,-0.544921875,
698.29999999999995,6.4182968139648438,,-0.52448272705078125,
698.39999999999998,6.5026168823242188,,-0.4401702880859375,
698.5,6.7172317504882812,,-0.3762969970703125,
698.60000000000002,7.0110626220703125,,-0.38651275634765625,
698.70000000000005,7.080047607421875,,-0.43505859375,
698.79999999999995,7.080047607421875,,-0.41717529296875,
698.89999999999998,7.2384567260742188,,-0.32775115966796875,
699,7.3227691650390625,,-0.2281036376953125,
699.10000000000002,7.299774169921875,,-0.10546112060546875,
699.20000000000005,7.2767791748046875,,0.05039215087890625,
699.29999999999995,7.243560791015625,,0.25734710693359375,
699.39999999999998,7.1847991943359375,,0.5358428955078125,
699.5,7.1643600463867188,,0.84499359130859375,
699.60000000000002,7.1490325927734375,,1.1209335327148438,
699.70000000000005,7.2103500366210938,,1.4658584594726562,
699.79999999999995,7.465850830078125,,1.9870834350585938,
699.89999999999998,7.7852249145507812,,2.656494140625,
700,8.0432815551757812,0,3.5584030151367188,0
700.10000000000002,8.4086456298828125,,4.779693603515625,
700.20000000000005,9.0831680297851562,,6.5503082275390625,
700.29999999999995,9.92120361328125,,9.0644302368164062,
700.39999999999998,10.810340881347656,,12.010345458984375,
700.5,11.643272399902344,,15.068679809570312,
700.60000000000002,12.442985534667969,,18.663566589355469,
700.70000000000005,13.357681274414062,,23.116928100585938,
700.79999999999995,14.162506103515625,,28.188606262207031,
700.89999999999998,14.732269287109375,,33.758502960205078,
701,15.227935791015625,,39.936492919921875,
701.10000000000002,15.767044067382812,,46.104263305664062,
701.20000000000005,16.387908935546875,,51.086513519287109,
701.29999999999995,16.858028411865234,,54.476997375488281,
701.39999999999998,16.888690948486328,,56.436683654785156,
701.5,17.233615875244141,,56.876144409179688,
701.60000000000002,17.683292388916016,,57.359039306640625,
701.70000000000005,17.300045013427734,,58.616096496582031,
701.79999999999995,16.855472564697266,,58.613544464111328,
701.89999999999998,16.462005615234375,,56.876144409179688,
702,15.621410369873047,,53.457553863525391,
702.10000000000002,14.231491088867188,,48.753799438476562,
702.20000000000005,12.836456298828125,,44.078147888183594,
702.29999999999995,12.057182312011719,,39.903278350830078,
702.39999999999998,11.589622497558594,,36.206195831298828,
702.5,11.170600891113281,,32.9000244140625,
702.60000000000002,10.769462585449219,,29.788036346435547,
702.70000000000005,10.419425964355469,,26.941764831542969,
702.79999999999995,10.054061889648438,,24.115936279296875,
702.89999999999998,9.581390380859375,,21.106143951416016,
703,9.2364654541015625,,18.408065795898438,
703.10000000000002,9.0678329467773438,,16.075347900390625,
703.20000000000005,8.8046722412109375,,13.995582580566406,
703.29999999999995,8.4418563842773438,,12.173866271972656,
703.39999999999998,8.091827392578125,,10.587211608886719,
703.5,7.7826690673828125,,9.2816085815429688,
703.60000000000002,7.5424957275390625,,7.9964370727539062,
703.70000000000005,7.2537841796875,,6.619293212890625,
703.79999999999995,6.9855117797851562,,5.5027618408203125,
703.89999999999998,6.9395217895507812,,4.7745819091796875,
704,6.9241867065429688,,4.2124862670898438,
704.10000000000002,6.8066558837890625,,3.7372589111328125,
704.20000000000005,6.6967926025390625,,3.3386764526367188,
704.29999999999995,6.6124801635742188,,3.0014190673828125,
704.39999999999998,6.5588226318359375,,2.6590423583984375,
704.5,6.4387359619140625,,2.2119216918945312,
704.60000000000002,6.2905502319335938,,1.7929000854492188,
704.70000000000005,6.3416519165039062,,1.5757293701171875,
704.79999999999995,6.454071044921875,,1.4249801635742188,
704.89999999999998,6.4847259521484375,,1.2742385864257812,
705,6.5179443359375,,1.1618194580078125,
705.10000000000002,6.5409393310546875,,1.0570602416992188,
705.20000000000005,6.6073684692382812,,0.99318695068359375,
705.29999999999995,6.7427825927734375,,0.91397857666015625,
705.39999999999998,6.7274551391601562,,0.714691162109375,
705.5,6.6405868530273438,,0.5205078125,
705.60000000000002,6.6865768432617188,,0.4259796142578125,
705.70000000000005,6.7325668334960938,,0.3518829345703125,
705.79999999999995,6.7402267456054688,,0.2650146484375,
705.89999999999998,6.7530059814453125,,0.17813873291015625,
706,6.7427825927734375,,0.106597900390625,
706.10000000000002,6.7070159912109375,,0.0376129150390625,
706.20000000000005,6.638031005859375,,-0.067138671875,
706.29999999999995,6.5026168823242188,,-0.2102203369140625,
706.39999999999998,6.4412918090820312,,-0.30475616455078125,
706.5,6.507720947265625,,-0.314971923828125,
706.60000000000002,6.599700927734375,,-0.28942108154296875,
706.70000000000005,6.6865768432617188,,-0.25876617431640625,
706.79999999999995,6.7223434448242188,,-0.21277618408203125,
706.89999999999998,6.712127685546875,,-0.1361236572265625,
707,6.7223434448242188,,-0.0722503662109375,
707.10000000000002,6.7274551391601562,,-0.08757781982421875,
707.20000000000005,6.638031005859375,,-0.12845611572265625,
707.29999999999995,6.6124801635742188,,-0.10291290283203125,
707.39999999999998,6.7530059814453125,,-0.02370452880859375,
707.5,6.9292984008789062,,0.08615875244140625,
707.60000000000002,7.0263900756835938,,0.22412872314453125,
707.70000000000005,7.041717529296875,,0.36721038818359375,
707.79999999999995,7.0493850708007812,,0.5256195068359375,
707.89999999999998,7.1209259033203125,,0.6916961669921875,
708,7.1873550415039062,,0.79644775390625,
708.10000000000002,7.2154617309570312,,0.880767822265625,
708.20000000000005,7.391754150390625,,1.0774993896484375,
708.29999999999995,7.6906890869140625,,1.3304443359375,
708.39999999999998,7.9231948852539062,,1.5885009765625,
708.5,8.0586090087890625,,1.8669967651367188,
708.60000000000002,8.1505889892578125,,2.1531524658203125,
708.70000000000005,8.145477294921875,,2.4239883422851562,
708.79999999999995,8.0432815551757812,,2.5006332397460938,
708.89999999999998,7.8005523681640625,,2.2144775390625,
709,7.5143966674804688,,1.7750167846679688,
709.10000000000002,7.4454116821289062,,1.5041885375976562,
709.20000000000005,7.5143966674804688,,1.3687744140625,
709.29999999999995,7.519500732421875,,1.2410202026367188,
709.39999999999998,7.4684066772460938,,1.1158294677734375,
709.5,7.4224166870117188,,1.0110702514648438,
709.60000000000002,7.3840866088867188,,0.91909027099609375,
709.70000000000005,7.3227691650390625,,0.73001861572265625,
709.79999999999995,7.1873550415039062,,0.4719696044921875,
709.89999999999998,7.1030426025390625,,0.30844879150390625,
710,7.12603759765625,7.1942448616027832,0.23435211181640625,7.1258902549743652
710.10000000000002,7.1081466674804688,,0.162811279296875,
710.20000000000005,7.041717529296875,,0.09127044677734375,
710.29999999999995,6.97784423828125,,0.035064697265625,
710.39999999999998,6.8935317993164062,,-0.01348114013671875,
710.5,6.8245468139648438,,-0.08502197265625,
710.60000000000002,6.7274551391601562,,-0.2102203369140625,
710.70000000000005,6.5869293212890625,,-0.3303070068359375,
710.79999999999995,6.489837646484375,,-0.3660736083984375,
710.89999999999998,6.4106369018554688,,-0.3481903076171875,
711,6.31610107421875,,-0.30731201171875,
711.10000000000002,6.2956619262695312,,-0.23577117919921875,
711.20000000000005,6.3467559814453125,,-0.12845611572265625,
711.29999999999995,6.4131927490234375,,0.00951385498046875,
711.39999999999998,6.5102767944335938,,0.14748382568359375,
711.5,6.5613784790039062,,0.23946380615234375,
711.60000000000002,6.6967926025390625,,0.4055328369140625,
711.70000000000005,7.05194091796875,,0.6916961669921875,
711.79999999999995,7.427520751953125,,1.0212936401367188,
711.89999999999998,7.7673416137695312,,1.3508834838867188,
712,8.1378173828125,,1.670257568359375,
712.10000000000002,8.3779830932617188,,2.0100784301757812,
712.20000000000005,8.3524322509765625,,2.23236083984375,
712.29999999999995,8.1505889892578125,,2.0816192626953125,
712.39999999999998,7.8542098999023438,,1.670257568359375,
712.5,7.6446990966796875,,1.3713226318359375,
712.60000000000002,7.6370315551757812,,1.2359085083007812,
712.70000000000005,7.6344757080078125,,1.1107177734375,
712.79999999999995,7.5348358154296875,,0.95996856689453125,
712.89999999999998,7.3866424560546875,,0.824554443359375,
713,7.2588958740234375,,0.7479095458984375,
713.10000000000002,7.2307891845703125,,0.67636871337890625,
713.20000000000005,7.1873550415039062,,0.512847900390625,
713.29999999999995,7.0442733764648438,,0.3058929443359375,
713.39999999999998,6.967620849609375,,0.18325042724609375,
713.5,7.0008392333984375,,0.1117095947265625,
713.60000000000002,6.97784423828125,,0.04016876220703125,
713.70000000000005,6.913970947265625,,-0.0083770751953125,
713.79999999999995,6.8449859619140625,,-0.06458282470703125,
713.89999999999998,6.75811767578125,,-0.11568450927734375,
714,6.71978759765625,,-0.15656280517578125,
714.10000000000002,6.64569091796875,,-0.2510986328125,
714.20000000000005,6.5102767944335938,,-0.33541107177734375,
714.29999999999995,6.4489593505859375,,-0.3379669189453125,
714.39999999999998,6.4642868041992188,,-0.29453277587890625,
714.5,6.4796218872070312,,-0.23065948486328125,
714.60000000000002,6.489837646484375,,-0.17444610595703125,
714.70000000000005,6.482177734375,,-0.12335205078125,
714.79999999999995,6.4949493408203125,,-0.04669952392578125,
714.89999999999998,6.5690460205078125,,0.0580596923828125,
715,6.5792617797851562,,0.1398162841796875,
715.10000000000002,6.5511627197265625,,0.24456787109375,
715.20000000000005,6.6482467651367188,,0.46685791015625,
715.29999999999995,6.8245468139648438,,0.74024200439453125,
715.39999999999998,6.9855117797851562,,1.01873779296875,
715.5,7.1490325927734375,,1.3176727294921875,
715.60000000000002,7.3789825439453125,,1.6268234252929688,
715.70000000000005,7.6702499389648438,,1.9410934448242188,
715.79999999999995,7.9896240234375,,2.2016983032226562,
715.89999999999998,8.1020431518554688,,2.30645751953125,
716,7.9513015747070312,,2.2630233764648438,
716.10000000000002,7.8261032104492188,,2.094390869140625,
716.20000000000005,7.7698974609375,,1.8056793212890625,
716.29999999999995,7.667694091796875,,1.5501785278320312,
716.39999999999998,7.519500732421875,,1.3611068725585938,
716.5,7.3508758544921875,,1.174591064453125,
716.60000000000002,7.2052383422851562,,1.0110702514648438,
716.70000000000005,7.151580810546875,,0.8654327392578125,
716.79999999999995,7.0928192138671875,,0.64315032958984375,
716.89999999999998,7.0263900756835938,,0.4336395263671875,
717,7.0851516723632812,,0.35443878173828125,
717.10000000000002,7.1924667358398438,,0.32122039794921875,
717.20000000000005,7.2026824951171875,,0.2650146484375,
717.29999999999995,7.1490325927734375,,0.2036895751953125,
717.39999999999998,7.0749359130859375,,0.14748382568359375,
717.5,6.9829559326171875,,0.10149383544921875,
717.60000000000002,6.9088592529296875,,0.0299530029296875,
717.70000000000005,6.7989959716796875,,-0.095245361328125,
717.79999999999995,6.691680908203125,,-0.1923370361328125,
717.89999999999998,6.6891326904296875,,-0.19489288330078125,
718,6.6942367553710938,,-0.1642303466796875,
718.10000000000002,6.6610260009765625,,-0.1412353515625,
718.20000000000005,6.6482467651367188,,-0.113128662109375,
718.29999999999995,6.6354751586914062,,-0.067138671875,
718.39999999999998,6.6508026123046875,,0.01717376708984375,
718.5,6.730010986328125,,0.127044677734375,
718.60000000000002,6.783660888671875,,0.19091796875,
718.70000000000005,6.8015518188476562,,0.26245880126953125,
718.79999999999995,6.931854248046875,,0.456634521484375,
718.89999999999998,7.1541366577148438,,0.7095794677734375,
719,7.3764266967773438,,0.95996856689453125,
719.10000000000002,7.5910415649414062,,1.23846435546875,
719.20000000000005,7.8133316040039062,,1.5501785278320312,
719.29999999999995,8.0483856201171875,,1.8951034545898438,
719.39999999999998,8.2808914184570312,,2.2272491455078125,
719.5,8.3652114868164062,,2.406097412109375,
719.60000000000002,8.2630081176757812,,2.3652191162109375,
719.70000000000005,8.2144622802734375,,2.2119216918945312,
719.79999999999995,8.3089981079101562,,1.9921875,
719.89999999999998,8.3626556396484375,,1.7673492431640625,
720,8.32177734375,7.1942448616027832,1.60638427734375,7.1258902549743652
720.10000000000002,8.2808914184570312,,1.4530868530273438,
720.20000000000005,8.2400131225585938,,1.2997894287109375,
720.29999999999995,8.2783432006835938,,1.1797027587890625,
720.39999999999998,8.329437255859375,,0.99829864501953125,
720.5,8.1812515258789062,,0.73001861572265625,
720.60000000000002,8.0023956298828125,,0.53839874267578125,
720.70000000000005,7.9513015747070312,,0.41320037841796875,
720.79999999999995,7.887420654296875,,0.2956695556640625,
720.89999999999998,7.8005523681640625,,0.198577880859375,
721,7.7085723876953125,,0.106597900390625,
721.10000000000002,7.5680465698242188,,0.0197296142578125,
721.20000000000005,7.3866424560546875,,-0.04669952392578125,
721.29999999999995,7.1822433471679688,,-0.13356781005859375,
721.39999999999998,7.0187225341796875,,-0.2562103271484375,
721.5,7.01361083984375,,-0.29964447021484375,
721.60000000000002,7.1055908203125,,-0.261322021484375,
721.70000000000005,7.1439208984375,,-0.222991943359375,
721.79999999999995,7.0544967651367188,,-0.19489288330078125,
721.89999999999998,6.875640869140625,,-0.1923370361328125,
722,6.730010986328125,,-0.16678619384765625,
722.10000000000002,6.6635818481445312,,-0.09780120849609375,
722.20000000000005,6.6150360107421875,,-0.06969451904296875,
722.29999999999995,6.563934326171875,,-0.067138671875,
722.39999999999998,6.6533584594726562,,0.01717376708984375,
722.5,6.9369659423828125,,0.1755828857421875,
722.60000000000002,7.317657470703125,,0.346771240234375,
722.70000000000005,7.649810791015625,,0.54095458984375,
722.79999999999995,7.833770751953125,,0.76068115234375,
722.89999999999998,7.9589614868164062,,1.0008544921875,
723,8.1403656005859375,,1.2205810546875,
723.10000000000002,8.3549880981445312,,1.3253326416015625,
723.20000000000005,8.5261764526367188,,1.414764404296875,
723.29999999999995,8.679473876953125,,1.5655059814453125,
723.39999999999998,8.7663421630859375,,1.5859451293945312,
723.5,8.6385955810546875,,1.4581985473632812,
723.60000000000002,8.403533935546875,,1.31256103515625,
723.70000000000005,8.2042465209960938,,1.1797027587890625,
723.79999999999995,8.1250381469726562,,1.0851669311523438,
723.89999999999998,8.173583984375,,0.98807525634765625,
724,8.1505889892578125,,0.79134368896484375,
724.10000000000002,8.0764923095703125,,0.6099395751953125,
724.20000000000005,8.0994873046875,,0.52306365966796875,
724.29999999999995,8.1199264526367188,,0.438751220703125,
724.39999999999998,8.053497314453125,,0.33910369873046875,
724.5,7.9410781860351562,,0.25223541259765625,
724.60000000000002,7.8133316040039062,,0.18325042724609375,
724.70000000000005,7.703460693359375,,0.1168212890625,
724.79999999999995,7.6268157958984375,,0.03250885009765625,
724.89999999999998,7.4607391357421875,,-0.0901336669921875,
725,7.3253250122070312,,-0.16167449951171875,
725.10000000000002,7.3687591552734375,,-0.14890289306640625,
725.20000000000005,7.4224166870117188,,-0.1080169677734375,
725.29999999999995,7.4224166870117188,,-0.067138671875,
725.39999999999998,7.4454116821289062,,-0.04158782958984375,
725.5,7.501617431640625,,-0.021148681640625,
725.60000000000002,7.5501632690429688,,0.0018463134765625,
725.70000000000005,7.52972412109375,,-0.021148681640625,
725.79999999999995,7.465850830078125,,-0.0262603759765625,
725.89999999999998,7.4990615844726562,,0.10915374755859375,
726,7.6549224853515625,,0.3416595458984375,
726.10000000000002,7.8005523681640625,,0.61248779296875,
726.20000000000005,7.907867431640625,,0.9216461181640625,
726.29999999999995,8.0279464721679688,,1.2614593505859375,
726.39999999999998,8.1531448364257812,,1.6498184204101562,
726.5,8.283447265625,,2.0151824951171875,
726.60000000000002,8.3013381958007812,,2.19659423828125,
726.70000000000005,8.1429214477539062,,2.204254150390625,
726.79999999999995,8.0228424072265625,,2.15826416015625,
726.89999999999998,8.0202865600585938,,2.01263427734375,
727,7.9589614868164062,,1.8082275390625,
727.10000000000002,7.795440673828125,,1.616607666015625,
727.20000000000005,7.6523666381835938,,1.4454193115234375,
727.29999999999995,7.575714111328125,,1.3100051879882812,
727.39999999999998,7.593597412109375,,1.1413726806640625,
727.5,7.5731582641601562,,0.8858795166015625,
727.60000000000002,7.5629425048828125,,0.66614532470703125,
727.70000000000005,7.657470703125,,0.5435028076171875,
727.79999999999995,7.7085723876953125,,0.41064453125,
727.89999999999998,7.6063766479492188,,0.2496795654296875,
728,7.4632949829101562,,0.06316375732421875,
728.10000000000002,7.4709625244140625,,-0.11057281494140625,
728.20000000000005,7.6012649536132812,,-0.2562103271484375,
728.29999999999995,7.7187957763671875,,-0.4120635986328125,
728.39999999999998,7.6702499389648438,,-0.57558441162109375,
728.5,7.5808258056640625,,-0.693115234375,
728.60000000000002,7.56549072265625,,-0.7672119140625,
728.70000000000005,7.519500732421875,,-0.82852935791015625,
728.79999999999995,7.3048858642578125,,-0.8719635009765625,
728.89999999999998,6.9114151000976562,,-0.90262603759765625,
729,6.6329193115234375,,-0.92562103271484375,
729.10000000000002,6.5869293212890625,,-0.940948486328125,
729.20000000000005,6.5843734741210938,,-0.940948486328125,
729.29999999999995,6.53582763671875,,-0.89240264892578125,
729.39999999999998,6.563934326171875,,-0.774871826171875,
729.5,6.6610260009765625,,-0.63434600830078125,
729.60000000000002,6.7632217407226562,,-0.4861602783203125,
729.70000000000005,6.8781967163085938,,-0.3609619140625,
729.79999999999995,7.005950927734375,,-0.2919769287109375,
729.89999999999998,7.1030426025390625,,-0.23577117919921875,
730,7.2793350219726562,0,-0.18466949462890625,0
730.10000000000002,7.5067291259765625,,-0.13867950439453125,
730.20000000000005,7.7469024658203125,,-0.03647613525390625,
730.29999999999995,8.1378173828125,,0.1858062744140625,
730.39999999999998,8.5644989013671875,,0.530731201171875,
730.5,8.919647216796875,,0.954864501953125,
730.60000000000002,9.1725921630859375,,1.4939651489257812,
730.70000000000005,9.4868545532226562,,2.2579116821289062,
730.79999999999995,9.9901885986328125,,3.2109222412109375,
730.89999999999998,10.421981811523438,,4.238037109375,
731,10.815452575683594,,5.5232009887695312,
731.10000000000002,11.492530822753906,,7.4241180419921875,
731.20000000000005,12.215591430664062,,10.163078308105469,
731.29999999999995,12.721481323242188,,13.875495910644531,
731.39999999999998,13.298912048339844,,18.630352020263672,
731.5,14.165061950683594,,24.052059173583984,
731.60000000000002,15.020980834960938,,29.839134216308594,
731.70000000000005,15.498771667480469,,35.853603363037109,
731.79999999999995,15.744049072265625,,42.136348724365234,
731.89999999999998,16.119632720947266,,48.810009002685547,
732,16.523323059082031,,55.32525634765625,
732.10000000000002,16.952564239501953,,60.302398681640625,
732.20000000000005,17.540214538574219,,62.957042694091797,
732.29999999999995,18.081874847412109,,63.741428375244141,
732.39999999999998,18.132972717285156,,63.184440612792969,
732.5,17.320484161376953,,61.7459716796875,
732.60000000000002,16.188617706298828,,59.167976379394531,
732.70000000000005,15.27392578125,,55.085090637207031,
732.79999999999995,14.492095947265625,,50.486091613769531,
732.89999999999998,13.67449951171875,,46.720020294189453,
733,12.816017150878906,,43.549263000488281,
733.10000000000002,12.062294006347656,,40.120452880859375,
733.20000000000005,11.35711669921875,,36.280288696289062,
733.29999999999995,10.825675964355469,,32.657299041748047,
733.39999999999998,10.641716003417969,,29.381790161132812,
733.5,10.4552001953125,,26.211036682128906,
733.60000000000002,10.056617736816406,,23.387760162353516,
733.70000000000005,9.5916061401367188,,20.881305694580078,
733.79999999999995,9.1138229370117188,,18.553699493408203,
733.89999999999998,8.6156005859375,,15.924606323242188,
734,8.0943756103515625,,13.287841796875,
734.10000000000002,7.7290115356445312,,11.200408935546875,
734.20000000000005,7.52972412109375,,9.4732284545898438,
734.29999999999995,7.3125457763671875,,8.0424270629882812,
734.39999999999998,7.0723800659179688,,6.9616622924804688,
734.5,6.8781967163085938,,6.0444183349609375,
734.60000000000002,6.68402099609375,,5.2089385986328125,
734.70000000000005,6.454071044921875,,4.4449920654296875,
734.79999999999995,6.2266769409179688,,3.675933837890625,
734.89999999999998,6.1525802612304688,,3.0729522705078125,
735,6.2573318481445312,,2.656494140625,
735.10000000000002,6.3467559814453125,,2.3192291259765625,
735.20000000000005,6.4182968139648438,,2.038177490234375,
735.29999999999995,6.5230560302734375,,1.8107833862304688,
735.39999999999998,6.5792617797851562,,1.6114959716796875,
735.5,6.5971527099609375,,1.3968734741210938,
735.60000000000002,6.5690460205078125,,1.1030502319335938,
735.70000000000005,6.5153884887695312,,0.8015594482421875,
735.79999999999995,6.5588226318359375,,0.61504364013671875,
735.89999999999998,6.6175918579101562,,0.494964599609375,
736,6.5843734741210938,,0.3799896240234375,
736.10000000000002,6.5332717895507812,,0.2880096435546875,
736.20000000000005,6.4975051879882812,,0.20624542236328125,
736.29999999999995,6.46173095703125,,0.12448883056640625,
736.39999999999998,6.4770660400390625,,0.03250885009765625,
736.5,6.4591827392578125,,-0.09268951416015625,
736.60000000000002,6.4489593505859375,,-0.1923370361328125,
736.70000000000005,6.5128326416015625,,-0.2383270263671875,
736.79999999999995,6.5332717895507812,,-0.279205322265625,
736.89999999999998,6.39019775390625,,-0.3609619140625,
737,6.1883468627929688,,-0.463165283203125,
737.10000000000002,6.13214111328125,,-0.54236602783203125,
737.20000000000005,6.1832427978515625,,-0.56281280517578125,
737.29999999999995,6.1883468627929688,,-0.555145263671875,
737.39999999999998,6.1014785766601562,,-0.583251953125,
737.5,6.068267822265625,,-0.590911865234375,
737.60000000000002,6.1627960205078125,,-0.5679168701171875,
737.70000000000005,6.2343368530273438,,-0.5500335693359375,
737.79999999999995,6.2598876953125,,-0.52959442138671875,
737.89999999999998,6.2956619262695312,,-0.498931884765625,
738,6.35186767578125,,-0.44783782958984375,
738.10000000000002,6.362091064453125,,-0.40439605712890625,
738.20000000000005,6.2394485473632812,,-0.41973114013671875,
738.29999999999995,6.13214111328125,,-0.42739105224609375,
738.39999999999998,6.20623779296875,,-0.34563446044921875,
738.5,6.4234085083007812,,-0.2102203369140625,
738.60000000000002,6.6508026123046875,,-0.0620269775390625,
738.70000000000005,6.8194351196289062,,0.09127044677734375,
738.79999999999995,6.9088592529296875,,0.2496795654296875,
738.89999999999998,6.9829559326171875,,0.42342376708984375,
739,7.1004867553710938,,0.5639495849609375,
739.10000000000002,7.1796875,,0.640594482421875,
739.20000000000005,7.2946624755859375,,0.78623199462890625,
739.29999999999995,7.5348358154296875,,1.046844482421875,
739.39999999999998,7.703460693359375,,1.2972335815429688,
739.5,7.723907470703125,,1.4479751586914062,
739.60000000000002,7.7571182250976562,,1.506744384765625,
739.70000000000005,7.777557373046875,,1.4377593994140625,
739.79999999999995,7.6728057861328125,,1.2154693603515625,
739.89999999999998,7.4709625244140625,,0.90120697021484375,
740,7.3023300170898438,0,0.67125701904296875,0
740.10000000000002,7.2742233276367188,,0.59204864501953125,
740.20000000000005,7.281890869140625,,0.51540374755859375,
740.29999999999995,7.2410125732421875,,0.42342376708984375,
740.39999999999998,7.1541366577148438,,0.34421539306640625,
740.5,7.0953750610351562,,0.2777862548828125,
740.60000000000002,7.0647125244140625,,0.198577880859375,
740.70000000000005,6.9548492431640625,,0.05550384521484375,
740.79999999999995,6.8271026611328125,,-0.06458282470703125,
740.89999999999998,6.8347625732421875,,-0.08757781982421875,
741,6.9088592529296875,,-0.07480621337890625,
741.10000000000002,6.9088592529296875,,-0.06969451904296875,
741.20000000000005,6.8424301147460938,,-0.067138671875,
741.29999999999995,6.7427825927734375,,-0.067138671875,
741.39999999999998,6.6278076171875,,-0.095245361328125,
741.5,6.4923934936523438,,-0.15656280517578125,
741.60000000000002,6.397857666015625,,-0.17955780029296875,
741.70000000000005,6.4489593505859375,,-0.0901336669921875,
741.79999999999995,6.5434951782226562,,0.042724609375,
741.89999999999998,6.5716018676757812,,0.16536712646484375,
742,6.581817626953125,,0.30844879150390625,
742.10000000000002,6.5869293212890625,,0.48218536376953125,
742.20000000000005,6.6354751586914062,,0.6559295654296875,
742.29999999999995,6.7070159912109375,,0.7198028564453125,
742.39999999999998,6.6942367553710938,,0.64315032958984375,
742.5,6.7223434448242188,,0.54605865478515625,
742.60000000000002,6.8833084106445312,,0.46685791015625,
742.70000000000005,7.0263900756835938,,0.38509368896484375,
742.79999999999995,7.1107025146484375,,0.3135528564453125,
742.89999999999998,7.16180419921875,,0.23946380615234375,
743,7.2205657958984375,,0.15514373779296875,
743.10000000000002,7.2691116333007812,,0.02228546142578125,
743.20000000000005,7.1592483520507812,,-0.1540069580078125,
743.29999999999995,7.0493850708007812,,-0.26898193359375,
743.39999999999998,7.1004867553710938,,-0.32263946533203125,
743.5,7.1183700561523438,,-0.36351776123046875,
743.60000000000002,7.0825958251953125,,-0.40184783935546875,
743.70000000000005,7.0902633666992188,,-0.4401702880859375,
743.79999999999995,7.0621566772460938,,-0.445281982421875,
743.89999999999998,6.9701766967773438,,-0.42739105224609375,
744,6.7504501342773438,,-0.4580535888671875,
744.10000000000002,6.5102767944335938,,-0.50148773193359375,
744.20000000000005,6.4412918090820312,,-0.49127197265625,
744.29999999999995,6.5486068725585938,,-0.45294189453125,
744.39999999999998,6.8271026611328125,,-0.38651275634765625,
744.5,7.19757080078125,,-0.25876617431640625,
744.60000000000002,7.5987091064453125,,-0.0441436767578125,
744.70000000000005,7.9870681762695312,,0.25734710693359375,
744.79999999999995,8.275787353515625,,0.64826202392578125,
744.89999999999998,8.5006256103515625,,1.2078094482421875,
745,8.7867813110351562,,2.094390869140625,
745.10000000000002,9.231353759765625,,3.3565597534179688,
745.20000000000005,9.7449111938476562,,5.0914077758789062,
745.29999999999995,10.391326904296875,,7.4164581298828125,
745.39999999999998,11.31878662109375,,10.372589111328125,
745.5,12.282020568847656,,13.941925048828125,
745.60000000000002,12.943771362304688,,18.006931304931641,
745.70000000000005,13.327018737792969,,22.838436126708984,
745.79999999999995,13.80224609375,,28.487541198730469,
745.89999999999998,14.223823547363281,,34.719184875488281,
746,14.545753479003906,,41.597244262695312,
746.10000000000002,15.115516662597656,,48.618385314941406,
746.20000000000005,15.728717803955078,,54.586864471435547,
746.29999999999995,16.242275238037109,,58.23284912109375,
746.39999999999998,16.536098480224609,,60.320281982421875,
746.5,16.737945556640625,,62.231422424316406,
746.60000000000002,16.891242980957031,,63.879398345947266,
746.70000000000005,16.888690948486328,,65.054702758789062,
746.79999999999995,17.0777587890625,,65.4635009765625,
746.89999999999998,16.975559234619141,,65.356185913085938,
747,16.469669342041016,,63.708213806152344,
747.10000000000002,15.943340301513672,,60.195091247558594,
747.20000000000005,15.4578857421875,,57.573657989501953,
747.29999999999995,14.959663391113281,,56.285938262939453,
747.39999999999998,14.297920227050781,,54.063087463378906,
747.5,13.536529541015625,,50.72625732421875,
747.60000000000002,12.729148864746094,,47.105823516845703,
747.70000000000005,11.985641479492188,,42.652458190917969,
747.79999999999995,11.290687561035156,,37.48114013671875,
747.89999999999998,10.733695983886719,,32.767166137695312,
748,10.483306884765625,,28.648506164550781,
748.10000000000002,10.212471008300781,,24.997409820556641,
748.20000000000005,9.73724365234375,,21.839431762695312,
748.29999999999995,9.2236862182617188,,19.072364807128906,
748.39999999999998,8.6667022705078125,,16.698768615722656,
748.5,8.15570068359375,,14.279182434082031,
748.60000000000002,7.777557373046875,,11.76251220703125,
748.70000000000005,7.5348358154296875,,9.5575485229492188,
748.79999999999995,7.373870849609375,,7.8967971801757812,
748.89999999999998,7.2384567260742188,,6.693389892578125,
749,7.1643600463867188,,5.6688385009765625,
749.10000000000002,7.0953750610351562,,4.8026885986328125,
749.20000000000005,7.0468292236328125,,4.18182373046875,
749.29999999999995,7.0672683715820312,,3.6273880004882812,
749.39999999999998,7.0161666870117188,,2.996307373046875,
749.5,6.9522933959960938,,2.5006332397460938,
749.60000000000002,7.0774917602539062,,2.2374725341796875,
749.70000000000005,7.151580810546875,,2.0177383422851562,
749.79999999999995,7.1209259033203125,,1.8440017700195312,
749.89999999999998,7.2154617309570312,,1.7596893310546875,
750,7.3891983032226562,4.1551246643066406,1.6983642578125,4.1379313468933105
750.10000000000002,7.5143966674804688,,1.578277587890625,
750.20000000000005,7.5220565795898438,,1.2997894287109375,
750.29999999999995,7.447967529296875,,0.9957427978515625,
750.39999999999998,7.465850830078125,,0.842437744140625,
750.5,7.5246124267578125,,0.732574462890625,
750.60000000000002,7.4990615844726562,,0.622711181640625,
750.70000000000005,7.4709625244140625,,0.5358428955078125,
750.79999999999995,7.38153076171875,,0.45407867431640625,
750.89999999999998,7.2410125732421875,,0.3799896240234375,
751,7.1362533569335938,,0.28289794921875,
751.10000000000002,7.0033950805664062,,0.1500396728515625,
751.20000000000005,6.9292984008789062,,0.06316375732421875,
751.29999999999995,7.0468292236328125,,0.0376129150390625,
751.39999999999998,7.115814208984375,,-0.00582122802734375,
751.5,7.0212783813476562,,-0.04925537109375,
751.60000000000002,6.9446258544921875,,-0.06458282470703125,
751.70000000000005,6.896087646484375,,-0.0620269775390625,
751.79999999999995,6.875640869140625,,-0.06458282470703125,
751.89999999999998,6.8373184204101562,,-0.10291290283203125,
752,6.7095718383789062,,-0.14379119873046875,
752.10000000000002,6.7325668334960938,,-0.077362060546875,
752.20000000000005,6.9701766967773438,,0.0580596923828125,
752.29999999999995,7.16180419921875,,0.180694580078125,
752.39999999999998,7.281890869140625,,0.3365478515625,
752.5,7.3789825439453125,,0.58438873291015625,
752.60000000000002,7.4684066772460938,,0.93697357177734375,
752.70000000000005,7.6165924072265625,,1.3151168823242188,
752.79999999999995,7.7673416137695312,,1.6396026611328125,
752.89999999999998,8.0100631713867188,,2.0330734252929688,
753,8.4418563842773438,,2.536407470703125,
753.10000000000002,8.7510147094726562,,2.978424072265625,
753.20000000000005,8.5823822021484375,,3.04229736328125,
753.29999999999995,8.0994873046875,,2.6130523681640625,
753.39999999999998,7.6702499389648438,,2.0688400268554688,
753.5,7.4249725341796875,,1.6293792724609375,
753.60000000000002,7.2588958740234375,,1.2001419067382812,
753.70000000000005,7.080047607421875,,0.85521697998046875,
753.79999999999995,7.0672683715820312,,0.696807861328125,
753.89999999999998,7.1694717407226562,,0.6354827880859375,
754,7.1745758056640625,,0.57416534423828125,
754.10000000000002,7.1004867553710938,,0.48729705810546875,
754.20000000000005,7.0033950805664062,,0.4055328369140625,
754.29999999999995,6.9114151000976562,,0.311004638671875,
754.39999999999998,6.765777587890625,,0.152587890625,
754.5,6.6329193115234375,,0.01717376708984375,
754.60000000000002,6.6789093017578125,,0.0018463134765625,
754.70000000000005,6.804107666015625,,0.05039215087890625,
754.79999999999995,6.86798095703125,,0.10915374755859375,
754.89999999999998,6.8628692626953125,,0.1500396728515625,
755,6.8552017211914062,,0.19347381591796875,
755.10000000000002,6.9011917114257812,,0.25734710693359375,
755.20000000000005,6.9241867065429688,,0.3237762451171875,
755.29999999999995,6.97784423828125,,0.48729705810546875,
755.39999999999998,7.1924667358398438,,0.80411529541015625,
755.5,7.4505157470703125,,1.1975860595703125,
755.60000000000002,7.6472549438476562,,1.6089401245117188,
755.70000000000005,7.8184356689453125,,2.04840087890625,
755.79999999999995,8.0305023193359375,,2.5159683227539062,
755.89999999999998,8.2962265014648438,,2.922210693359375,
756,8.385650634765625,,3.1266098022460938,
756.10000000000002,8.1250381469726562,,3.0090789794921875,
756.20000000000005,7.7622299194335938,,2.5312957763671875,
756.29999999999995,7.547607421875,,1.928314208984375,
756.39999999999998,7.38153076171875,,1.468414306640625,
756.5,7.2129058837890625,,1.1797027587890625,
756.60000000000002,7.1209259033203125,,1.0008544921875,
756.70000000000005,7.0953750610351562,,0.8117828369140625,
756.79999999999995,7.0315017700195312,,0.566497802734375,
756.89999999999998,6.9906158447265625,,0.3799896240234375,
757,7.059600830078125,,0.2777862548828125,
757.10000000000002,7.097930908203125,,0.17303466796875,
757.20000000000005,7.0442733764648438,,0.0478363037109375,
757.29999999999995,6.9190826416015625,,-0.05947113037109375,
757.39999999999998,6.821990966796875,,-0.1080169677734375,
757.5,6.75811767578125,,-0.16678619384765625,
757.60000000000002,6.6175918579101562,,-0.24854278564453125,
757.70000000000005,6.5332717895507812,,-0.2562103271484375,
757.79999999999995,6.5409393310546875,,-0.21788787841796875,
757.89999999999998,6.4949493408203125,,-0.20766448974609375,
758,6.4182968139648438,,-0.1999969482421875,
758.10000000000002,6.3697509765625,,-0.15911865234375,
758.20000000000005,6.3467559814453125,,-0.1080169677734375,
758.29999999999995,6.379974365234375,,-0.08757781982421875,
758.39999999999998,6.4182968139648438,,-0.09268951416015625,
758.5,6.5307159423828125,,-0.02370452880859375,
758.60000000000002,6.783660888671875,,0.11937713623046875,
758.70000000000005,7.023834228515625,,0.27011871337890625,
758.79999999999995,7.1669158935546875,,0.42342376708984375,
758.89999999999998,7.2103500366210938,,0.5946044921875,
759,7.19757080078125,,0.770904541015625,
759.10000000000002,7.23590087890625,,0.87054443359375,
759.20000000000005,7.2001266479492188,,0.75301361083984375,
759.29999999999995,7.0953750610351562,,0.55117034912109375,
759.39999999999998,7.1209259033203125,,0.4617462158203125,
759.5,7.2307891845703125,,0.3978729248046875,
759.60000000000002,7.2614517211914062,,0.3058929443359375,
759.70000000000005,7.1950225830078125,,0.20624542236328125,
759.79999999999995,7.1081466674804688,,0.1117095947265625,
759.89999999999998,7.0263900756835938,,0.03250885009765625,
760,6.967620849609375,4.1551246643066406,-0.05947113037109375,4.1379313468933105
760.10000000000002,6.839874267578125,,-0.19489288330078125,
760.20000000000005,6.7632217407226562,,-0.27153778076171875,
760.29999999999995,6.8475418090820312,,-0.26642608642578125,
760.39999999999998,6.8475418090820312,,-0.2740936279296875,
760.5,6.6789093017578125,,-0.28942108154296875,
760.60000000000002,6.5026168823242188,,-0.279205322265625,
760.70000000000005,6.3927459716796875,,-0.23577117919921875,
760.79999999999995,6.3697509765625,,-0.169342041015625,
760.89999999999998,6.3876419067382812,,-0.13867950439453125,
761,6.35186767578125,,-0.1412353515625,
761.10000000000002,6.397857666015625,,-0.05947113037109375,
761.20000000000005,6.6073684692382812,,0.12448883056640625,
761.29999999999995,6.857757568359375,,0.34421539306640625,
761.39999999999998,7.097930908203125,,0.5716094970703125,
761.5,7.3585357666015625,,0.8117828369140625,
761.60000000000002,7.6549224853515625,,1.0672836303710938,
761.70000000000005,7.8899765014648438,,1.3278884887695312,
761.79999999999995,7.943634033203125,,1.49652099609375,
761.89999999999998,7.7750015258789062,,1.5092926025390625,
762,7.5884857177734375,,1.4198684692382812,
762.10000000000002,7.6012649536132812,,1.2972335815429688,
762.20000000000005,7.6728057861328125,,1.1950302124023438,
762.29999999999995,7.6881332397460938,,1.0979385375976562,
762.39999999999998,7.667694091796875,,0.98040771484375,
762.5,7.60382080078125,,0.83222198486328125,
762.60000000000002,7.5603866577148438,,0.67125701904296875,
762.70000000000005,7.5169525146484375,,0.45919036865234375,
762.79999999999995,7.3866424560546875,,0.2139129638671875,
762.89999999999998,7.30999755859375,,0.05550384521484375,
763,7.34576416015625,,-0.0313720703125,
763.10000000000002,7.3304367065429688,,-0.10291290283203125,
763.20000000000005,7.2486724853515625,,-0.1821136474609375,
763.29999999999995,7.151580810546875,,-0.2562103271484375,
763.39999999999998,6.9829559326171875,,-0.2843170166015625,
763.5,6.701904296875,,-0.28942108154296875,
763.60000000000002,6.4387359619140625,,-0.33286285400390625,
763.70000000000005,6.287994384765625,,-0.38140106201171875,
763.79999999999995,6.344207763671875,,-0.33541107177734375,
763.89999999999998,6.592041015625,,-0.21277618408203125,
764,6.8066558837890625,,-0.07480621337890625,
764.10000000000002,6.9292984008789062,,0.0759429931640625,
764.20000000000005,7.0544967651367188,,0.2420196533203125,
764.29999999999995,7.27166748046875,,0.4438629150390625,
764.39999999999998,7.5961532592773438,,0.68402862548828125,
764.5,7.9283065795898438,,0.8654327392578125,
764.60000000000002,8.2119064331054688,,0.98296356201171875,
764.70000000000005,8.4341964721679688,,1.2180252075195312,
764.79999999999995,8.4623031616210938,,1.5348434448242188,
764.89999999999998,8.32177734375,,1.6396026611328125,
765,8.1608123779296875,,1.4581985473632812,
765.10000000000002,8.0202865600585938,,1.1822586059570312,
765.20000000000005,7.9001998901367188,,0.95996856689453125,
765.29999999999995,7.815887451171875,,0.7836761474609375,
765.39999999999998,7.7162399291992188,,0.55117034912109375,
765.5,7.5348358154296875,,0.29822540283203125,
765.60000000000002,7.3994216918945312,,0.16025543212890625,
765.70000000000005,7.3840866088867188,,0.05550384521484375,
765.79999999999995,7.3943099975585938,,-0.0441436767578125,
765.89999999999998,7.3891983032226562,,-0.11568450927734375,
766,7.3329925537109375,,-0.1923370361328125,
766.10000000000002,7.218017578125,,-0.2510986328125,
766.20000000000005,7.1285858154296875,,-0.28687286376953125,
766.29999999999995,6.9292984008789062,,-0.353302001953125,
766.39999999999998,6.6150360107421875,,-0.42739105224609375,
766.5,6.4847259521484375,,-0.41973114013671875,
766.60000000000002,6.5690460205078125,,-0.3379669189453125,
766.70000000000005,6.6967926025390625,,-0.21788787841796875,
766.79999999999995,6.8015518188476562,,-0.0901336669921875,
766.89999999999998,6.9088592529296875,,0.042724609375,
767,7.0749359130859375,,0.21135711669921875,
767.10000000000002,7.3406524658203125,,0.3978729248046875,
767.20000000000005,7.593597412109375,,0.5358428955078125,
767.29999999999995,7.833770751953125,,0.68402862548828125,
767.39999999999998,8.2349014282226562,,0.9497528076171875,
767.5,8.7280197143554688,,1.2537994384765625,
767.60000000000002,8.9911880493164062,,1.5399551391601562,
767.70000000000005,8.8889846801757812,,1.7647933959960938,
767.79999999999995,8.643707275390625,,1.7699050903320312,
767.89999999999998,8.4188613891601562,,1.6268234252929688,
768,8.2732315063476562,,1.4556427001953125,
768.10000000000002,8.0330581665039062,,1.184814453125,
768.20000000000005,7.7903366088867188,,0.97019195556640625,
768.29999999999995,7.8184356689453125,,0.888427734375,
768.39999999999998,7.8899765014648438,,0.80411529541015625,
768.5,7.82354736328125,,0.66614532470703125,
768.60000000000002,7.6702499389648438,,0.494964599609375,
768.70000000000005,7.4914016723632812,,0.34932708740234375,
768.79999999999995,7.3432083129882812,,0.24456787109375,
768.89999999999998,7.2231216430664062,,0.1040496826171875,
769,7.0570526123046875,,-0.0543670654296875,
769.10000000000002,6.9548492431640625,,-0.13356781005859375,
769.20000000000005,6.9625167846679688,,-0.1412353515625,
769.29999999999995,6.857757568359375,,-0.14890289306640625,
769.39999999999998,6.6533584594726562,,-0.1463470458984375,
769.5,6.5409393310546875,,-0.11057281494140625,
769.60000000000002,6.5434951782226562,,-0.0339202880859375,
769.70000000000005,6.6508026123046875,,0.0836029052734375,
769.79999999999995,6.79388427734375,,0.1679229736328125,
769.89999999999998,6.8654251098632812,,0.2317962646484375,
770,6.9752883911132812,0,0.382537841796875,0
770.10000000000002,7.16180419921875,,0.6099395751953125,
770.20000000000005,7.3508758544921875,,0.8654327392578125,
770.29999999999995,7.5629425048828125,,1.1439285278320312,
770.39999999999998,7.8644256591796875,,1.4377593994140625,
770.5,8.2630081176757812,,1.7520217895507812,
770.60000000000002,8.5287322998046875,,2.0509567260742188,
770.70000000000005,8.421417236328125,,2.0995025634765625,
770.79999999999995,8.0969314575195312,,1.8721084594726562,
770.89999999999998,7.925750732421875,,1.670257568359375,
771,7.9385223388671875,,1.5373992919921875,
771.10000000000002,7.91552734375,,1.3738784790039062,
771.20000000000005,7.82354736328125,,1.1873626708984375,
771.29999999999995,7.7290115356445312,,1.0161819458007812,
771.39999999999998,7.6242599487304688,,0.85010528564453125,
771.5,7.547607421875,,0.658477783203125,
771.60000000000002,7.4147491455078125,,0.4157562255859375,
771.70000000000005,7.2205657958984375,,0.17813873291015625,
771.79999999999995,7.1388092041015625,,0.042724609375,
771.89999999999998,7.133697509765625,,-0.0313720703125,
772,7.097930908203125,,-0.1003570556640625,
772.10000000000002,7.0391616821289062,,-0.1540069580078125,
772.20000000000005,6.9829559326171875,,-0.18466949462890625,
772.29999999999995,6.8909759521484375,,-0.187225341796875,
772.39999999999998,6.7402267456054688,,-0.17444610595703125,
772.5,6.5792617797851562,,-0.2281036376953125,
772.60000000000002,6.5026168823242188,,-0.28687286376953125,
772.70000000000005,6.5664901733398438,,-0.22043609619140625,
772.79999999999995,6.6942367553710938,,-0.095245361328125,
772.89999999999998,6.821990966796875,,0.02228546142578125,
773,6.9471817016601562,,0.152587890625,
773.10000000000002,7.0544967651367188,,0.29822540283203125,
773.20000000000005,7.1822433471679688,,0.474517822265625,
773.29999999999995,7.3866424560546875,,0.65081787109375,
773.39999999999998,7.5348358154296875,,0.750457763671875,
773.5,7.6268157958984375,,0.83477783203125,
773.60000000000002,7.795440673828125,,1.01873779296875,
773.70000000000005,7.9896240234375,,1.2435760498046875,
773.79999999999995,8.0483856201171875,,1.46075439453125,
773.89999999999998,8.04583740234375,,1.5910568237304688,
774,8.1071548461914062,,1.5476226806640625,
774.10000000000002,8.0943756103515625,,1.3738784790039062,
774.20000000000005,7.9410781860351562,,1.118377685546875,
774.29999999999995,7.7264556884765625,,0.7836761474609375,
774.39999999999998,7.557830810546875,,0.456634521484375,
774.5,7.5041732788085938,,0.2599029541015625,
774.60000000000002,7.447967529296875,,0.13726043701171875,
774.70000000000005,7.3023300170898438,,0.0018463134765625,
774.79999999999995,7.243560791015625,,-0.1182403564453125,
774.89999999999998,7.299774169921875,,-0.22043609619140625,
775,7.3483200073242188,,-0.33286285400390625,
775.10000000000002,7.4351882934570312,,-0.4682769775390625,
775.20000000000005,7.4760665893554688,,-0.629241943359375,
775.29999999999995,7.4249725341796875,,-0.78509521484375,
775.39999999999998,7.4402999877929688,,-0.8898468017578125,
775.5,7.5348358154296875,,-0.95372772216796875,
775.60000000000002,7.5501632690429688,,-0.98438262939453125,
775.70000000000005,7.4300765991210938,,-0.98949432373046875,
775.79999999999995,7.264007568359375,,-0.9741668701171875,
775.89999999999998,7.1822433471679688,,-0.92562103271484375,
776,7.2103500366210938,,-0.8770751953125,
776.10000000000002,7.1669158935546875,,-0.8361968994140625,
776.20000000000005,7.0442733764648438,,-0.7518768310546875,
776.29999999999995,6.9369659423828125,,-0.63945770263671875,
776.39999999999998,6.8271026611328125,,-0.55258941650390625,
776.5,6.79388427734375,,-0.5091552734375,
776.60000000000002,6.9446258544921875,,-0.48871612548828125,
776.70000000000005,7.2767791748046875,,-0.43250274658203125,
776.79999999999995,7.6702499389648438,,-0.297088623046875,
776.89999999999998,8.0049514770507812,,-0.12590789794921875,
777,8.2987823486328125,,0.0759429931640625,
777.10000000000002,8.6360397338867188,,0.45407867431640625,
777.20000000000005,9.00140380859375,,1.0877227783203125,
777.29999999999995,9.433197021484375,,1.9972991943359375,
777.39999999999998,10.120491027832031,,3.2977981567382812,
777.5,11.022407531738281,,5.1629486083984375,
777.60000000000002,11.903884887695312,,7.8022613525390625,
777.70000000000005,12.601402282714844,,11.415031433105469,
777.79999999999995,13.23248291015625,,16.136672973632812,
777.89999999999998,13.970878601074219,,21.921188354492188,
778,14.709274291992188,,28.196269989013672,
778.10000000000002,15.14617919921875,,34.693634033203125,
778.20000000000005,15.462997436523438,,41.341743469238281,
778.29999999999995,16.037872314453125,,47.292339324951172,
778.39999999999998,16.569313049316406,,52.034416198730469,
778.5,16.528434753417969,,56.002334594726562,
778.60000000000002,16.316368103027344,,59.599773406982422,
778.70000000000005,16.441562652587891,,62.803741455078125,
778.79999999999995,16.6357421875,,65.177337646484375,
778.89999999999998,16.806930541992188,,66.564704895019531,
779,17.090534210205078,,66.80487060546875,
779.10000000000002,17.121192932128906,,66.286209106445312,
779.20000000000005,16.492664337158203,,64.898841857910156,
779.29999999999995,15.751712799072266,,61.978477478027344,
779.39999999999998,15.202392578125,,58.549667358398438,
779.5,14.663284301757812,,54.73760986328125,
779.60000000000002,14.057746887207031,,50.434989929199219,
779.70000000000005,13.283584594726562,,46.533504486083984,
779.79999999999995,12.407218933105469,,43.033153533935547,
779.89999999999998,11.587066650390625,,39.139335632324219,
780,10.991752624511719,0,35.028339385986328,0
780.10000000000002,10.746467590332031,,31.234165191650391,
780.20000000000005,10.600837707519531,,27.84112548828125,
780.29999999999995,10.3453369140625,,25.015293121337891,
780.39999999999998,9.9825210571289062,,22.411750793457031,
780.5,9.4970779418945312,,19.716224670410156,
780.60000000000002,8.973297119140625,,16.974708557128906,
780.70000000000005,8.3882064819335938,,14.123329162597656,
780.79999999999995,7.8209915161132812,,11.647537231445312,
780.89999999999998,7.41986083984375,,9.7491683959960938,
781,7.1311416625976562,,8.165069580078125,
781.10000000000002,6.9574050903320312,,6.8850173950195312,
781.20000000000005,6.913970947265625,,5.8144683837890625,
781.29999999999995,6.8858642578125,,5.0045394897460938,
781.39999999999998,6.8194351196289062,,4.4066619873046875,
781.5,6.7325668334960938,,3.77813720703125,
781.60000000000002,6.6252517700195312,,3.106170654296875,
781.70000000000005,6.6686859130859375,,2.6181640625,
781.79999999999995,6.811767578125,,2.2553558349609375,
781.89999999999998,6.8322067260742188,,1.9410934448242188,
782,6.8194351196289062,,1.6677093505859375,
782.10000000000002,6.804107666015625,,1.4096527099609375,
782.20000000000005,6.783660888671875,,1.2205810546875,
782.29999999999995,6.804107666015625,,1.0749435424804688,
782.39999999999998,6.821990966796875,,0.8654327392578125,
782.5,6.8373184204101562,,0.658477783203125,
782.60000000000002,6.967620849609375,,0.55628204345703125,
782.70000000000005,7.172027587890625,,0.47707366943359375,
782.79999999999995,7.2742233276367188,,0.37232208251953125,
782.89999999999998,7.243560791015625,,0.2650146484375,
783,7.1873550415039062,,0.152587890625,
783.10000000000002,7.1311416625976562,,0.052947998046875,
783.20000000000005,7.080047607421875,,-0.04925537109375,
783.29999999999995,7.0340576171875,,-0.18978118896484375,
783.39999999999998,7.0161666870117188,,-0.314971923828125,
783.5,7.12603759765625,,-0.37885284423828125,
783.60000000000002,7.2486724853515625,,-0.44272613525390625,
783.70000000000005,7.3023300170898438,,-0.5142669677734375,
783.79999999999995,7.3048858642578125,,-0.58835601806640625,
783.89999999999998,7.2691116333007812,,-0.67523193359375,
784,7.1950225830078125,,-0.74932098388671875,
784.10000000000002,7.0442733764648438,,-0.82086181640625,
784.20000000000005,6.7887725830078125,,-0.90773773193359375,
784.29999999999995,6.5767059326171875,,-0.96905517578125,
784.39999999999998,6.5205001831054688,,-0.9818267822265625,
784.5,6.4693984985351562,,-0.9358367919921875,
784.60000000000002,6.2598876953125,,-0.84641265869140625,
784.70000000000005,6.0146102905273438,,-0.7442169189453125,
784.79999999999995,5.9813919067382812,,-0.63434600830078125,
784.89999999999998,6.1244735717773438,,-0.54236602783203125,
785,6.2292327880859375,,-0.49127197265625,
785.10000000000002,6.27777099609375,,-0.45549774169921875,
785.20000000000005,6.4106369018554688,,-0.38651275634765625,
785.29999999999995,6.691680908203125,,-0.24088287353515625,
785.39999999999998,7.0289459228515625,,-0.0441436767578125,
785.5,7.2972183227539062,,0.14748382568359375,
785.60000000000002,7.4530715942382812,,0.346771240234375,
785.70000000000005,7.5424957275390625,,0.57927703857421875,
785.79999999999995,7.6753616333007812,,0.8398895263671875,
785.89999999999998,7.8823165893554688,,1.064727783203125,
786,8.071380615234375,,1.2716827392578125,
786.10000000000002,8.3141098022460938,,1.5910568237304688,
786.20000000000005,8.7637863159179688,,1.9717483520507812,
786.29999999999995,9.1725921630859375,,2.250244140625,
786.39999999999998,9.2569046020507812,,2.2987899780273438,
786.5,9.0959396362304688,,2.1250534057617188,
786.60000000000002,8.8711013793945312,,1.910430908203125,
786.70000000000005,8.6667022705078125,,1.6549301147460938,
786.79999999999995,8.3728713989257812,,1.3304443359375,
786.89999999999998,8.1250381469726562,,1.0800552368164062,
787,8.1250381469726562,,0.9574127197265625,
787.10000000000002,8.1965789794921875,,0.8654327392578125,
787.20000000000005,8.1224822998046875,,0.714691162109375,
787.29999999999995,7.9283065795898438,,0.512847900390625,
787.39999999999998,7.7622299194335938,,0.346771240234375,
787.5,7.6242599487304688,,0.19347381591796875,
787.60000000000002,7.437744140625,,0.0069580078125,
787.70000000000005,7.2972183227539062,,-0.11057281494140625,
787.79999999999995,7.2563400268554688,,-0.13867950439453125,
787.89999999999998,7.1771316528320312,,-0.1463470458984375,
788,7.0851516723632812,,-0.1412353515625,
788.10000000000002,7.0825958251953125,,-0.10546112060546875,
788.20000000000005,7.207794189453125,,-0.0160369873046875,
788.29999999999995,7.4070816040039062,,0.07338714599609375,
788.39999999999998,7.5527191162109375,,0.14748382568359375,
788.5,7.6983566284179688,,0.29822540283203125,
788.60000000000002,7.8848724365234375,,0.52306365966796875,
788.70000000000005,7.9972915649414062,,0.7734527587890625,
788.79999999999995,7.9845123291015625,,1.0289535522460938,
788.89999999999998,7.907867431640625,,1.2052536010742188,
789,7.851654052734375,,1.2282485961914062,
789.10000000000002,7.7162399291992188,,1.0340652465820312,
789.20000000000005,7.5118408203125,,0.76068115234375,
789.29999999999995,7.4147491455078125,,0.61504364013671875,
789.39999999999998,7.4121932983398438,,0.52817535400390625,
789.5,7.3968658447265625,,0.41064453125,
789.60000000000002,7.3023300170898438,,0.2650146484375,
789.70000000000005,7.1541366577148438,,0.1219329833984375,
789.79999999999995,7.0110626220703125,,-0.00070953369140625,
789.89999999999998,6.85009765625,,-0.15656280517578125,
790,6.6686859130859375,0,-0.3022003173828125,0
790.10000000000002,6.5434951782226562,,-0.34052276611328125,
790.20000000000005,6.5102767944335938,,-0.279205322265625,
790.29999999999995,6.5511627197265625,,-0.14890289306640625,
790.39999999999998,6.6124801635742188,,0.0299530029296875,
790.5,6.7172317504882812,,0.23946380615234375,
790.60000000000002,6.913970947265625,,0.46685791015625,
790.70000000000005,7.1004867553710938,,0.62526702880859375,
790.79999999999995,7.1924667358398438,,0.7555694580078125,
790.89999999999998,7.335540771484375,,1.0034027099609375,
791,7.5859375,,1.3100051879882812,
791.10000000000002,7.7341232299804688,,1.5808334350585938,
791.20000000000005,7.6932449340820312,,1.7290267944335938,
791.29999999999995,7.6268157958984375,,1.7239151000976562,
791.39999999999998,7.5322799682617188,,1.6498184204101562,
791.5,7.391754150390625,,1.4633026123046875,
791.60000000000002,7.3380966186523438,,1.2129135131835938,
791.70000000000005,7.3943099975585938,,1.0774993896484375,
791.79999999999995,7.5246124267578125,,0.9855194091796875,
791.89999999999998,7.657470703125,,0.85521697998046875,
792,7.7520065307617188,,0.70702362060546875,
792.10000000000002,7.8184356689453125,,0.55117034912109375,
792.20000000000005,7.8082199096679688,,0.3876495361328125,
792.29999999999995,7.777557373046875,,0.21646881103515625,
792.39999999999998,7.6906890869140625,,0.0120697021484375,
792.5,7.5731582641601562,,-0.187225341796875,
792.60000000000002,7.6753616333007812,,-0.31241607666015625,
792.70000000000005,7.887420654296875,,-0.3992919921875,
792.79999999999995,7.91552734375,,-0.48360443115234375,
792.89999999999998,7.8133316040039062,,-0.56281280517578125,
793,7.6446990966796875,,-0.63434600830078125,
793.10000000000002,7.4505157470703125,,-0.70078277587890625,
793.20000000000005,7.299774169921875,,-0.7672119140625,
793.29999999999995,7.133697509765625,,-0.8438568115234375,
793.39999999999998,7.023834228515625,,-0.89495849609375,
793.5,7.0442733764648438,,-0.89240264892578125,
793.60000000000002,7.151580810546875,,-0.848968505859375,
793.70000000000005,7.218017578125,,-0.7799835205078125,
793.79999999999995,7.1924667358398438,,-0.71355438232421875,
793.89999999999998,7.2052383422851562,,-0.6522369384765625,
794,7.3662033081054688,,-0.59857940673828125,
794.10000000000002,7.7111282348632812,,-0.5679168701171875,
794.20000000000005,8.0841598510742188,,-0.52703857421875,
794.29999999999995,8.5312881469726562,,-0.3992919921875,
794.39999999999998,9.0908279418945312,,-0.10546112060546875,
794.5,9.6299362182617188,,0.4336395263671875,
794.60000000000002,10.169036865234375,,1.3151168823242188,
794.70000000000005,10.741355895996094,,2.6079483032226562,
794.79999999999995,11.306015014648438,,4.5088653564453125,
794.89999999999998,11.717369079589844,,7.0051040649414062,
795,12.069961547851562,,10.316383361816406,
795.10000000000002,12.596290588378906,,14.782524108886719,
795.20000000000005,13.186492919921875,,20.367748260498047,
795.29999999999995,13.562080383300781,,26.92132568359375,
795.39999999999998,14.001541137695312,,34.008895874023438,
795.5,14.785926818847656,,40.978935241699219,
795.60000000000002,15.562644958496094,,47.248905181884766,
795.70000000000005,15.920345306396484,,52.734489440917969,
795.79999999999995,16.096637725830078,,58.110206604003906,
795.89999999999998,16.530990600585938,,63.209987640380859,
796,17.021549224853516,,67.68890380859375,
796.10000000000002,17.484004974365234,,71.36810302734375,
796.20000000000005,17.972007751464844,,73.938430786132812,
796.29999999999995,18.365478515625,,74.998756408691406,
796.39999999999998,18.4395751953125,,74.579734802246094,
796.5,18.304157257080078,,74.549079895019531,
796.60000000000002,18.322044372558594,,75.468879699707031,
796.70000000000005,18.401248931884766,,76.250709533691406,
796.79999999999995,18.460014343261719,,76.401451110839844,
796.89999999999998,18.260723114013672,,76.005424499511719,
797,17.662853240966797,,74.209259033203125,
797.10000000000002,16.881023406982422,,70.315444946289062,
797.20000000000005,16.053203582763672,,66.288764953613281,
797.29999999999995,15.337806701660156,,62.499698638916016,
797.39999999999998,14.555976867675781,,57.778060913085938,
797.5,13.631065368652344,,52.6220703125,
797.60000000000002,12.777694702148438,,47.174808502197266,
797.70000000000005,12.118507385253906,,41.175670623779297,
797.79999999999995,11.418434143066406,,34.961910247802734,
797.89999999999998,10.496078491210938,,29.443111419677734,
798,9.6938095092773438,,24.890098571777344,
798.10000000000002,9.1061630249023438,,20.993724822998047,
798.20000000000005,8.6079330444335938,,17.585353851318359,
798.29999999999995,8.1812515258789062,,14.619003295898438,
798.39999999999998,7.78778076171875,,12.20452880859375,
798.5,7.4147491455078125,,10.147750854492188,
798.60000000000002,7.0672683715820312,,8.3694686889648438,
798.70000000000005,6.913970947265625,,7.0664215087890625,
798.79999999999995,6.921630859375,,6.0367584228515625,
798.89999999999998,6.8909759521484375,,5.1680526733398438,
799,6.8449859619140625,,4.4807586669921875,
799.10000000000002,6.8066558837890625,,3.9467620849609375,
799.20000000000005,6.8347625732421875,,3.509857177734375,
799.29999999999995,6.8245468139648438,,2.9605331420898438,
799.39999999999998,6.7504501342773438,,2.3984375,
799.5,6.7887725830078125,,2.04840087890625,
799.60000000000002,6.8194351196289062,,1.7980117797851562,
799.70000000000005,6.7964401245117188,,1.5680618286132812,
799.79999999999995,6.821990966796875,,1.3559951782226562,
799.89999999999998,6.839874267578125,,1.1362686157226562,
800,6.783660888671875,3.3783783912658691,0.9114227294921875,3.3707866668701172
800.10000000000002,6.7070159912109375,,0.65081787109375,
800.20000000000005,6.673797607421875,,0.3799896240234375,
800.29999999999995,6.599700927734375,,0.180694580078125,
800.39999999999998,6.3850860595703125,,0.02228546142578125,
800.5,6.2343368530273438,,-0.113128662109375,
800.60000000000002,6.1985702514648438,,-0.22043609619140625,
800.70000000000005,6.0784835815429688,,-0.3303070068359375,
800.79999999999995,5.902191162109375,,-0.43250274658203125,
800.89999999999998,5.828094482421875,,-0.53981781005859375,
801,5.8025436401367188,,-0.665008544921875,
801.10000000000002,5.7131195068359375,,-0.756988525390625,
801.20000000000005,5.6313629150390625,,-0.80042266845703125,
801.29999999999995,5.5853729248046875,,-0.83364105224609375,
801.39999999999998,5.5751495361328125,,-0.8821868896484375,
801.5,5.5598220825195312,,-0.9281768798828125,
801.60000000000002,5.5547103881835938,,-0.958831787109375,
801.70000000000005,5.570037841796875,,-0.96905517578125,
801.79999999999995,5.5240478515625,,-0.9869384765625,
801.89999999999998,5.4806137084960938,,-1.0099334716796875,
802,5.5547103881835938,,-0.99971771240234375,
802.10000000000002,5.6645736694335938,,-0.9639434814453125,
802.20000000000005,5.7488861083984375,,-0.9000701904296875,
802.29999999999995,5.8791961669921875,,-0.813201904296875,
802.39999999999998,5.9737319946289062,,-0.74932098388671875,
802.5,6.0503768920898438,,-0.70844268798828125,
802.60000000000002,6.1832427978515625,,-0.68544769287109375,
802.70000000000005,6.3416519165039062,,-0.67267608642578125,
802.79999999999995,6.6226959228515625,,-0.59346771240234375,
802.89999999999998,6.9752883911132812,,-0.445281982421875,
803,7.2563400268554688,,-0.2843170166015625,
803.10000000000002,7.557830810546875,,-0.12590789794921875,
803.20000000000005,7.8950881958007812,,0.0299530029296875,
803.29999999999995,8.2783432006835938,,0.1960296630859375,
803.39999999999998,8.679473876953125,,0.2880096435546875,
803.5,8.9758529663085938,,0.3237762451171875,
803.60000000000002,9.2850112915039062,,0.4438629150390625,
803.70000000000005,9.6784820556640625,,0.59716033935546875,
803.79999999999995,10.046401977539062,,0.69936370849609375,
803.89999999999998,10.271240234375,,0.79644775390625,
804,10.3453369140625,,0.916534423828125,
804.10000000000002,10.335113525390625,,0.99829864501953125,
804.20000000000005,10.158821105957031,,0.87821197509765625,
804.29999999999995,9.8675460815429688,,0.7274627685546875,
804.39999999999998,9.7525711059570312,,0.7479095458984375,
804.5,9.7883453369140625,,0.7938995361328125,
804.60000000000002,9.5328445434570312,,0.79644775390625,
804.70000000000005,8.8353271484375,,0.76834869384765625,
804.79999999999995,8.201690673828125,,0.68402862548828125,
804.89999999999998,7.8286590576171875,,0.49240875244140625,
805,7.465850830078125,,0.219024658203125,
805.10000000000002,7.2026824951171875,,0.02484130859375,
805.20000000000005,7.1745758056640625,,-0.0441436767578125,
805.29999999999995,7.2001266479492188,,-0.09780120849609375,
805.39999999999998,7.16180419921875,,-0.1540069580078125,
805.5,7.0647125244140625,,-0.1923370361328125,
805.60000000000002,7.0033950805664062,,-0.21277618408203125,
805.70000000000005,7.0008392333984375,,-0.31241607666015625,
805.79999999999995,7.0621566772460938,,-0.43250274658203125,
805.89999999999998,7.2870025634765625,,-0.43505859375,
806,7.5808258056640625,,-0.3609619140625,
806.10000000000002,7.795440673828125,,-0.25365447998046875,
806.20000000000005,7.9308624267578125,,-0.09780120849609375,
806.29999999999995,8.08160400390625,,0.11426544189453125,
806.39999999999998,8.3038864135742188,,0.32633209228515625,
806.5,8.5057373046875,,0.494964599609375,
806.60000000000002,8.8353271484375,,0.7376861572265625,
806.70000000000005,9.4383087158203125,,1.0749435424804688,
806.79999999999995,10.071952819824219,,1.404541015625,
806.89999999999998,10.352996826171875,,1.708587646484375,
807,10.018295288085938,,1.9180984497070312,
807.10000000000002,9.425537109375,,1.8695526123046875,
807.20000000000005,8.9145355224609375,,1.4658584594726562,
807.29999999999995,8.4878463745117188,,1.0161819458007812,
807.39999999999998,8.2732315063476562,,0.80922698974609375,
807.5,8.15570068359375,,0.6814727783203125,
807.60000000000002,7.9283065795898438,,0.5435028076171875,
807.70000000000005,7.60382080078125,,0.402984619140625,
807.79999999999995,7.3023300170898438,,0.28034210205078125,
807.89999999999998,7.0851516723632812,,0.162811279296875,
808,6.8705368041992188,,-0.0160369873046875,
808.10000000000002,6.7274551391601562,,-0.1540069580078125,
808.20000000000005,6.7606658935546875,,-0.19489288330078125,
808.29999999999995,6.8143234252929688,,-0.22043609619140625,
808.39999999999998,6.839874267578125,,-0.2459869384765625,
808.5,6.913970947265625,,-0.26387786865234375,
808.60000000000002,7.0315017700195312,,-0.27664947509765625,
808.70000000000005,7.1566925048828125,,-0.33286285400390625,
808.79999999999995,7.3074417114257812,,-0.41973114013671875,
808.89999999999998,7.5808258056640625,,-0.4120635986328125,
809,7.9461898803710938,,-0.31752777099609375,
809.10000000000002,8.1786956787109375,,-0.187225341796875,
809.20000000000005,8.3064422607421875,,-0.0313720703125,
809.29999999999995,8.477630615234375,,0.1398162841796875,
809.39999999999998,8.7203521728515625,,0.3339996337890625,
809.5,8.9911880493164062,,0.45919036865234375,
809.60000000000002,9.3207778930664062,,0.558837890625,
809.70000000000005,9.875213623046875,,0.7836761474609375,
809.79999999999995,10.432205200195312,,1.0442886352539062,
809.89999999999998,10.613609313964844,,1.2589035034179688,
810,10.490966796875,0,1.4377593994140625,0
810.10000000000002,10.120491027832031,,1.552734375,
810.20000000000005,9.5558395385742188,,1.4428634643554688,
810.29999999999995,8.9579696655273438,,1.0774993896484375,
810.39999999999998,8.44952392578125,,0.78623199462890625,
810.5,8.2221298217773438,,0.71213531494140625,
810.60000000000002,8.173583984375,,0.6814727783203125,
810.70000000000005,8.0560531616210938,,0.604827880859375,
810.79999999999995,7.8388824462890625,,0.4898529052734375,
810.89999999999998,7.6012649536132812,,0.36209869384765625,
811,7.4070816040039062,,0.23435211181640625,
811.10000000000002,7.172027587890625,,0.035064697265625,
811.20000000000005,6.94207763671875,,-0.14890289306640625,
811.29999999999995,6.9088592529296875,,-0.21533203125,
811.39999999999998,6.9727325439453125,,-0.2383270263671875,
811.5,7.005950927734375,,-0.2562103271484375,
811.60000000000002,7.0570526123046875,,-0.279205322265625,
811.70000000000005,7.1643600463867188,,-0.297088623046875,
811.79999999999995,7.3380966186523438,,-0.314971923828125,
811.89999999999998,7.5450515747070312,,-0.3941802978515625,
812,7.74945068359375,,-0.4580535888671875,
812.10000000000002,8.0151748657226562,,-0.3941802978515625,
812.20000000000005,8.2808914184570312,,-0.2562103271484375,
812.29999999999995,8.513397216796875,,-0.113128662109375,
812.39999999999998,8.70758056640625,,0.05550384521484375,
812.5,8.9119796752929688,,0.25223541259765625,
812.60000000000002,9.2390213012695312,,0.49240875244140625,
812.70000000000005,9.6043853759765625,,0.678924560546875,
812.79999999999995,9.9697494506835938,,0.78623199462890625,
812.89999999999998,10.580390930175781,,0.9957427978515625,
813,11.489974975585938,,1.2921218872070312,
813.10000000000002,12.322906494140625,,1.5655059814453125,
813.20000000000005,12.724037170410156,,1.7673492431640625,
813.29999999999995,12.557960510253906,,1.8491134643554688,
813.39999999999998,12.394447326660156,,1.8848800659179688,
813.5,12.9207763671875,,1.8516693115234375,
813.60000000000002,12.905441284179688,,1.60638427734375,
813.70000000000005,11.699485778808594,,1.3304443359375,
813.79999999999995,10.498634338378906,,1.1720352172851562,
813.89999999999998,9.5967178344726562,,1.026397705078125,
814,9.1981430053710938,,0.97530364990234375,
814.10000000000002,9.4842987060546875,,1.1311569213867188,
814.20000000000005,10.020851135253906,,1.4633026123046875,
814.29999999999995,10.542068481445312,,1.7724609375,
814.39999999999998,10.828231811523438,,1.9129867553710938,
814.5,10.856330871582031,,2.030517578125,
814.60000000000002,11.114387512207031,,2.2144775390625,
814.70000000000005,11.518081665039062,,2.4009933471679688,
814.79999999999995,11.510414123535156,,2.5798416137695312,
814.89999999999998,11.119499206542969,,2.6207199096679688,
815,10.646827697753906,,2.4418716430664062,
815.10000000000002,10.227806091308594,,2.0356292724609375,
815.20000000000005,9.7909011840820312,,1.542510986328125,
815.29999999999995,9.3948745727539062,,1.2052536010742188,
815.39999999999998,9.2543487548828125,,1.0493927001953125,
815.5,9.1623687744140625,,0.94208526611328125,
815.60000000000002,8.8711013793945312,,0.8296661376953125,
815.70000000000005,8.5108413696289062,,0.71724700927734375,
815.79999999999995,8.2323532104492188,,0.622711181640625,
815.89999999999998,8.017730712890625,,0.46685791015625,
816,7.82354736328125,,0.2599029541015625,
816.10000000000002,7.703460693359375,,0.14237213134765625,
816.20000000000005,7.6702499389648438,,0.08615875244140625,
816.29999999999995,7.6421432495117188,,0.04528045654296875,
816.39999999999998,7.657470703125,,0.0069580078125,
816.5,7.8184356689453125,,-0.0441436767578125,
816.60000000000002,8.091827392578125,,-0.077362060546875,
816.70000000000005,8.3243331909179688,,-0.12845611572265625,
816.79999999999995,8.3652114868164062,,-0.16678619384765625,
816.89999999999998,8.4674072265625,,-0.0901336669921875,
817,8.81744384765625,,0.09127044677734375,
817.10000000000002,9.2236862182617188,,0.28545379638671875,
817.20000000000005,9.6375961303710938,,0.49240875244140625,
817.29999999999995,10.002967834472656,,0.7274627685546875,
817.39999999999998,10.350440979003906,,0.97019195556640625,
817.5,10.728584289550781,,1.1669235229492188,
817.60000000000002,10.835891723632812,,1.2589035034179688,
817.70000000000005,10.654487609863281,,1.3636627197265625,
817.79999999999995,10.526741027832031,,1.5092926025390625,
817.89999999999998,10.447532653808594,,1.5399551391601562,
818,10.186927795410156,,1.4173126220703125,
818.10000000000002,9.7423553466796875,,1.2333526611328125,
818.20000000000005,9.2185821533203125,,1.0519485473632812,
818.29999999999995,8.7177963256835938,,0.86032867431640625,
818.39999999999998,8.3371047973632812,,0.58438873291015625,
818.5,8.0483856201171875,,0.31866455078125,
818.60000000000002,7.9487457275390625,,0.180694580078125,
818.70000000000005,7.9461898803710938,,0.09638214111328125,
818.79999999999995,7.8669815063476562,,0.0120697021484375,
818.89999999999998,7.7545623779296875,,-0.056915283203125,
819,7.667694091796875,,-0.11568450927734375,
819.10000000000002,7.6472549438476562,,-0.15145111083984375,
819.20000000000005,7.7520065307617188,,-0.21788787841796875,
819.29999999999995,7.9896240234375,,-0.32263946533203125,
819.39999999999998,8.3652114868164062,,-0.32263946533203125,
819.5,8.8506622314453125,,-0.22043609619140625,
819.60000000000002,9.3207778930664062,,-0.08502197265625,
819.70000000000005,9.7270278930664062,,0.09127044677734375,
819.79999999999995,10.023406982421875,,0.311004638671875,
819.89999999999998,10.245689392089844,,0.5639495849609375,
820,10.608497619628906,3.5842292308807373,0.806671142578125,0
820.10000000000002,10.976417541503906,,0.954864501953125,
820.20000000000005,11.28302001953125,,1.1132736206054688,
820.29999999999995,11.707145690917969,,1.3738784790039062,
820.39999999999998,11.993309020996094,,1.624267578125,
820.5,11.771026611328125,,1.8210067749023438,
820.60000000000002,11.295791625976562,,1.8721084594726562,
820.70000000000005,10.927871704101562,,1.7111434936523438,
820.79999999999995,10.521629333496094,,1.4403076171875,
820.89999999999998,9.9007644653320312,,1.064727783203125,
821,9.0090713500976562,,0.66614532470703125,
821.10000000000002,8.1480331420898438,,0.382537841796875,
821.20000000000005,7.7520065307617188,,0.219024658203125,
821.29999999999995,7.685577392578125,,0.152587890625,
821.39999999999998,7.6242599487304688,,0.1219329833984375,
821.5,7.5424957275390625,,0.08615875244140625,
821.60000000000002,7.4402999877929688,,0.0376129150390625,
821.70000000000005,7.3023300170898438,,-0.05181121826171875,
821.79999999999995,7.1285858154296875,,-0.19744110107421875,
821.89999999999998,7.0442733764648438,,-0.297088623046875,
822,7.1541366577148438,,-0.314971923828125,
822.10000000000002,7.3151016235351562,,-0.30475616455078125,
822.20000000000005,7.4147491455078125,,-0.30475616455078125,
822.29999999999995,7.52972412109375,,-0.29964447021484375,
822.39999999999998,7.7162399291992188,,-0.24854278564453125,
822.5,7.9487457275390625,,-0.1412353515625,
822.60000000000002,8.1786956787109375,,-0.05947113037109375,
822.70000000000005,8.37542724609375,,0.0197296142578125,
822.79999999999995,8.6385955810546875,,0.23435211181640625,
822.89999999999998,9.0167312622070312,,0.52306365966796875,
823,9.4050979614257812,,0.81689453125,
823.10000000000002,9.7270278930664062,,1.146484375,
823.20000000000005,10.000411987304688,,1.5399551391601562,
823.29999999999995,10.261016845703125,,2.002410888671875,
823.39999999999998,10.475639343261719,,2.45208740234375,
823.5,10.240577697753906,,2.6692657470703125,
823.60000000000002,9.7065811157226562,,2.5747299194335938,
823.70000000000005,9.433197021484375,,2.3115692138671875,
823.79999999999995,9.2645721435546875,,1.9717483520507812,
823.89999999999998,9.0499496459960938,,1.6319351196289062,
824,8.8557662963867188,,1.358551025390625,
824.10000000000002,8.679473876953125,,1.146484375,
824.20000000000005,8.4980697631835938,,0.9676361083984375,
824.29999999999995,8.2987823486328125,,0.714691162109375,
824.39999999999998,8.035614013671875,,0.402984619140625,
824.5,7.8363265991210938,,0.20113372802734375,
824.60000000000002,7.7979965209960938,,0.09893798828125,
824.70000000000005,7.7315673828125,,0.014617919921875,
824.79999999999995,7.5910415649414062,,-0.0441436767578125,
824.89999999999998,7.4607391357421875,,-0.08757781982421875,
825,7.3789825439453125,,-0.1182403564453125,
825.10000000000002,7.3432083129882812,,-0.17189788818359375,
825.20000000000005,7.28955078125,,-0.2843170166015625,
825.29999999999995,7.2870025634765625,,-0.3481903076171875,
825.39999999999998,7.4990615844726562,,-0.26642608642578125,
825.5,7.8363265991210938,,-0.1182403564453125,
825.60000000000002,8.0841598510742188,,0.04528045654296875,
825.70000000000005,8.2144622802734375,,0.24456787109375,
825.79999999999995,8.3575439453125,,0.4847412109375,
825.89999999999998,8.513397216796875,,0.79644775390625,
826,8.8046722412109375,,1.1030502319335938,
826.10000000000002,9.2109146118164062,,1.3202285766601562,
826.20000000000005,9.6759262084960938,,1.5680618286132812,
826.29999999999995,10.166481018066406,,1.9538650512695312,
826.39999999999998,10.258460998535156,,2.3039016723632812,
826.5,10.002967834472656,,2.3652191162109375,
826.60000000000002,9.7270278930664062,,2.1327133178710938,
826.70000000000005,9.4357528686523438,,1.8133392333984375,
826.79999999999995,9.11126708984375,,1.5348434448242188,
826.89999999999998,8.8072280883789062,,1.2640151977539062,
827,8.4444122314453125,,0.934417724609375,
827.10000000000002,8.1301498413085938,,0.68658447265625,
827.20000000000005,8.0381698608398438,,0.56905364990234375,
827.29999999999995,7.9589614868164062,,0.4719696044921875,
827.39999999999998,7.8286590576171875,,0.37743377685546875,
827.5,7.7111282348632812,,0.28545379638671875,
827.60000000000002,7.547607421875,,0.19347381591796875,
827.70000000000005,7.4045257568359375,,0.1219329833984375,
827.79999999999995,7.3202133178710938,,0.0197296142578125,
827.89999999999998,7.2129058837890625,,-0.16167449951171875,
828,7.218017578125,,-0.3200836181640625,
828.10000000000002,7.5246124267578125,,-0.40184783935546875,
828.20000000000005,7.8490982055664062,,-0.463165283203125,
828.29999999999995,7.9513015747070312,,-0.53470611572265625,
828.39999999999998,7.9053115844726562,,-0.62157440185546875,
828.5,7.8312149047851562,,-0.70078277587890625,
828.60000000000002,7.8312149047851562,,-0.7672119140625,
828.70000000000005,7.8567657470703125,,-0.83364105224609375,
828.79999999999995,7.7366790771484375,,-0.91539764404296875,
828.89999999999998,7.6268157958984375,,-0.97927093505859375,
829,7.7111282348632812,,-0.99971771240234375,
829.10000000000002,7.69580078125,,-1.0099334716796875,
829.20000000000005,7.4454116821289062,,-1.015045166015625,
829.29999999999995,7.2052383422851562,,-1.0227127075195312,
829.39999999999998,7.2307891845703125,,-1.0278167724609375,
829.5,7.38153076171875,,-1.0099334716796875,
829.60000000000002,7.4300765991210938,,-0.96905517578125,
829.70000000000005,7.3074417114257812,,-0.92562103271484375,
829.79999999999995,7.0953750610351562,,-0.87963104248046875,
829.89999999999998,6.9957275390625,,-0.82086181640625,
830,7.0493850708007812,18.800357818603516,-0.756988525390625,18.154312133789062
830.10000000000002,7.172027587890625,,-0.70333099365234375,
830.20000000000005,7.3227691650390625,,-0.64456939697265625,
830.29999999999995,7.4326324462890625,,-0.54236602783203125,
830.39999999999998,7.5041732788085938,,-0.37374114990234375,
830.5,7.6702499389648438,,-0.1923370361328125,
830.60000000000002,7.86187744140625,,-0.12335205078125,
830.70000000000005,8.0509414672851562,,-0.16167449951171875,
830.79999999999995,8.2476806640625,,-0.23577117919921875,
830.89999999999998,8.3268814086914062,,-0.35074615478515625,
831,8.33966064453125,,-0.50659942626953125,
831.10000000000002,8.4367523193359375,,-0.665008544921875,
831.20000000000005,8.5287322998046875,,-0.802978515625,
831.29999999999995,8.5312881469726562,,-0.90773773193359375,
831.39999999999998,8.5108413696289062,,-0.9818267822265625,
831.5,8.367767333984375,,-1.0303726196289062,
831.60000000000002,8.0994873046875,,-1.050811767578125,
831.70000000000005,7.8414306640625,,-1.0661468505859375,
831.79999999999995,7.5501632690429688,,-1.0763626098632812,
831.89999999999998,7.2512283325195312,,-1.0814743041992188,
832,7.1081466674804688,,-1.089141845703125,
832.10000000000002,7.427520751953125,,-1.0942459106445312,
832.20000000000005,7.943634033203125,,-1.1019134521484375,
832.29999999999995,8.1301498413085938,,-1.1019134521484375,
832.39999999999998,8.1071548461914062,,-1.1019134521484375,
832.5,8.1659164428710938,,-1.0942459106445312,
832.60000000000002,8.3805389404296875,,-1.0712509155273438,
832.70000000000005,8.7152481079101562,,-1.015045166015625,
832.79999999999995,9.3131179809570312,,-0.92050933837890625,
832.89999999999998,10.478195190429688,,-0.8080902099609375,
833,11.730140686035156,,-0.71355438232421875,
833.10000000000002,13.010200500488281,,-0.57558441162109375,
833.20000000000005,14.550865173339844,,-0.28176116943359375,
833.29999999999995,15.217720031738281,,0.152587890625,
833.39999999999998,15.14617919921875,,0.640594482421875,
833.5,14.9801025390625,,1.2129135131835938,
833.60000000000002,14.647956848144531,,2.2016983032226562,
833.70000000000005,14.451217651367188,,3.8164596557617188,
833.79999999999995,14.313247680664062,,6.1134033203125,
833.89999999999998,14.333686828613281,,9.7670516967773438,
834,14.6505126953125,,15.434043884277344,
834.10000000000002,15.204940795898438,,22.685134887695312,
834.20000000000005,15.922897338867188,,30.850914001464844,
834.29999999999995,16.612747192382812,,39.831737518310547,
834.39999999999998,17.271938323974609,,49.039958953857422,
834.5,18.109977722167969,,56.750946044921875,
834.60000000000002,19.303165435791016,,62.928939819335938,
834.70000000000005,20.800392150878906,,67.83709716796875,
834.79999999999995,22.052345275878906,,71.373214721679688,
834.89999999999998,22.910823822021484,,73.53985595703125,
835,23.705429077148438,,74.383003234863281,
835.10000000000002,23.973705291748047,,74.707489013671875,
835.20000000000005,23.736087799072266,,74.298690795898438,
835.29999999999995,23.340065002441406,,73.695709228515625,
835.39999999999998,22.698757171630859,,72.985420227050781,
835.5,21.520904541015625,,70.698692321777344,
835.60000000000002,19.901035308837891,,66.526382446289062,
835.70000000000005,18.424243927001953,,61.091896057128906,
835.79999999999995,17.233615875244141,,55.412128448486328,
835.89999999999998,16.288265228271484,,49.913768768310547,
836,15.422119140625,,45.363315582275391,
836.10000000000002,14.26214599609375,,41.387733459472656,
836.20000000000005,12.621841430664062,,36.331390380859375,
836.29999999999995,10.996856689453125,,30.825363159179688,
836.39999999999998,9.8241119384765625,,25.385768890380859,
836.5,8.9503021240234375,,20.107139587402344,
836.60000000000002,8.1965789794921875,,15.503028869628906,
836.70000000000005,7.649810791015625,,12.145759582519531,
836.79999999999995,7.4121932983398438,,9.8820343017578125,
836.89999999999998,7.243560791015625,,8.1267471313476562,
837,7.0187225341796875,,6.8083648681640625,
837.10000000000002,6.8628692626953125,,5.8093643188476562,
837.20000000000005,6.7632217407226562,,5.0479736328125,
837.29999999999995,6.638031005859375,,4.25592041015625,
837.39999999999998,6.5256118774414062,,3.4715347290039062,
837.5,6.5179443359375,,2.8736648559570312,
837.60000000000002,6.53582763671875,,2.3958816528320312,
837.70000000000005,6.4872817993164062,,2.0254058837890625,
837.79999999999995,6.471954345703125,,1.7520217895507812,
837.89999999999998,6.4847259521484375,,1.560394287109375,
838,6.5179443359375,,1.38665771484375,
838.10000000000002,6.5307159423828125,,1.1337127685546875,
838.20000000000005,6.5562667846679688,,0.92420196533203125,
838.29999999999995,6.6789093017578125,,0.86032867431640625,
838.39999999999998,6.7913284301757812,,0.82199859619140625,
838.5,6.8424301147460938,,0.75812530517578125,
838.60000000000002,6.8449859619140625,,0.65081787109375,
838.70000000000005,6.8245468139648438,,0.566497802734375,
838.79999999999995,6.82965087890625,,0.47707366943359375,
838.89999999999998,6.8168792724609375,,0.290557861328125,
839,6.804107666015625,,0.09638214111328125,
839.10000000000002,6.8730926513671875,,0.0018463134765625,
839.20000000000005,6.9982833862304688,,-0.0543670654296875,
839.29999999999995,7.0570526123046875,,-0.11568450927734375,
839.39999999999998,7.0442733764648438,,-0.19489288330078125,
839.5,7.0161666870117188,,-0.2740936279296875,
839.60000000000002,7.0340576171875,,-0.3200836181640625,
839.70000000000005,7.0621566772460938,,-0.3941802978515625,
839.79999999999995,7.0315017700195312,,-0.50148773193359375,
839.89999999999998,7.1132583618164062,,-0.55258941650390625,
840,7.2946624755859375,0,-0.56536102294921875,0
840.10000000000002,7.391754150390625,,-0.5960235595703125,
840.20000000000005,7.3943099975585938,,-0.65479278564453125,
840.29999999999995,7.3764266967773438,,-0.7058868408203125,
840.39999999999998,7.4402999877929688,,-0.73143768310546875,
840.5,7.5246124267578125,,-0.77742767333984375,
840.60000000000002,7.6012649536132812,,-0.8438568115234375,
840.70000000000005,7.7852249145507812,,-0.8898468017578125,
840.79999999999995,7.91552734375,,-0.92562103271484375,
840.89999999999998,7.869537353515625,,-0.97161102294921875,
841,7.7801132202148438,,-1.015045166015625,
841.10000000000002,7.67791748046875,,-1.04315185546875,
841.20000000000005,7.5552749633789062,,-1.050811767578125,
841.29999999999995,7.4914016723632812,,-1.0687026977539062,
841.39999999999998,7.4454116821289062,,-1.0865859985351562,
841.5,7.447967529296875,,-1.0865859985351562,
841.60000000000002,7.5220565795898438,,-1.0865859985351562,
841.70000000000005,7.557830810546875,,-1.0916976928710938,
841.79999999999995,7.4862899780273438,,-1.0916976928710938,
841.89999999999998,7.30999755859375,,-1.089141845703125,
842,7.1694717407226562,,-1.089141845703125,
842.10000000000002,7.0468292236328125,,-1.0840301513671875,
842.20000000000005,6.9267425537109375,,-1.0712509155273438,
842.29999999999995,6.9727325439453125,,-1.0405960083007812,
842.39999999999998,7.1796875,,-0.99460601806640625,
842.5,7.4709625244140625,,-0.93328094482421875,
842.60000000000002,7.6830215454101562,,-0.848968505859375,
842.70000000000005,7.69580078125,,-0.75954437255859375,
842.79999999999995,7.6600265502929688,,-0.70844268798828125,
842.89999999999998,7.6268157958984375,,-0.70078277587890625,
843,7.6293716430664062,,-0.693115234375,
843.10000000000002,7.7111282348632812,,-0.70078277587890625,
843.20000000000005,7.82354736328125,,-0.71099853515625,
843.29999999999995,7.9845123291015625,,-0.682891845703125,
843.39999999999998,8.1889114379882812,,-0.62668609619140625,
843.5,8.5006256103515625,,-0.5679168701171875,
843.60000000000002,8.7918930053710938,,-0.537261962890625,
843.70000000000005,8.9911880493164062,,-0.49127197265625,
843.79999999999995,9.2645721435546875,,-0.38651275634765625,
843.89999999999998,9.3744354248046875,,-0.23065948486328125,
844,9.1981430053710938,,-0.0543670654296875,
844.10000000000002,8.9835205078125,,0.0197296142578125,
844.20000000000005,8.8378829956054688,,-0.05181121826171875,
844.29999999999995,8.643707275390625,,-0.21788787841796875,
844.39999999999998,8.4163131713867188,,-0.37885284423828125,
844.5,8.2911148071289062,,-0.47849273681640625,
844.60000000000002,8.1812515258789062,,-0.5602569580078125,
844.70000000000005,8.0688323974609375,,-0.63179779052734375,
844.79999999999995,7.97174072265625,,-0.70078277587890625,
844.89999999999998,7.8746490478515625,,-0.74932098388671875,
845,7.7085723876953125,,-0.81575775146484375,
845.10000000000002,7.5373916625976562,,-0.87451934814453125,
845.20000000000005,7.427520751953125,,-0.86429595947265625,
845.29999999999995,7.30999755859375,,-0.82852935791015625,
845.39999999999998,7.243560791015625,,-0.802978515625,
845.5,7.335540771484375,,-0.7672119140625,
845.60000000000002,7.5680465698242188,,-0.71099853515625,
845.70000000000005,7.7673416137695312,,-0.67267608642578125,
845.79999999999995,7.8950881958007812,,-0.629241943359375,
845.89999999999998,8.091827392578125,,-0.54236602783203125,
846,8.3371047973632812,,-0.44783782958984375,
846.10000000000002,8.54150390625,,-0.36862945556640625,
846.20000000000005,8.689697265625,,-0.25876617431640625,
846.29999999999995,8.7459030151367188,,-0.08502197265625,
846.39999999999998,8.7024688720703125,,0.07338714599609375,
846.5,8.6999130249023438,,0.1858062744140625,
846.60000000000002,8.8148880004882812,,0.236907958984375,
846.70000000000005,8.955413818359375,,0.18325042724609375,
846.79999999999995,8.9579696655273438,,0.06827545166015625,
846.89999999999998,8.8506622314453125,,-0.04158782958984375,
847,8.7586822509765625,,-0.14379119873046875,
847.10000000000002,8.643707275390625,,-0.2740936279296875,
847.20000000000005,8.4520797729492188,,-0.4222869873046875,
847.29999999999995,8.2808914184570312,,-0.52703857421875,
847.39999999999998,8.1991348266601562,,-0.58835601806640625,
847.5,8.0994873046875,,-0.629241943359375,
847.60000000000002,7.961517333984375,,-0.6598968505859375,
847.70000000000005,7.8261032104492188,,-0.68544769287109375,
847.79999999999995,7.67791748046875,,-0.693115234375,
847.89999999999998,7.4530715942382812,,-0.70844268798828125,
848,7.2307891845703125,,-0.7339935302734375,
848.10000000000002,7.1643600463867188,,-0.74677276611328125,
848.20000000000005,7.218017578125,,-0.756988525390625,
848.29999999999995,7.3151016235351562,,-0.7442169189453125,
848.39999999999998,7.4530715942382812,,-0.68544769287109375,
848.5,7.649810791015625,,-0.58069610595703125,
848.60000000000002,7.8950881958007812,,-0.44783782958984375,
848.70000000000005,8.0739364624023438,,-0.35585784912109375,
848.79999999999995,8.1582565307617188,,-0.26387786865234375,
848.89999999999998,8.32177734375,,-0.09268951416015625,
849,8.5542831420898438,,0.13470458984375,
849.10000000000002,8.7152481079101562,,0.36721038818359375,
849.20000000000005,8.8940963745117188,,0.52817535400390625,
849.29999999999995,9.0601730346679688,,0.51029205322265625,
849.39999999999998,9.1291580200195312,,0.34932708740234375,
849.5,9.11126708984375,,0.13470458984375,
849.60000000000002,9.0627212524414062,,-0.056915283203125,
849.70000000000005,9.0959396362304688,,-0.18466949462890625,
849.79999999999995,9.1138229370117188,,-0.31752777099609375,
849.89999999999998,9.0167312622070312,,-0.45038604736328125,
850,8.74334716796875,0,-0.573028564453125,0
850.10000000000002,8.3473281860351562,,-0.69055938720703125,
850.20000000000005,7.979400634765625,,-0.79276275634765625,
850.29999999999995,7.5910415649414062,,-0.91028594970703125,
850.39999999999998,7.2537841796875,,-1.0073776245117188,
850.5,7.06982421875,,-1.0482559204101562,
850.60000000000002,6.9063034057617188,,-1.0738067626953125,
850.70000000000005,6.7887725830078125,,-1.0840301513671875,
850.79999999999995,6.8015518188476562,,-1.0533676147460938,
850.89999999999998,6.9344100952148438,,-0.9869384765625,
851,7.0774917602539062,,-0.9000701904296875,
851.10000000000002,7.12603759765625,,-0.82086181640625,
851.20000000000005,7.189910888671875,,-0.75954437255859375,
851.29999999999995,7.3508758544921875,,-0.69055938720703125,
851.39999999999998,7.5092849731445312,,-0.60369110107421875,
851.5,7.56549072265625,,-0.51171112060546875,
851.60000000000002,7.5118408203125,,-0.43505859375,
851.70000000000005,7.3994216918945312,,-0.35585784912109375,
851.79999999999995,7.3662033081054688,,-0.23577117919921875,
851.89999999999998,7.4351882934570312,,-0.1182403564453125,
852,7.447967529296875,,-0.0083770751953125,
852.10000000000002,7.4045257568359375,,0.12448883056640625,
852.20000000000005,7.4147491455078125,,0.22924041748046875,
852.29999999999995,7.4351882934570312,,0.22412872314453125,
852.39999999999998,7.3380966186523438,,0.0580596923828125,
852.5,7.1541366577148438,,-0.187225341796875,
852.60000000000002,6.9982833862304688,,-0.43250274658203125,
852.70000000000005,6.8654251098632812,,-0.67267608642578125,
852.79999999999995,6.7555618286132812,,-0.88474273681640625,
852.89999999999998,6.86798095703125,,-1.0227127075195312,
853,7.3687591552734375,,-1.1044692993164062,
853.10000000000002,7.7852249145507812,,-1.1402359008789062,
853.20000000000005,7.8823165893554688,,-1.1479034423828125,
853.29999999999995,7.9845123291015625,,-1.1581268310546875,
853.39999999999998,7.9819564819335938,,-1.1683425903320312,
853.5,7.833770751953125,,-1.1760101318359375,
853.60000000000002,7.7801132202148438,,-1.1785659790039062,
853.70000000000005,7.759674072265625,,-1.1862258911132812,
853.79999999999995,7.6702499389648438,,-1.1836776733398438,
853.89999999999998,7.667694091796875,,-1.181121826171875,
854,7.7622299194335938,,-1.181121826171875,
854.10000000000002,7.8465423583984375,,-1.1785659790039062,
854.20000000000005,7.8261032104492188,,-1.1708984375,
854.29999999999995,7.6472549438476562,,-1.1632308959960938,
854.39999999999998,7.4965057373046875,,-1.1555709838867188,
854.5,7.465850830078125,,-1.1402359008789062,
854.60000000000002,7.4019775390625,,-1.1376876831054688,
854.70000000000005,7.30999755859375,,-1.1300201416015625,
854.79999999999995,7.2563400268554688,,-1.1146926879882812,
854.89999999999998,7.3432083129882812,,-1.07891845703125,
855,7.4965057373046875,,-1.0201568603515625,
855.10000000000002,7.6012649536132812,,-0.94861602783203125,
855.20000000000005,7.7801132202148438,,-0.8540802001953125,
855.29999999999995,7.833770751953125,,-0.75443267822265625,
855.39999999999998,7.9589614868164062,,-0.63434600830078125,
855.5,8.3907623291015625,,-0.498931884765625,
855.60000000000002,8.8736572265625,,-0.3762969970703125,
855.70000000000005,9.3003387451171875,,-0.2383270263671875,
855.79999999999995,9.8036727905273438,,-0.039031982421875,
855.89999999999998,10.332557678222656,,0.2675628662109375,
856,10.700477600097656,,0.68914031982421875,
856.10000000000002,11.129722595214844,,1.2537994384765625,
856.20000000000005,11.753135681152344,,1.9155426025390625,
856.29999999999995,12.555412292480469,,2.794464111328125,
856.39999999999998,13.661727905273438,,3.92376708984375,
856.5,14.808921813964844,,5.3290176391601562,
856.60000000000002,15.483436584472656,,7.3602447509765625,
856.70000000000005,15.746604919433594,,10.40069580078125,
856.79999999999995,15.989330291748047,,14.767189025878906,
856.89999999999998,16.464557647705078,,20.268104553222656,
857,16.883579254150391,,25.955535888671875,
857.10000000000002,17.05987548828125,,31.512660980224609,
857.20000000000005,17.394580841064453,,37.330394744873047,
857.29999999999995,17.826374053955078,,43.342308044433594,
857.39999999999998,18.051212310791016,,49.206031799316406,
857.5,18.34759521484375,,53.843360900878906,
857.60000000000002,18.817714691162109,,56.482673645019531,
857.70000000000005,19.019557952880859,,57.024333953857422,
857.79999999999995,18.787052154541016,,56.643638610839844,
857.89999999999998,18.263278961181641,,56.201622009277344,
858,17.586204528808594,,55.281822204589844,
858.10000000000002,16.957675933837891,,53.521430969238281,
858.20000000000005,16.472225189208984,,50.624061584472656,
858.29999999999995,15.95611572265625,,46.814552307128906,
858.39999999999998,15.243270874023438,,42.823642730712891,
858.5,14.425666809082031,,39.215984344482422,
858.60000000000002,13.579963684082031,,35.01556396484375,
858.70000000000005,12.445541381835938,,30.094635009765625,
858.79999999999995,11.244697570800781,,25.332115173339844,
858.89999999999998,10.286567687988281,,20.694789886474609,
859,9.36932373046875,,16.134117126464844,
859.10000000000002,8.81744384765625,,12.232627868652344,
859.20000000000005,8.799560546875,,9.5473251342773438,
859.29999999999995,8.8940963745117188,,7.7562713623046875,
859.39999999999998,8.863433837890625,,6.509429931640625,
859.5,8.7050247192382812,,5.6713943481445312,
859.60000000000002,8.5031814575195312,,4.8972244262695312,
859.70000000000005,8.2987823486328125,,4.0106430053710938,
859.79999999999995,8.1045989990234375,,3.2364730834960938,
859.89999999999998,8.0739364624023438,,2.6948165893554688,
860,8.11737060546875,2.6548671722412109,2.2400283813476562,2.6572189331054688
860.10000000000002,8.145477294921875,,1.8107833862304688,
860.20000000000005,8.19146728515625,,1.4198684692382812,
860.29999999999995,8.1531448364257812,,1.100494384765625,
860.39999999999998,8.0100631713867188,,0.77600860595703125,
860.5,7.7571182250976562,,0.42342376708984375,
860.60000000000002,7.5680465698242188,,0.19347381591796875,
860.70000000000005,7.6191482543945312,,0.09893798828125,
860.79999999999995,7.7162399291992188,,0.02228546142578125,
860.89999999999998,7.6983566284179688,,-0.0543670654296875,
861,7.6523666381835938,,-0.11057281494140625,
861.10000000000002,7.6421432495117188,,-0.16167449951171875,
861.20000000000005,7.6344757080078125,,-0.23321533203125,
861.29999999999995,7.6089324951171875,,-0.32263946533203125,
861.39999999999998,7.7341232299804688,,-0.37885284423828125,
861.5,7.9410781860351562,,-0.40184783935546875,
861.60000000000002,8.00750732421875,,-0.463165283203125,
861.70000000000005,8.0049514770507812,,-0.537261962890625,
861.79999999999995,7.979400634765625,,-0.58835601806640625,
861.89999999999998,7.8925323486328125,,-0.65479278564453125,
862,7.8490982055664062,,-0.7288818359375,
862.10000000000002,7.7852249145507812,,-0.81064605712890625,
862.20000000000005,7.703460693359375,,-0.86174774169921875,
862.29999999999995,7.6242599487304688,,-0.866851806640625,
862.39999999999998,7.4990615844726562,,-0.89751434326171875,
862.5,7.4684066772460938,,-0.94350433349609375,
862.60000000000002,7.49395751953125,,-0.9818267822265625,
862.70000000000005,7.52972412109375,,-1.015045166015625,
862.79999999999995,7.539947509765625,,-1.0380401611328125,
862.89999999999998,7.437744140625,,-1.0738067626953125,
863,7.3840866088867188,,-1.0942459106445312,
863.10000000000002,7.4505157470703125,,-1.0942459106445312,
863.20000000000005,7.4428558349609375,,-1.107025146484375,
863.29999999999995,7.3253250122070312,,-1.1197967529296875,
863.39999999999998,7.2282333374023438,,-1.1300201416015625,
863.5,7.1847991943359375,,-1.1351318359375,
863.60000000000002,7.1464767456054688,,-1.142791748046875,
863.70000000000005,7.0366058349609375,,-1.15301513671875,
863.79999999999995,6.9574050903320312,,-1.1581268310546875,
863.89999999999998,7.0085067749023438,,-1.1606826782226562,
864,7.005950927734375,,-1.1657867431640625,
864.10000000000002,6.9292984008789062,,-1.1683425903320312,
864.20000000000005,6.8603134155273438,,-1.1581268310546875,
864.29999999999995,6.8628692626953125,,-1.1351318359375,
864.39999999999998,6.9190826416015625,,-1.107025146484375,
864.5,6.8909759521484375,,-1.07891845703125,
864.60000000000002,6.82965087890625,,-1.0482559204101562,
864.70000000000005,6.804107666015625,,-1.015045166015625,
864.79999999999995,6.811767578125,,-0.997161865234375,
864.89999999999998,6.8603134155273438,,-0.9741668701171875,
865,6.9804000854492188,,-0.93839263916015625,
865.10000000000002,7.16180419921875,,-0.8898468017578125,
865.20000000000005,7.2691116333007812,,-0.86429595947265625,
865.29999999999995,7.38153076171875,,-0.831085205078125,
865.39999999999998,7.649810791015625,,-0.7672119140625,
865.5,8.0151748657226562,,-0.70333099365234375,
865.60000000000002,8.2911148071289062,,-0.6522369384765625,
865.70000000000005,8.403533935546875,,-0.60113525390625,
865.79999999999995,8.4904022216796875,,-0.51171112060546875,
865.89999999999998,8.643707275390625,,-0.41717529296875,
866,8.8583221435546875,,-0.314971923828125,
866.10000000000002,9.0959396362304688,,-0.17189788818359375,
866.20000000000005,9.25946044921875,,-0.095245361328125,
866.29999999999995,9.1879196166992188,,-0.1080169677734375,
866.39999999999998,8.973297119140625,,-0.15911865234375,
866.5,8.7612380981445312,,-0.23577117919921875,
866.60000000000002,8.5031814575195312,,-0.30731201171875,
866.70000000000005,8.1480331420898438,,-0.3992919921875,
866.79999999999995,7.8669815063476562,,-0.48360443115234375,
866.89999999999998,7.777557373046875,,-0.5321502685546875,
867,7.6830215454101562,,-0.58069610595703125,
867.10000000000002,7.4914016723632812,,-0.63690185546875,
867.20000000000005,7.299774169921875,,-0.69055938720703125,
867.29999999999995,7.1694717407226562,,-0.7339935302734375,
867.39999999999998,7.0187225341796875,,-0.78509521484375,
867.5,6.9088592529296875,,-0.8259735107421875,
867.60000000000002,6.9395217895507812,,-0.81830596923828125,
867.70000000000005,6.967620849609375,,-0.813201904296875,
867.79999999999995,6.896087646484375,,-0.8438568115234375,
867.89999999999998,6.8628692626953125,,-0.85152435302734375,
868,6.94207763671875,,-0.82086181640625,
868.10000000000002,7.0825958251953125,,-0.79531097412109375,
868.20000000000005,7.23590087890625,,-0.7621002197265625,
868.29999999999995,7.437744140625,,-0.70333099365234375,
868.39999999999998,7.6728057861328125,,-0.6420135498046875,
868.5,7.8899765014648438,,-0.58835601806640625,
868.60000000000002,8.1761398315429688,,-0.51937103271484375,
868.70000000000005,8.5031814575195312,,-0.42739105224609375,
868.79999999999995,8.8046722412109375,,-0.3481903076171875,
868.89999999999998,8.9043121337890625,,-0.2843170166015625,
869,8.9400863647460938,,-0.1999969482421875,
869.10000000000002,9.14959716796875,,-0.07991790771484375,
869.20000000000005,9.29522705078125,,0.0810546875,
869.29999999999995,9.2211380004882812,,0.17047882080078125,
869.39999999999998,8.96563720703125,,0.1219329833984375,
869.5,8.6743621826171875,,0.06060791015625,
869.60000000000002,8.3473281860351562,,0.00440216064453125,
869.70000000000005,8.1045989990234375,,-0.0620269775390625,
869.79999999999995,8.1020431518554688,,-0.1003570556640625,
869.89999999999998,8.0662765502929688,,-0.1540069580078125,
870,7.869537353515625,0,-0.23065948486328125,0
870.10000000000002,7.6344757080078125,,-0.3200836181640625,
870.20000000000005,7.4070816040039062,,-0.39162445068359375,
870.29999999999995,7.189910888671875,,-0.47338104248046875,
870.39999999999998,6.9829559326171875,,-0.5781402587890625,
870.5,6.9344100952148438,,-0.64456939697265625,
870.60000000000002,7.05194091796875,,-0.67267608642578125,
870.70000000000005,7.151580810546875,,-0.682891845703125,
870.79999999999995,7.2052383422851562,,-0.67778778076171875,
870.89999999999998,7.1950225830078125,,-0.68544769287109375,
871,7.0953750610351562,,-0.7058868408203125,
871.10000000000002,6.913970947265625,,-0.73654937744140625,
871.20000000000005,6.7427825927734375,,-0.76465606689453125,
871.29999999999995,6.804107666015625,,-0.76465606689453125,
871.39999999999998,6.9906158447265625,,-0.7621002197265625,
871.5,7.0570526123046875,,-0.7672119140625,
871.60000000000002,7.1107025146484375,,-0.76976776123046875,
871.70000000000005,7.2026824951171875,,-0.74677276611328125,
871.79999999999995,7.3432083129882812,,-0.69567108154296875,
871.89999999999998,7.4607391357421875,,-0.65734100341796875,
872,7.539947509765625,,-0.63179779052734375,
872.10000000000002,7.7724456787109375,,-0.5602569580078125,
872.20000000000005,8.0688323974609375,,-0.47849273681640625,
872.29999999999995,8.33966064453125,,-0.4120635986328125,
872.39999999999998,8.6385955810546875,,-0.3251953125,
872.5,8.92730712890625,,-0.21533203125,
872.60000000000002,9.195587158203125,,-0.11057281494140625,
872.70000000000005,9.3744354248046875,,-0.05181121826171875,
872.79999999999995,9.4050979614257812,,-0.02881622314453125,
872.89999999999998,9.5200729370117188,,0.042724609375,
873,9.5711669921875,,0.1500396728515625,
873.10000000000002,9.2415771484375,,0.15514373779296875,
873.20000000000005,8.7765655517578125,,0.070831298828125,
873.29999999999995,8.3447723388671875,,0.00951385498046875,
873.39999999999998,8.0381698608398438,,-0.0262603759765625,
873.5,7.8720932006835938,,-0.067138671875,
873.60000000000002,7.6804656982421875,,-0.14890289306640625,
873.70000000000005,7.5322799682617188,,-0.24343109130859375,
873.79999999999995,7.4888458251953125,,-0.30475616455078125,
873.89999999999998,7.38153076171875,,-0.36351776123046875,
874,7.2461166381835938,,-0.445281982421875,
874.10000000000002,7.1796875,,-0.52448272705078125,
874.20000000000005,7.1132583618164062,,-0.583251953125,
874.29999999999995,7.0366058349609375,,-0.62157440185546875,
874.39999999999998,6.9471817016601562,,-0.67267608642578125,
874.5,6.8705368041992188,,-0.721221923828125,
874.60000000000002,6.8833084106445312,,-0.7339935302734375,
874.70000000000005,6.949737548828125,,-0.74166107177734375,
874.79999999999995,6.9548492431640625,,-0.74932098388671875,
874.89999999999998,6.8909759521484375,,-0.75954437255859375,
875,6.8168792724609375,,-0.7621002197265625,
875.10000000000002,6.7172317504882812,,-0.7621002197265625,
875.20000000000005,6.6329193115234375,,-0.77231597900390625,
875.29999999999995,6.5332717895507812,,-0.79276275634765625,
875.39999999999998,6.50006103515625,,-0.802978515625,
875.5,6.7044601440429688,,-0.78765106201171875,
875.60000000000002,6.988067626953125,,-0.7672119140625,
875.70000000000005,7.1694717407226562,,-0.7442169189453125,
875.79999999999995,7.2972183227539062,,-0.71355438232421875,
875.89999999999998,7.4581832885742188,,-0.67267608642578125,
876,7.7085723876953125,,-0.60369110107421875,
876.10000000000002,7.907867431640625,,-0.54236602783203125,
876.20000000000005,8.0126190185546875,,-0.48871612548828125,
876.29999999999995,8.2349014282226562,,-0.37885284423828125,
876.39999999999998,8.6232681274414062,,-0.24854278564453125,
876.5,9.0499496459960938,,-0.131011962890625,
876.60000000000002,9.4280929565429688,,0.00951385498046875,
876.70000000000005,9.6197128295898438,,0.15514373779296875,
876.79999999999995,9.617156982421875,,0.27523040771484375,
876.89999999999998,9.535400390625,,0.3697662353515625,
877,9.1725921630859375,,0.39276123046875,
877.10000000000002,8.6845855712890625,,0.32633209228515625,
877.20000000000005,8.4163131713867188,,0.24456787109375,
877.29999999999995,8.2630081176757812,,0.19347381591796875,
877.39999999999998,8.0892715454101562,,0.1398162841796875,
877.5,7.9001998901367188,,0.06316375732421875,
877.60000000000002,7.69580078125,,-0.0262603759765625,
877.70000000000005,7.5373916625976562,,-0.1003570556640625,
877.79999999999995,7.4224166870117188,,-0.18978118896484375,
877.89999999999998,7.3151016235351562,,-0.297088623046875,
878,7.3074417114257812,,-0.35840606689453125,
878.10000000000002,7.3380966186523438,,-0.389068603515625,
878.20000000000005,7.281890869140625,,-0.4299468994140625,
878.29999999999995,7.2052383422851562,,-0.481048583984375,
878.39999999999998,7.1107025146484375,,-0.5321502685546875,
878.5,6.9650726318359375,,-0.58069610595703125,
878.60000000000002,6.86798095703125,,-0.62157440185546875,
878.70000000000005,6.7785568237304688,,-0.67778778076171875,
878.79999999999995,6.71978759765625,,-0.71355438232421875,
878.89999999999998,6.765777587890625,,-0.7058868408203125,
879,6.821990966796875,,-0.6982269287109375,
879.10000000000002,6.8552017211914062,,-0.7058868408203125,
879.20000000000005,6.9804000854492188,,-0.69567108154296875,
879.29999999999995,7.172027587890625,,-0.67523193359375,
879.39999999999998,7.30999755859375,,-0.63945770263671875,
879.5,7.3764266967773438,,-0.62668609619140625,
879.60000000000002,7.4300765991210938,,-0.6190185546875,
879.70000000000005,7.5884857177734375,,-0.56536102294921875,
879.79999999999995,7.7903366088867188,,-0.49127197265625,
879.89999999999998,8.0790481567382812,,-0.3992919921875,
880,8.5057373046875,0,-0.26642608642578125,0
880.10000000000002,8.8353271484375,,-0.1003570556640625,
880.20000000000005,9.0243988037109375,,0.09127044677734375,
880.29999999999995,9.18536376953125,,0.28545379638671875,
880.39999999999998,9.2160263061523438,,0.42342376708984375,
880.5,9.2543487548828125,,0.59204864501953125,
880.60000000000002,9.4970779418945312,,0.83477783203125,
880.70000000000005,9.7985610961914062,,1.0877227783203125,
880.79999999999995,10.077056884765625,,1.3202285766601562,
880.89999999999998,10.255912780761719,,1.5271835327148438,
881,10.171592712402344,,1.6293792724609375,
881.10000000000002,9.9467544555664062,,1.552734375,
881.20000000000005,9.7116928100585938,,1.2410202026367188,
881.29999999999995,9.379547119140625,,0.90120697021484375,
881.39999999999998,9.0729446411132812,,0.7198028564453125,
881.5,8.9068679809570312,,0.5946044921875,
881.60000000000002,8.7867813110351562,,0.494964599609375,
881.70000000000005,8.6207122802734375,,0.40808868408203125,
881.79999999999995,8.3447723388671875,,0.29822540283203125,
881.89999999999998,8.0662765502929688,,0.2036895751953125,
882,7.8899765014648438,,0.127044677734375,
882.10000000000002,7.7162399291992188,,0.0018463134765625,
882.20000000000005,7.631927490234375,,-0.1080169677734375,
882.29999999999995,7.7290115356445312,,-0.15656280517578125,
882.39999999999998,7.7750015258789062,,-0.20766448974609375,
882.5,7.6906890869140625,,-0.28176116943359375,
882.60000000000002,7.6089324951171875,,-0.34052276611328125,
882.70000000000005,7.6089324951171875,,-0.3941802978515625,
882.79999999999995,7.7162399291992188,,-0.445281982421875,
882.89999999999998,7.6881332397460938,,-0.5219268798828125,
883,7.4965057373046875,,-0.6190185546875,
883.10000000000002,7.38153076171875,,-0.67778778076171875,
883.20000000000005,7.2001266479492188,,-0.75954437255859375,
883.29999999999995,6.896087646484375,,-0.8540802001953125,
883.39999999999998,6.6610260009765625,,-0.9179534912109375,
883.5,6.6354751586914062,,-0.940948486328125,
883.60000000000002,6.804107666015625,,-0.89751434326171875,
883.70000000000005,7.0493850708007812,,-0.82086181640625,
883.79999999999995,7.2588958740234375,,-0.78253936767578125,
883.89999999999998,7.437744140625,,-0.756988525390625,
884,7.6881332397460938,,-0.70078277587890625,
884.10000000000002,8.017730712890625,,-0.63179779052734375,
884.20000000000005,8.2860031127929688,,-0.53470611572265625,
884.29999999999995,8.403533935546875,,-0.41717529296875,
884.39999999999998,8.5082931518554688,,-0.28687286376953125,
884.5,8.7510147094726562,,-0.14379119873046875,
884.60000000000002,9.0243988037109375,,-0.03647613525390625,
884.70000000000005,9.323333740234375,,0.088714599609375,
884.79999999999995,9.6886978149414062,,0.25734710693359375,
884.89999999999998,9.9365310668945312,,0.39531707763671875,
885,9.9390869140625,,0.4975128173828125,
885.10000000000002,9.7500228881835938,,0.548614501953125,
885.20000000000005,9.525177001953125,,0.512847900390625,
885.29999999999995,9.3207778930664062,,0.40808868408203125,
885.39999999999998,9.0090713500976562,,0.24712371826171875,
885.5,8.70758056640625,,0.1398162841796875,
885.60000000000002,8.587493896484375,,0.11937713623046875,
885.70000000000005,8.495513916015625,,0.0938262939453125,
885.79999999999995,8.3141098022460938,,0.0299530029296875,
885.89999999999998,8.0790481567382812,,-0.08502197265625,
886,7.9027557373046875,,-0.1821136474609375,
886.10000000000002,7.8209915161132812,,-0.25365447998046875,
886.20000000000005,7.6932449340820312,,-0.34052276611328125,
886.29999999999995,7.5603866577148438,,-0.40950775146484375,
886.39999999999998,7.5527191162109375,,-0.4299468994140625,
886.5,7.575714111328125,,-0.43505859375,
886.60000000000002,7.5859375,,-0.46572113037109375,
886.70000000000005,7.6293716430664062,,-0.51937103271484375,
886.79999999999995,7.657470703125,,-0.57558441162109375,
886.89999999999998,7.6830215454101562,,-0.59857940673828125,
887,7.71368408203125,,-0.60369110107421875,
887.10000000000002,7.71368408203125,,-0.58580780029296875,
887.20000000000005,7.8133316040039062,,-0.48871612548828125,
887.29999999999995,7.9896240234375,,-0.35074615478515625,
887.39999999999998,8.1429214477539062,,-0.18978118896484375,
887.5,8.3652114868164062,,-0.01348114013671875,
887.60000000000002,8.6590347290039062,,0.17047882080078125,
887.70000000000005,8.9886322021484375,,0.39531707763671875,
887.79999999999995,9.3667678833007812,,0.61504364013671875,
887.89999999999998,9.5941619873046875,,0.750457763671875,
888,9.5711669921875,,0.85010528564453125,
888.10000000000002,9.4561920166015625,,0.9216461181640625,
888.20000000000005,9.2620162963867188,,0.87821197509765625,
888.29999999999995,9.0320663452148438,,0.714691162109375,
888.39999999999998,8.8659896850585938,,0.5205078125,
888.5,8.7177963256835938,,0.364654541015625,
888.60000000000002,8.5849380493164062,,0.2599029541015625,
888.70000000000005,8.4290847778320312,,0.15514373779296875,
888.79999999999995,8.329437255859375,,0.0580596923828125,
888.89999999999998,8.329437255859375,,0.0018463134765625,
889,8.4750747680664062,,-0.04925537109375,
889.10000000000002,8.6156005859375,,-0.12590789794921875,
889.20000000000005,8.689697265625,,-0.22043609619140625,
889.29999999999995,8.6360397338867188,,-0.31241607666015625,
889.39999999999998,8.4060897827148438,,-0.3992919921875,
889.5,8.22979736328125,,-0.4861602783203125,
889.60000000000002,8.1378173828125,,-0.583251953125,
889.70000000000005,8.0969314575195312,,-0.66245269775390625,
889.79999999999995,8.145477294921875,,-0.70844268798828125,
889.89999999999998,8.1403656005859375,,-0.74677276611328125,
890,8.08160400390625,16.574586868286133,-0.7902069091796875,6.4056940078735352
890.10000000000002,8.0126190185546875,,-0.83364105224609375,
890.20000000000005,7.9513015747070312,,-0.89240264892578125,
890.29999999999995,7.9053115844726562,,-0.9460601806640625,
890.39999999999998,7.8490982055664062,,-0.9920501708984375,
890.5,7.8312149047851562,,-1.04315185546875,
890.60000000000002,7.8542098999023438,,-1.07891845703125,
890.70000000000005,7.8823165893554688,,-1.1044692993164062,
890.79999999999995,7.9896240234375,,-1.1300201416015625,
890.89999999999998,8.1403656005859375,,-1.124908447265625,
891,8.2425689697265625,,-1.0968017578125,
891.10000000000002,8.4086456298828125,,-1.0840301513671875,
891.20000000000005,8.59771728515625,,-1.0559234619140625,
891.29999999999995,8.7280197143554688,,-0.98438262939453125,
891.39999999999998,8.9962921142578125,,-0.87963104248046875,
891.5,9.433197021484375,,-0.7902069091796875,
891.60000000000002,9.9595260620117188,,-0.682891845703125,
891.70000000000005,10.728584289550781,,-0.49127197265625,
891.79999999999995,11.551292419433594,,-0.23065948486328125,
891.89999999999998,12.095512390136719,,0.035064697265625,
892,12.534965515136719,,0.402984619140625,
892.10000000000002,12.999977111816406,,1.0289535522460938,
892.20000000000005,13.378120422363281,,1.9513092041015625,
892.29999999999995,13.740928649902344,,3.2952423095703125,
892.39999999999998,14.119071960449219,,5.461883544921875,
892.5,14.395011901855469,,8.6760711669921875,
892.60000000000002,14.893234252929688,,12.797286987304688,
892.70000000000005,15.511543273925781,,17.5572509765625,
892.79999999999995,15.869243621826172,,22.794998168945312,
892.89999999999998,16.147739410400391,,28.382785797119141,
893,16.622970581054688,,34.205631256103516,
893.10000000000002,17.397132873535156,,40.002925872802734,
893.20000000000005,18.125308990478516,,44.895748138427734,
893.29999999999995,18.590320587158203,,47.734352111816406,
893.39999999999998,18.646530151367188,,48.947978973388672,
893.5,18.460014343261719,,49.484527587890625,
893.60000000000002,18.362922668457031,,49.032295227050781,
893.70000000000005,18.046104431152344,,48.390987396240234,
893.79999999999995,17.471229553222656,,48.367992401123047,
893.89999999999998,16.995998382568359,,48.339889526367188,
894,16.548873901367188,,47.197803497314453,
894.10000000000002,15.902458190917969,,44.734783172607422,
894.20000000000005,15.289260864257812,,41.750545501708984,
894.29999999999995,14.854911804199219,,38.635997772216797,
894.39999999999998,14.438446044921875,,35.779510498046875,
894.5,13.983657836914062,,33.06610107421875,
894.60000000000002,13.408782958984375,,30.449779510498047,
894.70000000000005,12.665275573730469,,27.677604675292969,
894.79999999999995,11.914100646972656,,24.486408233642578,
894.89999999999998,11.464424133300781,,21.417854309082031,
895,11.413322448730469,,18.630352020263672,
895.10000000000002,11.433761596679688,,16.330848693847656,
895.20000000000005,11.290687561035156,,14.475921630859375,
895.29999999999995,10.98919677734375,,12.848388671875,
895.39999999999998,10.628936767578125,,11.438026428222656,
895.5,10.278907775878906,,9.8181533813476562,
895.60000000000002,9.9390869140625,,8.1241912841796875,
895.70000000000005,9.70147705078125,,6.79559326171875,
895.79999999999995,9.5149612426757812,,5.7122726440429688,
895.89999999999998,9.287567138671875,,4.77203369140625,
896,9.1266021728515625,,3.9953079223632812,
896.10000000000002,8.9758529663085938,,3.4229888916015625,
896.20000000000005,8.7663421630859375,,2.9758682250976562,
896.29999999999995,8.5951614379882812,,2.4878616333007812,
896.39999999999998,8.4393081665039062,,1.9129867553710938,
896.5,8.3728713989257812,,1.4939651489257812,
896.60000000000002,8.3626556396484375,,1.3048934936523438,
896.70000000000005,8.3038864135742188,,1.16436767578125,
896.79999999999995,8.2911148071289062,,0.990631103515625,
896.89999999999998,8.2681198120117188,,0.7836761474609375,
897,8.1429214477539062,,0.566497802734375,
897.10000000000002,7.979400634765625,,0.35699462890625,
897.20000000000005,7.89764404296875,,0.12448883056640625,
897.29999999999995,7.8133316040039062,,-0.12079620361328125,
897.39999999999998,7.7341232299804688,,-0.2740936279296875,
897.5,7.7520065307617188,,-0.3481903076171875,
897.60000000000002,7.7520065307617188,,-0.40184783935546875,
897.70000000000005,7.7162399291992188,,-0.45038604736328125,
897.79999999999995,7.6830215454101562,,-0.48871612548828125,
897.89999999999998,7.6753616333007812,,-0.5040435791015625,
898,7.657470703125,,-0.5219268798828125,
898.10000000000002,7.5603866577148438,,-0.59857940673828125,
898.20000000000005,7.5118408203125,,-0.68544769287109375,
898.29999999999995,7.6472549438476562,,-0.73654937744140625,
898.39999999999998,7.8542098999023438,,-0.75954437255859375,
898.5,7.9001998901367188,,-0.774871826171875,
898.60000000000002,7.795440673828125,,-0.8080902099609375,
898.70000000000005,7.631927490234375,,-0.8540802001953125,
898.79999999999995,7.4888458251953125,,-0.8898468017578125,
898.89999999999998,7.4147491455078125,,-0.93839263916015625,
899,7.317657470703125,,-1.00482177734375,
899.10000000000002,7.2410125732421875,,-1.050811767578125,
899.20000000000005,7.2103500366210938,,-1.0763626098632812,
899.29999999999995,7.1107025146484375,,-1.1044692993164062,
899.39999999999998,6.9752883911132812,,-1.1325759887695312,
899.5,6.967620849609375,,-1.142791748046875,
899.60000000000002,7.06982421875,,-1.142791748046875,
899.70000000000005,7.097930908203125,,-1.142791748046875,
899.79999999999995,6.9701766967773438,,-1.1453475952148438,
899.89999999999998,6.8194351196289062,,-1.15301513671875,
900,6.8092117309570312,0,-1.15301513671875,0
900.10000000000002,6.9088592529296875,,-1.1325759887695312,
900.20000000000005,7.0263900756835938,,-1.1095809936523438,
900.29999999999995,7.023834228515625,,-1.0865859985351562,
900.39999999999998,6.9190826416015625,,-1.0584793090820312,
900.5,6.8373184204101562,,-1.0252609252929688,
900.60000000000002,6.7555618286132812,,-1.0073776245117188,
900.70000000000005,6.68402099609375,,-1.0099334716796875,
900.79999999999995,6.7351226806640625,,-1.0124893188476562,
900.89999999999998,6.875640869140625,,-0.99971771240234375,
901,6.97784423828125,,-0.98438262939453125,
901.10000000000002,7.01361083984375,,-0.96649932861328125,
901.20000000000005,7.041717529296875,,-0.9358367919921875,
901.29999999999995,7.1566925048828125,,-0.8770751953125,
901.39999999999998,7.335540771484375,,-0.80042266845703125,
901.5,7.45562744140625,,-0.7339935302734375,
901.60000000000002,7.6268157958984375,,-0.65479278564453125,
901.70000000000005,7.9410781860351562,,-0.5219268798828125,
901.79999999999995,8.293670654296875,,-0.36351776123046875,
901.89999999999998,8.5798263549804688,,-0.19744110107421875,
902,8.8404388427734375,,-0.003265380859375,
902.10000000000002,9.1368179321289062,,0.23946380615234375,
902.20000000000005,9.4127578735351562,,0.43619537353515625,
902.29999999999995,9.6503753662109375,,0.59204864501953125,
902.39999999999998,9.9646377563476562,,0.80922698974609375,
902.5,10.3070068359375,,1.0161819458007812,
902.60000000000002,10.39898681640625,,1.1260452270507812,
902.70000000000005,10.220138549804688,,1.1592636108398438,
902.79999999999995,9.9825210571289062,,1.0723876953125,
902.89999999999998,9.8420028686523438,,0.82199859619140625,
903,9.655487060546875,,0.4898529052734375,
903.10000000000002,9.4689712524414062,,0.2420196533203125,
903.20000000000005,9.5456161499023438,,0.16536712646484375,
903.29999999999995,9.6529312133789062,,0.16536712646484375,
903.39999999999998,9.507293701171875,,0.1500396728515625,
903.5,9.195587158203125,,0.106597900390625,
903.60000000000002,8.8532180786132812,,0.0580596923828125,
903.70000000000005,8.495513916015625,,-0.00070953369140625,
903.79999999999995,8.2476806640625,,-0.07480621337890625,
903.89999999999998,8.173583984375,,-0.131011962890625,
904,8.1378173828125,,-0.18466949462890625,
904.10000000000002,8.0739364624023438,,-0.26642608642578125,
904.20000000000005,8.0202865600585938,,-0.35074615478515625,
904.29999999999995,7.9231948852539062,,-0.42739105224609375,
904.39999999999998,7.8209915161132812,,-0.498931884765625,
904.5,7.7009124755859375,,-0.5781402587890625,
904.60000000000002,7.5501632690429688,,-0.64968109130859375,
904.70000000000005,7.483734130859375,,-0.69055938720703125,
904.79999999999995,7.45562744140625,,-0.721221923828125,
904.89999999999998,7.3891983032226562,,-0.74677276611328125,
905,7.2972183227539062,,-0.76976776123046875,
905.10000000000002,7.2001266479492188,,-0.79531097412109375,
905.20000000000005,7.1950225830078125,,-0.82341766357421875,
905.29999999999995,7.23590087890625,,-0.86429595947265625,
905.39999999999998,7.3023300170898438,,-0.90773773193359375,
905.5,7.5501632690429688,,-0.912841796875,
905.60000000000002,7.78778076171875,,-0.89495849609375,
905.70000000000005,7.887420654296875,,-0.87963104248046875,
905.79999999999995,7.961517333984375,,-0.8540802001953125,
905.89999999999998,8.0228424072265625,,-0.802978515625,
906,8.1250381469726562,,-0.73143768310546875,
906.10000000000002,8.1863632202148438,,-0.6701202392578125,
906.20000000000005,8.1965789794921875,,-0.6062469482421875,
906.29999999999995,8.3626556396484375,,-0.47849273681640625,
906.39999999999998,8.6232681274414062,,-0.28942108154296875,
906.5,8.8327713012695312,,-0.08502197265625,
906.60000000000002,9.0346221923828125,,0.13470458984375,
906.70000000000005,9.2620162963867188,,0.4055328369140625,
906.79999999999995,9.6503753662109375,,0.73001861572265625,
906.89999999999998,10.171592712402344,,1.0034027099609375,
907,10.544624328613281,,1.210357666015625,
907.10000000000002,10.986640930175781,,1.4939651489257812,
907.20000000000005,11.546180725097656,,1.8491134643554688,
907.29999999999995,11.620277404785156,,2.1046142578125,
907.39999999999998,11.155265808105469,,2.112274169921875,
907.5,10.613609313964844,,1.800567626953125,
907.60000000000002,10.156265258789062,,1.3330001831054688,
907.70000000000005,9.7781219482421875,,0.91397857666015625,
907.79999999999995,9.3923187255859375,,0.54095458984375,
907.89999999999998,9.0882720947265625,,0.27011871337890625,
908,9.0601730346679688,,0.162811279296875,
908.10000000000002,9.139373779296875,,0.11426544189453125,
908.20000000000005,9.07550048828125,,0.06060791015625,
908.29999999999995,8.8966522216796875,,0.01717376708984375,
908.39999999999998,8.697357177734375,,0.0069580078125,
908.5,8.5185089111328125,,-0.01092529296875,
908.60000000000002,8.283447265625,,-0.067138671875,
908.70000000000005,7.925750732421875,,-0.15145111083984375,
908.79999999999995,7.7162399291992188,,-0.21533203125,
908.89999999999998,7.7647857666015625,,-0.25876617431640625,
909,7.8209915161132812,,-0.30986785888671875,
909.10000000000002,7.7724456787109375,,-0.3762969970703125,
909.20000000000005,7.6523666381835938,,-0.44783782958984375,
909.29999999999995,7.4965057373046875,,-0.51937103271484375,
909.39999999999998,7.38153076171875,,-0.57558441162109375,
909.5,7.2767791748046875,,-0.63690185546875,
909.60000000000002,7.189910888671875,,-0.69055938720703125,
909.70000000000005,7.2307891845703125,,-0.70078277587890625,
909.79999999999995,7.3125457763671875,,-0.70333099365234375,
909.89999999999998,7.3329925537109375,,-0.7288818359375,
910,7.3662033081054688,0,-0.74932098388671875,0
910.10000000000002,7.4173049926757812,,-0.7672119140625,
910.20000000000005,7.3994216918945312,,-0.81064605712890625,
910.29999999999995,7.4249725341796875,,-0.85152435302734375,
910.39999999999998,7.427520751953125,,-0.88474273681640625,
910.5,7.4070816040039062,,-0.9000701904296875,
910.60000000000002,7.5833816528320312,,-0.86429595947265625,
910.70000000000005,7.82354736328125,,-0.7672119140625,
910.79999999999995,8.0688323974609375,,-0.5781402587890625,
910.89999999999998,8.3371047973632812,,-0.40439605712890625,
911,8.5006256103515625,,-0.353302001953125,
911.10000000000002,8.5619430541992188,,-0.3660736083984375,
911.20000000000005,8.55938720703125,,-0.406951904296875,
911.29999999999995,8.3984222412109375,,-0.5040435791015625,
911.39999999999998,8.1940231323242188,,-0.63179779052734375,
911.5,8.1352615356445312,,-0.721221923828125,
911.60000000000002,8.1301498413085938,,-0.7978668212890625,
911.70000000000005,8.1403656005859375,,-0.86429595947265625,
911.79999999999995,8.0739364624023438,,-0.905181884765625,
911.89999999999998,7.86187744140625,,-0.9281768798828125,
912,7.6421432495117188,,-0.90773773193359375,
912.10000000000002,7.611480712890625,,-0.85919189453125,
912.20000000000005,7.8925323486328125,,-0.84130096435546875,
912.29999999999995,8.5389480590820312,,-0.81830596923828125,
912.39999999999998,9.4127578735351562,,-0.739105224609375,
912.5,10.258460998535156,,-0.6522369384765625,
912.60000000000002,10.922767639160156,,-0.5679168701171875,
912.70000000000005,10.95086669921875,,-0.4682769775390625,
912.79999999999995,10.324897766113281,,-0.41461944580078125,
912.89999999999998,9.9135360717773438,,-0.39162445068359375,
913,10.023406982421875,,-0.35585784912109375,
913.10000000000002,10.207366943359375,,-0.44783782958984375,
913.20000000000005,10.286567687988281,,-0.79276275634765625,
913.29999999999995,10.4552001953125,,-1.04315185546875,
913.39999999999998,10.703033447265625,,-1.04315185546875,
913.5,10.999412536621094,,-0.813201904296875,
913.60000000000002,11.31878662109375,,-0.3839569091796875,
913.70000000000005,11.525741577148438,,0.05039215087890625,
913.79999999999995,11.666267395019531,,0.07338714599609375,
913.89999999999998,11.561515808105469,,-0.55770111083984375,
914,11.346893310546875,,-1.2296676635742188,
914.10000000000002,11.329010009765625,,-1.6691207885742188,
914.20000000000005,11.26513671875,,-1.8096466064453125,
914.29999999999995,11.073509216308594,,-1.0738067626953125,
914.39999999999998,10.825675964355469,,-0.3379669189453125,
914.5,10.593170166015625,,-0.22043609619140625,
914.60000000000002,10.496078491210938,,-0.27153778076171875,
914.70000000000005,10.28912353515625,,-0.52959442138671875,
914.79999999999995,9.88543701171875,,-0.721221923828125,
914.89999999999998,9.4510879516601562,,-0.912841796875,
915,8.9988479614257812,,-0.96649932861328125,
915.10000000000002,8.495513916015625,,-0.7288818359375,
915.20000000000005,7.9947357177734375,,-0.38651275634765625,
915.29999999999995,7.6472549438476562,,-0.08757781982421875,
915.39999999999998,7.6268157958984375,,0.106597900390625,
915.5,8.063720703125,,0.16536712646484375,
915.60000000000002,9.0397262573242188,,-0.04669952392578125,
915.70000000000005,10.176704406738281,,-0.17955780029296875,
915.79999999999995,10.427093505859375,,-0.205108642578125,
915.89999999999998,9.9799728393554688,,-0.43761444091796875,
916,9.9186477661132812,,-0.78253936767578125,
916.10000000000002,10.112831115722656,,-0.93073272705078125,
916.20000000000005,10.217582702636719,,-0.84641265869140625,
916.29999999999995,10.225250244140625,,-0.7978668212890625,
916.39999999999998,9.857330322265625,,-0.93073272705078125,
916.5,9.6043853759765625,,-0.7518768310546875,
916.60000000000002,10.373435974121094,,-0.095245361328125,
916.70000000000005,11.90899658203125,,0.2777862548828125,
916.79999999999995,13.020416259765625,,0.43619537353515625,
916.89999999999998,13.403671264648438,,0.5537261962890625,
917,12.849235534667969,,0.49240875244140625,
917.10000000000002,12.601402282714844,,0.2880096435546875,
917.20000000000005,12.642280578613281,,-0.06458282470703125,
917.29999999999995,12.394447326660156,,-0.18978118896484375,
917.39999999999998,11.942207336425781,,0.1960296630859375,
917.5,11.635612487792969,,0.5537261962890625,
917.60000000000002,11.456756591796875,,0.3339996337890625,
917.70000000000005,11.339225769042969,,0.0836029052734375,
917.79999999999995,11.975425720214844,,0.27523040771484375,
917.89999999999998,13.597846984863281,,0.35699462890625,
918,13.309135437011719,,-0.38651275634765625,
918.10000000000002,12.223258972167969,,-1.1785659790039062,
918.20000000000005,12.077621459960938,,-1.290985107421875,
918.29999999999995,11.980537414550781,,-1.3318634033203125,
918.39999999999998,11.829788208007812,,-1.4085159301757812,
918.5,11.791465759277344,,-1.4059600830078125,
918.60000000000002,11.737808227539062,,-1.3855209350585938,
918.70000000000005,11.8170166015625,,-1.3037567138671875,
918.79999999999995,11.972869873046875,,-1.2526626586914062,
918.89999999999998,12.085289001464844,,-1.273101806640625,
919,12.159385681152344,,-1.3165359497070312,
919.10000000000002,12.167045593261719,,-1.3906326293945312,
919.20000000000005,12.126167297363281,,-1.4442825317382812,
919.29999999999995,12.031631469726562,,-1.4545059204101562,
919.39999999999998,11.691818237304688,,-1.4621658325195312,
919.5,11.326454162597656,,-1.4672775268554688,
919.60000000000002,11.129722595214844,,-1.418731689453125,
919.70000000000005,10.938095092773438,,-1.457061767578125,
919.79999999999995,10.659599304199219,,-1.5286026000976562,
919.89999999999998,10.598281860351562,,-1.5132675170898438,
920,10.761802673339844,4.8820180892944336,-1.510711669921875,0
920.10000000000002,10.782241821289062,,-1.52093505859375,
920.20000000000005,10.769462585449219,,-1.5311508178710938,
920.29999999999995,10.654487609863281,,-1.566925048828125,
920.39999999999998,10.480751037597656,,-1.5924758911132812,
920.5,10.386215209960938,,-1.5873641967773438,
920.60000000000002,10.291679382324219,,-1.5822525024414062,
920.70000000000005,10.225250244140625,,-1.59503173828125,
920.79999999999995,10.151153564453125,,-1.6180267333984375,
920.89999999999998,10.01318359375,,-1.6256866455078125,
921,9.893096923828125,,-1.6052474975585938,
921.10000000000002,9.8215560913085938,,-1.5822525024414062,
921.20000000000005,9.7040328979492188,,-1.5694808959960938,
921.29999999999995,9.2798995971679688,,-1.5745925903320312,
921.39999999999998,9.011627197265625,,-1.5924758911132812,
921.5,9.1700363159179688,,-1.5592575073242188,
921.60000000000002,9.157257080078125,,-1.5132675170898438,
921.70000000000005,9.0908279418945312,,-1.5439300537109375,
921.79999999999995,8.9860763549804688,,-1.584808349609375,
921.89999999999998,8.8046722412109375,,-1.5234909057617188,
922,8.661590576171875,,-1.3752975463867188,
922.10000000000002,8.44952392578125,,-1.3012008666992188,
922.20000000000005,8.403533935546875,,-1.3523025512695312,
922.29999999999995,8.3958663940429688,,-1.4085159301757812,
922.39999999999998,8.2093582153320312,,-1.4340667724609375,
922.5,7.9742965698242188,,-1.4238433837890625,
922.60000000000002,7.759674072265625,,-1.41107177734375,
922.70000000000005,7.6242599487304688,,-1.4212875366210938,
922.79999999999995,7.5169525146484375,,-1.4340667724609375,
922.89999999999998,7.3764266967773438,,-1.418731689453125,
923,7.4402999877929688,,-1.4161758422851562,
923.10000000000002,7.5859375,,-1.44683837890625,
923.20000000000005,7.60382080078125,,-1.44683837890625,
923.29999999999995,7.5118408203125,,-1.418731689453125,
923.39999999999998,7.3304367065429688,,-1.4340667724609375,
923.5,7.0825958251953125,,-1.4417266845703125,
923.60000000000002,6.8424301147460938,,-1.3701858520507812,
923.70000000000005,6.7606658935546875,,-1.0405960083007812,
923.79999999999995,6.7632217407226562,,-0.47849273681640625,
923.89999999999998,6.64569091796875,,-0.14379119873046875,
924,6.4004135131835938,,-0.17444610595703125,
924.10000000000002,6.1985702514648438,,-0.3762969970703125,
924.20000000000005,5.9226303100585938,,-0.5960235595703125,
924.29999999999995,5.72589111328125,,-0.68544769287109375,
924.39999999999998,5.6696853637695312,,-0.90262603759765625,
924.5,5.7054519653320312,,-1.319091796875,
924.60000000000002,5.937957763671875,,-1.4953842163085938,
924.70000000000005,6.3186569213867188,,-1.2501068115234375,
924.79999999999995,6.8935317993164062,,-0.7978668212890625,
924.89999999999998,7.69580078125,,-0.63179779052734375,
925,8.4674072265625,,-0.77742767333984375,
925.10000000000002,9.0422821044921875,,-0.79276275634765625,
925.20000000000005,9.4766311645507812,,-0.75954437255859375,
925.29999999999995,9.8522186279296875,,-1.1657867431640625,
925.39999999999998,10.194587707519531,,-1.52093505859375,
925.5,10.381103515625,,-1.4059600830078125,
925.60000000000002,10.317230224609375,,-1.3752975463867188,
925.70000000000005,10.10516357421875,,-1.4034042358398438,
925.79999999999995,9.88543701171875,,-1.3523025512695312,
925.89999999999998,9.9135360717773438,,-1.3625259399414062,
926,10.176704406738281,,-1.1479034423828125,
926.10000000000002,10.266128540039062,,-0.7621002197265625,
926.20000000000005,10.156265258789062,,-0.590911865234375,
926.29999999999995,10.082168579101562,,-0.590911865234375,
926.39999999999998,9.9876327514648438,,-0.65734100341796875,
926.5,9.8496627807617188,,-0.74166107177734375,
926.60000000000002,9.8982086181640625,,-0.85919189453125,
926.70000000000005,10.089836120605469,,-0.97672271728515625,
926.79999999999995,10.176704406738281,,-1.3063125610351562,
926.89999999999998,10.097496032714844,,-1.6563491821289062,
927,9.9978561401367188,,-1.7304458618164062,
927.10000000000002,9.8701019287109375,,-1.7355575561523438,
927.20000000000005,9.7857894897460938,,-1.7278900146484375,
927.29999999999995,9.9288711547851562,,-1.5975875854492188,
927.39999999999998,10.10516357421875,,-1.3957366943359375,
927.5,10.094947814941406,,-1.3063125610351562,
927.60000000000002,10.008071899414062,,-1.4545059204101562,
927.70000000000005,9.9518661499023438,,-1.6563491821289062,
927.79999999999995,9.8190078735351562,,-1.7253341674804688,
927.89999999999998,9.655487060546875,,-1.750885009765625,
928,9.6784820556640625,,-1.7585525512695312,
928.10000000000002,9.7679061889648438,,-1.7559967041015625,
928.20000000000005,9.7985610961914062,,-1.7227783203125,
928.29999999999995,9.7679061889648438,,-1.3957366943359375,
928.39999999999998,9.6120529174804688,,-1.0227127075195312,
928.5,9.4485321044921875,,-0.940948486328125,
928.60000000000002,9.4638595581054688,,-0.7442169189453125,
928.70000000000005,9.5711669921875,,-0.5219268798828125,
928.79999999999995,9.6682586669921875,,-0.34563446044921875,
928.89999999999998,9.6299362182617188,,-0.0160369873046875,
929,9.4536361694335938,,-0.2510986328125,
929.10000000000002,9.36932373046875,,-0.739105224609375,
929.20000000000005,9.27734375,,-0.67778778076171875,
929.29999999999995,9.103607177734375,,-0.61646270751953125,
929.39999999999998,9.0576171875,,-0.81830596923828125,
929.5,9.1802520751953125,,-1.0712509155273438,
929.60000000000002,9.2824554443359375,,-1.2552108764648438,
929.70000000000005,9.305450439453125,,-1.3344192504882812,
929.79999999999995,9.3284454345703125,,-1.3752975463867188,
929.89999999999998,9.3539962768554688,,-1.3752975463867188,
930,9.3156661987304688,10.462075233459473,-0.97161102294921875,16.877635955810547
930.10000000000002,9.3003387451171875,,-0.03647613525390625,
930.20000000000005,9.3642120361328125,,1.0034027099609375,
930.29999999999995,9.4306411743164062,,1.6472625732421875,
930.39999999999998,9.5124053955078125,,1.394317626953125,
930.5,9.6605911254882812,,0.61504364013671875,
930.60000000000002,9.7627944946289062,,0.39531707763671875,
930.70000000000005,9.8036727905273438,,1.0238494873046875,
930.79999999999995,9.8087844848632812,,1.6498184204101562,
930.89999999999998,9.7270278930664062,,1.6293792724609375,
931,9.7040328979492188,,0.824554443359375,
931.10000000000002,9.8190078735351562,,-0.371185302734375,
931.20000000000005,9.84710693359375,,-1.0661468505859375,
931.29999999999995,9.7679061889648438,,-0.97927093505859375,
931.39999999999998,9.6197128295898438,,-0.14379119873046875,
931.5,9.3642120361328125,,0.7274627685546875,
931.60000000000002,9.121490478515625,,0.888427734375,
931.70000000000005,8.8327713012695312,,0.678924560546875,
931.79999999999995,8.7382431030273438,,0.59204864501953125,
931.89999999999998,8.9860763549804688,,0.778564453125,
932,9.231353759765625,,1.0877227783203125,
932.10000000000002,9.3003387451171875,,1.3713226318359375,
932.20000000000005,9.1342620849609375,,1.3662185668945312,
932.29999999999995,9.0346221923828125,,1.082611083984375,
932.39999999999998,9.3667678833007812,,0.842437744140625,
932.5,9.7321319580078125,,0.7734527587890625,
932.60000000000002,9.6120529174804688,,0.92420196533203125,
932.70000000000005,9.1649246215820312,,0.7427978515625,
932.79999999999995,8.7612380981445312,,0.3058929443359375,
932.89999999999998,8.8864288330078125,,0.23435211181640625,
933,9.9339828491210938,,0.0810546875,
933.10000000000002,10.631492614746094,,-0.5679168701171875,
933.20000000000005,10.082168579101562,,-1.33697509765625,
933.29999999999995,9.4357528686523438,,-1.7151107788085938,
933.39999999999998,9.2671279907226562,,-1.7738800048828125,
933.5,9.1930313110351562,,-1.7738800048828125,
933.60000000000002,9.065277099609375,,-1.7662124633789062,
933.70000000000005,9.0908279418945312,,-1.77899169921875,
933.79999999999995,9.1930313110351562,,-1.7943191528320312,
933.89999999999998,9.2722320556640625,,-1.7917633056640625,
934,9.3488845825195312,,-1.8019866943359375,
934.10000000000002,9.323333740234375,,-1.8326416015625,
934.20000000000005,9.2671279907226562,,-1.8530807495117188,
934.29999999999995,9.213470458984375,,-1.8709716796875,
934.39999999999998,9.1291580200195312,,-1.878631591796875,
934.5,9.0576171875,,-1.8837432861328125,
934.60000000000002,8.9426422119140625,,-1.8735275268554688,
934.70000000000005,8.8762130737304688,,-1.860748291015625,
934.79999999999995,8.9707412719726562,,-1.8684158325195312,
934.89999999999998,9.2006912231445312,,-1.8914108276367188,
935,9.5200729370117188,,-1.9041824340820312,
935.10000000000002,9.8292236328125,,-1.88885498046875,
935.20000000000005,10.038734436035156,,-1.878631591796875,
935.29999999999995,10.115386962890625,,-1.8965225219726562,
935.39999999999998,10.10516357421875,,-1.8990707397460938,
935.5,10.117942810058594,,-1.8965225219726562,
935.60000000000002,10.248245239257812,,-1.92462158203125,
935.70000000000005,10.404098510742188,,-1.8760757446289062,
935.79999999999995,10.475639343261719,,-1.768768310546875,
935.89999999999998,10.626380920410156,,-1.74066162109375,
936,10.881881713867188,,-1.7483291625976562,
936.10000000000002,10.769462585449219,,-1.750885009765625,
936.20000000000005,10.429649353027344,,-1.7559967041015625,
936.29999999999995,10.322341918945312,,-1.7815475463867188,
936.39999999999998,10.271240234375,,-1.7943191528320312,
936.5,10.125602722167969,,-1.733001708984375,
936.60000000000002,10.115386962890625,,-1.7278900146484375,
936.70000000000005,10.330001831054688,,-1.77899169921875,
936.79999999999995,10.416877746582031,,-1.8045425415039062,
936.89999999999998,10.365776062011719,,-1.8224258422851562,
937,10.544624328613281,,-1.8530807495117188,
937.10000000000002,10.922767639160156,,-1.9092941284179688,
937.20000000000005,11.104171752929688,,-1.952728271484375,
937.29999999999995,10.940650939941406,,-1.9961624145507812,
937.39999999999998,10.866554260253906,,-2.0217132568359375,
937.5,11.280464172363281,,-2.0140457153320312,
937.60000000000002,11.656051635742188,,-2.0012741088867188,
937.70000000000005,11.666267395019531,,-2.0191574096679688,
937.79999999999995,11.564071655273438,,-2.0498199462890625,
937.89999999999998,11.229362487792969,,-2.0472640991210938,
938,10.651931762695312,,-1.9961624145507812,
938.10000000000002,9.99530029296875,,-1.9782791137695312,
938.20000000000005,9.4280929565429688,,-1.9961624145507812,
938.29999999999995,9.0167312622070312,,-1.9859466552734375,
938.39999999999998,8.495513916015625,,-1.99871826171875,
938.5,7.8950881958007812,,-2.0063858032226562,
938.60000000000002,7.4530715942382812,,-1.9425125122070312,
938.70000000000005,7.1234817504882812,,-1.9144058227539062,
938.79999999999995,6.875640869140625,,-1.92462158203125,
938.89999999999998,7.1209259033203125,,-1.90673828125,
939,7.7647857666015625,,-1.9041824340820312,
939.10000000000002,8.1199264526367188,,-1.8914108276367188,
939.20000000000005,7.961517333984375,,-1.8862991333007812,
939.29999999999995,6.5588226318359375,,-1.8914108276367188,
939.39999999999998,5.010498046875,,-1.8990707397460938,
939.5,4.18267822265625,,-1.9041824340820312,
939.60000000000002,4.2337722778320312,,-1.9016265869140625,
939.70000000000005,3.0712509155273438,,-1.88885498046875,
939.79999999999995,2.6598968505859375,,-1.8965225219726562,
939.89999999999998,4.714111328125,,-1.9092941284179688,
940,6.3697509765625,5.6603775024414062,-1.9118499755859375,19.586507797241211
940.10000000000002,6.0989227294921875,,-1.9118499755859375,
940.20000000000005,5.13824462890625,,-1.90673828125,
940.29999999999995,5.230224609375,,-1.9144058227539062,
940.39999999999998,5.2992095947265625,,-1.9144058227539062,
940.5,4.8495330810546875,,-1.9041824340820312,
940.60000000000002,4.5633697509765625,,-1.9016265869140625,
940.70000000000005,4.604248046875,,-1.9041824340820312,
940.79999999999995,4.5735931396484375,,-1.9118499755859375,
940.89999999999998,4.6757888793945312,,-1.9118499755859375,
941,5.8715286254882812,,-1.9041824340820312,
941.10000000000002,6.9165267944335938,,-1.9144058227539062,
941.20000000000005,7.1873550415039062,,-1.9552841186523438,
941.29999999999995,7.4581832885742188,,-1.9731674194335938,
941.39999999999998,8.0867156982421875,,-1.92462158203125,
941.5,7.7545623779296875,,-1.8862991333007812,
941.60000000000002,5.9865036010742188,,-1.90673828125,
941.70000000000005,3.5950241088867188,,-1.9450607299804688,
941.79999999999995,1.38494873046875,,-1.9603958129882812,
941.89999999999998,0.52646636962890625,,-1.952728271484375,
942,0.47281646728515625,,-1.9450607299804688,
942.10000000000002,0.4600372314453125,,-1.952728271484375,
942.20000000000005,0.48558807373046875,,-1.9552841186523438,
942.29999999999995,0.4881439208984375,,-1.9476165771484375,
942.39999999999998,0.44982147216796875,,-1.9425125122070312,
942.5,0.43448638916015625,,-1.9450607299804688,
942.60000000000002,0.43193817138671875,,-1.9450607299804688,
942.70000000000005,0.39871978759765625,,-1.934844970703125,
942.79999999999995,0.33740234375,,-1.9297332763671875,
942.89999999999998,0.28118896484375,,-1.934844970703125,
943,0.24797821044921875,,-1.9374008178710938,
943.10000000000002,0.20964813232421875,,-1.934844970703125,
943.20000000000005,0.143218994140625,,-1.934844970703125,
943.29999999999995,0.1764373779296875,,-1.934844970703125,
943.39999999999998,0.217315673828125,,-1.9374008178710938,
943.5,0.16365814208984375,,-1.9425125122070312,
943.60000000000002,0.13555145263671875,,-1.9399566650390625,
943.70000000000005,0.125335693359375,,-1.9374008178710938,
943.79999999999995,0.18665313720703125,,-1.9450607299804688,
943.89999999999998,0.22498321533203125,,-1.9578399658203125,
944,0.17388153076171875,,-1.96295166015625,
944.10000000000002,0.17899322509765625,,-1.9680557250976562,
944.20000000000005,0.36550140380859375,,-1.970611572265625,
944.29999999999995,0.6669921875,,-1.9680557250976562,
944.39999999999998,0.76663970947265625,,-1.9655075073242188,
944.5,0.6721038818359375,,-1.9552841186523438,
944.60000000000002,0.6082305908203125,,-1.9501724243164062,
944.70000000000005,0.5801239013671875,,-1.9450607299804688,
944.79999999999995,0.603118896484375,,-1.92462158203125,
944.89999999999998,0.63378143310546875,,-1.916961669921875,
945,0.6082305908203125,,-1.9016265869140625,
945.10000000000002,0.59545135498046875,,-1.8633041381835938,
945.20000000000005,0.54691314697265625,,-1.8351974487304688,
945.29999999999995,0.46514892578125,,-1.8377532958984375,
945.39999999999998,0.42682647705078125,,-1.8275375366210938,
945.5,0.40383148193359375,,-1.8096466064453125,
945.60000000000002,0.37572479248046875,,-1.8224258422851562,
945.70000000000005,0.3322906494140625,,-1.8581924438476562,
945.79999999999995,0.30673980712890625,,-1.8965225219726562,
945.89999999999998,0.32973480224609375,,-1.934844970703125,
946,0.37061309814453125,,-1.952728271484375,
946.10000000000002,0.35528564453125,,-1.9450607299804688,
946.20000000000005,0.28885650634765625,,-1.9374008178710938,
946.29999999999995,0.26074981689453125,,-1.92462158203125,
946.39999999999998,0.28885650634765625,,-1.9144058227539062,
946.5,0.31696319580078125,,-1.9118499755859375,
946.60000000000002,0.31951141357421875,,-1.9118499755859375,
946.70000000000005,0.3322906494140625,,-1.916961669921875,
946.79999999999995,0.3144073486328125,,-1.9322891235351562,
946.89999999999998,0.27352142333984375,,-1.934844970703125,
947,0.25563812255859375,,-1.9399566650390625,
947.10000000000002,0.253082275390625,,-1.9501724243164062,
947.20000000000005,0.28118896484375,,-1.9297332763671875,
947.29999999999995,0.2863006591796875,,-1.9144058227539062,
947.39999999999998,0.3041839599609375,,-1.88885498046875,
947.5,0.3220672607421875,,-1.8811874389648438,
947.60000000000002,0.30673980712890625,,-1.9374008178710938,
947.70000000000005,0.299072265625,,-1.9731674194335938,
947.79999999999995,0.345062255859375,,-1.9476165771484375,
947.89999999999998,0.36550140380859375,,-1.9144058227539062,
948,0.45493316650390625,,-1.8965225219726562,
948.10000000000002,0.54691314697265625,,-1.8735275268554688,
948.20000000000005,0.41660308837890625,,-1.8505325317382812,
948.29999999999995,0.36550140380859375,,-1.8224258422851562,
948.39999999999998,0.383392333984375,,-1.7917633056640625,
948.5,0.38849639892578125,,-1.7611007690429688,
948.60000000000002,0.38594818115234375,,-1.7457733154296875,
948.70000000000005,0.383392333984375,,-1.7176666259765625,
948.79999999999995,0.3782806396484375,,-1.658905029296875,
948.89999999999998,0.37061309814453125,,-1.641021728515625,
949,0.3731689453125,,-1.6844558715820312,
949.10000000000002,0.38083648681640625,,-1.7151107788085938,
949.20000000000005,0.38083648681640625,,-1.7278900146484375,
949.29999999999995,0.37572479248046875,,-1.7381057739257812,
949.39999999999998,0.3731689453125,,-1.74066162109375,
949.5,0.37061309814453125,,-1.7457733154296875,
949.60000000000002,0.37061309814453125,,-1.7534408569335938,
949.70000000000005,0.38083648681640625,,-1.7534408569335938,
949.79999999999995,0.38594818115234375,,-1.750885009765625,
949.89999999999998,0.383392333984375,,-1.7559967041015625,
950,0.38083648681640625,31.746030807495117,-1.7611007690429688,21.95121955871582
950.10000000000002,0.38083648681640625,,-1.7585525512695312,
950.20000000000005,0.38083648681640625,,-1.7559967041015625,
950.29999999999995,0.38083648681640625,,-1.7559967041015625,
950.39999999999998,0.3782806396484375,,-1.7611007690429688,
950.5,0.3731689453125,,-1.7585525512695312,
950.60000000000002,0.3782806396484375,,-1.7559967041015625,
950.70000000000005,0.383392333984375,,-1.7559967041015625,
950.79999999999995,0.383392333984375,,-1.7636566162109375,
950.89999999999998,0.38594818115234375,,-1.7611007690429688,
951,0.38849639892578125,,-1.7585525512695312,
951.10000000000002,0.38849639892578125,,-1.7611007690429688,
951.20000000000005,0.38594818115234375,,-1.768768310546875,
951.29999999999995,0.38594818115234375,,-1.768768310546875,
951.39999999999998,0.383392333984375,,-1.7662124633789062,
951.5,0.383392333984375,,-1.7662124633789062,
951.60000000000002,0.38083648681640625,,-1.7636566162109375,
951.70000000000005,0.37572479248046875,,-1.768768310546875,
951.79999999999995,0.3782806396484375,,-1.768768310546875,
951.89999999999998,0.383392333984375,,-1.7636566162109375,
952,0.383392333984375,,-1.7611007690429688,
952.10000000000002,0.383392333984375,,-1.7662124633789062,
952.20000000000005,0.38083648681640625,,-1.7662124633789062,
952.29999999999995,0.3782806396484375,,-1.7662124633789062,
952.39999999999998,0.3782806396484375,,-1.7738800048828125,
952.5,0.383392333984375,,-1.7713241577148438,
952.60000000000002,0.383392333984375,,-1.7662124633789062,
952.70000000000005,0.383392333984375,,-1.7662124633789062,
952.79999999999995,0.38594818115234375,,-1.7713241577148438,
952.89999999999998,0.38594818115234375,,-1.7738800048828125,
953,0.383392333984375,,-1.7662124633789062,
953.10000000000002,0.383392333984375,,-1.7662124633789062,
953.20000000000005,0.39105224609375,,-1.7738800048828125,
953.29999999999995,0.38849639892578125,,-1.7764358520507812,
953.39999999999998,0.38083648681640625,,-1.7738800048828125,
